"ID","Location","Season","Field","Plot","Field_sampling_date","Species","Planting_Date","Termination_Date","Fresh_Total_BM_kG_ha","Dry_Total_BM_kG_ha","Plant_water_content","Avg_pct_gc","Latitude","Longitude","Source_FQ","Carbohydrate_Perc_Norm","Cellulose_Perc_Norm","Lignin_Perc_Norm","NIRCP","NIRADF","NIRNDF","NIRNFC","Percent_N_NIRS"
"1106","BARC","2023-2024","NC2B","06","2023-11-27","Barley","2023-10-09","2024-05-25",1030.62,227.47,77.93,38.14,39.033628,-76.93826781,"Final Report_FY2425_6425-6752_USDA ARS SASL - Jordan Nicolette.xlsx",58.44862807,39.34310181,2.208270123,17.38,23.23,38.81,33.77,2.7808
"1107","BARC","2023-2024","NC2B","07","2023-11-27","Barley","2023-10-09","2024-05-25",503.94,139.98,72.22,32.31,39.03362082,-76.93790209,"Final Report_FY2425_6425-6752_USDA ARS SASL - Jordan Nicolette.xlsx",63.26689586,33.8686448,2.864459345,13.05,21.83,35.46,44.95,2.088
"1108","BARC","2023-2024","NC2B","08","2023-11-27","Barley","2023-10-09","2024-05-25",647.42,155.73,75.95,35.91,39.03337484,-76.93790086,"Final Report_FY2425_6425-6752_USDA ARS SASL - Jordan Nicolette.xlsx",60.35379023,37.04659411,2.599615659,16.94,22.38,37.74,37.48,2.7104
"1109","BARC","2023-2024","NC2B","09","2023-11-27","Barley","2023-10-09","2024-05-25",524.93,138.23,73.67,27.17,39.03307479,-76.93826635,"Final Report_FY2425_6425-6752_USDA ARS SASL - Jordan Nicolette.xlsx",60.24061615,36.8704506,2.888933252,15.8,23.01,38.27,39.12,2.528
"1110","BARC","2023-2024","NC2B","10","2023-11-27","Barley","2023-10-09","2024-05-25",370.95,82.24,77.83,24.24,39.0337404,-76.93909428,"Final Report_FY2425_6425-6752_USDA ARS SASL - Jordan Nicolette.xlsx",53.61485027,43.4229894,2.962160324,16.22,27.57,42.81,29.53,2.5952
"1111","BARC","2023-2024","SH46","11","2023-11-27","CerealRye","2023-10-06","2024-04-25",1030.62,253.72,75.38,30,39.01893875,-76.94204326,"Final Report_FY2425_6425-6752_USDA ARS SASL - Jordan Nicolette.xlsx",66.2942474,30.24316142,3.462591177,18.49,20.88,31.87,41.2,2.9584
"1112","BARC","2023-2024","SH46","12","2023-11-27","CerealRye","2023-10-06","2024-04-25",2202.97,183.73,91.66,64.65,39.0189366,-76.9423565,"Final Report_FY2425_6425-6752_USDA ARS SASL - Jordan Nicolette.xlsx",68.42407649,27.83046903,3.745454479,18.99,20.36,30.36,44.06,3.0384
"1113","BARC","2023-2024","SH46","13","2023-11-27","CerealRye","2023-10-06","2024-04-25",825.9,209.97,74.58,25.24,39.01924412,-76.94235019,"Final Report_FY2425_6425-6752_USDA ARS SASL - Jordan Nicolette.xlsx",68.1445007,28.41824738,3.437251922,17.11,18.3,30.35,44.96,2.7376
"1114","BARC","2023-2024","SH46","14","2023-11-27","CerealRye","2023-10-06","2024-04-25",3041.12,694.66,77.16,63.11,39.01924044,-76.94274737,"Final Report_FY2425_6425-6752_USDA ARS SASL - Jordan Nicolette.xlsx",64.13210605,32.58743457,3.28045938,18.75,18.97,33.83,38.65,3
"1115","BARC","2023-2024","SH46","15","2023-11-27","CerealRye","2023-10-06","2024-04-25",873.14,229.22,73.75,44.52,39.01947331,-76.94304862,"Final Report_FY2425_6425-6752_USDA ARS SASL - Jordan Nicolette.xlsx",65.85268255,30.56471812,3.582599333,19.61,19.52,32.81,41.06,3.1376
"1116","BARC","2023-2024","SH89","16","2023-11-27","CerealRye","2023-10-07","2024-05-30",785.65,188.98,75.95,17.17,39.01711707,-76.94090718,"Final Report_FY2425_6425-6752_USDA ARS SASL - Jordan Nicolette.xlsx",65.78386557,30.96854696,3.247587469,22.58,17.56,32.32,36.73,3.6128
"1117","BARC","2023-2024","SH89","17","2023-11-27","CerealRye","2023-10-07","2024-05-30",467.19,132.98,71.54,11.52,39.01733921,-76.94092851,"Final Report_FY2425_6425-6752_USDA ARS SASL - Jordan Nicolette.xlsx",66.25036518,29.98286661,3.766768204,17.33,20.99,32.28,43.05,2.7728
"1118","BARC","2023-2024","SH89","18","2023-11-27","CerealRye","2023-10-07","2024-05-30",829.4,295.71,64.35,14.17,39.01763791,-76.94093544,"Final Report_FY2425_6425-6752_USDA ARS SASL - Jordan Nicolette.xlsx",62.90766131,33.31694608,3.775392609,17.32,21.69,35.26,39.4,2.7712
"1119","BARC","2023-2024","SH89","19","2023-11-27","CerealRye","2023-10-07","2024-05-30",747.16,157.48,78.92,21.23,39.01733284,-76.94129855,"Final Report_FY2425_6425-6752_USDA ARS SASL - Jordan Nicolette.xlsx",63.74373031,31.91239144,4.343878247,20.41,23.26,33.02,35.29,3.2656
"1120","BARC","2023-2024","SH89","20","2023-11-27","CerealRye","2023-10-07","2024-05-30",965.88,232.72,75.91,22.3,39.01764158,-76.94130939,"Final Report_FY2425_6425-6752_USDA ARS SASL - Jordan Nicolette.xlsx",66.28086646,29.31835233,4.40078121,19.11,22.48,31.19,39.4,3.0576
"1122","BARC","2023-2024","SE18A","22","2023-11-27","CerealRye","2023-10-10",NA,1147.86,309.71,73.02,35.35,39.01918113,-76.94651484,"Final Report_FY2425_6425-6752_USDA ARS SASL - Jordan Nicolette.xlsx",66.88493838,30.4405718,2.674489818,20.01,16.7,31.2,39.79,3.2016
"1123","BARC","2023-2024","SE18A","23","2023-11-27","CerealRye","2023-10-10",NA,726.16,213.47,70.6,27.95,39.01941671,-76.94652849,"Final Report_FY2425_6425-6752_USDA ARS SASL - Jordan Nicolette.xlsx",69.81857852,27.37725815,2.804163325,19.34,15.42,29.07,44.87,3.0944
"1124","BARC","2023-2024","SE18A","24","2023-11-27","CerealRye","2023-10-10",NA,432.2,139.98,67.61,27.37,39.01916951,-76.94690402,"Final Report_FY2425_6425-6752_USDA ARS SASL - Jordan Nicolette.xlsx",68.77819992,28.1441817,3.077618385,18.25,16.82,29.96,44.71,2.92
"1125","BARC","2023-2024","SE18A","25","2023-11-27","CerealRye","2023-10-10",NA,533.68,148.73,72.13,42.28,39.01885874,-76.94688529,"Final Report_FY2425_6425-6752_USDA ARS SASL - Jordan Nicolette.xlsx",68.13783321,29.07669578,2.785471019,17.53,17.11,30.22,44,2.8048
"1126","BARC","2023-2024","SD5","26","2023-11-27","CerealRye","2023-10-08","2024-04-25",579.18,162.73,71.9,17.29,39.01380687,-76.94468581,"Final Report_FY2425_6425-6752_USDA ARS SASL - Jordan Nicolette.xlsx",63.37850922,31.37965605,5.241834727,16.63,27.27,34.09,39.47,2.6608
"1127","BARC","2023-2024","SD5","27","2023-11-27","CerealRye","2023-10-08","2024-04-25",398.95,94.49,76.32,17.79,39.0134854,-76.94497135,"Final Report_FY2425_6425-6752_USDA ARS SASL - Jordan Nicolette.xlsx",68.06384569,28.15615998,3.779994326,20.44,19.69,30.39,41.52,3.2704
"1128","BARC","2023-2024","SD5","28","2023-11-27","CerealRye","2023-10-08","2024-04-25",925.63,286.96,69,30.78,39.01379987,-76.94536689,"Final Report_FY2425_6425-6752_USDA ARS SASL - Jordan Nicolette.xlsx",60.83354263,32.18956702,6.976890348,18.09,29.09,36.42,35.37,2.8944
"1129","BARC","2023-2024","SD5","29","2023-11-27","CerealRye","2023-10-08","2024-04-25",1996.5,549.43,72.48,40.29,39.01346874,-76.94565237,"Final Report_FY2425_6425-6752_USDA ARS SASL - Jordan Nicolette.xlsx",61.08688248,32.37978486,6.533332663,20.93,28.83,35.26,31.5,3.3488
"1130","BARC","2023-2024","SD5","30","2023-11-27","CerealRye","2023-10-08","2024-04-25",1629.05,479.44,70.57,45.94,39.0132351,-76.94603725,"Final Report_FY2425_6425-6752_USDA ARS SASL - Jordan Nicolette.xlsx",63.85093384,31.77031066,4.378755501,19.83,23.59,34.09,37.61,3.1728
"1131","BARC","2023-2024","SE14","31","2023-11-27","CerealRye","2023-10-06","2024-06-13",328.96,103.24,68.62,7.58,39.01138902,-76.94181485,"Final Report_FY2425_6425-6752_USDA ARS SASL - Jordan Nicolette.xlsx",63.38262292,33.29530035,3.322076732,20.72,20.48,34.19,35.61,3.3152
"1132","BARC","2023-2024","SE14","32","2023-11-27","CerealRye","2023-10-06","2024-06-13",185.48,68.24,63.21,13.55,39.01138566,-76.94144189,"Final Report_FY2425_6425-6752_USDA ARS SASL - Jordan Nicolette.xlsx",66.00163334,31.56291208,2.435454582,21.79,16.74,31.86,37.19,3.4864
"1133","BARC","2023-2024","SE14","33","2023-11-27","CerealRye","2023-10-06","2024-06-13",237.97,75.24,68.38,22.08,39.01140297,-76.94113966,"Final Report_FY2425_6425-6752_USDA ARS SASL - Jordan Nicolette.xlsx",66.56247477,30.86450543,2.573019804,21.78,16.16,31.14,37.14,3.4848
"1134","BARC","2023-2024","SE14","34","2023-11-27","CerealRye","2023-10-06","2024-06-13",300.96,90.99,69.77,NA,39.01114716,-76.94113893,"Final Report_FY2425_6425-6752_USDA ARS SASL - Jordan Nicolette.xlsx",69.57638691,27.86750297,2.556110123,20.75,14.98,28.94,42.43,3.32
"1135","BARC","2023-2024","SE14","35","2023-11-27","CerealRye","2023-10-06","2024-06-13",339.46,103.24,69.59,14.3,39.01114026,-76.94145959,"Final Report_FY2425_6425-6752_USDA ARS SASL - Jordan Nicolette.xlsx",67.3591171,29.9154115,2.725471402,25.9,13.99,31.01,35.28,4.144
"1136","BARC","2023-2024","137","36","2023-11-27","CerealRye","2023-09-29","2024-04-30",3653.54,888.89,75.67,65.58,39.02264521,-76.8994877,"Final Report_FY2425_6425-6752_USDA ARS SASL - Jordan Nicolette.xlsx",63.83794955,33.61367408,2.548376374,17.5,18.73,34.41,39.97,2.8
"1137","BARC","2023-2024","137","37","2023-11-27","CerealRye","2023-09-29","2024-04-30",2327.21,601.92,74.14,67.94,39.02211338,-76.8994628,"Final Report_FY2425_6425-6752_USDA ARS SASL - Jordan Nicolette.xlsx",69.4084065,28.0444352,2.547158299,18.44,16.03,28.99,44.12,2.9504
"1138","BARC","2023-2024","137","38","2023-11-27","CerealRye","2023-09-29","2024-04-30",2965.88,759.41,74.4,60.7,39.02266416,-76.89879272,"Final Report_FY2425_6425-6752_USDA ARS SASL - Jordan Nicolette.xlsx",67.09767673,30.39232419,2.509999077,19.3,16.87,31.14,40.96,3.088
"1139","BARC","2023-2024","137","39","2023-11-27","CerealRye","2023-09-29","2024-04-30",2600.17,692.91,73.35,86.99,39.02235393,-76.89847607,"Final Report_FY2425_6425-6752_USDA ARS SASL - Jordan Nicolette.xlsx",69.00389786,28.46953325,2.526568885,19.24,15.77,29.54,43.29,3.0784
"1140","BARC","2023-2024","137","40","2023-11-27","CerealRye","2023-09-29","2024-04-30",2349.96,615.92,73.79,85.77,39.02289731,-76.89849593,"Final Report_FY2425_6425-6752_USDA ARS SASL - Jordan Nicolette.xlsx",68.95946516,28.42784207,2.612692772,17.42,16.15,29.57,44.94,2.7872
"1141","BARC","2023-2024","268B","41","2023-11-27","Triticale","2023-09-29","2024-04-22",1742.78,439.2,74.8,64.52,39.02626804,-76.87601947,"Final Report_FY2425_6425-6752_USDA ARS SASL - Jordan Nicolette.xlsx",62.37673571,34.76494904,2.858315254,17.99,20.89,34.11,35.52,2.8784
"1142","BARC","2023-2024","268B","42","2023-11-27","Triticale","2023-09-29","2024-04-22",3378.83,799.65,76.33,79.85,39.02598023,-76.87570551,"Final Report_FY2425_6425-6752_USDA ARS SASL - Jordan Nicolette.xlsx",70.24710145,27.22784051,2.525058037,19.72,15.63,28.17,43.68,3.1552
"1143","BARC","2023-2024","268B","43","2023-11-27","Triticale","2023-09-29","2024-04-22",3387.58,930.88,72.52,75.38,39.02628511,-76.87531566,"Final Report_FY2425_6425-6752_USDA ARS SASL - Jordan Nicolette.xlsx",65.24118943,32.09733364,2.661476926,19.48,18.11,32.54,38.34,3.1168
"1144","BARC","2023-2024","268B","44","2023-11-27","Triticale","2023-09-29","2024-04-22",3132.11,780.4,75.08,87.99,39.0259999,-76.874984,"Final Report_FY2425_6425-6752_USDA ARS SASL - Jordan Nicolette.xlsx",66.69451764,30.75861789,2.546864471,20.8,17.02,31.4,38.87,3.328
"1145","BARC","2023-2024","268B","45","2023-11-27","Triticale","2023-09-29","2024-04-22",3394.58,878.39,74.12,71.07,39.0262861,-76.87463892,"Final Report_FY2425_6425-6752_USDA ARS SASL - Jordan Nicolette.xlsx",63.38630771,33.28375451,3.329937775,18.22,21.13,33.32,36.34,2.9152
"1146","BARC","2023-2024","232A","46","2023-11-27","Wheat","2023-10-13","2024-06-21",909.89,258.97,71.54,46.64,39.03122174,-76.88584129,"Final Report_FY2425_6425-6752_USDA ARS SASL - Jordan Nicolette.xlsx",67.32253752,30.02923117,2.648231319,20.11,17.59,30.79,40.43,3.2176
"1147","BARC","2023-2024","232A","47","2023-11-27","Wheat","2023-10-13","2024-06-21",393.7,139.98,64.44,24.24,39.0309767,-76.88653109,"Final Report_FY2425_6425-6752_USDA ARS SASL - Jordan Nicolette.xlsx",64.93821013,32.08533388,2.976455983,19.5,20.07,33.12,39,3.12
"1148","BARC","2023-2024","232A","48","2023-11-27","Wheat","2023-10-13","2024-06-21",734.91,229.22,68.81,26.78,39.03149887,-76.88693175,"Final Report_FY2425_6425-6752_USDA ARS SASL - Jordan Nicolette.xlsx",66.71277457,30.63934213,2.647883306,16.93,20,30.98,42.47,2.7088
"1149","BARC","2023-2024","232A","49","2023-11-27","Wheat","2023-10-13","2024-06-21",155.73,52.49,66.29,41.45,39.031209,-76.88723797,"Final Report_FY2425_6425-6752_USDA ARS SASL - Jordan Nicolette.xlsx",64.05647198,33.92350829,2.020019727,24.22,17,34.47,34.21,3.8752
"1150","BARC","2023-2024","232A","50","2023-11-27","Wheat","2023-10-13","2024-06-21",208.22,59.49,71.43,43.2,39.03149982,-76.88763325,"Final Report_FY2425_6425-6752_USDA ARS SASL - Jordan Nicolette.xlsx",65.22982249,32.57436786,2.195809648,22.72,17.59,32.54,35.25,3.6352
"0101","BARC","2023-2024","ND5","01","2024-01-08","CerealRye","2023-10-10","2024-10-03",972.88,370.95,61.87,33.05,39.02821661,-76.93744649,"Final Report_FY2425_6425-6752_USDA ARS SASL - Jordan Nicolette.xlsx",65.43218677,31.7904497,2.777363532,14.23,19.98,33.23,45.35,2.2768
"0102","BARC","2023-2024","ND5","02","2024-01-08","CerealRye","2023-10-10","2024-10-03",278.22,104.99,62.26,21.42,39.02822674,-76.93706819,"Final Report_FY2425_6425-6752_USDA ARS SASL - Jordan Nicolette.xlsx",60.37782256,36.70329604,2.918881395,13.34,20.94,37.66,40.26,2.1344
"0103","BARC","2023-2024","ND5","03","2024-01-08","CerealRye","2023-10-10","2024-10-03",1058.62,370.95,64.96,26.35,39.02821579,-76.93674486,"Final Report_FY2425_6425-6752_USDA ARS SASL - Jordan Nicolette.xlsx",69.42618687,28.10436946,2.469443666,17.75,16.52,28.5,43.35,2.84
"0104","BARC","2023-2024","ND5","04","2024-01-08","CerealRye","2023-10-10","2024-10-03",257.22,253.72,1.36,15.57,39.02822743,-76.93635601,"Final Report_FY2425_6425-6752_USDA ARS SASL - Jordan Nicolette.xlsx",65.11163481,31.33634143,3.55202376,12.34,21.91,33.52,47.19,1.9744
"0105","BARC","2023-2024","ND5","05","2024-01-08","CerealRye","2023-10-10","2024-10-03",1139.11,418.2,63.29,23.94,39.02799405,-76.93635885,"Final Report_FY2425_6425-6752_USDA ARS SASL - Jordan Nicolette.xlsx",66.86118333,29.95160088,3.187215786,12.27,19.81,31.68,48.14,1.9632
"0106","BARC","2023-2024","NC2B","06","2024-01-08","Barley","2023-10-10","2024-05-25",1231.85,414.7,66.34,18.28,39.033628,-76.93826781,"Final Report_FY2425_6425-6752_USDA ARS SASL - Jordan Nicolette.xlsx",56.65628822,40.84260272,2.501109061,12.47,24.09,42.35,39.61,1.9952
"0107","BARC","2023-2024","NC2B","07","2024-01-08","Barley","2023-10-10","2024-05-25",547.68,222.22,59.42,12.48,39.03362082,-76.93790209,"Final Report_FY2425_6425-6752_USDA ARS SASL - Jordan Nicolette.xlsx",60.0641428,37.29684804,2.639009167,11.88,23.32,38.89,43.45,1.9008
"0108","BARC","2023-2024","NC2B","08","2024-01-08","Barley","2023-10-10","2024-05-25",582.68,218.72,62.46,16.59,39.03337484,-76.93790086,"Final Report_FY2425_6425-6752_USDA ARS SASL - Jordan Nicolette.xlsx",53.8705436,44.14638038,1.983076018,14.93,24,44.11,33.07,2.3888
"0109","BARC","2023-2024","NC2B","09","2024-01-08","Barley","2023-10-10","2024-05-25",916.89,325.46,64.5,12,39.03307479,-76.93826635,"Final Report_FY2425_6425-6752_USDA ARS SASL - Jordan Nicolette.xlsx",56.8030499,40.16807667,3.028873424,11.88,24.96,42.55,41.45,1.9008
"0110","BARC","2023-2024","NC2B","10","2024-01-08","Barley","2023-10-10","2024-05-25",230.97,97.99,57.58,11.9,39.0337404,-76.93909428,"Final Report_FY2425_6425-6752_USDA ARS SASL - Jordan Nicolette.xlsx",50.48237572,46.21132736,3.306296924,13.41,29,46.94,31.09,2.1456
"0111","BARC","2023-2024","SH46","11","2024-01-08","CerealRye","2023-10-10","2024-04-25",1678.04,475.94,71.64,22.88,39.01893875,-76.94204326,"Final Report_FY2425_6425-6752_USDA ARS SASL - Jordan Nicolette.xlsx",68.22120476,27.80743478,3.971360458,17.18,19.9,30.65,45.66,2.7488
"0112","BARC","2023-2024","SH46","12","2024-01-08","CerealRye","2023-10-10","2024-04-25",652.67,185.48,71.58,62.04,39.0189366,-76.9423565,"Final Report_FY2425_6425-6752_USDA ARS SASL - Jordan Nicolette.xlsx",70.24091076,26.71662943,3.042459803,17.84,17.91,28.68,46.65,2.8544
"0113","BARC","2023-2024","SH46","13","2024-01-08","CerealRye","2023-10-10","2024-04-25",1303.59,402.45,69.13,20.7,39.01924412,-76.94235019,"Final Report_FY2425_6425-6752_USDA ARS SASL - Jordan Nicolette.xlsx",64.76715119,31.1323676,4.100481212,12.28,23.05,33.48,45.94,1.9648
"0114","BARC","2023-2024","SH46","14","2024-01-08","CerealRye","2023-10-10","2024-04-25",1534.56,461.94,69.9,NA,39.01924044,-76.94274737,"Final Report_FY2425_6425-6752_USDA ARS SASL - Jordan Nicolette.xlsx",62.44106686,33.81786571,3.741067427,13.93,22.53,35.11,41.36,2.2288
"0115","BARC","2023-2024","SH46","15","2024-01-08","CerealRye","2023-10-10","2024-04-25",1802.27,470.69,73.88,35.94,39.01947331,-76.94304862,"Final Report_FY2425_6425-6752_USDA ARS SASL - Jordan Nicolette.xlsx",69.93699123,26.2019872,3.861021565,19.6,19.32,28.86,44.49,3.136
"0116","BARC","2023-2024","SH89","16","2024-01-08","CerealRye","2023-10-10","2024-05-30",1097.11,295.71,73.05,20.98,39.01711707,-76.94090718,"Final Report_FY2425_6425-6752_USDA ARS SASL - Jordan Nicolette.xlsx",66.36776682,29.35098791,4.28124527,16.68,21.77,31.81,43.16,2.6688
"0117","BARC","2023-2024","SH89","17","2024-01-08","CerealRye","2023-10-10","2024-05-30",398.95,118.99,70.18,12.68,39.01733921,-76.94092851,"Final Report_FY2425_6425-6752_USDA ARS SASL - Jordan Nicolette.xlsx",60.08382768,35.02950434,4.886667982,13.87,26.67,37.3,38.88,2.2192
"0118","BARC","2023-2024","SH89","18","2024-01-08","CerealRye","2023-10-10","2024-05-30",881.89,279.97,68.25,15.47,39.01763791,-76.94093544,"Final Report_FY2425_6425-6752_USDA ARS SASL - Jordan Nicolette.xlsx",66.93321413,28.94312309,4.123662788,15.88,21.51,31.89,45.57,2.5408
"0119","BARC","2023-2024","SH89","19","2024-01-08","CerealRye","2023-10-10","2024-05-30",2066.49,500.44,75.78,21.43,39.01733284,-76.94129855,"Final Report_FY2425_6425-6752_USDA ARS SASL - Jordan Nicolette.xlsx",64.32120547,31.05277732,4.626017211,15.41,23.81,33.66,42.59,2.4656
"0122","BARC","2023-2024","SE18A","22","2024-01-08","CerealRye","2023-10-10",NA,1459.32,500.44,65.71,26.38,39.01918113,-76.94651484,"Final Report_FY2425_6425-6752_USDA ARS SASL - Jordan Nicolette.xlsx",69.69855266,27.04324738,3.258199961,13.55,18.16,29.08,50.12,2.168
"0124","BARC","2023-2024","SE18A","24","2024-01-08","CerealRye","2023-10-10",NA,668.42,232.72,65.18,13.19,39.01916951,-76.94690402,"Final Report_FY2425_6425-6752_USDA ARS SASL - Jordan Nicolette.xlsx",66.49863294,30.22835038,3.273016678,13.23,20.29,31.92,46.86,2.1168
"0125","BARC","2023-2024","SE18A","25","2024-01-08","CerealRye","2023-10-10",NA,323.71,159.23,50.81,33.27,39.01885874,-76.94688529,"Final Report_FY2425_6425-6752_USDA ARS SASL - Jordan Nicolette.xlsx",70.73214977,26.24807225,3.01977798,14.52,17.45,28.38,50.86,2.3232
"0126","BARC","2023-2024","SD5","26","2024-01-08","CerealRye","2023-10-10","2024-04-25",1357.83,412.95,69.59,13.35,39.01380687,-76.94468581,"Final Report_FY2425_6425-6752_USDA ARS SASL - Jordan Nicolette.xlsx",58.91005207,33.71772862,7.372219308,16.06,30.63,38.41,35.57,2.5696
"0127","BARC","2023-2024","SD5","27","2024-01-08","CerealRye","2023-10-10","2024-04-25",743.66,225.72,69.65,16.17,39.0134854,-76.94497135,"Final Report_FY2425_6425-6752_USDA ARS SASL - Jordan Nicolette.xlsx",59.80970053,32.60182438,7.588475082,17.22,32.2,36.68,33.74,2.7552
"0128","BARC","2023-2024","SD5","28","2024-01-08","CerealRye","2023-10-10","2024-04-25",2486.44,698.16,71.92,28.46,39.01379987,-76.94536689,"Final Report_FY2425_6425-6752_USDA ARS SASL - Jordan Nicolette.xlsx",62.38181606,30.85124175,6.766942189,17.85,29.28,34.89,36.65,2.856
"0129","BARC","2023-2024","SD5","29","2024-01-08","CerealRye","2023-10-10","2024-04-25",3018.37,894.14,70.38,38.29,39.01346874,-76.94565237,"Final Report_FY2425_6425-6752_USDA ARS SASL - Jordan Nicolette.xlsx",57.12083173,34.89182822,7.987340053,18.14,33.93,38.68,30.29,2.9024
"0130","BARC","2023-2024","SD5","30","2024-01-08","CerealRye","2023-10-10","2024-04-25",832.9,262.47,68.49,43.73,39.0132351,-76.94603725,"Final Report_FY2425_6425-6752_USDA ARS SASL - Jordan Nicolette.xlsx",63.66503463,29.46559932,6.869366052,20.86,27.99,33.99,35.57,3.3376
"0131","BARC","2023-2024","SE14","31","2024-01-08","CerealRye","2023-10-10","2024-06-13",650.92,225.72,65.32,14.11,39.01138902,-76.94181485,"Final Report_FY2425_6425-6752_USDA ARS SASL - Jordan Nicolette.xlsx",61.53432307,33.52354264,4.942134294,21.87,24.07,36.14,33.09,3.4992
"0132","BARC","2023-2024","SE14","32","2024-01-08","CerealRye","2023-10-10","2024-06-13",531.93,176.73,66.78,30.86,39.01138566,-76.94144189,"Final Report_FY2425_6425-6752_USDA ARS SASL - Jordan Nicolette.xlsx",61.98191548,33.62625571,4.391828812,22.61,21.32,35.77,32.72,3.6176
"0133","BARC","2023-2024","SE14","33","2024-01-08","CerealRye","2023-10-10","2024-06-13",1746.28,432.2,75.25,43.88,39.01140297,-76.94113966,"Final Report_FY2425_6425-6752_USDA ARS SASL - Jordan Nicolette.xlsx",65.68141919,28.87317154,5.445409269,22.36,23.13,31.95,35.48,3.5776
"0134","BARC","2023-2024","SE14","34","2024-01-08","CerealRye","2023-10-10","2024-06-13",916.89,299.21,67.37,51,39.01114716,-76.94113893,"Final Report_FY2425_6425-6752_USDA ARS SASL - Jordan Nicolette.xlsx",67.09620264,29.03999318,3.863804171,20.45,19.35,31.36,40.2,3.272
"0135","BARC","2023-2024","SE14","35","2024-01-08","CerealRye","2023-10-10","2024-06-13",853.89,276.47,67.62,32.48,39.01114026,-76.94145959,"Final Report_FY2425_6425-6752_USDA ARS SASL - Jordan Nicolette.xlsx",65.04299547,32.12358345,2.833421083,23.2,15.84,33.25,35.41,3.712
"0141","BARC","2023-2024","268B","41","2024-01-08","Triticale","2023-10-10","2024-04-22",1923.01,607.17,68.43,54.22,39.02626804,-76.87601947,"Final Report_FY2425_6425-6752_USDA ARS SASL - Jordan Nicolette.xlsx",66.94127196,30.48988664,2.568841398,18.46,17.42,32.31,44.31,2.9536
"0142","BARC","2023-2024","268B","42","2024-01-08","Triticale","2023-10-10","2024-04-22",3163.6,923.88,70.8,66.69,39.02598023,-76.87570551,"Final Report_FY2425_6425-6752_USDA ARS SASL - Jordan Nicolette.xlsx",65.5152715,31.95714277,2.527585735,17.82,18.45,33.38,42.86,2.8512
"0143","BARC","2023-2024","268B","43","2024-01-08","Triticale","2023-10-10","2024-04-22",4244.97,1200.35,71.72,63.62,39.02628511,-76.87531566,"Final Report_FY2425_6425-6752_USDA ARS SASL - Jordan Nicolette.xlsx",65.68731786,32.17035557,2.142326571,16.92,18.62,32.83,42.8,2.7072
"0144","BARC","2023-2024","268B","44","2024-01-08","Triticale","2023-10-10","2024-04-22",4334.21,1247.59,71.22,70.04,39.0259999,-76.874984,"Final Report_FY2425_6425-6752_USDA ARS SASL - Jordan Nicolette.xlsx",57.37095372,39.82480834,2.804237937,15.43,23.43,40.47,36.07,2.4688
"0145","BARC","2023-2024","268B","45","2024-01-08","Triticale","2023-10-10","2024-04-22",3630.8,1132.11,68.82,48.47,39.0262861,-76.87463892,"Final Report_FY2425_6425-6752_USDA ARS SASL - Jordan Nicolette.xlsx",58.97309534,37.82139421,3.205510458,14.79,23.72,38.61,37.89,2.3664
"0311-Rye","BARC","2023-2024","SH46","11","2024-03-28","CerealRye","2023-10-10","2024-04-25",3408.57,689.41,79.77,39.3,39.01894974,-76.94202281,"Final Report_FY2425_6425-6752_USDA ARS SASL - Jordan Nicolette.xlsx",51.19670381,45.89945866,2.903837537,10.85,27.15,47.46,36.28,1.736
"0311-Pea","BARC","2023-2024","SH46","11","2024-03-28","WinterPea","2023-10-10","2024-04-25",3408.57,689.41,79.77,39.3,39.01894974,-76.94202281,"Final Report_FY2425_6425-6752_USDA ARS SASL - Jordan Nicolette.xlsx",59.62818336,34.97795669,5.393859943,19.31,27.05,38.77,35.91,3.0896
"0312-Rye","BARC","2023-2024","SH46","12","2024-03-28","CerealRye","2023-10-10","2024-04-25",7471.57,1408.57,81.15,81.46,39.01893569,-76.94234401,"Final Report_FY2425_6425-6752_USDA ARS SASL - Jordan Nicolette.xlsx",52.55203074,45.02351635,2.424452909,13.94,24.81,46,34.35,2.2304
"0312-Pea","BARC","2023-2024","SH46","12","2024-03-28","WinterPea","2023-10-10","2024-04-25",7471.57,1408.57,81.15,81.46,39.01893569,-76.94234401,"Final Report_FY2425_6425-6752_USDA ARS SASL - Jordan Nicolette.xlsx",69.418773,24.07301818,6.508208814,20.41,24.96,29.15,43.53,3.2656
"0312-Volunteer","BARC","2023-2024","SH46","12","2024-03-28","HairyVetch","2023-10-10","2024-04-25",7471.57,1408.57,81.15,81.46,39.01893569,-76.94234401,"Final Report_FY2425_6425-6752_USDA ARS SASL - Jordan Nicolette.xlsx",58.87773729,33.85850393,7.263758779,21.63,32.04,38.06,30.86,3.4608
"0313-Rye","BARC","2023-2024","SH46","13","2024-03-28","CerealRye","2023-10-10","2024-04-25",3333.33,719.16,78.43,34.11,39.01924869,-76.94233675,"Final Report_FY2425_6425-6752_USDA ARS SASL - Jordan Nicolette.xlsx",53.60856128,43.38535022,3.006088507,10.68,26.11,45.35,39.13,1.7088
"0313-Pea","BARC","2023-2024","SH46","13","2024-03-28","WinterPea","2023-10-10","2024-04-25",3333.33,719.16,78.43,34.11,39.01924869,-76.94233675,"Final Report_FY2425_6425-6752_USDA ARS SASL - Jordan Nicolette.xlsx",64.26958561,29.11554968,6.614864703,18.97,26.74,33.18,38.38,3.0352
"0314-Rye","BARC","2023-2024","SH46","14","2024-03-28","CerealRye","2023-10-10","2024-04-25",8276.47,1384.08,83.28,75.02,39.01922932,-76.94273317,"Final Report_FY2425_6425-6752_USDA ARS SASL - Jordan Nicolette.xlsx",51.54495283,45.923729,2.531318165,13.78,24.59,47.14,33.52,2.2048
"0314-Pea","BARC","2023-2024","SH46","14","2024-03-28","WinterPea","2023-10-10","2024-04-25",8276.47,1384.08,83.28,75.02,39.01922932,-76.94273317,"Final Report_FY2425_6425-6752_USDA ARS SASL - Jordan Nicolette.xlsx",69.36417467,24.5158334,6.119991927,21.86,24.32,28.72,40.95,3.4976
"0314-Volunteer","BARC","2023-2024","SH46","14","2024-03-28","HairyVetch","2023-10-10","2024-04-25",8276.47,1384.08,83.28,75.02,39.01922932,-76.94273317,"Final Report_FY2425_6425-6752_USDA ARS SASL - Jordan Nicolette.xlsx",59.58445692,33.9050042,6.510538878,21.14,31.73,37.55,31.75,3.3824
"0315-Rye","BARC","2023-2024","SH46","15","2024-03-28","CerealRye","2023-10-10","2024-04-25",5315.84,1058.62,80.09,52.86,39.01946994,-76.94302402,"Final Report_FY2425_6425-6752_USDA ARS SASL - Jordan Nicolette.xlsx",52.74929729,44.45641002,2.794292693,12.65,25.24,45.95,35.86,2.024
"0315-Pea","BARC","2023-2024","SH46","15","2024-03-28","WinterPea","2023-10-10","2024-04-25",5315.84,1058.62,80.09,52.86,39.01946994,-76.94302402,"Final Report_FY2425_6425-6752_USDA ARS SASL - Jordan Nicolette.xlsx",67.76359759,25.90189602,6.334506385,20.71,24.97,30.18,40.32,3.3136
"0316-Rye","BARC","2023-2024","SH89","16","2024-03-29","CerealRye","2023-10-10","2024-05-30",4437.45,874.89,80.28,34.46,39.01713515,-76.94090177,"Final Report_FY2425_6425-6752_USDA ARS SASL - Jordan Nicolette.xlsx",56.52914846,40.72898208,2.741869463,11.27,23.59,42.77,41.75,1.8032
"0316-Vetch","BARC","2023-2024","SH89","16","2024-03-29","HairyVetch","2023-10-10","2024-05-30",4437.45,874.89,80.28,34.46,39.01713515,-76.94090177,"Final Report_FY2425_6425-6752_USDA ARS SASL - Jordan Nicolette.xlsx",65.15672383,25.44038291,9.402893262,20.38,30.55,31.9,36.56,3.2608
"0316-Pea","BARC","2023-2024","SH89","16","2024-03-29","WinterPea","2023-10-10","2024-05-30",4437.45,874.89,80.28,34.46,39.01713515,-76.94090177,"Final Report_FY2425_6425-6752_USDA ARS SASL - Jordan Nicolette.xlsx",70.73797467,23.16226382,6.099761508,20.32,23.04,28.05,45.09,3.2512
"0316-Cannola","BARC","2023-2024","SH89","16","2024-03-29","Canola","2023-10-10","2024-05-30",4437.45,874.89,80.28,34.46,39.01713515,-76.94090177,"Final Report_FY2425_6425-6752_USDA ARS SASL - Jordan Nicolette.xlsx",57.7715475,36.70505841,5.523394091,13.87,28.85,40.11,39.08,2.2192
"0317-Rye","BARC","2023-2024","SH89","17","2024-03-29","CerealRye","2023-10-10","2024-05-30",3175.85,647.42,79.61,27.47,39.01735618,-76.94092472,"Final Report_FY2425_6425-6752_USDA ARS SASL - Jordan Nicolette.xlsx",52.53438213,44.73956512,2.726052744,12,26.09,45.4,35.32,1.92
"0317-Vetch","BARC","2023-2024","SH89","17","2024-03-29","HairyVetch","2023-10-10","2024-05-30",3175.85,647.42,79.61,27.47,39.01735618,-76.94092472,"Final Report_FY2425_6425-6752_USDA ARS SASL - Jordan Nicolette.xlsx",69.74691632,21.20287847,9.050205207,23.23,27.37,27.63,37.46,3.7168
"0317-Pea","BARC","2023-2024","SH89","17","2024-03-29","WinterPea","2023-10-10","2024-05-30",3175.85,647.42,79.61,27.47,39.01735618,-76.94092472,"Final Report_FY2425_6425-6752_USDA ARS SASL - Jordan Nicolette.xlsx",65.36241399,28.78647217,5.851113833,16.51,25.83,33.19,43.83,2.6416
"0317-Cannola","BARC","2023-2024","SH89","17","2024-03-29","Canola","2023-10-10","2024-05-30",3175.85,647.42,79.61,27.47,39.01735618,-76.94092472,"Final Report_FY2425_6425-6752_USDA ARS SASL - Jordan Nicolette.xlsx",57.27772739,36.98737613,5.734896473,13.24,29.85,40.65,38.98,2.1184
"0318-Rye","BARC","2023-2024","SH89","18","2024-03-29","CerealRye","2023-10-10","2024-05-30",4169.73,862.64,79.31,57.53,39.01765381,-76.94093034,"Final Report_FY2425_6425-6752_USDA ARS SASL - Jordan Nicolette.xlsx",52.69395567,44.84695846,2.459085869,14.83,23.07,46.03,33.54,2.3728
"0318-Vetch","BARC","2023-2024","SH89","18","2024-03-29","HairyVetch","2023-10-10","2024-05-30",4169.73,862.64,79.31,57.53,39.01765381,-76.94093034,"Final Report_FY2425_6425-6752_USDA ARS SASL - Jordan Nicolette.xlsx",67.46833518,25.07578102,7.455883798,22.89,27.93,29.9,36.52,3.6624
"0318-Pea","BARC","2023-2024","SH89","18","2024-03-29","WinterPea","2023-10-10","2024-05-30",4169.73,862.64,79.31,57.53,39.01765381,-76.94093034,"Final Report_FY2425_6425-6752_USDA ARS SASL - Jordan Nicolette.xlsx",69.97327418,24.10423214,5.922493678,20.96,23.37,28.41,42.95,3.3536
"0319-Rye","BARC","2023-2024","SH89","19","2024-03-29","CerealRye","2023-10-10","2024-05-30",4787.4,801.4,83.26,40.13,39.01734449,-76.94130659,"Final Report_FY2425_6425-6752_USDA ARS SASL - Jordan Nicolette.xlsx",54.26973467,42.94578628,2.784479047,13.85,23.97,44.34,35.83,2.216
"0319-Vetch","BARC","2023-2024","SH89","19","2024-03-29","HairyVetch","2023-10-10","2024-05-30",4787.4,801.4,83.26,40.13,39.01734449,-76.94130659,"Final Report_FY2425_6425-6752_USDA ARS SASL - Jordan Nicolette.xlsx",68.38380859,22.64076642,8.975424998,23.68,28.29,29.35,36.97,3.7888
"0319-Pea","BARC","2023-2024","SH89","19","2024-03-29","WinterPea","2023-10-10","2024-05-30",4787.4,801.4,83.26,40.13,39.01734449,-76.94130659,"Final Report_FY2425_6425-6752_USDA ARS SASL - Jordan Nicolette.xlsx",69.46179246,24.70589539,5.832312147,18.86,24.24,29.06,44.75,3.0176
"0319-Cannola","BARC","2023-2024","SH89","19","2024-03-29","Canola","2023-10-10","2024-05-30",4787.4,801.4,83.26,40.13,39.01734449,-76.94130659,"Final Report_FY2425_6425-6752_USDA ARS SASL - Jordan Nicolette.xlsx",57.77936105,36.9179592,5.302679742,14.2,28.5,40.15,38.7,2.272
"0320-Rye","BARC","2023-2024","SH89","20","2024-03-29","CerealRye","2023-10-10","2024-05-30",4762.9,934.38,80.38,71.94,39.01764686,-76.94130623,"Final Report_FY2425_6425-6752_USDA ARS SASL - Jordan Nicolette.xlsx",52.69617444,45.02068765,2.283137903,12.95,23.95,46.3,35.91,2.072
"0320-Vetch","BARC","2023-2024","SH89","20","2024-03-29","HairyVetch","2023-10-10","2024-05-30",4762.9,934.38,80.38,71.94,39.01764686,-76.94130623,"Final Report_FY2425_6425-6752_USDA ARS SASL - Jordan Nicolette.xlsx",63.03715841,30.32640991,6.636431676,21.45,29.13,33.22,32.54,3.432
"0320-Pea","BARC","2023-2024","SH89","20","2024-03-29","WinterPea","2023-10-10","2024-05-30",4762.9,934.38,80.38,71.94,39.01764686,-76.94130623,"Final Report_FY2425_6425-6752_USDA ARS SASL - Jordan Nicolette.xlsx",69.69458282,24.31356497,5.991852209,19.94,23.89,28.76,44.05,3.1904
"0320-Cannola","BARC","2023-2024","SH89","20","2024-03-29","Canola","2023-10-10","2024-05-30",4762.9,934.38,80.38,71.94,39.01764686,-76.94130623,"Final Report_FY2425_6425-6752_USDA ARS SASL - Jordan Nicolette.xlsx",57.25288165,37.04118192,5.705936427,11.62,32.01,39.18,38.71,1.8592
"0321","BARC","2023-2024","SE18A","21","2024-03-29","CerealRye","2023-10-10",NA,2071.74,535.43,74.16,18.76,39.01884811,-76.9464857,"Final Report_FY2425_6425-6752_USDA ARS SASL - Jordan Nicolette.xlsx",53.46658027,43.84986154,2.68355819,12.53,24.94,45.43,36.84,2.0048
"0322","BARC","2023-2024","SE18A","22","2024-03-29","CerealRye","2023-10-10",NA,1574.8,405.95,74.22,17.46,39.01916074,-76.94650956,"Final Report_FY2425_6425-6752_USDA ARS SASL - Jordan Nicolette.xlsx",51.89732646,45.20917561,2.893497926,11.47,26.45,46.06,35.08,1.8352
"0323","BARC","2023-2024","SE18A","23","2024-03-29","CerealRye","2023-10-10",NA,1147.86,297.46,74.09,10.43,39.0193899,-76.94654031,"Final Report_FY2425_6425-6752_USDA ARS SASL - Jordan Nicolette.xlsx",54.09855335,43.20288726,2.698559383,14.71,24.2,44.61,35.08,2.3536
"0324","BARC","2023-2024","SE18A","24","2024-03-29","CerealRye","2023-10-10",NA,1552.06,393.7,74.63,13.72,39.01914204,-76.94691508,"Final Report_FY2425_6425-6752_USDA ARS SASL - Jordan Nicolette.xlsx",50.78280504,46.56713492,2.650060042,13.56,25.94,47.57,32.55,2.1696
"0325","BARC","2023-2024","SE18A","25","2024-03-29","CerealRye","2023-10-10",NA,1354.33,332.46,75.45,14.74,39.01881032,-76.94688359,"Final Report_FY2425_6425-6752_USDA ARS SASL - Jordan Nicolette.xlsx",51.49119298,46.59475877,1.91404825,13.41,24.5,47.49,34.22,2.1456
"0326-Rye","BARC","2023-2024","SD5","26","2024-03-28","CerealRye","2023-10-10","2024-04-25",1492.56,376.2,74.79,15.37,39.01383564,-76.94467874,"Final Report_FY2425_6425-6752_USDA ARS SASL - Jordan Nicolette.xlsx",48.8921033,48.01124322,3.096653484,14.14,28.28,47.44,28.13,2.2624
"0326-CC","BARC","2023-2024","SD5","26","2024-03-28","CrimsonClover","2023-10-10","2024-04-25",1492.56,376.2,74.79,15.37,39.01383564,-76.94467874,"Final Report_FY2425_6425-6752_USDA ARS SASL - Jordan Nicolette.xlsx",48.74438511,40.95532356,10.30029133,15.63,39.35,45.94,25.47,2.5008
"0327-Rye","BARC","2023-2024","SD5","27","2024-03-28","CerealRye","2023-10-10","2024-04-25",1067.37,318.46,70.16,26.5,39.01350787,-76.94498251,"Final Report_FY2425_6425-6752_USDA ARS SASL - Jordan Nicolette.xlsx",52.31606622,44.32327279,3.360660993,13.68,26.44,45.87,33.87,2.1888
"0327-CC","BARC","2023-2024","SD5","27","2024-03-28","CrimsonClover","2023-10-10","2024-04-25",1067.37,318.46,70.16,26.5,39.01350787,-76.94498251,"Final Report_FY2425_6425-6752_USDA ARS SASL - Jordan Nicolette.xlsx",60.21008791,30.71381383,9.076098259,20.61,29.71,36.45,31.75,3.2976
"0328-CC","BARC","2023-2024","SD5","28","2024-03-28","CrimsonClover","2023-10-10","2024-04-25",3149.61,748.91,76.22,51.4,39.01383148,-76.94535718,"Final Report_FY2425_6425-6752_USDA ARS SASL - Jordan Nicolette.xlsx",61.85974308,29.17920732,8.961049597,19.51,29.69,34.73,34.09,3.1216
"0330-Rye","BARC","2023-2024","SD5","30","2024-03-28","CerealRye","2023-10-10","2024-04-25",5681.54,1149.61,79.77,68.24,39.01325202,-76.94602956,"Final Report_FY2425_6425-6752_USDA ARS SASL - Jordan Nicolette.xlsx",56.22038863,41.49180392,2.287807448,18.23,22.01,42.43,33.58,2.9168
"0330-CC","BARC","2023-2024","SD5","30","2024-03-28","CrimsonClover","2023-10-10","2024-04-25",5681.54,1149.61,79.77,68.24,39.01325202,-76.94602956,"Final Report_FY2425_6425-6752_USDA ARS SASL - Jordan Nicolette.xlsx",65.53823395,26.25370241,8.208063643,20.6,27.47,31.45,36.38,3.296
"0331-Rye","BARC","2023-2024","SE14","31","2024-03-28","CerealRye","2023-10-10","2024-06-13",4092.74,906.39,77.85,52.63,39.01143464,-76.94178626,"Final Report_FY2425_6425-6752_USDA ARS SASL - Jordan Nicolette.xlsx",52.61871625,44.55560333,2.825680413,17.73,24.31,45.19,29.61,2.8368
"0331-CC","BARC","2023-2024","SE14","31","2024-03-28","CrimsonClover","2023-10-10","2024-06-13",4092.74,906.39,77.85,52.63,39.01143464,-76.94178626,"Final Report_FY2425_6425-6752_USDA ARS SASL - Jordan Nicolette.xlsx",63.56198689,28.38994969,8.048063422,21.53,28.57,32.94,33.43,3.4448
"0332-Rye","BARC","2023-2024","SE14","32","2024-03-28","CerealRye","2023-10-10","2024-06-13",7223.1,1361.33,81.15,69.45,39.01143268,-76.9413902,"Final Report_FY2425_6425-6752_USDA ARS SASL - Jordan Nicolette.xlsx",50.17235356,47.57523136,2.252415074,15.5,26.15,48.07,30.15,2.48
"0332-Vetch","BARC","2023-2024","SE14","32","2024-03-28","HairyVetch","2023-10-10","2024-06-13",7223.1,1361.33,81.15,69.45,39.01143268,-76.9413902,"Final Report_FY2425_6425-6752_USDA ARS SASL - Jordan Nicolette.xlsx",64.37156438,26.95032324,8.678112381,23.57,30.65,32.29,32.3,3.7712
"0332-CC","BARC","2023-2024","SE14","32","2024-03-28","CrimsonClover","2023-10-10","2024-06-13",7223.1,1361.33,81.15,69.45,39.01143268,-76.9413902,"Final Report_FY2425_6425-6752_USDA ARS SASL - Jordan Nicolette.xlsx",60.7154055,31.32348731,7.96110719,19.67,31.58,35,32.09,3.1472
"0333-Rye","BARC","2023-2024","SE14","33","2024-03-28","CerealRye","2023-10-10","2024-06-13",12213.47,1713.04,85.97,90.78,39.01142901,-76.94113869,"Final Report_FY2425_6425-6752_USDA ARS SASL - Jordan Nicolette.xlsx",51.73445315,46.14442123,2.121125623,18.33,23.7,46.27,28.55,2.9328
"0333-Vetch","BARC","2023-2024","SE14","33","2024-03-28","HairyVetch","2023-10-10","2024-06-13",12213.47,1713.04,85.97,90.78,39.01142901,-76.94113869,"Final Report_FY2425_6425-6752_USDA ARS SASL - Jordan Nicolette.xlsx",66.07422986,25.76430861,8.161461536,25.35,28.85,31.33,32.54,4.056
"0333-CC","BARC","2023-2024","SE14","33","2024-03-28","CrimsonClover","2023-10-10","2024-06-13",12213.47,1713.04,85.97,90.78,39.01142901,-76.94113869,"Final Report_FY2425_6425-6752_USDA ARS SASL - Jordan Nicolette.xlsx",63.05938462,28.84909467,8.09152071,21.3,30.14,31.95,30.66,3.408
"0334-Rye","BARC","2023-2024","SE14","34","2024-03-28","CerealRye","2023-10-10","2024-06-13",8565.18,1378.83,83.9,87.05,39.01116907,-76.94116108,"Final Report_FY2425_6425-6752_USDA ARS SASL - Jordan Nicolette.xlsx",49.96943582,48.04083528,1.989728899,16.11,23.73,48.88,29.92,2.5776
"0334-Vetch","BARC","2023-2024","SE14","34","2024-03-28","HairyVetch","2023-10-10","2024-06-13",8565.18,1378.83,83.9,87.05,39.01116907,-76.94116108,"Final Report_FY2425_6425-6752_USDA ARS SASL - Jordan Nicolette.xlsx",67.41570513,23.6712478,8.913047076,23.36,29.39,30.19,36.41,3.7376
"0334-CC","BARC","2023-2024","SE14","34","2024-03-28","CrimsonClover","2023-10-10","2024-06-13",8565.18,1378.83,83.9,87.05,39.01116907,-76.94116108,"Final Report_FY2425_6425-6752_USDA ARS SASL - Jordan Nicolette.xlsx",60.5003051,31.92228243,7.577412475,19.82,31.06,35.55,32.1,3.1712
"0335-Rye","BARC","2023-2024","SE14","35","2024-03-28","CerealRye","2023-10-10","2024-06-13",4169.73,997.38,76.08,55.75,39.01116522,-76.9414595,"Final Report_FY2425_6425-6752_USDA ARS SASL - Jordan Nicolette.xlsx",50.26791781,47.05169227,2.680389924,15.25,26.06,48.06,30.52,2.44
"0335-Vetch","BARC","2023-2024","SE14","35","2024-03-28","HairyVetch","2023-10-10","2024-06-13",4169.73,997.38,76.08,55.75,39.01116522,-76.9414595,"Final Report_FY2425_6425-6752_USDA ARS SASL - Jordan Nicolette.xlsx",56.50988355,33.48053877,10.00957767,18.26,35.63,38.93,29.3,2.9216
"0335-CC","BARC","2023-2024","SE14","35","2024-03-28","CrimsonClover","2023-10-10","2024-06-13",4169.73,997.38,76.08,55.75,39.01116522,-76.9414595,"Final Report_FY2425_6425-6752_USDA ARS SASL - Jordan Nicolette.xlsx",65.34861631,26.83166241,7.819721279,20.68,27.23,32.18,37.48,3.3088
"0336","BARC","2023-2024","137","36","2024-03-29","CerealRye","2023-10-10","2024-04-30",8283.46,1879.27,77.31,61.06,39.02265862,-76.89955834,"Final Report_FY2425_6425-6752_USDA ARS SASL - Jordan Nicolette.xlsx",53.04046504,44.5463376,2.413197367,13.6,23.52,46.32,36.05,2.176
"0337","BARC","2023-2024","137","37","2024-03-29","CerealRye","2023-10-10","2024-04-30",7326.33,1718.29,76.55,58.78,39.02212894,-76.89948229,"Final Report_FY2425_6425-6752_USDA ARS SASL - Jordan Nicolette.xlsx",53.41945224,43.9045408,2.676006962,13.41,24.36,45.81,36.42,2.1456
"0338","BARC","2023-2024","137","38","2024-03-29","CerealRye","2023-10-10","2024-04-30",6125.98,1445.32,76.41,67.7,39.0226781,-76.89878822,"Final Report_FY2425_6425-6752_USDA ARS SASL - Jordan Nicolette.xlsx",53.46480041,44.33254246,2.202657131,14.92,23.59,46.2,35.57,2.3872
"0339","BARC","2023-2024","137","39","2024-03-29","CerealRye","2023-10-10","2024-04-30",4554.68,1130.36,75.18,41.85,39.02235789,-76.89846749,"Final Report_FY2425_6425-6752_USDA ARS SASL - Jordan Nicolette.xlsx",52.98379615,44.47741718,2.538786674,13.03,23.93,47.2,37.5,2.0848
"0340","BARC","2023-2024","137","40","2024-03-29","CerealRye","2023-10-10","2024-04-30",3214.35,810.15,74.8,42.09,39.02290292,-76.89850564,"Final Report_FY2425_6425-6752_USDA ARS SASL - Jordan Nicolette.xlsx",52.01110709,45.80143123,2.187461681,13.07,23.81,47.94,36.29,2.0912
"0341","BARC","2023-2024","268B","41","2024-03-29","Triticale","2023-10-10","2024-04-22",10503.94,2236.22,78.71,92.16,39.02627205,-76.87602101,"Final Report_FY2425_6425-6752_USDA ARS SASL - Jordan Nicolette.xlsx",55.15550473,42.94828102,1.89621425,17.07,21.47,44.87,35.72,2.7312
"0342","BARC","2023-2024","268B","42","2024-03-29","Triticale","2023-10-10","2024-04-22",10033.25,2159.23,78.48,92.92,39.02598198,-76.87570197,"Final Report_FY2425_6425-6752_USDA ARS SASL - Jordan Nicolette.xlsx",55.74890255,42.46436848,1.786728969,17.17,21.98,43.67,35.14,2.7472
"0343","BARC","2023-2024","268B","43","2024-03-29","Triticale","2023-10-10","2024-04-22",16148.73,3154.86,80.46,92.93,39.02628653,-76.87530431,"Final Report_FY2425_6425-6752_USDA ARS SASL - Jordan Nicolette.xlsx",52.27380471,45.68184083,2.044354456,17.46,22.85,47.5,32.09,2.7936
"0344","BARC","2023-2024","268B","44","2024-03-29","Triticale","2023-10-10","2024-04-22",19319.34,3713.04,80.78,94.43,39.02599957,-76.8749832,"Final Report_FY2425_6425-6752_USDA ARS SASL - Jordan Nicolette.xlsx",49.67201483,48.26932679,2.058658383,15.33,24.83,50.41,31.98,2.4528
"0345","BARC","2023-2024","268B","45","2024-03-29","Triticale","2023-10-10","2024-04-22",11251.09,2524.93,77.56,88.35,39.02629086,-76.87463366,"Final Report_FY2425_6425-6752_USDA ARS SASL - Jordan Nicolette.xlsx",53.18156573,44.80689575,2.011538529,15.79,24.55,46.67,34.92,2.5264
"0346","BARC","2023-2024","232A","46","2024-03-29","Wheat","2023-10-10","2024-06-21",4460.19,1102.36,75.28,80.98,39.03122113,-76.88584067,"Final Report_FY2425_6425-6752_USDA ARS SASL - Jordan Nicolette.xlsx",57.54145356,40.44478073,2.013765708,14.09,22.78,41.75,39.95,2.2544
"0347","BARC","2023-2024","232A","47","2024-03-29","Wheat","2023-10-10","2024-06-21",2068.24,542.43,73.77,55.97,39.0309767,-76.88653079,"Final Report_FY2425_6425-6752_USDA ARS SASL - Jordan Nicolette.xlsx",60.38872781,37.55522027,2.056051917,19.34,20.93,38.39,36.46,3.0944
"0348","BARC","2023-2024","232A","48","2024-03-29","Wheat","2023-10-10","2024-06-21",2747.16,829.4,69.81,43.88,39.03150202,-76.8869166,"Final Report_FY2425_6425-6752_USDA ARS SASL - Jordan Nicolette.xlsx",62.42630835,35.44977816,2.123913493,15.92,21.95,37.03,43.13,2.5472
"0349","BARC","2023-2024","232A","49","2024-03-29","Wheat","2023-10-10","2024-06-21",2449.69,664.92,72.86,59.86,39.03119994,-76.88723749,"Final Report_FY2425_6425-6752_USDA ARS SASL - Jordan Nicolette.xlsx",60.10248719,37.48118623,2.416326577,15.65,22.88,39.1,40.53,2.504
"0350","BARC","2023-2024","232A","50","2024-03-29","Wheat","2023-10-10","2024-06-21",3737.53,999.13,73.27,68.21,39.03149955,-76.88763241,"Final Report_FY2425_6425-6752_USDA ARS SASL - Jordan Nicolette.xlsx",59.66583956,38.35027968,1.983880754,15.02,22.2,39.8,41.25,2.4032
"E0226-CC","EMIT","2023-2024","SD5","26","2024-02-16","CrimsonClover","2023-10-08","2024-04-25",NA,NA,63.87362637,4.757142857,39.01379402,-76.9447015,"Final Report_FY2425_6425-6752_USDA ARS SASL - Jordan Nicolette.xlsx",63.75525362,27.55990984,8.684836546,18.8,27.49,33.56,37.28,3.008
"E0227-CC","EMIT","2023-2024","SD5","27","2024-02-16","CrimsonClover","2023-10-08","2024-04-25",NA,NA,61.89376443,7.095714286,39.01346148,-76.94498231,"Final Report_FY2425_6425-6752_USDA ARS SASL - Jordan Nicolette.xlsx",61.08149164,29.77020016,9.1483082,17.69,28.57,35.8,35.4,2.8304
"E0228-CC","EMIT","2023-2024","SD5","28","2024-02-16","CrimsonClover","2023-10-08","2024-04-25",NA,NA,70.39735099,17.21571429,39.01379813,-76.94537949,"Final Report_FY2425_6425-6752_USDA ARS SASL - Jordan Nicolette.xlsx",62.12388245,29.33223327,8.543884279,18.04,29.02,34.65,36.14,2.8864
"E0229-CC","EMIT","2023-2024","SD5","29","2024-02-16","CrimsonClover","2023-10-08","2024-04-25",NA,NA,69.38174681,24.11,39.01345026,-76.94565455,"Final Report_FY2425_6425-6752_USDA ARS SASL - Jordan Nicolette.xlsx",65.16510071,26.22835813,8.606541159,20.04,26.8,31.54,36.04,3.2064
"E0230-CC","EMIT","2023-2024","SD5","30","2024-02-16","CrimsonClover","2023-10-08","2024-04-25",NA,NA,69.53713671,39.65428571,39.01319446,-76.94604385,"Final Report_FY2425_6425-6752_USDA ARS SASL - Jordan Nicolette.xlsx",63.67767195,27.81478069,8.507547364,19.38,27.65,33.09,35.8,3.1008
"E0236","EMIT","2023-2024","137","36","2024-02-16","CerealRye","2023-09-29","2024-04-30",NA,NA,65.27719883,52.32875,39.02141866,-76.89964304,"Final Report_FY2425_6425-6752_USDA ARS SASL - Jordan Nicolette.xlsx",60.20219614,36.93054574,2.867258117,12.27,22.29,38.9,43.61,1.9632
"E0237","EMIT","2023-2024","137","37","2024-02-16","CerealRye","2023-09-29","2024-04-30",NA,NA,67.07865169,54.72,39.02211312,-76.89946197,"Final Report_FY2425_6425-6752_USDA ARS SASL - Jordan Nicolette.xlsx",59.77706586,37.66043597,2.562498179,17,21.44,38.5,37.01,2.72
"E0238","EMIT","2023-2024","137","38","2024-02-16","CerealRye","2023-09-29","2024-04-30",NA,NA,65.05007907,49.8375,39.02241779,-76.89780447,"Final Report_FY2425_6425-6752_USDA ARS SASL - Jordan Nicolette.xlsx",61.27029376,35.66675834,3.062947894,12.05,22.08,37.77,44.6,1.928
"E0239","EMIT","2023-2024","137","39","2024-02-16","CerealRye","2023-09-29","2024-04-30",NA,NA,61.41199226,41.63571429,39.02235407,-76.898475,"Final Report_FY2425_6425-6752_USDA ARS SASL - Jordan Nicolette.xlsx",61.62195626,35.04890886,3.329134875,11.11,22.67,37.47,46.1,1.7776
"E0240","EMIT","2023-2024","137","40","2024-02-16","CerealRye","2023-09-29","2024-04-30",NA,NA,67.63305928,52.37714286,39.02267013,-76.89712669,"Final Report_FY2425_6425-6752_USDA ARS SASL - Jordan Nicolette.xlsx",57.13529277,39.9771223,2.887584935,11.48,24.72,41.26,40.26,1.8368
"E0241","EMIT","2023-2024","268B","41","2024-02-16","Triticale","2023-10-02","2024-04-22",NA,NA,70.31437485,75.53,39.02606999,-76.87658957,"Final Report_FY2425_6425-6752_USDA ARS SASL - Jordan Nicolette.xlsx",56.26266912,40.93171803,2.805612844,12.21,25.15,41.79,38.48,1.9536
"E0242","EMIT","2023-2024","268B","42","2024-02-16","Triticale","2023-10-02","2024-04-22",NA,NA,71.18412047,70.16142857,39.02603381,-76.87609835,"Final Report_FY2425_6425-6752_USDA ARS SASL - Jordan Nicolette.xlsx",56.12869152,41.12498068,2.746327792,13.7,24.4,42.46,37.56,2.192
"E0243","EMIT","2023-2024","268B","43","2024-02-16","Triticale","2023-10-02","2024-04-22",NA,NA,68.61738535,60.19875,39.02604759,-76.87556074,"Final Report_FY2425_6425-6752_USDA ARS SASL - Jordan Nicolette.xlsx",55.99434762,40.56458366,3.441068718,10.18,27.25,42.18,40.48,1.6288
"E0244","EMIT","2023-2024","268B","44","2024-02-16","Triticale","2023-10-02","2024-04-22",NA,NA,68.88607595,72.33857143,39.02605164,-76.87501433,"Final Report_FY2425_6425-6752_USDA ARS SASL - Jordan Nicolette.xlsx",56.75279266,40.53501376,2.712193581,12.29,23.97,42.04,39.96,1.9664
"E0245","EMIT","2023-2024","268B","45","2024-02-16","Triticale","2023-10-02","2024-04-22",NA,NA,70.83456208,65.64142857,39.02604454,-76.8744696,"Final Report_FY2425_6425-6752_USDA ARS SASL - Jordan Nicolette.xlsx",57.55223427,39.91497274,2.532792993,13.75,23.82,40.94,38.75,2.2
"E0246","EMIT","2023-2024","232A","46","2024-02-16","Wheat","2023-10-13","2024-06-21",NA,NA,59.48387097,25.32142857,39.03096814,-76.88594454,"Final Report_FY2425_6425-6752_USDA ARS SASL - Jordan Nicolette.xlsx",58.94524548,37.28198714,3.772767383,12.88,25,39.67,41.18,2.0608
"E0247","EMIT","2023-2024","232A","47","2024-02-16","Wheat","2023-10-13","2024-06-21",NA,NA,63.48547718,20.63571429,39.03097672,-76.88653074,"Final Report_FY2425_6425-6752_USDA ARS SASL - Jordan Nicolette.xlsx",61.92780526,35.34755385,2.724640893,19.51,21.36,36.58,37.04,3.1216
"E0248","EMIT","2023-2024","232A","48","2024-02-16","Wheat","2023-10-13","2024-06-21",NA,NA,54.33070866,16.9675,39.03149774,-76.88692979,"Final Report_FY2425_6425-6752_USDA ARS SASL - Jordan Nicolette.xlsx",59.74287398,36.26741177,3.989714252,14.53,24.47,38.73,40.22,2.3248
"E0249","EMIT","2023-2024","232A","49","2024-02-16","Wheat","2023-10-13","2024-06-21",NA,NA,60.57471264,24.87285714,39.03092131,-76.88754038,"Final Report_FY2425_6425-6752_USDA ARS SASL - Jordan Nicolette.xlsx",59.20952202,36.95461077,3.835867203,14.4,24.28,39.22,39.55,2.304
"E0250","EMIT","2023-2024","232A","50","2024-02-16","Wheat","2023-10-13","2024-06-21",NA,NA,60.91370558,28.27,39.03149996,-76.88763307,"Final Report_FY2425_6425-6752_USDA ARS SASL - Jordan Nicolette.xlsx",54.64055134,41.26759907,4.091849591,16.49,25.77,43.19,32.57,2.6384
"E0251","EMIT","2023-2024","232C","51","2024-02-16","Wheat","2023-10-18",NA,NA,NA,53.88888889,44.3525,39.02842457,-76.8897579,"Final Report_FY2425_6425-6752_USDA ARS SASL - Jordan Nicolette.xlsx",59.17111737,37.26712328,3.561759347,20.32,21.43,39.04,33.49,3.2512
"E0252","EMIT","2023-2024","232C","52","2024-02-16","Wheat","2023-10-18",NA,NA,NA,47.72234273,31.51625,39.02859581,-76.88876247,"Final Report_FY2425_6425-6752_USDA ARS SASL - Jordan Nicolette.xlsx",61.58459059,35.35548563,3.059923784,20.5,20.03,37.02,36.04,3.28
"E0253","EMIT","2023-2024","232C","53","2024-02-16","Wheat","2023-10-18",NA,NA,NA,66.24505929,41.0425,39.028612,-76.88691635,"Final Report_FY2425_6425-6752_USDA ARS SASL - Jordan Nicolette.xlsx",60.73630146,36.08007769,3.183620846,15.7,21.53,37.6,39.53,2.512
"E0254","EMIT","2023-2024","232C","54","2024-02-16","Wheat","2023-10-18",NA,NA,NA,53.26460481,47.24888889,39.02849715,-76.88594162,"Final Report_FY2425_6425-6752_USDA ARS SASL - Jordan Nicolette.xlsx",63.31172688,33.72690718,2.96136594,17.77,20.48,35.25,40.22,2.8432
"E0255","EMIT","2023-2024","232C","55","2024-02-16","Wheat","2023-10-18",NA,NA,NA,66.18834081,40.43777778,39.02826952,-76.88801126,"Final Report_FY2425_6425-6752_USDA ARS SASL - Jordan Nicolette.xlsx",64.27014649,32.67226854,3.057584972,17.44,19.67,34.45,41.71,2.7904
"E0256","EMIT","2023-2024","271","56","2024-02-16","CerealRye","2023-09-30",NA,NA,NA,70.34640274,48.84,39.02062265,-76.8739601,"Final Report_FY2425_6425-6752_USDA ARS SASL - Jordan Nicolette.xlsx",63.14785743,34.23623609,2.615906479,13.85,21.17,35.77,44.52,2.216
"E0257","EMIT","2023-2024","271","57","2024-02-16","CerealRye","2023-09-30",NA,NA,NA,66.4049355,24.75142857,39.02005432,-76.8739404,"Final Report_FY2425_6425-6752_USDA ARS SASL - Jordan Nicolette.xlsx",62.08352392,34.64242032,3.27405576,12.87,22.52,36.75,44.36,2.0592
"E0258","EMIT","2023-2024","271","58","2024-02-16","CerealRye","2023-09-30",NA,NA,NA,63.99041342,20.36111111,39.02002291,-76.87340476,"Final Report_FY2425_6425-6752_USDA ARS SASL - Jordan Nicolette.xlsx",53.94322598,42.03870232,4.018071702,9.49,27.45,44.25,39.27,1.5184
"E0259","EMIT","2023-2024","271","59","2024-02-16","CerealRye","2023-09-30",NA,NA,NA,65.89285714,30.13,39.02059865,-76.87336549,"Final Report_FY2425_6425-6752_USDA ARS SASL - Jordan Nicolette.xlsx",66.6728689,29.70846263,3.618668469,12.27,21.53,32.71,50.63,1.9632
"E0265","EMIT","2023-2024","272","65","2024-02-16","Triticale","2023-09-30","2024-04-22",NA,NA,60.7907743,24.27142857,39.0206246,-76.86903338,"Final Report_FY2425_6425-6752_USDA ARS SASL - Jordan Nicolette.xlsx",55.50208176,40.65881728,3.839100959,10.69,26.17,43.23,40.28,1.7104
"E0266","EMIT","2023-2024","272","66","2024-02-16","Triticale","2023-09-30","2024-04-22",NA,NA,70.69317023,35.89,39.02008164,-76.86905187,"Final Report_FY2425_6425-6752_USDA ARS SASL - Jordan Nicolette.xlsx",55.82734701,41.22363032,2.949022666,12.35,25.12,42.48,38.31,1.976
"E0267","EMIT","2023-2024","272","67","2024-02-16","Triticale","2023-09-30","2024-04-22",NA,NA,65.09533898,35.44285714,39.01845228,-76.86905133,"Final Report_FY2425_6425-6752_USDA ARS SASL - Jordan Nicolette.xlsx",53.84553868,43.02629045,3.128170871,13.28,25.52,44.28,35.55,2.1248
"E0268","EMIT","2023-2024","272","68","2024-02-16","Triticale","2023-09-30","2024-04-22",NA,NA,66.32039366,27.99428571,39.01791627,-76.86905336,"Final Report_FY2425_6425-6752_USDA ARS SASL - Jordan Nicolette.xlsx",56.59688828,40.14391648,3.259195239,11.83,24.3,42.34,40.35,1.8928
"E0269","EMIT","2023-2024","272","69","2024-02-16","Triticale","2023-09-30","2024-04-22",NA,NA,66.03375527,31.55714286,39.01737492,-76.86906842,"Final Report_FY2425_6425-6752_USDA ARS SASL - Jordan Nicolette.xlsx",55.54554816,41.06543869,3.389013147,9.97,26.12,43.43,41.36,1.5952
"21907B-Radish","Eastern Shore","2023-2024","21907","B","2024-02-16","Radish","2023-08-29","2024-04-01",NA,1284,87.43,38.49,38.86826365,-75.88539249,"Final Report_FY2425_6425-6752_USDA ARS SASL - Jordan Nicolette.xlsx",56.07870242,37.51639508,6.404902494,19.68,29.73,40.1,30.8,3.1488
"21907B-Cereal","Eastern Shore","2023-2024","21907","B","2024-02-16","CerealRye","2023-08-29","2024-04-01",NA,1284,87.43,38.49,38.86826365,-75.88539249,"Final Report_FY2425_6425-6752_USDA ARS SASL - Jordan Nicolette.xlsx",53.97537594,42.52253317,3.502090889,11.43,27.22,42.84,36.16,1.8288
"E3333B","Eastern Shore","2023-2024","3333","B","2024-02-16","CerealRye","2023-09-09","2024-04-24",NA,248,67.28,50.83,38.75688921,-75.92328875,"Final Report_FY2425_6425-6752_USDA ARS SASL - Jordan Nicolette.xlsx",61.9350056,35.14464882,2.920345581,14.92,20.6,35.82,39.95,2.3872
"E3333W","Eastern Shore","2023-2024","3333","W","2024-02-16","CerealRye","2023-09-09","2024-04-24",NA,656,69.14,53.59,38.75632582,-75.92253664,"Final Report_FY2425_6425-6752_USDA ARS SASL - Jordan Nicolette.xlsx",64.04594909,33.49855105,2.45549986,15.85,19.02,33.63,40.54,2.536
"E3878W-Legume","Eastern Shore","2023-2024","3878","W","2024-02-16","Legume","2023-09-30","2024-04-24",NA,122,65.54,34.58,38.75843258,-75.9203914,"Final Report_FY2425_6425-6752_USDA ARS SASL - Jordan Nicolette.xlsx",70.63995517,22.22653698,7.133507853,12.36,22.42,28.86,55.61,1.9776
"E3878W-Cereal","Eastern Shore","2023-2024","3878","W","2024-02-16","CerealRye","2023-09-30","2024-04-24",NA,122,65.54,34.58,38.75843258,-75.9203914,"Final Report_FY2425_6425-6752_USDA ARS SASL - Jordan Nicolette.xlsx",57.70356461,39.17912724,3.117308153,11.67,23.54,40.5,40.95,1.8672
"E11258W-Radish","Eastern Shore","2023-2024","11258","W","2024-02-16","Radish","2023-08-29","2024-04-10",NA,756,79.79,57.47,38.82225786,-75.94365532,"Final Report_FY2425_6425-6752_USDA ARS SASL - Jordan Nicolette.xlsx",60.07280513,34.35032652,5.57686835,23.97,25.88,35.76,28.32,3.8352
"E11258W-Cereal","Eastern Shore","2023-2024","11258","W","2024-02-16","CerealRye","2023-08-29","2024-04-10",NA,756,79.79,57.47,38.82225786,-75.94365532,"Final Report_FY2425_6425-6752_USDA ARS SASL - Jordan Nicolette.xlsx",50.27191006,47.80246027,1.925629675,13.72,25.37,47.92,31.79,2.1952
"E9139B","Eastern Shore","2023-2024","9139","B","2024-02-16","Wheat","2023-11-01","2024-04-01",NA,430,59.43,41.98,38.92957834,-75.91912252,"Final Report_FY2425_6425-6752_USDA ARS SASL - Jordan Nicolette.xlsx",38.17297072,55.09064572,6.736383567,7.5,38.33,48.7,20.29,1.2
"E11258B-Radish","Eastern Shore","2023-2024","11258","B","2024-02-16","Radish","2023-08-29","2024-04-10",NA,802,77.64,51.55,38.82277858,-75.94442896,"Final Report_FY2425_6425-6752_USDA ARS SASL - Jordan Nicolette.xlsx",61.59821105,32.02656912,6.375219831,21.07,27.55,34.75,33.57,3.3712
"E11258B-Cereal","Eastern Shore","2023-2024","11258","B","2024-02-16","CerealRye","2023-08-29","2024-04-10",NA,802,77.64,51.55,38.82277858,-75.94442896,"Final Report_FY2425_6425-6752_USDA ARS SASL - Jordan Nicolette.xlsx",49.91667704,47.68965319,2.393669771,12.7,26.42,48.2,32.74,2.032
"3878B-Legume","Eastern Shore","2023-2024","3878","B","2024-02-16","Legume","2023-09-30","2024-04-24",NA,112,54.1,17.61,38.75912169,-75.92117206,"Final Report_FY2425_6425-6752_USDA ARS SASL - Jordan Nicolette.xlsx",59.31009029,36.95902401,3.730885701,14.06,23.31,39.05,40.18,2.2496
"EA1B","Eastern Shore","2023-2024","A127905","B","2024-02-16","Barley","2023-10-14","2024-04-10",NA,308,72.4,44.03,38.86955407,-75.95649049,"Final Report_FY2425_6425-6752_USDA ARS SASL - Jordan Nicolette.xlsx",49.4020343,48.11151392,2.48645178,15.26,25.82,48.15,29.05,2.4416
"EA1W-Barley","Eastern Shore","2023-2024","A127905","W","2024-02-16","Barley","2023-10-14","2024-04-10",NA,224,74.37,42.03,38.87010849,-75.95584016,"Final Report_FY2425_6425-6752_USDA ARS SASL - Jordan Nicolette.xlsx",49.30172161,48.44111609,2.257162295,14.18,25.95,47.84,29.41,2.2688
"E13785W","Eastern Shore","2023-2024","13785","W","2024-02-16","Barley","2023-09-27","2024-04-15",NA,370.95,72.86,56.86,38.85386667,-75.94269138,"Final Report_FY2425_6425-6752_USDA ARS SASL - Jordan Nicolette.xlsx",50.20359245,47.38975228,2.406655272,19.47,24.04,47.47,25.47,3.1152
"E13785B","Eastern Shore","2023-2024","13785","B","2024-02-16","Barley","2023-09-27","2024-04-15",NA,334.21,70.2,62.47,38.85475162,-75.94330709,"Final Report_FY2425_6425-6752_USDA ARS SASL - Jordan Nicolette.xlsx",51.88448308,45.38515719,2.730359732,17.33,25.18,46.26,29.93,2.7728
"E9139W","Eastern Shore","2023-2024","9139","W","2024-02-16","Wheat","2023-11-01","2024-04-01",NA,240,70.15,29.79,38.93009116,-75.91929787,"Final Report_FY2425_6425-6752_USDA ARS SASL - Jordan Nicolette.xlsx",51.1448485,42.9989031,5.856248392,10.45,29.71,45.23,35.98,1.672
"E16730W","Eastern Shore","2023-2024","16730","W","2024-02-16","CerealRye","2023-11-09","2024-06-06",NA,164.48,71.6,23.3,38.90307587,-75.9758775,"Final Report_FY2425_6425-6752_USDA ARS SASL - Jordan Nicolette.xlsx",58.14208979,38.87750201,2.980408201,25.91,19.54,38.38,23.93,4.1456
"E16730B","Eastern Shore","2023-2024","16730","B","2024-02-16","CerealRye","2023-11-09","2024-06-06",NA,52.49,61.04,11.12,38.90322891,-75.97434071,"Final Report_FY2425_6425-6752_USDA ARS SASL - Jordan Nicolette.xlsx",55.38317415,41.46199844,3.154827402,23.74,21.69,40.75,23.75,3.7984
"E6416W-Radish","Eastern Shore","2023-2024","6416","W","2024-02-16","Radish","2023-09-21","2024-03-20",NA,352,76.72,41.85,38.87223892,-75.95682774,"Final Report_FY2425_6425-6752_USDA ARS SASL - Jordan Nicolette.xlsx",62.97119843,30.70596121,6.322840358,24.32,24.75,33.18,30.8,3.8912
"E6416W-Cereal","Eastern Shore","2023-2024","6416","W","2024-02-16","CerealRye","2023-09-21","2024-03-20",NA,352,76.72,41.85,38.87223892,-75.95682774,"Final Report_FY2425_6425-6752_USDA ARS SASL - Jordan Nicolette.xlsx",59.44430853,37.70892641,2.846765069,11.78,23.3,38.38,41.71,1.8848
"E21907W-Radish","Eastern Shore","2023-2024","21907","W","2024-02-16","Radish","2023-08-29","2024-04-01",NA,1144,81.69,37.41,38.86887853,-75.88493858,"Final Report_FY2425_6425-6752_USDA ARS SASL - Jordan Nicolette.xlsx",60.08544326,34.3261536,5.588403134,19.74,28.79,36.1,32.74,3.1584
"E21907W-Cereal","Eastern Shore","2023-2024","21907","W","2024-02-16","CerealRye","2023-08-29","2024-04-01",NA,1144,81.69,37.41,38.86887853,-75.88493858,"Final Report_FY2425_6425-6752_USDA ARS SASL - Jordan Nicolette.xlsx",59.56489731,37.93364686,2.50145583,14.46,21.5,38.44,39.2,2.3136
"E6416B-Radish","Eastern Shore","2023-2024","6416","B","2024-02-16","Radish","2023-09-21","2024-03-20",NA,608,73.61,48.1,38.87260896,-75.95581194,"Final Report_FY2425_6425-6752_USDA ARS SASL - Jordan Nicolette.xlsx",59.91696192,33.70210274,6.38093534,22.68,26.39,35.82,29.52,3.6288
"E6416B-Cereal","Eastern Shore","2023-2024","6416","B","2024-02-16","CerealRye","2023-09-21","2024-03-20",NA,608,73.61,48.1,38.87260896,-75.95581194,"Final Report_FY2425_6425-6752_USDA ARS SASL - Jordan Nicolette.xlsx",52.69742388,44.18491986,3.117656256,11.31,27.39,44.35,35.53,1.8096
"E0401","BARC","2023-2024","ND5","01","2024-04-24","CerealRye","2023-10-10","2024-10-03",11440.07,2558.18,77.64,37.5,39.02823927,-76.9374577,"Final Report_FY2425_6425-6752_USDA ARS SASL - Jordan Nicolette.xlsx",38.12194037,58.78768405,3.09037558,12.05,30.73,61.5,23.26,1.928
"E0402","BARC","2023-2024","ND5","02","2024-04-24","CerealRye","2023-10-10","2024-10-03",10530.18,2472.44,76.52,32.95,39.02822298,-76.9370893,"Final Report_FY2425_6425-6752_USDA ARS SASL - Jordan Nicolette.xlsx",35.87332355,61.00664636,3.120030086,12.56,31.87,63.66,20.4,2.0096
"E0403","BARC","2023-2024","ND5","03","2024-04-24","CerealRye","2023-10-10","2024-10-03",11361.33,2540.68,77.64,37.43,39.02822655,-76.9367581,"Final Report_FY2425_6425-6752_USDA ARS SASL - Jordan Nicolette.xlsx",34.78491765,61.40196803,3.813114318,12.5,34.7,64.22,19.15,2
"E0404","BARC","2023-2024","ND5","04","2024-04-24","CerealRye","2023-10-10","2024-10-03",5240.59,1396.33,73.36,45.88,39.0282476,-76.93636857,"Final Report_FY2425_6425-6752_USDA ARS SASL - Jordan Nicolette.xlsx",41.46085227,55.51822598,3.02092175,14.96,29.58,57.47,23.12,2.3936
"E0405","BARC","2023-2024","ND5","05","2024-04-24","CerealRye","2023-10-10","2024-10-03",5720.03,1693.79,70.39,44.76,39.02799644,-76.9363679,"Final Report_FY2425_6425-6752_USDA ARS SASL - Jordan Nicolette.xlsx",35.41882531,61.36560196,3.215572726,12,32.13,64.55,20.74,1.92
"E0406","BARC","2023-2024","NC2B","06","2024-04-23","Barley","2023-10-09","2024-05-25",6390.2,1905.51,70.18,38.16,39.03362336,-76.93829465,"Final Report_FY2425_6425-6752_USDA ARS SASL - Jordan Nicolette.xlsx",36.36568902,60.78455604,2.849754943,13,31.23,63.49,21.11,2.08
"E0407","BARC","2023-2024","NC2B","07","2024-04-23","Barley","2023-10-09","2024-05-25",3728.78,1511.81,59.46,31.96,39.03362071,-76.93790209,"Final Report_FY2425_6425-6752_USDA ARS SASL - Jordan Nicolette.xlsx",41.59741857,55.62282598,2.779755458,13.6,29.2,57.98,25.18,2.176
"E0408","BARC","2023-2024","NC2B","08","2024-04-23","Barley","2023-10-09","2024-05-25",4530.18,1823.27,59.75,31.29,39.03337509,-76.93789971,"Final Report_FY2425_6425-6752_USDA ARS SASL - Jordan Nicolette.xlsx",39.94541311,57.32463099,2.729955906,14.19,29.22,59.92,23.58,2.2704
"E0409","BARC","2023-2024","NC2B","09","2024-04-23","Barley","2023-10-09","2024-05-25",4311.46,1028.87,76.14,31.22,39.03307417,-76.93826664,"Final Report_FY2425_6425-6752_USDA ARS SASL - Jordan Nicolette.xlsx",43.92808779,53.58491798,2.486994235,16.02,27.61,55.19,24.88,2.5632
"E0410","BARC","2023-2024","NC2B","10","2024-04-23","Barley","2023-10-09","2024-05-25",2512.69,929.13,63.02,29.39,39.03374082,-76.93909436,"Final Report_FY2425_6425-6752_USDA ARS SASL - Jordan Nicolette.xlsx",39.59083357,57.83137215,2.577794273,13.6,30.14,59.29,22.68,2.176
"E0411-Rye","BARC","2023-2024","SH46","11","2024-04-23","CerealRye","2023-10-06","2024-04-25",10208.22,1977.25,80.63,66.2,39.01894536,-76.94204321,"Final Report_FY2425_6425-6752_USDA ARS SASL - Jordan Nicolette.xlsx",38.81527834,58.55026265,2.63445901,9.99,31.23,61.24,26.44,1.5984
"E0411-Pea","BARC","2023-2024","SH46","11","2024-04-23","WinterPea","2023-10-06","2024-04-25",10208.22,1977.25,80.63,66.2,39.01894536,-76.94204321,"Final Report_FY2425_6425-6752_USDA ARS SASL - Jordan Nicolette.xlsx",56.35947503,36.41093134,7.229593636,19.82,33.34,40.44,30.66,3.1712
"E0411-Vetch","BARC","2023-2024","SH46","11","2024-04-23","HairyVetch","2023-10-06","2024-04-25",10208.22,1977.25,80.63,66.2,39.01894536,-76.94204321,"Final Report_FY2425_6425-6752_USDA ARS SASL - Jordan Nicolette.xlsx",65.39789605,28.15687092,6.445233026,26.82,29.03,32.44,32.73,4.2912
"E0412-Rye","BARC","2023-2024","SH46","12","2024-04-23","CerealRye","2023-10-06","2024-04-25",11874.02,2255.47,81.01,87.58,39.01894987,-76.94236394,"Final Report_FY2425_6425-6752_USDA ARS SASL - Jordan Nicolette.xlsx",38.86977789,58.09492239,3.035299716,9.44,32.35,60.56,26.77,1.5104
"E0412-Pea","BARC","2023-2024","SH46","12","2024-04-23","WinterPea","2023-10-06","2024-04-25",11874.02,2255.47,81.01,87.58,39.01894987,-76.94236394,"Final Report_FY2425_6425-6752_USDA ARS SASL - Jordan Nicolette.xlsx",62.91389564,30.230684,6.855420356,20.22,30.2,35.02,37.22,3.2352
"E0412-Vetch","BARC","2023-2024","SH46","12","2024-04-23","HairyVetch","2023-10-06","2024-04-25",11874.02,2255.47,81.01,87.58,39.01894987,-76.94236394,"Final Report_FY2425_6425-6752_USDA ARS SASL - Jordan Nicolette.xlsx",54.03815835,37.10557817,8.856263482,21.6,36.79,42.86,27.17,3.456
"E0413-Rye","BARC","2023-2024","SH46","13","2024-04-23","CerealRye","2023-10-06","2024-04-25",6575.68,1396.33,78.77,53.81,39.01924781,-76.94234462,"Final Report_FY2425_6425-6752_USDA ARS SASL - Jordan Nicolette.xlsx",43.21807568,54.22247828,2.559446034,10.38,28.68,56.68,30.22,1.6608
"E0413-Pea","BARC","2023-2024","SH46","13","2024-04-23","WinterPea","2023-10-06","2024-04-25",6575.68,1396.33,78.77,53.81,39.01924781,-76.94234462,"Final Report_FY2425_6425-6752_USDA ARS SASL - Jordan Nicolette.xlsx",61.53464409,31.81166477,6.653691141,19.48,29.32,36.66,37.44,3.1168
"E0413-Vetch","BARC","2023-2024","SH46","13","2024-04-23","HairyVetch","2023-10-06","2024-04-25",6575.68,1396.33,78.77,53.81,39.01924781,-76.94234462,"Final Report_FY2425_6425-6752_USDA ARS SASL - Jordan Nicolette.xlsx",64.10237572,28.77064818,7.126976098,24.33,29.99,33.75,34.29,3.8928
"E0414-Rye","BARC","2023-2024","SH46","14","2024-04-23","CerealRye","2023-10-06","2024-04-25",13650.04,2687.66,80.31,85.39,39.01923995,-76.94274696,"Final Report_FY2425_6425-6752_USDA ARS SASL - Jordan Nicolette.xlsx",35.17847142,61.56475577,3.256772813,9.25,33.7,65.02,23.6,1.48
"E0414-Pea","BARC","2023-2024","SH46","14","2024-04-23","WinterPea","2023-10-06","2024-04-25",13650.04,2687.66,80.31,85.39,39.01923995,-76.94274696,"Final Report_FY2425_6425-6752_USDA ARS SASL - Jordan Nicolette.xlsx",55.2260359,37.45038393,7.323580167,17.33,35.01,42.21,32.82,2.7728
"E0414-Vetch","BARC","2023-2024","SH46","14","2024-04-23","HairyVetch","2023-10-06","2024-04-25",13650.04,2687.66,80.31,85.39,39.01923995,-76.94274696,"Final Report_FY2425_6425-6752_USDA ARS SASL - Jordan Nicolette.xlsx",62.52816343,30.66869182,6.80314475,20.93,32.16,34.77,34.91,3.3488
"E0415-Rye","BARC","2023-2024","SH46","15","2024-04-23","CerealRye","2023-10-06","2024-04-25",2103.24,1697.29,19.3,66.72,39.01948374,-76.94302176,"Final Report_FY2425_6425-6752_USDA ARS SASL - Jordan Nicolette.xlsx",37.4850185,59.85692467,2.658056825,9.39,30.85,63.41,26.35,1.5024
"E0415-Pea","BARC","2023-2024","SH46","15","2024-04-23","WinterPea","2023-10-06","2024-04-25",2103.24,1697.29,19.3,66.72,39.01948374,-76.94302176,"Final Report_FY2425_6425-6752_USDA ARS SASL - Jordan Nicolette.xlsx",62.51504405,30.5161388,6.968817154,19.41,29.24,35.66,38.05,3.1056
"E0417-Rye","BARC","2023-2024","SH89","17","2024-04-23","CerealRye","2023-10-07","2024-05-30",8699.91,1751.53,79.87,71.91,39.01737122,-76.94092507,"Final Report_FY2425_6425-6752_USDA ARS SASL - Jordan Nicolette.xlsx",34.86749138,62.35968815,2.772820478,10.77,33.44,64.31,21.2,1.7232
"E0417-Vetch","BARC","2023-2024","SH89","17","2024-04-23","HairyVetch","2023-10-07","2024-05-30",8699.91,1751.53,79.87,71.91,39.01737122,-76.94092507,"Final Report_FY2425_6425-6752_USDA ARS SASL - Jordan Nicolette.xlsx",61.34842661,30.28965362,8.36191977,23.88,32.42,35.63,30.08,3.8208
"E0417-Pea","BARC","2023-2024","SH89","17","2024-04-23","WinterPea","2023-10-07","2024-05-30",8699.91,1751.53,79.87,71.91,39.01737122,-76.94092507,"Final Report_FY2425_6425-6752_USDA ARS SASL - Jordan Nicolette.xlsx",64.10602451,29.49008942,6.403886071,19.3,27.62,34.16,39.54,3.088
"E0417-Cannola","BARC","2023-2024","SH89","17","2024-04-23","Canola","2023-10-07","2024-05-30",8699.91,1751.53,79.87,71.91,39.01737122,-76.94092507,"Final Report_FY2425_6425-6752_USDA ARS SASL - Jordan Nicolette.xlsx",47.3689111,44.0329704,8.598118497,7.58,40.48,50.8,36.33,1.2128
"E0418-Rye","BARC","2023-2024","SH89","18","2024-04-23","CerealRye","2023-10-07","2024-05-30",11821.52,2295.71,80.58,90.23,39.01763816,-76.94093472,"Final Report_FY2425_6425-6752_USDA ARS SASL - Jordan Nicolette.xlsx",37.18790022,60.14387434,2.66822544,10.19,31.54,62.17,24.09,1.6304
"E0418-Vetch","BARC","2023-2024","SH89","18","2024-04-23","HairyVetch","2023-10-07","2024-05-30",11821.52,2295.71,80.58,90.23,39.01763816,-76.94093472,"Final Report_FY2425_6425-6752_USDA ARS SASL - Jordan Nicolette.xlsx",60.55167025,30.87864333,8.569686427,22.63,33.4,36.8,31.73,3.6208
"E0418-Pea","BARC","2023-2024","SH89","18","2024-04-23","WinterPea","2023-10-07","2024-05-30",11821.52,2295.71,80.58,90.23,39.01763816,-76.94093472,"Final Report_FY2425_6425-6752_USDA ARS SASL - Jordan Nicolette.xlsx",60.45115063,32.21261558,7.336233783,19.15,30.9,36.69,35.1,3.064
"E0419-Rye","BARC","2023-2024","SH89","19","2024-04-23","CerealRye","2023-10-07","2024-05-30",10787.4,2096.24,80.57,73.38,39.01733264,-76.94129921,"Final Report_FY2425_6425-6752_USDA ARS SASL - Jordan Nicolette.xlsx",36.66355974,60.74392132,2.592518933,10.31,31.98,62.65,23.53,1.6496
"E0419-Vetch","BARC","2023-2024","SH89","19","2024-04-23","HairyVetch","2023-10-07","2024-05-30",10787.4,2096.24,80.57,73.38,39.01733264,-76.94129921,"Final Report_FY2425_6425-6752_USDA ARS SASL - Jordan Nicolette.xlsx",60.33786339,31.29781935,8.364317257,21.33,32.98,36.52,31.93,3.4128
"E0419-Pea","BARC","2023-2024","SH89","19","2024-04-23","WinterPea","2023-10-07","2024-05-30",10787.4,2096.24,80.57,73.38,39.01733264,-76.94129921,"Final Report_FY2425_6425-6752_USDA ARS SASL - Jordan Nicolette.xlsx",62.99235515,30.2118403,6.795804544,21.07,29.8,35.08,36.59,3.3712
"E0419-Cannola","BARC","2023-2024","SH89","19","2024-04-23","Canola","2023-10-07","2024-05-30",10787.4,2096.24,80.57,73.38,39.01733264,-76.94129921,"Final Report_FY2425_6425-6752_USDA ARS SASL - Jordan Nicolette.xlsx",46.86889494,46.38315313,6.747951925,9.68,36.14,52.53,35.16,1.5488
"E0420-Rye","BARC","2023-2024","SH89","20","2024-04-23","CerealRye","2023-10-07","2024-05-30",15394.58,3013.12,80.43,90.93,39.01766318,-76.94129389,"Final Report_FY2425_6425-6752_USDA ARS SASL - Jordan Nicolette.xlsx",35.75406096,61.13098316,3.114955886,11.27,33.18,63,21.16,1.8032
"E0420-Vetch","BARC","2023-2024","SH89","20","2024-04-23","HairyVetch","2023-10-07","2024-05-30",15394.58,3013.12,80.43,90.93,39.01766318,-76.94129389,"Final Report_FY2425_6425-6752_USDA ARS SASL - Jordan Nicolette.xlsx",54.75519589,36.44039505,8.804409066,20.44,36.78,42.56,29.37,3.2704
"E0420-Pea","BARC","2023-2024","SH89","20","2024-04-23","WinterPea","2023-10-07","2024-05-30",15394.58,3013.12,80.43,90.93,39.01766318,-76.94129389,"Final Report_FY2425_6425-6752_USDA ARS SASL - Jordan Nicolette.xlsx",58.83391853,33.61435549,7.551725985,19.84,33.15,38.52,33.37,3.1744
"E0420-Cannola","BARC","2023-2024","SH89","20","2024-04-23","Canola","2023-10-07","2024-05-30",15394.58,3013.12,80.43,90.93,39.01766318,-76.94129389,"Final Report_FY2425_6425-6752_USDA ARS SASL - Jordan Nicolette.xlsx",39.58474953,51.61021323,8.805037235,7.43,42.25,59.41,30.76,1.1888
"E0421","BARC","2023-2024","SE18A","21","2024-04-23","CerealRye","2023-10-10",NA,7350.83,1420.82,80.67,42.4,39.01887696,-76.94648882,"Final Report_FY2425_6425-6752_USDA ARS SASL - Jordan Nicolette.xlsx",40.04141273,57.05175742,2.906829851,16.5,29.55,58.42,19.79,2.64
"E0422","BARC","2023-2024","SE18A","22","2024-04-23","CerealRye","2023-10-10",NA,8906.39,1777.78,80.04,36.91,39.01919156,-76.94652443,"Final Report_FY2425_6425-6752_USDA ARS SASL - Jordan Nicolette.xlsx",38.64788845,58.41298983,2.939121725,13.84,29.94,60.36,21.66,2.2144
"E0423","BARC","2023-2024","SE18A","23","2024-04-23","CerealRye","2023-10-10",NA,4796.15,1004.37,79.06,24.11,39.01942185,-76.94655452,"Final Report_FY2425_6425-6752_USDA ARS SASL - Jordan Nicolette.xlsx",42.66431611,54.35140617,2.984277719,16.87,28.72,55.07,21.28,2.6992
"E0424","BARC","2023-2024","SE18A","24","2024-04-23","CerealRye","2023-10-10",NA,5018.37,932.63,81.42,25.82,39.01917364,-76.94692675,"Final Report_FY2425_6425-6752_USDA ARS SASL - Jordan Nicolette.xlsx",39.87666403,56.99807043,3.125265532,17.83,29.17,58.01,18.02,2.8528
"E0425","BARC","2023-2024","SE18A","25","2024-04-23","CerealRye","2023-10-10",NA,5968.5,1161.85,80.53,31.27,39.01886621,-76.94690148,"Final Report_FY2425_6425-6752_USDA ARS SASL - Jordan Nicolette.xlsx",41.39694162,55.6945935,2.908464886,16.44,28.44,57.19,21.35,2.6304
"E0426-CC","BARC","2023-2024","SD5","26","2024-04-23","CrimsonClover","2023-10-08","2024-04-25",3401.57,846.89,75.1,37.04,39.01384506,-76.94472733,"Final Report_FY2425_6425-6752_USDA ARS SASL - Jordan Nicolette.xlsx",61.38556847,29.72505392,8.889377603,18.9,32.42,36.29,36.88,3.024
"E0427-Rye","BARC","2023-2024","SD5","27","2024-04-23","CerealRye","2023-10-08","2024-04-25",5077.87,1140.86,77.53,53.31,39.01351311,-76.94499104,"Final Report_FY2425_6425-6752_USDA ARS SASL - Jordan Nicolette.xlsx",59.77742232,33.14728796,7.075289721,18.98,33.52,38.07,35.35,3.0368
"E0427-CC","BARC","2023-2024","SD5","27","2024-04-23","CrimsonClover","2023-10-08","2024-04-25",5077.87,1140.86,77.53,53.31,39.01351311,-76.94499104,"Final Report_FY2425_6425-6752_USDA ARS SASL - Jordan Nicolette.xlsx",61.57857822,29.88386014,8.537561639,19.11,31.42,36.03,36.25,3.0576
"E0428-Rye","BARC","2023-2024","SD5","28","2024-04-23","CerealRye","2023-10-08","2024-04-25",9706.04,1924.76,80.17,63.9,39.01386829,-76.9453731,"Final Report_FY2425_6425-6752_USDA ARS SASL - Jordan Nicolette.xlsx",43.14742005,53.3732283,3.479351659,13.78,30.49,55.52,25.94,2.2048
"E0428-CC","BARC","2023-2024","SD5","28","2024-04-23","CrimsonClover","2023-10-08","2024-04-25",9706.04,1924.76,80.17,63.9,39.01386829,-76.9453731,"Final Report_FY2425_6425-6752_USDA ARS SASL - Jordan Nicolette.xlsx",57.34150023,33.78981974,8.868680034,16.86,35.52,40.57,35.78,2.6976
"E0429-Rye","BARC","2023-2024","SD5","29","2024-04-23","CerealRye","2023-10-08","2024-04-25",12766.4,2297.46,82,84.21,39.01350163,-76.94569082,"Final Report_FY2425_6425-6752_USDA ARS SASL - Jordan Nicolette.xlsx",48.12051956,49.50208066,2.377399781,16.27,26.06,50.68,28.25,2.6032
"E0429-CC","BARC","2023-2024","SD5","29","2024-04-23","CrimsonClover","2023-10-08","2024-04-25",12766.4,2297.46,82,84.21,39.01350163,-76.94569082,"Final Report_FY2425_6425-6752_USDA ARS SASL - Jordan Nicolette.xlsx",58.81830186,32.29661646,8.885081674,17.15,33.84,38.82,36.3,2.744
"E0430-Rye","BARC","2023-2024","SD5","30","2024-04-23","CerealRye","2023-10-08","2024-04-25",15858.27,2612.42,83.53,86.58,39.01327518,-76.94604382,"Final Report_FY2425_6425-6752_USDA ARS SASL - Jordan Nicolette.xlsx",44.10498332,53.39935398,2.495662698,17.03,27.9,54.19,23.37,2.7248
"E0430-CC","BARC","2023-2024","SD5","30","2024-04-23","CrimsonClover","2023-10-08","2024-04-25",15858.27,2612.42,83.53,86.58,39.01327518,-76.94604382,"Final Report_FY2425_6425-6752_USDA ARS SASL - Jordan Nicolette.xlsx",58.44591607,32.73433322,8.81975071,17.12,34.22,39.49,36.47,2.7392
"E0431-Rye","BARC","2023-2024","SE14","31","2024-04-23","CerealRye","2023-10-06","2024-06-13",24766.4,4019.25,83.77,80.16,39.01143343,-76.94178125,"Final Report_FY2425_6425-6752_USDA ARS SASL - Jordan Nicolette.xlsx",36.45407572,60.67535426,2.870570019,12.01,32.64,62.51,21.53,1.9216
"E0431-Vetch","BARC","2023-2024","SE14","31","2024-04-23","HairyVetch","2023-10-06","2024-06-13",24766.4,4019.25,83.77,80.16,39.01143343,-76.94178125,"Final Report_FY2425_6425-6752_USDA ARS SASL - Jordan Nicolette.xlsx",50.99759611,38.93977356,10.06263034,24.43,38.45,44.88,19.59,3.9088
"E0431-CC","BARC","2023-2024","SE14","31","2024-04-23","CrimsonClover","2023-10-06","2024-06-13",24766.4,4019.25,83.77,80.16,39.01143343,-76.94178125,"Final Report_FY2425_6425-6752_USDA ARS SASL - Jordan Nicolette.xlsx",49.17175501,41.04268274,9.785562249,16.75,42.35,46.29,26.39,2.68
"E0432-Rye","BARC","2023-2024","SE14","32","2024-04-23","CerealRye","2023-10-06","2024-06-13",39503.06,3702.54,90.63,92.7,39.01143538,-76.94143176,"Final Report_FY2425_6425-6752_USDA ARS SASL - Jordan Nicolette.xlsx",35.18734975,61.62544015,3.187210102,11.37,33.4,64.21,21.27,1.8192
"E0432-Vetch","BARC","2023-2024","SE14","32","2024-04-23","HairyVetch","2023-10-06","2024-06-13",39503.06,3702.54,90.63,92.7,39.01143538,-76.94143176,"Final Report_FY2425_6425-6752_USDA ARS SASL - Jordan Nicolette.xlsx",60.51140438,30.55573298,8.932862641,23.55,34.42,36.51,30.01,3.768
"E0432-CC","BARC","2023-2024","SE14","32","2024-04-23","CrimsonClover","2023-10-06","2024-06-13",39503.06,3702.54,90.63,92.7,39.01143538,-76.94143176,"Final Report_FY2425_6425-6752_USDA ARS SASL - Jordan Nicolette.xlsx",50.34827296,40.17752909,9.474197947,17.04,39.75,45.13,26.86,2.7264
"E0433-Rye","BARC","2023-2024","SE14","33","2024-04-23","CerealRye","2023-10-06","2024-06-13",28775.15,4031.5,85.99,95.69,39.01144184,-76.94113686,"Final Report_FY2425_6425-6752_USDA ARS SASL - Jordan Nicolette.xlsx",32.74102333,64.33438508,2.924591592,12.13,33.41,66.77,18.14,1.9408
"E0433-Vetch","BARC","2023-2024","SE14","33","2024-04-23","HairyVetch","2023-10-06","2024-06-13",28775.15,4031.5,85.99,95.69,39.01144184,-76.94113686,"Final Report_FY2425_6425-6752_USDA ARS SASL - Jordan Nicolette.xlsx",55.72381673,35.28553894,8.990644331,22.35,36.94,40.62,26.82,3.576
"E0433-CC","BARC","2023-2024","SE14","33","2024-04-23","CrimsonClover","2023-10-06","2024-06-13",28775.15,4031.5,85.99,95.69,39.01144184,-76.94113686,"Final Report_FY2425_6425-6752_USDA ARS SASL - Jordan Nicolette.xlsx",56.62782386,33.96288099,9.409295152,17.46,36.56,40.48,33.53,2.7936
"E0434-Rye","BARC","2023-2024","SE14","34","2024-04-23","CerealRye","2023-10-06","2024-06-13",36122.48,5119.86,85.83,96.38,39.01118153,-76.94113469,"Final Report_FY2425_6425-6752_USDA ARS SASL - Jordan Nicolette.xlsx",32.41112512,64.01100241,3.577872468,11.12,35.26,66.59,18.52,1.7792
"E0434-Vetch","BARC","2023-2024","SE14","34","2024-04-23","HairyVetch","2023-10-06","2024-06-13",36122.48,5119.86,85.83,96.38,39.01118153,-76.94113469,"Final Report_FY2425_6425-6752_USDA ARS SASL - Jordan Nicolette.xlsx",61.58070077,29.39004173,9.029257502,21.41,33.76,35.79,33.31,3.4256
"E0434-CC","BARC","2023-2024","SE14","34","2024-04-23","CrimsonClover","2023-10-06","2024-06-13",36122.48,5119.86,85.83,96.38,39.01118153,-76.94113469,"Final Report_FY2425_6425-6752_USDA ARS SASL - Jordan Nicolette.xlsx",50.22093229,39.98517677,9.793890935,15.12,40.24,46.02,29.53,2.4192
"E0435-Rye","BARC","2023-2024","SE14","35","2024-04-23","CerealRye","2023-10-06","2024-06-13",13602.8,2442.69,82.04,89.46,39.01117603,-76.94145339,"Final Report_FY2425_6425-6752_USDA ARS SASL - Jordan Nicolette.xlsx",38.08215866,59.34932019,2.568521154,10.89,30.77,62.33,25.1,1.7424
"E0435-Vetch","BARC","2023-2024","SE14","35","2024-04-23","HairyVetch","2023-10-06","2024-06-13",13602.8,2442.69,82.04,89.46,39.01117603,-76.94145339,"Final Report_FY2425_6425-6752_USDA ARS SASL - Jordan Nicolette.xlsx",56.32745998,34.19020425,9.482335763,19.73,37.19,41.24,31.23,3.1568
"E0435-CC","BARC","2023-2024","SE14","35","2024-04-23","CrimsonClover","2023-10-06","2024-06-13",13602.8,2442.69,82.04,89.46,39.01117603,-76.94145339,"Final Report_FY2425_6425-6752_USDA ARS SASL - Jordan Nicolette.xlsx",60.66519818,30.75541051,8.57939131,18.17,33.28,37.14,37.26,2.9072
"E0436","BARC","2023-2024","137","36","2024-04-24","CerealRye","2023-09-29","2024-04-30",22178.48,4190.73,81.1,67.47,39.02270529,-76.89951098,"Final Report_FY2425_6425-6752_USDA ARS SASL - Jordan Nicolette.xlsx",31.07661649,65.17735891,3.746024603,10.87,36.1,68.93,17.8,1.7392
"E0437","BARC","2023-2024","137","37","2024-04-24","CerealRye","2023-09-29","2024-04-30",28470.69,5378.83,81.11,50.45,39.02212365,-76.89945803,"Final Report_FY2425_6425-6752_USDA ARS SASL - Jordan Nicolette.xlsx",30.94863336,64.6956653,4.355701341,13.04,37.32,69.26,15.7,2.0864
"E0438","BARC","2023-2024","137","38","2024-04-24","CerealRye","2023-09-29","2024-04-30",28311.46,5835.52,79.39,74.78,39.02267445,-76.89879561,"Final Report_FY2425_6425-6752_USDA ARS SASL - Jordan Nicolette.xlsx",28.65902803,66.75422561,4.58674636,10.48,38.26,71.65,16.18,1.6768
"E0439","BARC","2023-2024","137","39","2024-04-24","CerealRye","2023-09-29","2024-04-30",18432.2,3664.04,80.12,61.76,39.02237001,-76.89847897,"Final Report_FY2425_6425-6752_USDA ARS SASL - Jordan Nicolette.xlsx",34.32149583,61.61233899,4.06616518,12.99,34.45,66.22,19.01,2.0784
"E0440","BARC","2023-2024","137","40","2024-04-24","CerealRye","2023-09-29","2024-04-30",19333.33,3532.81,81.73,63.88,39.0229113,-76.8984828,"Final Report_FY2425_6425-6752_USDA ARS SASL - Jordan Nicolette.xlsx",30.12272878,66.24106787,3.636203353,11.74,35.58,69.17,15.72,1.8784
"E0446","BARC","2023-2024","232A","46","2024-04-24","Wheat","2023-10-13","2024-06-21",13524.06,3307.09,75.55,77.56,39.03123888,-76.88582042,"Final Report_FY2425_6425-6752_USDA ARS SASL - Jordan Nicolette.xlsx",47.75861378,49.74003083,2.50135539,11.64,27.13,53.48,35.2,1.8624
"E0447","BARC","2023-2024","232A","47","2024-04-24","Wheat","2023-10-13","2024-06-21",13182.85,2841.64,78.44,53.33,39.03100834,-76.88653314,"Final Report_FY2425_6425-6752_USDA ARS SASL - Jordan Nicolette.xlsx",41.70886213,54.6677507,3.62338717,12.21,32.26,58.28,27.31,1.9536
"E0448","BARC","2023-2024","232A","48","2024-04-24","Wheat","2023-10-13","2024-06-21",12269.47,2726.16,77.78,64.36,39.03151838,-76.8869351,"Final Report_FY2425_6425-6752_USDA ARS SASL - Jordan Nicolette.xlsx",47.60561742,49.70301822,2.691364363,14.17,28.54,52.09,30.79,2.2672
"E0449","BARC","2023-2024","232A","49","2024-04-24","Wheat","2023-10-13","2024-06-21",11074.37,2626.42,76.28,69.12,39.03123807,-76.88723779,"Final Report_FY2425_6425-6752_USDA ARS SASL - Jordan Nicolette.xlsx",43.2533754,53.75727671,2.989347895,12.3,30.5,56.96,28.83,1.968
"E0450","BARC","2023-2024","232A","50","2024-04-24","Wheat","2023-10-13","2024-06-21",14491.69,3343.83,76.93,67.55,39.03152957,-76.88765127,"Final Report_FY2425_6425-6752_USDA ARS SASL - Jordan Nicolette.xlsx",43.65285941,53.41402507,2.933115521,11.36,29.92,56.88,30.41,1.8176
"E04J1","BARC","2023-2024","137","J1","2024-04-24","CerealRye","2023-09-29","2024-04-30",27907.26,5672.79,79.67,68.17,39.02189989,-76.89908997,"Final Report_FY2425_6425-6752_USDA ARS SASL - Jordan Nicolette.xlsx",30.61661346,64.72486806,4.658518481,11.79,38.05,69.33,16.44,1.8864
"E04J2","BARC","2023-2024","137","J2","2024-04-24","CerealRye","2023-09-29","2024-04-30",23536.31,4675.42,80.14,69.96,39.02138512,-76.89916046,"Final Report_FY2425_6425-6752_USDA ARS SASL - Jordan Nicolette.xlsx",30.73690232,64.49521828,4.767879399,11.88,38.58,69.54,16.45,1.9008
"E04J3","BARC","2023-2024","137","J3","2024-04-24","CerealRye","2023-09-29","2024-04-30",33231.85,6731.41,79.74,69.99,39.02130008,-76.89951173,"Final Report_FY2425_6425-6752_USDA ARS SASL - Jordan Nicolette.xlsx",26.38459843,68.52031337,5.095088194,9.58,40.52,74.48,15.15,1.5328
"E04J4","BARC","2023-2024","137","J4","2024-04-24","CerealRye","2023-09-29","2024-04-30",32988.63,6747.16,79.55,69.55,39.02153655,-76.89985159,"Final Report_FY2425_6425-6752_USDA ARS SASL - Jordan Nicolette.xlsx",29.23620674,65.78507115,4.978722107,11.63,38.59,70.68,15.09,1.8608
"E04J5","BARC","2023-2024","137","J5","2024-04-24","CerealRye","2023-09-29","2024-04-30",30297.46,6206.47,79.51,65.16,39.02173622,-76.90028529,"Final Report_FY2425_6425-6752_USDA ARS SASL - Jordan Nicolette.xlsx",30.27876287,65.12559392,4.595643202,11.57,37.41,70.09,16.44,1.8512
"3737B","Eastern Shore","2023-2024","3737","B","2024-02-05","Triticale","2023-10-12","2024-04-20",NA,882,75.55,92.61,38.99712715,-75.86729304,"Final Report_FY2425_6425-6752_USDA ARS SASL - Jordan Nicolette.xlsx",60.24679858,37.48813673,2.265064686,16.75,20.37,37.63,36.84,2.68
"3737R","Eastern Shore","2023-2024","3737","R","2024-02-05","Triticale","2023-10-12","2024-04-20",NA,2006,80.86,94.88,38.99635959,-75.8675546,"Final Report_FY2425_6425-6752_USDA ARS SASL - Jordan Nicolette.xlsx",54.10440827,43.57741946,2.318172274,18.78,22.79,42.9,28.61,3.0048
"3737W","Eastern Shore","2023-2024","3737","W","2024-02-05","Triticale","2023-10-12","2024-04-20",NA,2472,82.38,97.23,38.99639115,-75.86676698,"Final Report_FY2425_6425-6752_USDA ARS SASL - Jordan Nicolette.xlsx",51.1143936,46.5093186,2.376287797,18.94,25.32,45.68,25.48,3.0304
"4273B","Eastern Shore","2023-2024","4273","B","2024-02-05","CerealRye","2023-10-08","2024-04-20",NA,2276,68.95,68.5,38.99587446,-75.87332996,"Final Report_FY2425_6425-6752_USDA ARS SASL - Jordan Nicolette.xlsx",50.71850795,47.09165127,2.189840782,10.71,25.09,47.97,34.88,1.7136
"4273R","Eastern Shore","2023-2024","4273","R","2024-02-05","CerealRye","2023-10-08","2024-04-20",NA,1640,76.66,91.79,38.99523573,-75.8737751,"Final Report_FY2425_6425-6752_USDA ARS SASL - Jordan Nicolette.xlsx",50.88384134,46.86159268,2.254565971,18.11,24.02,46.26,25.71,2.8976
"4273W","Eastern Shore","2023-2024","4273","W","2024-02-05","CerealRye","2023-10-08","2024-04-20",NA,2366,71.95,71.6,38.99608532,-75.8725746,"Final Report_FY2425_6425-6752_USDA ARS SASL - Jordan Nicolette.xlsx",51.99452584,45.84825422,2.157219941,11.97,23.82,46.39,34.33,1.9152
"5710B-Rye","Eastern Shore","2023-2024","5710","B","2024-02-05","CerealRye","2023-09-21","2024-05-15",NA,1434,73.83,12.35,39.02650374,-75.95338235,"Final Report_FY2425_6425-6752_USDA ARS SASL - Jordan Nicolette.xlsx",58.35296777,39.70670159,1.940330642,19.66,20.79,39.42,32.28,3.1456
"5710R","Eastern Shore","2023-2024","5710","R","2024-02-05","CerealRye","2023-09-21","2024-05-15",NA,1392,73.5,19.87,39.02581407,-75.95167658,"Final Report_FY2425_6425-6752_USDA ARS SASL - Jordan Nicolette.xlsx",58.85594368,39.20832453,1.935731786,17.13,21.05,39.4,36.13,2.7408
"5710W-cereal","Eastern Shore","2023-2024","5710","W","2024-02-05","CerealRye","2023-09-21","2024-05-15",NA,2198,73.91,21.59,39.02615502,-75.95274541,"Final Report_FY2425_6425-6752_USDA ARS SASL - Jordan Nicolette.xlsx",54.77859135,43.37583992,1.845568724,15.71,24.09,43.56,34.44,2.5136
"7272B","Eastern Shore","2023-2024","7272","B","2024-02-05","CerealRye","2023-11-05","2024-04-26",NA,145.23,72.05,20.67,39.04723218,-75.99340993,"Final Report_FY2425_6425-6752_USDA ARS SASL - Jordan Nicolette.xlsx",62.17743532,35.20116933,2.621395356,22.69,18.01,35.52,32.7,3.6304
"7272R","Eastern Shore","2023-2024","7272","R","2024-02-05","CerealRye","2023-11-05","2024-04-26",NA,421.7,75.78,28.63,39.04786667,-75.99343222,"Final Report_FY2425_6425-6752_USDA ARS SASL - Jordan Nicolette.xlsx",53.22612175,42.70068402,4.073194232,14.71,29.1,42.04,30.73,2.3536
"7272W","Eastern Shore","2023-2024","7272","W","2024-02-05","CerealRye","2023-11-05","2024-04-26",NA,293.96,74.77,25.27,39.04806312,-75.99225374,"Final Report_FY2425_6425-6752_USDA ARS SASL - Jordan Nicolette.xlsx",59.64973664,35.01980723,5.330456133,18.54,25.29,37.26,33.68,2.9664
"7983B","Eastern Shore","2023-2024","7983","B","2024-02-05","Barley","2023-09-09","2024-05-18",NA,426,75.74,54.68,38.89926911,-75.90379222,"Final Report_FY2425_6425-6752_USDA ARS SASL - Jordan Nicolette.xlsx",59.28007311,38.50141113,2.218515757,18.56,20.3,38.35,34.29,2.9696
"7983R","Eastern Shore","2023-2024","7983","R","2024-02-05","Barley","2023-09-09","2024-05-18",NA,1086,77.08,65.86,38.89876462,-75.903666,"Final Report_FY2425_6425-6752_USDA ARS SASL - Jordan Nicolette.xlsx",56.40308356,41.55722925,2.03968719,18.74,21.65,41.45,32.26,2.9984
"7983W","Eastern Shore","2023-2024","7983","W","2024-02-05","Barley","2023-09-09","2024-05-18",NA,646,75.57,58.87,38.89908934,-75.90426401,"Final Report_FY2425_6425-6752_USDA ARS SASL - Jordan Nicolette.xlsx",60.00079476,37.80368598,2.195519257,18.89,19.52,37.5,34.16,3.0224
"14040B-Rye","Eastern Shore","2023-2024","14040","B","2024-02-05","CerealRye","2023-09-04","2024-04-18",NA,363.95,65.73,37.19,38.90092988,-75.9034968,"Final Report_FY2425_6425-6752_USDA ARS SASL - Jordan Nicolette.xlsx",60.56509502,36.12705771,3.307847267,16.57,20.34,37.62,38.26,2.6512
"14040R-CC","Eastern Shore","2023-2024","14040","R","2024-02-05","CrimsonClover","2023-09-04","2024-04-18",NA,589.68,67.53,41.9,38.90089966,-75.90247451,"Final Report_FY2425_6425-6752_USDA ARS SASL - Jordan Nicolette.xlsx",68.18365197,24.90327254,6.913075488,19.52,25.93,30.06,42.18,3.1232
"14040R-Rye","Eastern Shore","2023-2024","14040","R","2024-02-05","CerealRye","2023-09-04","2024-04-18",NA,589.68,67.53,41.9,38.90089966,-75.90247451,"Final Report_FY2425_6425-6752_USDA ARS SASL - Jordan Nicolette.xlsx",60.0771786,36.52712901,3.395692396,15.02,20.93,38.52,39.98,2.4032
"14040R-Vetch","Eastern Shore","2023-2024","14040","R","2024-02-05","HairyVetch","2023-09-04","2024-04-18",NA,589.68,67.53,41.9,38.90089966,-75.90247451,"Final Report_FY2425_6425-6752_USDA ARS SASL - Jordan Nicolette.xlsx",73.46081686,19.0176361,7.521547034,21.95,24.44,25.15,45.06,3.512
"14040W-Rye","Eastern Shore","2023-2024","14040","W","2024-02-05","CerealRye","2023-09-04","2024-04-18",NA,584.43,69.64,26.82,38.90060531,-75.9036821,"Final Report_FY2425_6425-6752_USDA ARS SASL - Jordan Nicolette.xlsx",57.85809535,39.41509082,2.726813822,17.56,20.93,39.97,34.43,2.8096
"14040W-Vetch","Eastern Shore","2023-2024","14040","W","2024-02-05","HairyVetch","2023-09-04","2024-04-18",NA,584.43,69.64,26.82,38.90060531,-75.9036821,"Final Report_FY2425_6425-6752_USDA ARS SASL - Jordan Nicolette.xlsx",75.54800006,17.61058605,6.841413886,23.05,22.86,22.84,44.88,3.688
"17091B","Eastern Shore","2023-2024","17091","B","2024-02-05","CerealRye","2023-10-30","2024-06-07",NA,433.95,66.3,14.36,39.02671485,-75.94761409,"Final Report_FY2425_6425-6752_USDA ARS SASL - Jordan Nicolette.xlsx",40.82500876,54.87125008,4.303741165,22.43,28.45,50.73,8.9,3.5888
"17091R","Eastern Shore","2023-2024","17091","R","2024-02-05","CerealRye","2023-10-30","2024-06-07",NA,202.97,69.15,18.47,39.02716307,-75.94859165,"Final Report_FY2425_6425-6752_USDA ARS SASL - Jordan Nicolette.xlsx",60.59060522,36.00046245,3.408932326,17.02,20.52,36.83,36.01,2.7232
"17091W","Eastern Shore","2023-2024","17091","W","2024-02-05","CerealRye","2023-10-30","2024-06-07",NA,148.73,68.86,12.36,39.02600742,-75.94805041,"Final Report_FY2425_6425-6752_USDA ARS SASL - Jordan Nicolette.xlsx",64.82746822,32.08398824,3.088543544,16.01,19.31,33.25,41.87,2.5616
"17862B","Eastern Shore","2023-2024","17862","B","2024-02-05","Wheat","2023-10-08","2024-03-27",NA,733.16,68.02,50.05,38.9862397,-75.95896863,"Final Report_FY2425_6425-6752_USDA ARS SASL - Jordan Nicolette.xlsx",62.42250212,34.39717257,3.180325309,17.63,19.24,35.46,37.85,2.8208
"17862R","Eastern Shore","2023-2024","17862","R","2024-02-05","Wheat","2023-10-08","2024-03-27",NA,1011.37,73.75,64.83,38.98527074,-75.95833018,"Final Report_FY2425_6425-6752_USDA ARS SASL - Jordan Nicolette.xlsx",60.45970075,37.08255642,2.457742834,21.39,17.79,36.76,31.42,3.4224
"17862W","Eastern Shore","2023-2024","17862","W","2024-02-05","Wheat","2023-10-08","2024-03-27",NA,1121.61,71.05,52.56,38.98690225,-75.95947883,"Final Report_FY2425_6425-6752_USDA ARS SASL - Jordan Nicolette.xlsx",62.88571499,34.5808515,2.533433509,16.13,19.58,34.8,39.34,2.5808
"21731B","Eastern Shore","2023-2024","21731","B","2024-02-05","Barley","2023-09-11","2024-04-18",NA,608,75.66,53.63,38.97821019,-75.89460459,"Final Report_FY2425_6425-6752_USDA ARS SASL - Jordan Nicolette.xlsx",59.1638058,38.3724709,2.4637233,20.68,19.86,37.77,30.65,3.3088
"21731R","Eastern Shore","2023-2024","21731","R","2024-02-05","Barley","2023-09-11","2024-04-18",NA,950,76.03,67.72,38.97879794,-75.89424305,"Final Report_FY2425_6425-6752_USDA ARS SASL - Jordan Nicolette.xlsx",53.28575629,43.98220671,2.732036999,16.53,24.27,43.62,29.89,2.6448
"21731W","Eastern Shore","2023-2024","21731","W","2024-02-05","Barley","2023-09-11","2024-04-18",NA,774,73.74,47.49,38.97723691,-75.89590176,"Final Report_FY2425_6425-6752_USDA ARS SASL - Jordan Nicolette.xlsx",60.18203678,37.7500415,2.067921712,18.42,19.54,37.54,35.04,2.9472
"0318-Cannola","BARC","2023-2024","SH89","18","2024-03-29","Canola","2023-10-10","2024-05-30",4169.73,862.64,79.31,57.53,39.01765381,-76.94093034,"Final Report_FY2425_6425-6752_USDA ARS SASL - Jordan Nicolette.xlsx",55.93669444,38.13302433,5.930281225,14.13,30.62,42.21,37.38,2.2608
"0329-CC","BARC","2023-2024","SD5","29","2024-03-28","CrimsonClover","2023-10-10","2024-04-25",5363.08,1090.11,79.67,62.04,39.01350032,-76.94565348,"Final Report_FY2425_6425-6752_USDA ARS SASL - Jordan Nicolette.xlsx",64.7533738,26.78950251,8.457123692,19.89,27.31,31.93,36.03,3.1824
"1101","BARC","2022-2023","ND_5","01","2022-11-21","CerealRye","2022-10-10","2023-08-11",1658.792651,349.9562555,78.90295359,43.08,39.02823695,-76.93706793,"PSA-N_Decomp.xlsx",75.54,20.52,3.94,24.85,17.36,31.07,30.76,3.976
"1201","BARC","2022-2023","ND_5","01","2022-12-19","CerealRye","2022-10-10","2023-08-11",2061.242345,598.4251969,70.96774194,52.08,39.02823695,-76.93706793,"PSA-N_Decomp.xlsx",78.96,18.01,3.03,16.59,15.3,26.93,44.97,2.6544
"0301","BARC","2022-2023","ND_5","01","2023-03-22","CerealRye","2022-10-10","2023-08-11",3081.364829,1048.818898,65.96252129,11.21,39.02823695,-76.93706793,"4456-4584 4950.xlsx",NA,NA,3.1169641,10.000412,24.1408176,39.7958221,42.16414845,1.60006592
"0501","BARC","2022-2023","ND_5","01","2023-05-12","CerealRye","2022-10-10","2023-08-11",13660.54243,3693.788276,72.96016396,16.9,39.02823695,-76.93706793,"4456-4584 4950.xlsx",NA,NA,5.4482932,5.7435899,39.9911995,66.7206116,24.93317221,0.918974384
"0201","BARC","2021-2022","SD_5","01","2022-02-11","CrimsonClover-CerealRye","2021-09-20","2022-06-24",1042.869641,400.6999125,61.57718121,3.443333333,39.01383,-76.945,"FQ_5_2_22_JJ22-10251.csv",63.51003726,30.76500033,5.724962408,11.1224041,31.4547272,42.5876579,27.15747955,1.779584656
"0501","BARC","2021-2022","SD_5","01","2022-05-02","CrimsonClover-CerealRye","2021-09-20","2022-06-24",11086.61417,2332.458443,78.9614899,48.975,39.01383,-76.945,"FQ_5_2_22_JJ22-10251.csv",52.8,40.78,6.42,12.87,35.43,49.17,32.97,2.0592
"1210","BARC","2022-2023","NC_2_B","10","2022-12-19","Barley","2022-10-09","2023-08-09",734.9081365,180.2274716,75.47619048,13.04,39.03375026,-76.93910026,"PSA-N_Decomp.xlsx",69.59,27.96,2.46,19.69,20.87,36.12,30.33,3.1504
"0310","BARC","2022-2023","NC_2_B","10","2023-03-22","Barley","2022-10-09","2023-08-09",1144.356955,327.2090989,71.40672783,5.57,39.03375026,-76.93910026,"4456-4584 4950.xlsx",NA,NA,2.4517629,17.6345081,24.1852303,43.4122391,30.17196134,2.821521296
"0510","BARC","2022-2023","NC_2_B","10","2023-05-12","Barley","2022-10-09","2023-08-09",3296.587927,979.8775153,70.27600849,24.07,39.03375026,-76.93910026,"4456-4584 4950.xlsx",NA,NA,4.2439909,10.6641197,31.2965069,54.6507149,30.40631524,1.706259152
"0210","BARC","2021-2022","SE_14","10","2022-02-11","Barley","2021-10-02","2022-09-13",1569.553806,537.1828521,65.77480491,17.47666667,39.01135,-76.9414,"FQ_5_2_22_JJ22-10251.csv",60.39314938,35.69845547,3.908395144,10.6184034,31.8049583,45.6412659,20.53605941,1.698944544
"0510","BARC","2021-2022","SE_14","10","2022-05-02","Barley","2021-10-02","2022-09-13",8642.169729,2370.953631,72.56529662,70.60667,39.01135,-76.9414,"FQ_5_2_22_JJ22-10251.csv",43.09,53.48,3.43,8.38,32.61,58.73,31.16,1.3408
"05101","BARC","2021-2022","2_32C","101","2022-05-02","CerealRye","2021-10-02","2022-07-01",18766.4042,3935.258093,79.03030303,77.5375,39.02799,-76.8883,"FQ_5_2_22_JJ22-10251.csv",39.32,56.82,3.86,8.13,34.34,62.35,26.63,1.3008
"05102","BARC","2021-2022","2_32C","102","2022-05-02","CerealRye","2021-10-02","2022-07-01",16596.67542,3506.56168,78.871903,73.93833,39.02834,-76.8881,"FQ_5_2_22_JJ22-10251.csv",41.98,54.6,3.42,9.27,32.57,59.88,28.59,1.4832
"05103","BARC","2021-2022","2_32C","103","2022-05-02","CerealRye","2021-10-02","2022-07-01",28498.68766,6022.747157,78.86658071,85.695,39.02873,-76.8887,"FQ_5_2_22_JJ22-10251.csv",38.09,57.31,4.61,8.77,36.5,63.13,23.23,1.4032
"05104","BARC","2021-2022","2_32C","104","2022-05-02","CerealRye","2021-10-02","2022-07-01",39606.29921,7805.774278,80.29158383,84.79833,39.02866,-76.8893,"FQ_5_2_22_JJ22-10251.csv",32.76,61.61,5.62,7.4,41.08,67.96,19.69,1.184
"05105","BARC","2021-2022","2_32C","105","2022-05-02","CerealRye","2021-10-02","2022-07-01",25361.32983,5623.797025,77.82530702,74.65167,39.02812,-76.8899,"FQ_5_2_22_JJ22-10251.csv",41,55.21,3.79,6.74,33.73,60.75,30.23,1.0784
"05106","BARC","2021-2022","2_36","106","2022-05-02","Barley","2021-10-02","2022-06-06",28939.63255,7193.350831,75.14359998,73.98333,39.03162,-76.8832,"FQ_5_2_22_JJ22-10251.csv",38.47,57.01,4.51,7.58,36.83,62.93,25.99,1.2128
"05107","BARC","2021-2022","2_36","107","2022-05-02","Barley","2021-10-02","2022-06-06",31268.59143,7210.848644,76.93900392,86.225,39.03194,-76.8823,"FQ_5_2_22_JJ22-10251.csv",36.73,59.76,3.51,9.34,36.98,64.87,22.56,1.4944
"05108","BARC","2021-2022","APU_1","108","2022-05-02","CerealRye","2021-10-02","2022-06-02",11408.57393,2692.913386,76.39570552,55.78833,39.01493,-76.8942,"FQ_5_2_22_JJ22-10251.csv",42.16,54.09,3.75,6.6,33.05,59.54,30.72,1.056
"05109","BARC","2021-2022","APU_1","109","2022-05-02","CerealRye","2021-10-02","2022-06-02",7375.328084,1618.547682,78.05456702,39.47833,39.01516,-76.8948,"FQ_5_2_22_JJ22-10251.csv",46.47,50.56,2.97,12.01,29.52,55.22,28.24,1.9216
"0211","BARC","2021-2022","1_37","11","2022-02-11","Triticale","2021-09-29","2022-04-20",7716.535433,1935.258093,74.92063492,74.03555556,39.02269,-76.8994,"FQ_5_2_22_JJ22-10251.csv",64.47468792,33.05280109,2.472510982,18.9853153,18.9924965,38.9872131,32.97533942,3.037650448
"1111","BARC","2022-2023","2_32C","11","2022-11-21","Triticale","2022-09-21","2023-04-20",2579.177603,631.6710411,75.50881954,66.38,39.02819986,-76.88923546,"PSA-N_Decomp.xlsx",70.83,26.89,2.28,12.67,20.81,34.47,40.86,2.0272
"1211","BARC","2022-2023","2_32C","11","2022-12-19","Triticale","2022-09-21","2023-04-20",1931.75853,663.1671041,65.67028986,31.73,39.02819986,-76.88923546,"PSA-N_Decomp.xlsx",67.1,28.83,4.06,6.77,31.7,41.3,29.63,1.0832
"0311","BARC","2022-2023","2_32C","11","2023-03-22","Triticale","2022-09-21","2023-04-20",2180.227472,575.6780402,73.59550562,42.15,39.02819986,-76.88923546,"4456-4584 4950.xlsx",NA,NA,2.2781351,20.8449593,20.4647141,37.2270126,34.33919018,3.335193488
"05110","BARC","2021-2022","APU_1","110","2022-05-02","CerealRye","2021-10-02","2022-06-02",6272.965879,1408.573928,77.54532775,33.73333,39.01502,-76.8952,"FQ_5_2_22_JJ22-10251.csv",46.25,50.73,3.01,9.53,29.69,55.48,31.17,1.5248
"05111","BARC","2021-2022","APU_1","111","2022-05-02","CerealRye","2021-10-02","2022-06-02",13900.26247,3259.84252,76.54833837,50.15,39.01439,-76.8946,"FQ_5_2_22_JJ22-10251.csv",40.64,55.61,3.75,6.5,34.1,61.24,30.59,1.04
"05112","BARC","2021-2022","APU_1","112","2022-05-02","CerealRye","2021-10-02","2022-06-02",7163.604549,1742.782152,75.6717147,32.09,39.01411,-76.8944,"FQ_5_2_22_JJ22-10251.csv",46.56,49.85,3.59,6.8,30.27,55.26,35.76,1.088
"05113","BARC","2021-2022","SD_5","113","2022-05-02","CrimsonClover-CerealRye","2021-09-20","2022-06-24",0,3317.585302,NA,69.78,39.01311,-76.946,"FQ_5_2_22_JJ22-10251.csv",48,44.56,7.45,10.29,38.41,53.7,31.3,1.6464
"05114","BARC","2021-2022","SD_5","114","2022-05-02","CrimsonClover-CerealRye","2021-09-20","2022-06-24",17959.75503,3219.59755,82.07326578,57.79667,39.01344,-76.9463,"FQ_5_2_22_JJ22-10251.csv",56.16,34.1,9.74,14.07,38.41,46.38,31.13,2.2512
"05115","BARC","2021-2022","SD_5","115","2022-05-02","CrimsonClover-CerealRye","2021-09-20","2022-06-24",20612.42345,4358.705162,78.85398981,71.92833,39.01364,-76.9458,"FQ_5_2_22_JJ22-10251.csv",46.52,45.45,8.03,10.54,39.36,55.04,28.73,1.6864
"05116","BARC","2021-2022","SD_5","116","2022-05-02","CrimsonClover-CerealRye","2021-09-20","2022-06-24",45718.28521,6654.418198,85.44473362,80.04286,39.01329,-76.9454,"FQ_5_2_22_JJ22-10251.csv",42.32,46.96,10.72,10.51,45,58.4,22.16,1.6816
"05117","BARC","2021-2022","SD_5","117","2022-05-02","CrimsonClover-CerealRye","2021-09-20","2022-06-24",13223.09711,2911.636045,77.98068016,58.20667,39.01299,-76.9463,"FQ_5_2_22_JJ22-10251.csv",43.71,47.66,8.63,10.11,40.49,57.54,25.86,1.6176
"05118","BARC","2021-2022","5_11_12","118","2022-05-02","Wheat","2021-10-08","2022-06-29",9720.034996,2246.71916,76.88568857,59.015,39.02244,-76.8332,"FQ_5_2_22_JJ22-10251.csv",53.59,44.1,2.31,15.6,25.56,48.45,30.56,2.496
"05119","BARC","2021-2022","5_11_12","119","2022-05-02","Wheat","2021-10-08","2022-06-29",13478.56518,3128.608924,76.78826431,69.3,39.02261,-76.8336,"FQ_5_2_22_JJ22-10251.csv",54.26,43.67,2.06,15.1,24.79,47.78,32.13,2.416
"0212","BARC","2021-2022","1_37","12","2022-02-11","Triticale","2021-09-29","2022-04-20",6276.465442,1665.791776,73.45971564,78.101,39.02232,-76.8994,"FQ_5_2_22_JJ22-10251.csv",66.06787095,31.27854048,2.653588574,20.6335239,18.4557571,37.8371162,31.55958973,3.301363824
"1112","BARC","2022-2023","2_32C","12","2022-11-21","Triticale","2022-09-21","2023-04-20",5721.784777,1097.112861,80.82568807,79.41,39.02847613,-76.8885768,"PSA-N_Decomp.xlsx",70.74,27.6,1.66,15.91,19.03,34.28,38.56,2.5456
"1212","BARC","2022-2023","2_32C","12","2022-12-19","Triticale","2022-09-21","2023-04-20",4348.206474,1242.344707,71.42857143,47.35,39.02847613,-76.8885768,"PSA-N_Decomp.xlsx",72.88,24.89,2.23,11.01,22.16,33.14,43.16,1.7616
"0312","BARC","2022-2023","2_32C","12","2023-03-22","Triticale","2022-09-21","2023-04-20",4195.975503,1251.093613,70.18348624,48.28,39.02847613,-76.8885768,"4456-4584 4950.xlsx",NA,NA,2.3266661,17.5705605,23.1142921,41.5215416,34.57721271,2.81128968
"05120","BARC","2021-2022","5_11_12","120","2022-05-02","Wheat","2021-10-08","2022-06-29",15336.8329,3522.309711,77.03365659,76.34,39.02239,-76.8343,"FQ_5_2_22_JJ22-10251.csv",56.7,40.94,2.35,14.02,23.73,45.31,36.97,2.2432
"05121","BARC","2021-2022","5_11_12","121","2022-05-02","Wheat","2021-10-08","2022-06-29",7917.76028,2153.980752,72.79558011,62.43833,39.02024,-76.8337,"FQ_5_2_22_JJ22-10251.csv",56,41.42,2.57,13.26,22.42,45.9,37.89,2.1216
"05122","BARC","2021-2022","5_11_12","122","2022-05-02","Wheat","2021-10-08","2022-06-29",10491.68854,2937.882765,71.99799867,59,39.02004,-76.8333,"FQ_5_2_22_JJ22-10251.csv",59.58,37.61,2.81,13.64,21.12,42.63,39.29,2.1824
"05123","BARC","2021-2022","5_9","123","2022-05-02","Wheat","2021-10-07","2022-07-11",30524.93438,7270.341207,76.18228719,91.61167,39.02156,-76.8472,"FQ_5_2_22_JJ22-10251.csv",50.38,46.96,2.66,10.43,27.75,51.43,36.38,1.6688
"05124","BARC","2021-2022","5_9","124","2022-05-02","Wheat","2021-10-07","2022-07-11",34019.24759,7823.272091,77.00339471,91.49667,39.02184,-76.8472,"FQ_5_2_22_JJ22-10251.csv",48.18,49.13,2.7,11.28,28.27,53.63,33.13,1.8048
"05125","BARC","2021-2022","5_9","125","2022-05-02","Wheat","2021-10-07","2022-07-11",27825.02187,6871.391076,75.30499308,91.12167,39.02192,-76.8469,"FQ_5_2_22_JJ22-10251.csv",54.49,42.82,2.68,10.35,24.92,47.33,40.25,1.656
"05126","BARC","2021-2022","5_9","126","2022-05-02","Wheat","2021-10-07","2022-07-11",37553.80577,8680.664917,76.88472649,92.93667,39.02154,-76.8469,"FQ_5_2_22_JJ22-10251.csv",48.62,47.86,3.52,9.82,29.37,53.17,34.43,1.5712
"05127","BARC","2021-2022","5_9","127","2022-05-02","Wheat","2021-10-07","2022-07-11",25926.50919,6579.177603,74.623743,80.84333,39.02039,-76.8469,"FQ_5_2_22_JJ22-10251.csv",52.48,45.19,2.32,6.61,26.98,49.34,42.11,1.0576
"05128","BARC","2021-2022","SE_14","128","2022-05-02","Barley","2021-10-02","2022-09-13",16486.4392,4633.420822,71.89556357,87.53167,39.01095,-76.9414,"FQ_5_2_22_JJ22-10251.csv",43.19,52.67,4.14,7.09,33.04,58.62,32.77,1.1344
"05129","BARC","2021-2022","SE_14","129","2022-05-02","Barley","2021-10-02","2022-09-13",11802.27472,3044.619423,74.20311342,79.84167,39.01111,-76.9412,"FQ_5_2_22_JJ22-10251.csv",43.55,51.45,5,8.06,35.22,57.92,29.79,1.2896
"0213","BARC","2021-2022","1_37","13","2022-02-11","Triticale","2021-09-29","2022-04-20",7445.319335,1924.759405,74.1480611,78.03444444,39.02196,-76.8994,"FQ_5_2_22_JJ22-10251.csv",64.43945541,32.910697,2.649847589,18.9503403,19.5705128,38.9858932,33.05268062,3.032054448
"1113","BARC","2022-2023","2_32C","13","2022-11-21","Triticale","2022-09-21","2023-04-20",3198.600175,775.1531059,75.76586433,71.22,39.0282175,-76.88823316,"PSA-N_Decomp.xlsx",68.68,28.94,2.38,13.64,20.74,36.3,38.16,2.1824
"1213","BARC","2022-2023","2_32C","13","2022-12-19","Triticale","2022-09-21","2023-04-20",2402.449694,761.1548556,68.3175528,31.92,39.0282175,-76.88823316,"PSA-N_Decomp.xlsx",73.1,23.97,2.93,10.23,21.59,32.4,45.74,1.6368
"0313","BARC","2022-2023","2_32C","13","2023-03-22","Triticale","2022-09-21","2023-04-20",2379.702537,694.6631671,70.80882353,40.96,39.0282175,-76.88823316,"4456-4584 4950.xlsx",NA,NA,2.2908471,19.2879162,22.5168991,40.5755997,31.90527798,3.086066592
"05130","BARC","2021-2022","SE_14","130","2022-05-02","Barley","2021-10-02","2022-09-13",17669.29134,4698.16273,73.41057635,82.74571,39.01127,-76.9409,"FQ_5_2_22_JJ22-10251.csv",42.31,53.2,4.49,8.01,33.53,59.49,31.02,1.2816
"0214","BARC","2021-2022","1_37","14","2022-02-11","Triticale","2021-09-29","2022-04-20",13685.03937,3100.612423,77.34305076,82.77,39.02212,-76.9001,"FQ_5_2_22_JJ22-10251.csv",55.56668199,42.00496927,2.428348739,16.3419819,25.5350037,46.8330231,28.62016372,2.614717104
"1114","BARC","2022-2023","2_32C","14","2022-11-21","Triticale","2022-09-21","2023-04-20",4899.387577,1020.122485,79.17857143,83.05,39.02846629,-76.88960737,"PSA-N_Decomp.xlsx",65.66,31.96,2.37,15.33,22.13,38.92,33.64,2.4528
"1214","BARC","2022-2023","2_32C","14","2022-12-19","Triticale","2022-09-21","2023-04-20",3284.339458,946.631671,71.17741076,55.41,39.02846629,-76.88960737,"PSA-N_Decomp.xlsx",74.31,23.05,2.64,12.45,19.35,30.92,45.83,1.992
"0314","BARC","2022-2023","2_32C","14","2023-03-22","Triticale","2022-09-21","2023-04-20",4159.230096,1153.105862,72.27597812,51.54,39.02846629,-76.88960737,"4456-4584 4950.xlsx",NA,NA,2.374501,15.8347569,24.3440094,43.0110397,34.17240908,2.533561104
"0215","BARC","2021-2022","1_37","15","2022-02-11","Triticale","2021-09-29","2022-04-20",6082.23972,1632.545932,73.15880322,67.47777778,39.02287,-76.899,"FQ_5_2_22_JJ22-10251.csv",63.13206802,34.05637013,2.811561855,20.3284359,20.0512123,40.3512459,29.71341361,3.252549744
"1115","BARC","2022-2023","2_32C","15","2022-11-21","Triticale","2022-09-21","2023-04-20",7674.540682,1426.071741,81.41814865,82.97,39.02845758,-76.88999745,"PSA-N_Decomp.xlsx",69.21,28.65,2.14,17.47,19.37,35.97,34.25,2.7952
"1215","BARC","2022-2023","2_32C","15","2022-12-19","Triticale","2022-09-21","2023-04-20",NA,1494.313211,NA,54.45,39.02845758,-76.88999745,"PSA-N_Decomp.xlsx",69.99,27.44,2.58,10.06,26.47,36.28,39.1,1.6096
"0315","BARC","2022-2023","2_32C","15","2023-03-22","Triticale","2022-09-21","2023-04-20",7030.621172,2005.249344,71.47834744,49.37,39.02845758,-76.88999745,"4456-4584 4950.xlsx",NA,NA,2.1743431,16.3714962,23.7043743,42.6714478,35.12200535,2.619439392
"1116","BARC","2022-2023","2_32A","16","2022-11-21","Triticale","2022-09-20","2023-04-24",8549.431321,1543.307087,81.94842407,93.05,39.03125597,-76.88587143,"PSA-N_Decomp.xlsx",64.75,33.06,2.19,16.22,22.19,39.6,32.43,2.5952
"1216","BARC","2022-2023","2_32A","16","2022-12-19","Triticale","2022-09-20","2023-04-24",3783.027122,1112.860892,70.58279371,59.23,39.03125597,-76.88587143,"PSA-N_Decomp.xlsx",70.82,27.01,2.17,10.41,20.78,33.89,45.36,1.6656
"0216","BARC","2021-2022","2_32A","16","2022-02-11","Triticale","2021-09-29","2022-04-21",4244.969379,1305.336833,69.2497939,36.98,39.03152,-76.8884,"FQ_5_2_22_JJ22-10251.csv",68.96411114,28.29032795,2.745560915,14.2914391,18.2678146,34.5391159,43.05361521,2.286630256
"0316","BARC","2022-2023","2_32A","16","2023-03-22","Triticale","2022-09-20","2023-04-24",4638.670166,1219.59755,73.7080347,56.76,39.03125597,-76.88587143,"4456-4584 4950.xlsx",NA,NA,1.922951,19.4955597,21.9047318,41.2902412,32.30387688,3.119289552
"1117","BARC","2022-2023","2_32A","17","2022-11-21","Triticale","2022-09-20","2023-04-24",4953.630796,1049.868766,78.80607559,86.34,39.03094162,-76.88655495,"PSA-N_Decomp.xlsx",72.85,25.07,2.08,16.7,17.89,32.44,39.67,2.672
"1217","BARC","2022-2023","2_32A","17","2022-12-19","Triticale","2022-09-20","2023-04-24",4918.635171,1380.577428,71.93169691,59.94,39.03094162,-76.88655495,"PSA-N_Decomp.xlsx",74.94,22.83,2.23,11.78,20.72,30.72,46.23,1.8848
"0217","BARC","2021-2022","2_32A","17","2022-02-11","Triticale","2021-09-29","2022-04-21",4017.497813,1284.339458,68.03135889,18.60333333,39.03115,-76.8883,"FQ_5_2_22_JJ22-10251.csv",66.06098818,31.31812798,2.620883845,12.835166,20.3326454,37.464325,41.03279035,2.05362656
"0317","BARC","2022-2023","2_32A","17","2023-03-22","Triticale","2022-09-20","2023-04-24",4500.437445,1279.090114,71.5785381,53.23,39.03094162,-76.88655495,"4456-4584 4950.xlsx",NA,NA,2.2446799,17.3470764,23.0387764,42.3356895,34.00747227,2.775532224
"1118","BARC","2022-2023","2_32A","18","2022-11-21","Triticale","2022-09-20","2023-04-24",4633.420822,951.8810149,79.45619335,83.74,39.03125533,-76.8872609,"PSA-N_Decomp.xlsx",72.27,25.48,2.25,17.05,18.06,33.31,37.64,2.728
"1218","BARC","2022-2023","2_32A","18","2022-12-19","Triticale","2022-09-20","2023-04-24",5291.338583,1420.822397,73.14814815,44.9,39.03125533,-76.8872609,"PSA-N_Decomp.xlsx",73.65,24.44,1.91,13.19,20.76,32.12,42.74,2.1104
"0218","BARC","2021-2022","2_32A","18","2022-02-11","Triticale","2021-09-29","2022-04-21",2594.925634,939.6325459,63.78961564,17.61,39.03116,-76.8877,"FQ_5_2_22_JJ22-10251.csv",64.06140817,32.93297756,3.005614271,11.0574799,22.5450497,39.6113167,39.39798587,1.769196784
"0318","BARC","2022-2023","2_32A","18","2023-03-22","Triticale","2022-09-20","2023-04-24",5774.278215,1547.68154,73.1969697,51.61,39.03125533,-76.8872609,"4456-4584 4950.xlsx",NA,NA,2.019031,17.197401,23.2592831,41.421524,34.13265088,2.75158416
"1119","BARC","2022-2023","2_32A","19","2022-11-21","Triticale","2022-09-20","2023-04-24",4857.392826,999.1251094,79.43083573,84.81,39.03145192,-76.88765631,"PSA-N_Decomp.xlsx",70.48,27.42,2.09,16.16,19.57,34.85,37.08,2.5856
"1219","BARC","2022-2023","2_32A","19","2022-12-19","Triticale","2022-09-20","2023-04-24",NA,1160.104987,NA,42.57,39.03145192,-76.88765631,"PSA-N_Decomp.xlsx",70.58,27.02,2.4,11.01,21.93,34.31,43.92,1.7616
"0219","BARC","2021-2022","2_32A","19","2022-02-11","Triticale","2021-09-29","2022-04-21",4096.23797,1301.83727,68.21870995,13.45888889,39.03117,-76.8872,"FQ_5_2_22_JJ22-10251.csv",64.51988363,32.49526713,2.984849241,11.762722,22.5841694,39.5287132,37.84625152,1.88203552
"0319","BARC","2022-2023","2_32A","19","2023-03-22","Triticale","2022-09-20","2023-04-24",4419.947507,1151.35608,73.95091053,47.88,39.03145192,-76.88765631,"4456-4584 4950.xlsx",NA,NA,2.093677,17.9118958,23.3110275,42.0818138,33.37712847,2.865903328
"1102","BARC","2022-2023","ND_5","02","2022-11-21","CerealRye","2022-10-10","2023-08-11",687.664042,146.9816273,78.6259542,25.28,39.02824112,-76.93742117,"PSA-N_Decomp.xlsx",80.73,15.65,3.62,27.43,13.67,26.99,31.92,4.3888
"1202","BARC","2022-2023","ND_5","02","2022-12-19","CerealRye","2022-10-10","2023-08-11",1186.351706,334.208224,71.82890855,42.51,39.02824112,-76.93742117,"PSA-N_Decomp.xlsx",80.52,16,3.48,21.68,16.41,27.25,36.93,3.4688
"0302","BARC","2022-2023","ND_5","02","2023-03-22","CerealRye","2022-10-10","2023-08-11",3492.56343,1051.618548,69.88977956,28.71,39.02824112,-76.93742117,"4456-4584 4950.xlsx",NA,NA,2.966913,13.1079311,21.5828552,36.2631721,43.06284795,2.097268976
"0502","BARC","2022-2023","ND_5","02","2023-05-12","CerealRye","2022-10-10","2023-08-11",15657.04287,4131.233596,73.61421547,35.73,39.02824112,-76.93742117,"4456-4584 4950.xlsx",NA,NA,5.177527,4.6616931,41.7368584,72.9521332,22.11338012,0.745870896
"0202","BARC","2021-2022","SD_5","02","2022-02-11","CrimsonClover-CerealRye","2021-09-20","2022-06-24",936.1329834,409.4488189,56.26168224,8.618888889,39.01365,-76.9454,"FQ_5_2_22_JJ22-10251.csv",67.55095567,26.50651537,5.942528963,13.5986786,27.5745029,39.2113113,29.76771459,2.175788576
"0502","BARC","2021-2022","SD_5","02","2022-05-02","CrimsonClover-CerealRye","2021-09-20","2022-06-24",17492.56343,3744.531934,78.59357807,71.18166667,39.01365,-76.9454,"FQ_5_2_22_JJ22-10251.csv",44.55,48.07,7.38,10.59,40.58,57.08,28.71,1.6944
"1120","BARC","2022-2023","2_32A","20","2022-11-21","Triticale","2022-09-20","2023-04-24",4047.244094,881.8897638,78.21011673,NA,39.03144915,-76.8869202,"PSA-N_Decomp.xlsx",71.01,26.62,2.37,17.66,19.39,34.61,35.13,2.8256
"1220","BARC","2022-2023","2_32A","20","2022-12-19","Triticale","2022-09-20","2023-04-24",3193.350831,957.1303587,70.02739726,34.33,39.03144915,-76.8869202,"PSA-N_Decomp.xlsx",73.69,24.15,2.15,10.78,19.5,30.87,48.87,1.7248
"0220","BARC","2021-2022","2_32A","20","2022-02-11","Triticale","2021-09-29","2022-04-21",3091.863517,1095.36308,64.57272213,10.55111111,39.03153,-76.887,"FQ_5_2_22_JJ22-10251.csv",69.02792941,28.23241474,2.739655856,12.6448708,19.2072964,34.4329491,44.95730774,2.023179328
"0320","BARC","2022-2023","2_32A","20","2023-03-22","Triticale","2022-09-20","2023-04-24",4283.464567,1109.36133,74.10130719,42.37,39.03144915,-76.8869202,"4456-4584 4950.xlsx",NA,NA,1.997767,18.4764366,22.1772881,40.7840691,34.43379524,2.956229856
"1121","BARC","2022-2023","1_37","21","2022-11-21","Wheat","2022-10-21","2023-07-05",1133.858268,292.2134733,74.22839506,NA,39.02289797,-76.89842489,"PSA-N_Decomp.xlsx",79.19,17.17,3.65,26.24,15.14,27.26,35.01,4.1984
"1221","BARC","2022-2023","1_37","21","2022-12-19","Wheat","2022-10-21","2023-07-05",936.1329834,274.7156605,70.65420561,32.82,39.02289797,-76.89842489,"PSA-N_Decomp.xlsx",81.61,15.48,2.91,21.81,12.55,24.33,43.23,3.4896
"0321","BARC","2022-2023","1_37","21","2023-03-22","Wheat","2022-10-21","2023-07-05",3616.7979,1020.122485,71.79487179,47.09,39.02289797,-76.89842489,"4456-4584 4950.xlsx",NA,NA,2.3234489,18.107523,19.8370113,35.691925,38.80167985,2.89720368
"0521","BARC","2022-2023","1_37","21","2023-05-12","Wheat","2022-10-21","2023-07-05",25734.03325,7137.35783,72.26490787,89.07,39.02289797,-76.89842489,"4456-4584 4950.xlsx",NA,NA,4.8726048,10.6158752,36.5247231,64.0726166,23.35993846,1.698540032
"0221","BARC","2021-2022","2_36","21","2022-02-11","Barley","2021-10-02","2022-06-06",2883.639545,909.8862642,68.44660194,20.59666667,39.03106,-76.883,"FQ_5_2_22_JJ22-10251.csv",63.09952921,33.38404004,3.516430756,18.7579803,21.190567,40.4186821,30.84294605,3.001276848
"0521","BARC","2021-2022","2_36","21","2022-05-02","Barley","2021-10-02","2022-06-06",23657.04287,5914.260717,75,82.23667,39.03106,-76.883,"FQ_5_2_22_JJ22-10251.csv",40.37,55.55,4.08,9.05,33.85,61.52,28.27,1.448
"1122","BARC","2022-2023","1_37","22","2022-11-21","Wheat","2022-10-21","2023-07-05",675.4155731,152.2309711,77.4611399,NA,39.02265497,-76.89884695,"PSA-N_Decomp.xlsx",80.68,16.27,3.05,26,13.99,26.42,35.22,4.16
"1222","BARC","2022-2023","1_37","22","2022-12-19","Wheat","2022-10-21","2023-07-05",1156.605424,341.2073491,70.49924357,15.75,39.02265497,-76.89884695,"PSA-N_Decomp.xlsx",82.05,15.47,2.49,18.8,13.44,23.56,47.8,3.008
"0322","BARC","2022-2023","1_37","22","2023-03-22","Wheat","2022-10-21","2023-07-05",2295.713036,615.9230096,73.17073171,42.84,39.02265497,-76.89884695,"4456-4584 4950.xlsx",NA,NA,2.091047,21.7630463,19.7491798,37.9371948,31.21017714,3.482087408
"0522","BARC","2022-2023","1_37","22","2023-05-12","Wheat","2022-10-21","2023-07-05",32012.24847,8323.709536,73.99836021,87.87,39.02265497,-76.89884695,"4456-4584 4950.xlsx",NA,NA,4.689959,10.6700802,34.3621407,62.0590591,26.56251794,1.707212832
"0222","BARC","2021-2022","2_36","22","2022-02-11","Barley","2021-10-02","2022-06-06",1786.526684,621.1723535,65.2301665,23.09666667,39.03141,-76.883,"FQ_5_2_22_JJ22-10251.csv",58.72024715,36.45176056,4.827992286,20.3192577,26.7784863,45.0657806,19.97983014,3.251081232
"0522","BARC","2021-2022","2_36","22","2022-05-02","Barley","2021-10-02","2022-06-06",13573.05337,3102.362205,77.14322547,65.33833,39.03141,-76.883,"FQ_5_2_22_JJ22-10251.csv",35.7,60.43,3.87,9.81,36.05,65.92,22.18,1.5696
"1123","BARC","2022-2023","1_37","23","2022-11-21","Wheat","2022-10-21","2023-07-05",843.3945757,188.976378,77.593361,NA,39.02261056,-76.89952085,"PSA-N_Decomp.xlsx",79.9,17.36,2.74,26.35,13.94,27.01,34.53,4.216
"1223","BARC","2022-2023","1_37","23","2022-12-19","Wheat","2022-10-21","2023-07-05",869.6412948,250.2187227,71.22736419,17.68,39.02261056,-76.89952085,"PSA-N_Decomp.xlsx",81.59,15.6,2.81,18.83,13.44,22.86,50.08,3.0128
"0323","BARC","2022-2023","1_37","23","2023-03-22","Wheat","2022-10-21","2023-07-05",3312.335958,915.135608,72.37189646,39.67,39.02261056,-76.89952085,"4456-4584 4950.xlsx",NA,NA,2.0828371,20.2382545,20.1453495,37.1970177,33.84606724,3.23812072
"0523","BARC","2022-2023","1_37","23","2023-05-12","Wheat","2022-10-21","2023-07-05",27609.79878,8005.249344,71.00576716,NA,39.02261056,-76.89952085,"4456-4584 4950.xlsx",NA,NA,4.3977098,9.253746,34.6769753,61.2954407,28.50570535,1.48059936
"0223","BARC","2021-2022","2_36","23","2022-02-11","Barley","2021-10-02","2022-06-06",5055.11811,1562.554681,69.0896504,43.79222222,39.03178,-76.8826,"FQ_5_2_22_JJ22-10251.csv",63.2069831,33.51078414,3.282232753,19.2328072,20.8762741,40.2570343,30.7338881,3.077249152
"0523","BARC","2021-2022","2_36","23","2022-05-02","Barley","2021-10-02","2022-06-06",29709.53631,6974.628171,76.52394134,86.28333,39.03178,-76.8826,"FQ_5_2_22_JJ22-10251.csv",36.18,59.23,4.58,8.59,38.06,65.59,24.37,1.3744
"1124","BARC","2022-2023","1_37","24","2022-11-21","Wheat","2022-10-21","2023-07-05",773.4033246,173.2283465,77.60180995,NA,39.0220777,-76.89947041,"PSA-N_Decomp.xlsx",74.53,22.56,2.91,25.94,15.12,31.13,31.43,4.1504
"1224","BARC","2022-2023","1_37","24","2022-12-19","Wheat","2022-10-21","2023-07-05",815.3980752,257.2178478,68.45493562,19.79,39.0220777,-76.89947041,"PSA-N_Decomp.xlsx",79.63,17.93,2.44,18.11,15.1,25.5,46.67,2.8976
"0324","BARC","2022-2023","1_37","24","2023-03-22","Wheat","2022-10-21","2023-07-05",2916.885389,815.3980752,72.04559088,33.47,39.0220777,-76.89947041,"4456-4584 4950.xlsx",NA,NA,2.2606239,19.558094,19.7282219,37.5519066,35.47285386,3.12929504
"0524","BARC","2022-2023","1_37","24","2023-05-12","Wheat","2022-10-21","2023-07-05",24423.44707,6694.663167,72.58919616,89.18,39.0220777,-76.89947041,"4456-4584 4950.xlsx",NA,NA,4.4509902,11.25811,34.6380997,62.65411,24.8274335,1.8012976
"0224","BARC","2021-2022","2_36","24","2022-02-11","Barley","2021-10-02","2022-06-06",2052.493438,587.9265092,71.35549872,20.13333333,39.03142,-76.8826,"FQ_5_2_22_JJ22-10251.csv",64.41787321,31.43716676,4.144960032,22.0851841,21.4345894,39.9417496,25.78430577,3.533629456
"0524","BARC","2021-2022","2_36","24","2022-05-02","Barley","2021-10-02","2022-06-06",20645.66929,4654.418198,77.45571659,75.88333,39.03142,-76.8826,"FQ_5_2_22_JJ22-10251.csv",40.02,56.11,3.87,9.47,35.1,61.74,26.69,1.5152
"1125","BARC","2022-2023","1_37","25","2022-11-21","Wheat","2022-10-21","2023-07-05",967.6290464,258.967629,73.23688969,NA,39.02239796,-76.89844707,"PSA-N_Decomp.xlsx",80.59,17.12,2.29,25.13,13.1,26.16,36.92,4.0208
"1225","BARC","2022-2023","1_37","25","2022-12-19","Wheat","2022-10-21","2023-07-05",720.9098863,216.9728784,69.90291262,28.27,39.02239796,-76.89844707,"PSA-N_Decomp.xlsx",80.03,17.45,2.52,20.47,14.68,26.05,42.4,3.2752
"0325","BARC","2022-2023","1_37","25","2023-03-22","Wheat","2022-10-21","2023-07-05",4402.449694,1114.610674,74.68203498,65.03,39.02239796,-76.89844707,"4456-4584 4950.xlsx",NA,NA,2.005064,19.1423855,22.5858364,39.3795891,33.18641464,3.06278168
"0525","BARC","2022-2023","1_37","25","2023-05-12","Wheat","2022-10-21","2023-07-05",28769.90376,8083.989501,71.90122856,91.19,39.02239796,-76.89844707,"4456-4584 4950.xlsx",NA,NA,4.071249,10.2108822,34.544239,62.4553757,26.5308695,1.633741152
"0225","BARC","2021-2022","2_36","25","2022-02-11","Barley","2021-10-02","2022-06-06",762.9046369,307.9615048,59.63302752,14.04333333,39.03088,-76.8833,"FQ_5_2_22_JJ22-10251.csv",66.37454613,29.82384193,3.801611941,24.8811722,18.6151867,37.4550629,27.6750315,3.980987552
"0525","BARC","2021-2022","2_36","25","2022-05-02","Barley","2021-10-02","2022-06-06",21282.58968,4596.675416,78.4017101,72.04667,39.03088,-76.8833,"FQ_5_2_22_JJ22-10251.csv",42.44,53.24,4.32,10.88,35.11,59.09,26.19,1.7408
"0226","BARC","2021-2022","2_32C","26","2022-02-11","CerealRye","2021-10-02","2022-07-01",2612.423447,978.127734,62.55860683,10.10888889,39.02808,-76.8892,"FQ_5_2_22_JJ22-10251.csv",69.70967033,26.82749547,3.462834198,12.1190777,18.2416363,34.5709877,42.96940004,1.939052432
"0526","BARC","2021-2022","2_32C","26","2022-05-02","CerealRye","2021-10-02","2022-07-01",23888.014,5123.35958,78.55259303,89.43667,39.02808,-76.8892,"FQ_5_2_22_JJ22-10251.csv",38.54,57.35,4.11,7.55,35.59,63.15,26.65,1.208
"0326","BARC","2022-2023","2_68B","26","2023-03-22","Wheat","2022-10-22","2023-07-11",1063.867017,325.4593176,69.40789474,20.09,39.02625603,-76.87603273,"4456-4584 4950.xlsx",NA,NA,2.2955761,22.3174305,17.6710892,34.0789795,34.75463277,3.57078888
"0526","BARC","2022-2023","2_68B","26","2023-05-12","Wheat","2022-10-22","2023-07-11",16519.68504,4545.931759,72.48172863,71.8,39.02625603,-76.87603273,"4456-4584 4950.xlsx",NA,NA,4.2573619,10.6793118,34.7491722,62.8238068,25.32337798,1.708689888
"0227","BARC","2021-2022","2_32C","27","2022-02-11","CerealRye","2021-10-02","2022-07-01",1545.056868,491.6885389,68.17667044,9.185555556,39.02843,-76.8897,"FQ_5_2_22_JJ22-10251.csv",73.80892812,23.03586597,3.155205911,12.9722319,16.4864731,30.6619549,46.68416904,2.075557104
"0527","BARC","2021-2022","2_32C","27","2022-05-02","CerealRye","2021-10-02","2022-07-01",26318.46019,5627.296588,78.61844292,82.35333,39.02843,-76.8897,"FQ_5_2_22_JJ22-10251.csv",41.42,54.9,3.67,8.02,33.36,60.41,29.69,1.2832
"1127","BARC","2022-2023","2_68B","27","2022-11-21","Wheat","2022-10-22","2023-07-11",503.9370079,129.4838145,74.30555556,7.53,39.02599866,-76.87568375,"PSA-N_Decomp.xlsx",80.34,16.96,2.7,23.93,14.33,26.53,37.53,3.8288
"1227","BARC","2022-2023","2_68B","27","2022-12-19","Wheat","2022-10-22","2023-07-11",290.463692,141.7322835,51.20481928,11.47,39.02599866,-76.87568375,"PSA-N_Decomp.xlsx",81.67,15.41,2.91,20.21,13.7,24.04,45.45,3.2336
"0327","BARC","2022-2023","2_68B","27","2023-03-22","Wheat","2022-10-22","2023-07-11",2633.420822,764.1294838,70.9833887,29.38,39.02599866,-76.87568375,"4456-4584 4950.xlsx",NA,NA,2.413857,18.8207054,19.9478951,35.4039459,37.50251771,3.011312864
"0527","BARC","2022-2023","2_68B","27","2023-05-12","Wheat","2022-10-22","2023-07-11",23123.35958,6150.48119,73.40143776,77,39.02599866,-76.87568375,"4456-4584 4950.xlsx",NA,NA,4.2373509,8.6930294,35.3083649,61.9262009,28.12623466,1.390884704
"0228","BARC","2021-2022","2_32C","28","2022-02-11","CerealRye","2021-10-02","2022-07-01",1604.549431,591.4260717,63.14067612,11.5275,39.0286,-76.8899,"FQ_5_2_22_JJ22-10251.csv",66.34604226,30.32380848,3.330149257,10.1754208,20.1210842,37.2738037,43.26392786,1.628067328
"0528","BARC","2021-2022","2_32C","28","2022-05-02","CerealRye","2021-10-02","2022-07-01",28376.20297,5884.514436,79.26250231,86.00167,39.0286,-76.8899,"FQ_5_2_22_JJ22-10251.csv",37.16,58.24,4.6,7.06,36.09,64.33,25.66,1.1296
"1128","BARC","2022-2023","2_68B","28","2022-11-21","Wheat","2022-10-22","2023-07-11",477.6902887,173.2283465,63.73626374,7.22,39.02626382,-76.87533997,"PSA-N_Decomp.xlsx",78.92,18.44,2.64,23.97,14.32,26.8,38.66,3.8352
"1228","BARC","2022-2023","2_68B","28","2022-12-19","Wheat","2022-10-22","2023-07-11",593.175853,208.223972,64.89675516,7.77,39.02626382,-76.87533997,"PSA-N_Decomp.xlsx",78.53,18.54,2.94,18.43,14.86,26.56,45.3,2.9488
"0328","BARC","2022-2023","2_68B","28","2023-03-22","Wheat","2022-10-22","2023-07-11",2064.741907,622.2222222,69.86440678,25.12,39.02626382,-76.87533997,"4456-4584 4950.xlsx",NA,NA,2.1338899,19.6559601,19.4818916,36.9728661,35.05640953,3.144953616
"0528","BARC","2022-2023","2_68B","28","2023-05-12","Wheat","2022-10-22","2023-07-11",22843.39458,6565.179353,71.26005362,72.71,39.02626382,-76.87533997,"4456-4584 4950.xlsx",NA,NA,4.3125138,9.9622765,34.2247047,61.0718231,27.65733292,1.59396424
"0229","BARC","2021-2022","2_32C","29","2022-02-11","CerealRye","2021-10-02","2022-07-01",2827.646544,965.8792651,65.84158416,14.55888889,39.02843,-76.8892,"FQ_5_2_22_JJ22-10251.csv",72.24083973,24.86663636,2.892523909,13.5328064,15.9159222,31.5789604,46.30873043,2.165249024
"0529","BARC","2021-2022","2_32C","29","2022-05-02","CerealRye","2021-10-02","2022-07-01",20993.87577,4579.177603,78.18803134,86.97667,39.02843,-76.8892,"FQ_5_2_22_JJ22-10251.csv",38.57,57.29,4.14,6.77,35.28,63.22,27.96,1.0832
"1129","BARC","2022-2023","2_68B","29","2022-11-21","Wheat","2022-10-22","2023-07-11",771.6535433,181.9772528,76.41723356,10.61,39.02600947,-76.87500165,"PSA-N_Decomp.xlsx",79.11,18.53,2.37,23.29,14.07,27.22,37.96,3.7264
"1229","BARC","2022-2023","2_68B","29","2022-12-19","Wheat","2022-10-22","2023-07-11",638.6701662,218.7226597,65.75342466,15.63,39.02600947,-76.87500165,"PSA-N_Decomp.xlsx",80.37,16.59,3.04,19.12,15.32,25.53,44.52,3.0592
"0329","BARC","2022-2023","2_68B","29","2023-03-22","Wheat","2022-10-22","2023-07-11",3340.332458,916.8853893,72.55107386,47.29,39.02600947,-76.87500165,"4456-4584 4950.xlsx",NA,NA,2.295892,19.3584213,20.0162659,37.1977844,35.66521821,3.097347408
"0529","BARC","2022-2023","2_68B","29","2023-05-12","Wheat","2022-10-22","2023-07-11",31154.85564,8526.684164,72.63128335,86.06,39.02600947,-76.87500165,"4456-4584 4950.xlsx",NA,NA,4.204865,7.1470718,34.923008,59.3870087,32.11891721,1.143531488
"1103","BARC","2022-2023","ND_5","03","2022-11-21","CerealRye","2022-10-10","2023-08-11",568.6789151,181.9772528,68,53.66,39.02795717,-76.93636675,"PSA-N_Decomp.xlsx",79.54,16.63,3.83,27.86,15.19,28.08,30.44,4.4576
"1203","BARC","2022-2023","ND_5","03","2022-12-19","CerealRye","2022-10-10","2023-08-11",792.6509186,258.967629,67.32891832,52.45,39.02795717,-76.93636675,"PSA-N_Decomp.xlsx",80.58,16.12,3.29,16.36,19.68,28.08,40.14,2.6176
"0303","BARC","2022-2023","ND_5","03","2023-03-22","CerealRye","2022-10-10","2023-08-11",4540.682415,1314.085739,71.05973025,27.23,39.02795717,-76.93636675,"4456-4584 4950.xlsx",NA,NA,2.6806281,13.2656746,21.7431641,37.5424576,41.80106983,2.122507936
"0503","BARC","2022-2023","ND_5","03","2023-05-12","CerealRye","2022-10-10","2023-08-11",3011.373578,2180.227472,27.60023242,26.45,39.02795717,-76.93636675,"4456-4584 4950.xlsx",NA,NA,5.1374989,4.7113371,43.4901581,76.5189056,17.62488759,0.753813936
"0203","BARC","2021-2022","SD_5","03","2022-02-11","CrimsonClover-CerealRye","2021-09-20","2022-06-24",1308.836395,481.1898513,63.23529412,6.382222222,39.01343,-76.9456,"FQ_5_2_22_JJ22-10251.csv",63.8379316,29.52725793,6.634810467,16.8833656,29.3592567,40.9080391,28.37685244,2.701338496
"0503","BARC","2021-2022","SD_5","03","2022-05-02","CrimsonClover-CerealRye","2021-09-20","2022-06-24",12822.3972,2682.414698,79.08024017,59.96833333,39.01343,-76.9456,"FQ_5_2_22_JJ22-10251.csv",54.39,39.42,6.19,13.12,33.57,47.75,33.37,2.0992
"0230","BARC","2021-2022","2_32C","30","2022-02-11","CerealRye","2021-10-02","2022-07-01",1371.828521,579.1776028,57.78061224,6.993333333,39.02844,-76.8887,"FQ_5_2_22_JJ22-10251.csv",64.90501143,31.35059925,3.744389321,10.3765898,22.6100063,39.2009468,39.08861738,1.660254368
"0530","BARC","2021-2022","2_32C","30","2022-05-02","CerealRye","2021-10-02","2022-07-01",21438.32021,4759.405074,77.79954293,72.67167,39.02844,-76.8887,"FQ_5_2_22_JJ22-10251.csv",39.16,56.95,3.89,7.22,34.11,62.17,26.55,1.1552
"1230","BARC","2022-2023","2_68B","30","2022-12-19","Wheat","2022-10-22","2023-07-11",591.4260717,190.7261592,67.75147929,7.45,39.02628121,-76.87464566,"PSA-N_Decomp.xlsx",81.32,15.96,2.71,18.9,14.08,24.05,47.29,3.024
"0330","BARC","2022-2023","2_68B","30","2023-03-22","Wheat","2022-10-22","2023-07-11",1457.567804,449.6937883,69.14765906,10.82,39.02628121,-76.87464566,"4456-4584 4950.xlsx",NA,NA,2.2633131,20.1939487,19.2962208,34.9992905,36.08057444,3.231031792
"0530","BARC","2022-2023","2_68B","30","2023-05-12","Wheat","2022-10-22","2023-07-11",15676.29046,4255.468066,72.85411318,62.05,39.02628121,-76.87464566,"4456-4584 4950.xlsx",NA,NA,4.0173168,11.1688986,33.180439,59.9000854,27.73149898,1.787023776
"0231","BARC","2021-2022","5_9","31","2022-02-11","Wheat","2021-10-07","2022-07-11",4241.469816,1524.059493,64.06765677,46.02,39.02045,-76.8472,"FQ_5_2_22_JJ22-10251.csv",74.55132195,22.71424144,2.734436614,16.4370861,13.9057455,28.9612064,47.08321565,2.629933776
"0531","BARC","2021-2022","5_9","31","2022-05-02","Wheat","2021-10-07","2022-07-11",30120.73491,7496.062992,75.11327989,84.79167,39.02045,-76.8472,"FQ_5_2_22_JJ22-10251.csv",52.06,45.02,2.92,6.24,28.53,49.76,41.94,0.9984
"1131","BARC","2022-2023","SH_4_6","31","2022-11-21","Brassica","2022-09-24","2023-08-16",1527.559055,264.2169729,82.70332188,29.92,39.01896131,-76.94204373,"PSA-N_Decomp.xlsx",89.76,4.44,5.79,21.42,15.69,17.83,50.4,3.4272
"1231","BARC","2022-2023","SH_4_6","31","2022-12-19","Brassica","2022-09-24","2023-08-16",958.88014,171.4785652,82.11678832,22.6,39.01896131,-76.94204373,"PSA-N_Decomp.xlsx",89.91,4.16,5.93,20.71,15.65,18.73,48.98,3.3136
"0331","BARC","2022-2023","SH_4_6","31","2023-03-22","Brassica","2022-09-24","2023-08-16",3366.579178,633.4208224,81.18503119,6.67,39.01896131,-76.94204373,"4456-4584 4950.xlsx",NA,NA,4.9312301,14.1438923,25.4607887,34.6222229,43.6621172,2.263022768
"0232","BARC","2021-2022","5_9","32","2022-02-11","Wheat","2021-10-07","2022-07-11",3476.815398,1249.343832,64.06643181,42.16888889,39.02064,-76.847,"FQ_5_2_22_JJ22-10251.csv",75.12432901,22.05030161,2.82536938,17.3665962,13.1206264,28.7359295,45.72007247,2.778655392
"0532","BARC","2021-2022","5_9","32","2022-05-02","Wheat","2021-10-07","2022-07-11",14782.15223,3952.755906,73.25994318,81.41,39.02064,-76.847,"FQ_5_2_22_JJ22-10251.csv",54.61,43.37,2.02,7.08,25.11,47.13,44.48,1.1328
"1132","BARC","2022-2023","SH_4_6","32","2022-11-21","Brassica","2022-09-24","2023-08-16",955.3805774,192.4759405,79.85347985,31.45,39.01894445,-76.94237693,"PSA-N_Decomp.xlsx",89.66,4.41,5.93,21.66,15.64,17.95,49.93,3.4656
"1232","BARC","2022-2023","SH_4_6","32","2022-12-19","Brassica","2022-09-24","2023-08-16",824.1469816,157.480315,80.89171975,22.79,39.01894445,-76.94237693,"PSA-N_Decomp.xlsx",89.33,4.37,6.3,20.95,17.15,19.77,46.91,3.352
"0332","BARC","2022-2023","SH_4_6","32","2023-03-22","Brassica","2022-09-24","2023-08-16",2022.747157,409.4488189,79.75778547,21.95,39.01894445,-76.94237693,"4456-4584 4950.xlsx",NA,NA,4.9113169,12.8455257,25.5522003,33.6839752,44.12567556,2.055284112
"0233","BARC","2021-2022","5_9","33","2022-02-11","Wheat","2021-10-07","2022-07-11",2295.713036,857.3928259,62.65243902,40.60666667,39.02082,-76.8472,"FQ_5_2_22_JJ22-10251.csv",75.81168909,21.06458481,3.123726101,16.2676735,13.4107513,27.88237,47.9843822,2.60282776
"0533","BARC","2021-2022","5_9","33","2022-05-02","Wheat","2021-10-07","2022-07-11",16523.1846,4491.688539,72.81584242,82.31667,39.02082,-76.8472,"FQ_5_2_22_JJ22-10251.csv",56.9,40.53,2.57,7.44,24.45,44.83,46.15,1.1904
"1133","BARC","2022-2023","SH_4_6","33","2022-11-21","Brassica","2022-09-24","2023-08-16",1805.774278,327.2090989,81.87984496,35.77,39.01922016,-76.94272301,"PSA-N_Decomp.xlsx",83.69,10.73,5.58,17.77,17.77,20.32,55.68,2.8432
"1233","BARC","2022-2023","SH_4_6","33","2022-12-19","Brassica","2022-09-24","2023-08-16",1240.594926,227.4715661,81.66431594,23.32,39.01922016,-76.94272301,"PSA-N_Decomp.xlsx",86.62,7.38,6,21.78,17.45,19.28,50.07,3.4848
"0333","BARC","2022-2023","SH_4_6","33","2023-03-22","Brassica","2022-09-24","2023-08-16",2451.44357,498.687664,79.65738758,24.61,39.01922016,-76.94272301,"4456-4584 4950.xlsx",NA,NA,4.73,14.1238699,22.6446037,31.8,46.41069706,2.259819184
"0234","BARC","2021-2022","5_9","34","2022-02-11","Wheat","2021-10-07","2022-07-11",5097.112861,1707.786527,66.49502231,42.78666667,39.021,-76.847,"FQ_5_2_22_JJ22-10251.csv",72.88013361,24.57506527,2.544801118,18.3406086,14.0234222,30.865202,42.49724714,2.934497376
"0534","BARC","2021-2022","5_9","34","2022-05-02","Wheat","2021-10-07","2022-07-11",24006.99913,6257.217848,73.93586006,84.47333,39.021,-76.847,"FQ_5_2_22_JJ22-10251.csv",53.37,44.93,1.7,8.56,25.36,48.38,42.23,1.3696
"1134","BARC","2022-2023","SH_4_6","34","2022-11-21","Brassica","2022-09-24","2023-08-16",1776.027997,330.7086614,81.37931034,33.85,39.01948334,-76.94307298,"PSA-N_Decomp.xlsx",84.97,9.66,5.37,16.76,16.83,20.09,55.36,2.6816
"1234","BARC","2022-2023","SH_4_6","34","2022-12-19","Brassica","2022-09-24","2023-08-16",1762.029746,334.208224,81.03277061,16.73,39.01948334,-76.94307298,"PSA-N_Decomp.xlsx",85.32,8.13,6.55,18.14,18.32,21.94,49.25,2.9024
"0334","BARC","2022-2023","SH_4_6","34","2023-03-22","Brassica","2022-09-24","2023-08-16",2197.725284,463.6920385,78.90127389,13.83,39.01948334,-76.94307298,"4456-4584 4950.xlsx",NA,NA,4.972435,12.8917723,24.520628,33.22052,45.5649119,2.062683568
"0235","BARC","2021-2022","5_9","35","2022-02-11","Wheat","2021-10-07","2022-07-11",3609.798775,1364.829396,62.190984,38.02666667,39.02118,-76.8472,"FQ_5_2_22_JJ22-10251.csv",71.87309576,24.76085308,3.366051168,15.2978706,15.2692738,31.31884,46.2404121,2.447659296
"0535","BARC","2021-2022","5_9","35","2022-05-02","Wheat","2021-10-07","2022-07-11",19753.28084,5347.331584,72.9294003,81.16333,39.02118,-76.8472,"FQ_5_2_22_JJ22-10251.csv",56.49,41.02,2.49,6.84,25.12,45.26,46.32,1.0944
"1135","BARC","2022-2023","SH_4_6","35","2022-11-21","Brassica","2022-09-24","2023-08-16",1086.614173,192.4759405,82.28663446,30.21,39.01922817,-76.94236996,"PSA-N_Decomp.xlsx",87.62,6.82,5.57,19.77,16.23,19.24,51.11,3.1632
"1235","BARC","2022-2023","SH_4_6","35","2022-12-19","Brassica","2022-09-24","2023-08-16",1007.874016,176.727909,82.46527778,21.1,39.01922817,-76.94236996,"PSA-N_Decomp.xlsx",90.13,3.34,6.52,23.71,16.42,18.06,47.07,3.7936
"0335","BARC","2022-2023","SH_4_6","35","2023-03-22","Brassica","2022-09-24","2023-08-16",841.6447944,159.2300962,81.08108108,6.48,39.01922817,-76.94236996,"4456-4584 4950.xlsx",NA,NA,4.542182,15.2645159,21.6341896,31.2085857,46.1162116,2.442322544
"0236","BARC","2021-2022","APU_1","36","2022-02-11","CerealRye","2021-10-02","2022-06-02",873.1408574,321.959755,63.12625251,8.742222222,39.01413,-76.8935,"FQ_5_2_22_JJ22-10251.csv",70.44362036,25.79577406,3.760605571,12.4433422,19.566288,33.9540901,43.39377261,1.990934752
"0536","BARC","2021-2022","APU_1","36","2022-05-02","CerealRye","2021-10-02","2022-06-02",8120.734908,1938.757655,76.12583495,38.74667,39.01413,-76.8935,"FQ_5_2_22_JJ22-10251.csv",48.65,48.09,3.26,7.72,28.66,53.13,35.27,1.2352
"1136","BARC","2022-2023","SH_8&9","36","2022-11-21","Barley","2022-10-09","2023-08-16",589.6762905,174.9781277,70.3264095,22.18,39.01765871,-76.94130597,"PSA-N_Decomp.xlsx",77.61,20.53,1.86,22.95,15.95,28.94,35.53,3.672
"1236","BARC","2022-2023","SH_8&9","36","2022-12-19","Barley","2022-10-09","2023-08-16",745.4068241,208.223972,72.0657277,27.98,39.01765871,-76.94130597,"PSA-N_Decomp.xlsx",74.38,23.25,2.37,18.05,20.28,32.49,34.86,2.888
"0336","BARC","2022-2023","SH_8&9","36","2023-03-22","Barley","2022-10-09","2023-08-16",2239.720035,677.1653543,69.765625,22.32,39.01765871,-76.94130597,"4456-4584 4950.xlsx",NA,NA,2.4970629,12.0973873,23.1425266,37.504879,42.34929213,1.935581968
"0536","BARC","2022-2023","SH_8&9","36","2023-05-12","Barley","2022-10-09","2023-08-16",8342.95713,2895.888014,65.28942953,27.71,39.01765871,-76.94130597,"4456-4584 4950.xlsx",NA,NA,4.4992752,6.3232379,32.9836578,54.8595428,35.4329262,1.011718064
"0237","BARC","2021-2022","APU_1","37","2022-02-11","CerealRye","2021-10-02","2022-06-02",848.6439195,395.4505687,53.40206186,6.252,39.01392,-76.8939,"FQ_5_2_22_JJ22-10251.csv",71.54716294,25.03894903,3.413888034,11.1007261,18.3150692,32.3877182,47.56605547,1.776116176
"0537","BARC","2021-2022","APU_1","37","2022-05-02","CerealRye","2021-10-02","2022-06-02",6664.916885,1630.79615,75.5316356,29.27833,39.01392,-76.8939,"FQ_5_2_22_JJ22-10251.csv",48.81,48.06,3.13,8.38,27.63,53,36.21,1.3408
"1137","BARC","2022-2023","SH_8&9","37","2022-11-21","Barley","2022-10-09","2023-08-16",362.2047244,127.7340332,64.73429952,19.34,39.01761258,-76.94095102,"PSA-N_Decomp.xlsx",74.92,23.04,2.03,21.28,19.03,31.67,33.55,3.4048
"1237","BARC","2022-2023","SH_8&9","37","2022-12-19","Barley","2022-10-09","2023-08-16",701.6622922,211.7235346,69.82543641,24.5,39.01761258,-76.94095102,"PSA-N_Decomp.xlsx",72.24,25.26,2.5,18.7,19.96,33.74,34.05,2.992
"0337","BARC","2022-2023","SH_8&9","37","2023-03-22","Barley","2022-10-09","2023-08-16",1798.775153,570.4286964,68.28793774,18.21,39.01761258,-76.94095102,"4456-4584 4950.xlsx",NA,NA,2.8753769,12.2390213,23.2680435,36.561512,42.58634724,1.958243408
"0537","BARC","2022-2023","SH_8&9","37","2023-05-12","Barley","2022-10-09","2023-08-16",8946.631671,3189.851269,64.34578525,21.31,39.01761258,-76.94095102,"4456-4584 4950.xlsx",NA,NA,4.6122231,5.7176099,33.9517593,55.4157791,33.95887774,0.914817584
"0238","BARC","2021-2022","APU_1","38","2022-02-11","CerealRye","2021-10-02","2022-06-02",1461.067367,566.9291339,61.19760479,8.918888889,39.01429,-76.8941,"FQ_5_2_22_JJ22-10251.csv",70.53216535,26.0474359,3.420398749,10.9779596,19.2150593,33.5520744,45.97319781,1.756473536
"0538","BARC","2021-2022","APU_1","38","2022-05-02","CerealRye","2021-10-02","2022-06-02",11181.10236,2677.165354,76.05633803,38.15667,39.01429,-76.8941,"FQ_5_2_22_JJ22-10251.csv",42.13,54.03,3.83,7.03,32.8,59.62,31.06,1.1248
"1138","BARC","2022-2023","SH_8&9","38","2022-11-21","Barley","2022-10-09","2023-08-16",440.9448819,138.2327209,68.65079365,19.48,39.01733547,-76.94091239,"PSA-N_Decomp.xlsx",76.89,20.93,2.18,22.83,17.71,30.65,31.96,3.6528
"1238","BARC","2022-2023","SH_8&9","38","2022-12-19","Barley","2022-10-09","2023-08-16",887.1391076,264.2169729,70.21696252,21.06,39.01733547,-76.94091239,"PSA-N_Decomp.xlsx",72.63,24.78,2.59,18.7,21.22,33.8,33.03,2.992
"0338","BARC","2022-2023","SH_8&9","38","2023-03-22","Barley","2022-10-09","2023-08-16",1503.062117,460.1924759,69.38300349,16.99,39.01733547,-76.94091239,"4456-4584 4950.xlsx",NA,NA,3.092685,12.5595655,22.7364407,36.1536217,43.69486212,2.00953048
"0538","BARC","2022-2023","SH_8&9","38","2023-05-12","Barley","2022-10-09","2023-08-16",4859.142607,1695.538058,65.10622974,19.67,39.01733547,-76.94091239,"4456-4584 4950.xlsx",NA,NA,4.3248348,5.9814258,33.5492172,55.9917603,35.18522192,0.957028128
"0239","BARC","2021-2022","APU_1","39","2022-02-11","CerealRye","2021-10-02","2022-06-02",832.895888,334.208224,59.87394958,7.2,39.01465,-76.8942,"FQ_5_2_22_JJ22-10251.csv",66.34791799,29.82443214,3.827649862,10.4863434,22.7000484,37.1823044,43.03919671,1.677814944
"0539","BARC","2021-2022","APU_1","39","2022-05-02","CerealRye","2021-10-02","2022-06-02",7886.264217,1760.279965,77.67916574,37.54286,39.01465,-76.8942,"FQ_5_2_22_JJ22-10251.csv",41.9,54.72,3.38,8.37,33.16,59.64,27.82,1.3392
"1139","BARC","2022-2023","SH_8&9","39","2022-11-21","Barley","2022-10-09","2023-08-16",780.4024497,208.223972,73.31838565,25.91,39.01737374,-76.94129284,"PSA-N_Decomp.xlsx",77.93,20.12,1.95,24.44,15.04,29,33.63,3.9104
"1239","BARC","2022-2023","SH_8&9","39","2022-12-19","Barley","2022-10-09","2023-08-16",1041.11986,281.7147857,72.94117647,29.9,39.01737374,-76.94129284,"PSA-N_Decomp.xlsx",74.01,23.39,2.6,20.84,18.81,32.41,32.94,3.3344
"0339","BARC","2022-2023","SH_8&9","39","2023-03-22","Barley","2022-10-09","2023-08-16",2706.911636,857.3928259,68.32579186,28.57,39.01737374,-76.94129284,"4456-4584 4950.xlsx",NA,NA,2.5128701,11.2081032,23.6894913,38.9429016,41.82382931,1.793296512
"0539","BARC","2022-2023","SH_8&9","39","2023-05-12","Barley","2022-10-09","2023-08-16",9711.286089,3573.053368,63.20720721,22.11,39.01737374,-76.94129284,"4456-4584 4950.xlsx",NA,NA,4.457139,5.8915009,33.3671646,58.7928238,33.99191077,0.942640144
"1104","BARC","2022-2023","ND_5","04","2022-11-21","CerealRye","2022-10-10","2023-08-11",645.6692913,213.4733158,66.93766938,18.45,39.02824397,-76.9367502,"PSA-N_Decomp.xlsx",80.88,14.82,4.3,25.48,17.98,27.81,31.68,4.0768
"1204","BARC","2022-2023","ND_5","04","2022-12-19","CerealRye","2022-10-10","2023-08-11",1128.608924,348.2064742,69.14728682,47.66,39.02824397,-76.9367502,"PSA-N_Decomp.xlsx",83.91,13.16,2.94,21.46,12.8,23.51,42.39,3.4336
"0304","BARC","2022-2023","ND_5","04","2023-03-22","CerealRye","2022-10-10","2023-08-11",3902.012248,1079.615048,72.33183857,15.87,39.02824397,-76.9367502,"4456-4584 4950.xlsx",NA,NA,3.3763621,12.3584919,25.1700401,39.5915642,38.95727369,1.977358704
"0504","BARC","2022-2023","ND_5","04","2023-05-12","CerealRye","2022-10-10","2023-08-11",15081.36483,4071.741032,73.0015083,28.77,39.02824397,-76.9367502,"4456-4584 4950.xlsx",NA,NA,5.1304488,4.4542141,42.3835564,71.3048325,22.87932568,0.712674256
"0204","BARC","2021-2022","SD_5","04","2022-02-11","CrimsonClover-CerealRye","2021-09-20","2022-06-24",967.6290464,421.6972878,56.41952984,6.715555556,39.01327,-76.9458,"FQ_5_2_22_JJ22-10251.csv",66.35610245,27.15347186,6.49042569,15.4160376,29.2386532,39.279789,30.63997143,2.466566016
"0504","BARC","2021-2022","SD_5","04","2022-05-02","CrimsonClover-CerealRye","2021-09-20","2022-06-24",9816.272966,2029.746282,79.32263815,55.34333333,39.01327,-76.9458,"FQ_5_2_22_JJ22-10251.csv",47.1,46.06,6.83,11,38.25,54.51,29.22,1.76
"0240","BARC","2021-2022","APU_1","40","2022-02-11","CerealRye","2021-10-02","2022-06-02",1594.050744,565.1793526,64.54445664,8.978888889,39.01462,-76.8948,"FQ_5_2_22_JJ22-10251.csv",72.42071628,23.95311265,3.626171066,12.567482,17.0313835,30.6893501,49.52465711,2.01079712
"0540","BARC","2021-2022","APU_1","40","2022-05-02","CerealRye","2021-10-02","2022-06-02",9578.302712,2250.218723,76.50712459,41.91833,39.01462,-76.8948,"FQ_5_2_22_JJ22-10251.csv",42.21,54.25,3.54,7.06,32.13,59.58,31.26,1.1296
"1140","BARC","2022-2023","SH_8&9","40","2022-11-21","Barley","2022-10-09","2023-08-16",432.1959755,153.9807524,64.37246964,22.59,39.01710573,-76.94094867,"PSA-N_Decomp.xlsx",81.11,17.15,1.74,24.8,13.94,26.28,36.13,3.968
"1240","BARC","2022-2023","SH_8&9","40","2022-12-19","Barley","2022-10-09","2023-08-16",687.664042,194.2257218,71.75572519,32.9,39.01710573,-76.94094867,"PSA-N_Decomp.xlsx",76.2,21.73,2.07,20.05,16.94,30.3,36.47,3.208
"0340","BARC","2022-2023","SH_8&9","40","2023-03-22","Barley","2022-10-09","2023-08-16",3200.349956,992.1259843,68.99945325,26.8,39.01710573,-76.94094867,"4456-4584 4950.xlsx",NA,NA,2.52935,11.22157,23.5447311,38.5587883,43.34186068,1.7954512
"0540","BARC","2022-2023","SH_8&9","40","2023-05-12","Barley","2022-10-09","2023-08-16",8353.455818,3032.370954,63.69920402,20.25,39.01710573,-76.94094867,"4456-4584 4950.xlsx",NA,NA,4.5588541,6.3508248,33.97192,58.4952698,33.16939929,1.016131968
"0241","BARC","2021-2022","5_11_12","41","2022-02-11","Wheat","2021-10-08","2022-06-29",846.8941382,379.7025372,55.16528926,4.921111111,39.02212,-76.8331,"FQ_5_2_22_JJ22-10251.csv",71.88471116,24.72714849,3.38814035,16.4082336,15.9526834,31.5865688,44.05894622,2.625317376
"0541","BARC","2021-2022","5_11_12","41","2022-05-02","Wheat","2021-10-08","2022-06-29",13291.33858,3205.5993,75.88204318,68.35,39.02212,-76.8331,"FQ_5_2_22_JJ22-10251.csv",52.48,45.19,2.34,14.34,25.22,49.41,32.33,2.2944
"1241","BARC","2022-2023","SE_1_8_A","41","2022-12-19","CerealRye","2022-10-10","2023-08-08",563.4295713,155.7305337,72.36024845,36.67,39.01886262,-76.94651871,"PSA-N_Decomp.xlsx",82.02,14.55,3.43,20.99,14.28,26.03,38.7,3.3584
"0242","BARC","2021-2022","5_11_12","42","2022-02-11","Wheat","2021-10-08","2022-06-29",727.9090114,278.2152231,61.77884615,3.091111111,39.02174,-76.8338,"FQ_5_2_22_JJ22-10251.csv",72.30440881,24.35798219,3.337609002,16.1019917,15.8192577,30.6430416,46.36112421,2.576318672
"0542","BARC","2021-2022","5_11_12","42","2022-05-02","Wheat","2021-10-08","2022-06-29",11251.09361,2941.382327,73.85692068,73.11,39.02174,-76.8338,"FQ_5_2_22_JJ22-10251.csv",51.98,45.41,2.61,13.2,25.76,49.87,33.33,2.112
"1242","BARC","2022-2023","SE_1_8_A","42","2022-12-19","CerealRye","2022-10-10","2023-08-08",386.7016623,108.4864392,71.94570136,25.22,39.01886377,-76.94689791,"PSA-N_Decomp.xlsx",79.82,15.34,4.84,20.09,19.98,28.38,36.68,3.2144
"0243","BARC","2021-2022","5_11_12","43","2022-02-11","Wheat","2021-10-08","2022-06-29",771.6535433,313.2108486,59.41043084,2.971111111,39.02101,-76.8338,"FQ_5_2_22_JJ22-10251.csv",69.72112226,26.50078423,3.778093509,12.8883133,17.3791637,32.8932838,48.25627617,2.062130128
"0543","BARC","2021-2022","5_11_12","43","2022-05-02","Wheat","2021-10-08","2022-06-29",11182.85214,2944.88189,73.66609294,67.28333,39.02101,-76.8338,"FQ_5_2_22_JJ22-10251.csv",52.28,45.62,2.1,13.57,23.96,49.47,35.65,2.1712
"1243","BARC","2022-2023","SE_1_8_A","43","2022-12-19","CerealRye","2022-10-10","2023-08-08",356.9553806,124.2344707,65.19607843,6.62,39.01911323,-76.94693633,"PSA-N_Decomp.xlsx",79.18,18.15,2.68,20.05,15.23,28.07,38.34,3.208
"0244","BARC","2021-2022","5_11_12","44","2022-02-11","Wheat","2021-10-08","2022-06-29",617.6727909,286.9641295,53.54107649,2.535555556,39.02121,-76.8331,"FQ_5_2_22_JJ22-10251.csv",71.18449962,25.3830386,3.432461772,15.1694069,15.9097567,31.7783432,46.33098722,2.427105104
"0544","BARC","2021-2022","5_11_12","44","2022-05-02","Wheat","2021-10-08","2022-06-29",5940.507437,1629.046369,72.57731959,63.555,39.02121,-76.8331,"FQ_5_2_22_JJ22-10251.csv",55.47,41.35,3.19,14.4,26.05,46.55,34.29,2.304
"1144","BARC","2022-2023","SE_1_8_A","44","2022-11-21","CerealRye","2022-10-10","2023-08-08",390.2012248,141.7322835,63.67713004,14.52,39.0195719,-76.94669577,"PSA-N_Decomp.xlsx",80.5,17.13,2.38,23.69,12.67,25.24,40.21,3.7904
"1244","BARC","2022-2023","SE_1_8_A","44","2022-12-19","CerealRye","2022-10-10","2023-08-08",920.3849519,271.216098,70.53231939,20.77,39.0195719,-76.94669577,"PSA-N_Decomp.xlsx",76.17,20.36,3.47,14.87,19.13,30.02,42.64,2.3792
"0245","BARC","2021-2022","5_11_12","45","2022-02-11","Wheat","2021-10-08","2022-06-29",768.1539808,372.7034121,51.48063781,5.054444444,39.02051,-76.8331,"FQ_5_2_22_JJ22-10251.csv",71.13589086,25.10735712,3.756752014,13.4361601,16.4939251,31.6032467,48.67986667,2.149785616
"1145","BARC","2022-2023","SE_1_8_A","45","2022-11-21","CerealRye","2022-10-10","2023-08-08",395.4505687,129.4838145,67.25663717,14.97,39.0191823,-76.94669066,"PSA-N_Decomp.xlsx",82,15.65,2.35,25.14,11.08,24.26,39.42,4.0224
"1245","BARC","2022-2023","SE_1_8_A","45","2022-12-19","CerealRye","2022-10-10","2023-08-08",559.9300087,183.7270341,67.1875,16.12,39.0191823,-76.94669066,"PSA-N_Decomp.xlsx",78.17,18.69,3.14,16.66,16.69,27.9,43.54,2.6656
"1146","BARC","2022-2023","SE_14","46","2022-11-21","CrimsonClover-CerealRye","2022-09-28","2023-08-16",503.9370079,180.2274716,64.23611111,33.41,39.01139449,-76.9418089,"PSA-N_Decomp.xlsx",81.88,15.05,3.07,20.11,14.66,24.06,45.37,3.2176
"1246","BARC","2022-2023","SE_14","46","2022-12-19","CrimsonClover-CerealRye","2022-09-28","2023-08-16",1725.284339,456.6929134,73.52941176,33.03,39.01139449,-76.9418089,"PSA-N_Decomp.xlsx",83.83,9.68,6.49,19.64,19.81,25.78,39.71,3.1424
"0346","BARC","2022-2023","SE_14","46","2023-03-22","CrimsonClover-CerealRye","2022-09-28","2023-08-16",2797.900262,687.664042,75.42213884,52.35,39.01139449,-76.9418089,"4456-4584 4950.xlsx",NA,NA,5.964077,19.8576164,22.5839767,29.325695,41.36055605,3.177218624
"0546","BARC","2022-2023","SE_14","46","2023-05-12","CrimsonClover-CerealRye","2022-09-28","2023-08-16",16974.62817,4852.143482,71.41531801,76.88,39.01139449,-76.9418089,"4456-4584 4950.xlsx",NA,NA,9.4767656,10.2754021,42.3247261,54.0667114,32.5692241,1.644064336
"1147","BARC","2022-2023","SE_14","47","2022-11-21","CrimsonClover-CerealRye","2022-09-28","2023-08-16",468.9413823,146.9816273,68.65671642,44.9,39.01140947,-76.94145536,"PSA-N_Decomp.xlsx",85.88,10.56,3.56,22.18,14.32,22.57,42.35,3.5488
"1247","BARC","2022-2023","SE_14","47","2022-12-19","CrimsonClover-CerealRye","2022-09-28","2023-08-16",1758.530184,496.9378828,71.74129353,47.65,39.01140947,-76.94145536,"PSA-N_Decomp.xlsx",81.01,14.87,4.12,18.41,15.2,25.06,45.69,2.9456
"0347","BARC","2022-2023","SE_14","47","2023-03-22","CrimsonClover-CerealRye","2022-09-28","2023-08-16",5924.759405,1340.332458,77.3774365,67.11,39.01140947,-76.94145536,"4456-4584 4950.xlsx",NA,NA,5.6794491,22.7833462,22.53405,27.6110382,39.35767707,3.645335392
"0547","BARC","2022-2023","SE_14","47","2023-05-12","CrimsonClover-CerealRye","2022-09-28","2023-08-16",15702.53718,3847.769029,75.49587698,79.35,39.01140947,-76.94145536,"4456-4584 4950.xlsx",NA,NA,7.9072442,11.4559727,44.0214233,58.6409378,25.39278445,1.832955632
"1248","BARC","2022-2023","SE_14","48","2022-12-19","CrimsonClover-CerealRye","2022-09-28","2023-08-16",1104.111986,344.7069116,68.77971474,43.41,39.01112899,-76.94146795,"PSA-N_Decomp.xlsx",82.84,10.52,6.63,19.01,19.19,27.34,37.72,3.0416
"0348","BARC","2022-2023","SE_14","48","2023-03-22","CrimsonClover-CerealRye","2022-09-28","2023-08-16",6013.99825,1636.045494,72.79604306,55.69,39.01112899,-76.94146795,"4456-4584 4950.xlsx",NA,NA,5.703794,15.6706028,26.501564,34.307209,38.06419193,2.507296448
"0548","BARC","2022-2023","SE_14","48","2023-05-12","CrimsonClover-CerealRye","2022-09-28","2023-08-16",14813.64829,3581.802275,75.82093078,76.29,39.01112899,-76.94146795,"4456-4584 4950.xlsx",NA,NA,7.831285,10.2276773,42.5845337,59.5487671,25.8126055,1.636428368
"1149","BARC","2022-2023","SE_14","49","2022-11-21","CrimsonClover-CerealRye","2022-09-28","2023-08-16",668.4164479,178.4776903,73.29842932,47.71,39.01113669,-76.94111822,"PSA-N_Decomp.xlsx",85,12.44,2.56,21.98,12.68,20.78,47.5,3.5168
"1249","BARC","2022-2023","SE_14","49","2022-12-19","CrimsonClover-CerealRye","2022-09-28","2023-08-16",937.8827647,262.4671916,72.01492537,45.41,39.01113669,-76.94111822,"PSA-N_Decomp.xlsx",83.76,12.3,3.93,20.46,13.66,22.37,46.78,3.2736
"0349","BARC","2022-2023","SE_14","49","2023-03-22","CrimsonClover-CerealRye","2022-09-28","2023-08-16",6901.137358,1504.811899,78.19472617,62.53,39.01113669,-76.94111822,"4456-4584 4950.xlsx",NA,NA,5.8302031,18.7122536,25.8699226,32.0622864,38.79029595,2.993960576
"0549","BARC","2022-2023","SE_14","49","2023-05-12","CrimsonClover-CerealRye","2022-09-28","2023-08-16",23517.06037,6423.447069,72.6860119,76.76,39.01113669,-76.94111822,"4456-4584 4950.xlsx",NA,NA,6.4531059,9.0167179,45.7835846,68.5213318,19.16965263,1.442674864
"1105","BARC","2022-2023","ND_5","05","2022-11-21","CerealRye","2022-10-10","2023-08-11",535.4330709,117.2353456,78.10457516,32.98,39.02823579,-76.93639443,"PSA-N_Decomp.xlsx",82.54,14.12,3.34,28.15,12.02,24.62,34.95,4.504
"1205","BARC","2022-2023","ND_5","05","2022-12-19","CerealRye","2022-10-10","2023-08-11",617.6727909,211.7235346,65.7223796,34.02,39.02823579,-76.93639443,"PSA-N_Decomp.xlsx",81.96,15.28,2.76,20.84,14.42,26.11,38.97,3.3344
"0305","BARC","2022-2023","ND_5","05","2023-03-22","CerealRye","2022-10-10","2023-08-11",3074.365704,925.6342957,69.89186113,20.13,39.02823579,-76.93639443,"4456-4584 4950.xlsx",NA,NA,2.7243979,15.2877398,20.8456955,34.1764145,41.24086492,2.446038368
"0505","BARC","2022-2023","ND_5","05","2023-05-12","CerealRye","2022-10-10","2023-08-11",20845.14436,5293.088364,74.60757156,32.74,39.02823579,-76.93639443,"4456-4584 4950.xlsx",NA,NA,5.6971068,5.5193858,43.0222206,73.7516174,19.07111392,0.883101728
"0205","BARC","2021-2022","SD_5","05","2022-02-11","CrimsonClover-CerealRye","2021-09-20","2022-06-24",1293.088364,488.1889764,62.24627876,2.256,39.01364,-76.9447,"FQ_5_2_22_JJ22-10251.csv",66.56976693,26.33871611,7.091516968,13.4301882,30.4657211,39.5989761,30.94798903,2.148830112
"0505","BARC","2021-2022","SD_5","05","2022-05-02","CrimsonClover-CerealRye","2021-09-20","2022-06-24",5562.554681,1137.35783,79.55331865,37.78667,39.01364,-76.9447,"FQ_5_2_22_JJ22-10251.csv",51.5,41.79,6.71,13.03,34.75,50.44,30.23,2.0848
"1150","BARC","2022-2023","SE_14","50","2022-11-21","CrimsonClover-CerealRye","2022-09-28","2023-08-16",600.1749781,180.2274716,69.97084548,52.01,39.01141418,-76.9411195,"PSA-N_Decomp.xlsx",84.25,13.13,2.63,22.32,13.42,21.17,47.06,3.5712
"1250","BARC","2022-2023","SE_14","50","2022-12-19","CrimsonClover-CerealRye","2022-09-28","2023-08-16",922.1347332,260.7174103,71.72675522,48.66,39.01141418,-76.9411195,"PSA-N_Decomp.xlsx",84.09,12.02,3.89,21.21,13.72,21.35,47.95,3.3936
"0350","BARC","2022-2023","SE_14","50","2023-03-22","CrimsonClover-CerealRye","2022-09-28","2023-08-16",5261.592301,1116.360455,78.78284004,62.75,39.01141418,-76.9411195,"4456-4584 4950.xlsx",NA,NA,5.6420579,19.6500797,23.7870598,29.9518471,41.2549343,3.144012752
"0550","BARC","2022-2023","SE_14","50","2023-05-12","CrimsonClover-CerealRye","2022-09-28","2023-08-16",17471.56605,4059.492563,76.76514772,81.28,39.01141418,-76.9411195,"4456-4584 4950.xlsx",NA,NA,6.659368,10.185544,42.1212234,62.6544037,23.76286766,1.62968704
"1151","BARC","2022-2023","SD_5","51","2022-11-21","CrimsonClover","2022-09-27","2023-08-16",661.4173228,215.2230971,67.46031746,53.8,39.01322331,-76.94602073,"PSA-N_Decomp.xlsx",85.49,9.68,4.83,22.11,14.85,22.05,44.17,3.5376
"1251","BARC","2022-2023","SD_5","51","2022-12-19","CrimsonClover","2022-09-27","2023-08-16",712.1609799,194.2257218,72.72727273,40.26,39.01322331,-76.94602073,"PSA-N_Decomp.xlsx",85.06,9.48,5.46,21.15,15.99,22.63,44.2,3.384
"0351","BARC","2022-2023","SD_5","51","2023-03-22","CrimsonClover","2022-09-27","2023-08-16",1819.772528,535.4330709,70.57692308,29.78,39.01322331,-76.94602073,"4456-4584 4950.xlsx",NA,NA,6.6724858,20.7866173,22.0977497,27.5567703,42.34438332,3.325858768
"0551","BARC","2022-2023","SD_5","51","2023-05-12","CrimsonClover","2022-09-27","2023-08-16",6439.195101,2332.458443,63.77717391,51.81,39.01322331,-76.94602073,"4456-4584 4950.xlsx",NA,NA,5.628757,9.9523993,44.0017242,71.3399353,15.39864207,1.592383888
"1152","BARC","2022-2023","SD_5","52","2022-11-21","CrimsonClover","2022-09-27","2023-08-16",498.687664,194.2257218,61.05263158,45.79,39.0135072,-76.94568649,"PSA-N_Decomp.xlsx",85.19,8.81,6,22.17,17.39,23.95,40.19,3.5472
"1252","BARC","2022-2023","SD_5","52","2022-12-19","CrimsonClover","2022-09-27","2023-08-16",435.6955381,132.9833771,69.47791165,41.57,39.0135072,-76.94568649,"PSA-N_Decomp.xlsx",84.7,11.17,4.14,20.57,13.49,22.41,45.43,3.2912
"0352","BARC","2022-2023","SD_5","52","2023-03-22","CrimsonClover","2022-09-27","2023-08-16",2134.733158,635.1706037,70.24590164,28.14,39.0135072,-76.94568649,"4456-4584 4950.xlsx",NA,NA,6.9348431,21.3526115,22.1918354,27.2872219,41.63347923,3.41641784
"0552","BARC","2022-2023","SD_5","52","2023-05-12","CrimsonClover","2022-09-27","2023-08-16",6925.634296,2131.233596,69.22688226,58.27,39.0135072,-76.94568649,"4456-4584 4950.xlsx",NA,NA,5.928031,7.512455,46.7310371,76.2609406,15.11607394,1.2019928
"1253","BARC","2022-2023","SD_5","53","2022-12-19","CrimsonClover","2022-09-27","2023-08-16",948.3814523,283.4645669,70.11070111,29.91,39.01377517,-76.94534559,"PSA-N_Decomp.xlsx",81.69,10.86,7.45,19.83,20.79,27.32,38.56,3.1728
"0353","BARC","2022-2023","SD_5","53","2023-03-22","CrimsonClover","2022-09-27","2023-08-16",1433.070866,463.6920385,67.64346764,17.5,39.01377517,-76.94534559,"4456-4584 4950.xlsx",NA,NA,6.9140759,21.5923595,23.1668205,27.8237286,40.3231185,3.45477752
"0553","BARC","2022-2023","SD_5","53","2023-05-12","CrimsonClover","2022-09-27","2023-08-16",10253.71829,3508.311461,65.78498294,43.6,39.01377517,-76.94534559,"4456-4584 4950.xlsx",NA,NA,9.7134657,13.1037426,38.7058144,48.0620117,34.23913362,2.096598816
"1254","BARC","2022-2023","SD_5","54","2022-12-19","CrimsonClover","2022-09-27","2023-08-16",769.903762,229.2213473,70.22727273,32.05,39.01350307,-76.94499359,"PSA-N_Decomp.xlsx",82.12,12.39,5.49,18.43,15.99,24.77,45.48,2.9488
"0354","BARC","2022-2023","SD_5","54","2023-03-22","CrimsonClover","2022-09-27","2023-08-16",1314.085739,402.4496938,69.37416778,18.37,39.01350307,-76.94499359,"4456-4584 4950.xlsx",NA,NA,7.5109148,19.1474152,26.8559399,31.2779942,37.64006749,3.063586432
"0554","BARC","2022-2023","SD_5","54","2023-05-12","CrimsonClover","2022-09-27","2023-08-16",4503.937008,1861.767279,58.66355866,50.86,39.01350307,-76.94499359,"4456-4584 4950.xlsx",NA,NA,7.000361,5.2242451,46.6852951,73.260437,21.71853639,0.835879216
"0355","BARC","2022-2023","SD_5","55","2023-03-22","CrimsonClover","2022-09-27","2023-08-16",566.9291339,197.7252843,65.12345679,8.18,39.01379124,-76.94465423,"4456-4584 4950.xlsx",NA,NA,6.9740491,24.8725052,22.3238068,25.4840794,38.52319696,3.979600832
"0555","BARC","2022-2023","SD_5","55","2023-05-12","CrimsonClover","2022-09-27","2023-08-16",6757.655293,2178.47769,67.76281719,29.83,39.01379124,-76.94465423,"4456-4584 4950.xlsx",NA,NA,9.9334564,13.1956425,42.2287102,50.0527802,30.77440791,2.1113028
"1106","BARC","2022-2023","NC_2_B","06","2022-11-21","Barley","2022-10-09","2023-08-09",437.4453193,146.9816273,66.4,20.96,39.03362413,-76.93825147,"PSA-N_Decomp.xlsx",72.9,25.04,2.06,20.6,18.29,32.48,35.21,3.296
"1206","BARC","2022-2023","NC_2_B","06","2022-12-19","Barley","2022-10-09","2023-08-09",624.671916,176.727909,71.70868347,15.76,39.03362413,-76.93825147,"PSA-N_Decomp.xlsx",67.74,29.9,2.36,19.44,18.15,36.46,33.38,3.1104
"0306","BARC","2022-2023","NC_2_B","06","2023-03-22","Barley","2022-10-09","2023-08-09",1839.020122,558.1802275,69.64795433,8.42,39.03362413,-76.93825147,"4456-4584 4950.xlsx",NA,NA,2.0616579,15.7790489,22.782341,43.6206932,32.81891242,2.524647824
"0506","BARC","2022-2023","NC_2_B","06","2023-05-12","Barley","2022-10-09","2023-08-09",6089.238845,1783.027122,70.7183908,27.62,39.03362413,-76.93825147,"4456-4584 4950.xlsx",NA,NA,4.3663082,8.3087025,34.2067451,62.1359634,27.20031554,1.3293924
"0206","BARC","2021-2022","SE_14","06","2022-02-11","Barley","2021-10-02","2022-09-13",783.9020122,309.7112861,60.49107143,18.33333333,39.01136,-76.9416,"FQ_5_2_22_JJ22-10251.csv",54.39399928,40.38259717,5.223403543,14.274168,32.1478958,48.8275261,17.71289073,2.28386688
"0506","BARC","2021-2022","SE_14","06","2022-05-02","Barley","2021-10-02","2022-09-13",14913.38583,3924.759405,73.68297548,68.60167,39.01136,-76.9416,"FQ_5_2_22_JJ22-10251.csv",42.15,53.54,4.31,6.73,35.19,59.31,30.07,1.0768
"1207","BARC","2022-2023","NC_2_B","07","2022-12-19","Barley","2022-10-09","2023-08-09",815.3980752,229.2213473,71.88841202,14.9,39.03362185,-76.93793189,"PSA-N_Decomp.xlsx",72.95,24.67,2.38,14.87,19.1,31.66,43.29,2.3792
"0307","BARC","2022-2023","NC_2_B","07","2023-03-22","Barley","2022-10-09","2023-08-09",1417.322835,451.4435696,68.14814815,6.25,39.03362185,-76.93793189,"4456-4584 4950.xlsx",NA,NA,2.842541,12.0630627,24.3802681,42.3927956,38.94307439,1.930090032
"0507","BARC","2022-2023","NC_2_B","07","2023-05-12","Barley","2022-10-09","2023-08-09",5811.023622,1872.265967,67.78078892,16.23,39.03362185,-76.93793189,"4456-4584 4950.xlsx",NA,NA,4.6067138,8.8511944,30.4259357,53.0079536,35.97402575,1.416191104
"0207","BARC","2021-2022","SE_14","07","2022-02-11","Barley","2021-10-02","2022-09-13",983.3770779,328.9588801,66.5480427,14.44,39.01118,-76.9414,"FQ_5_2_22_JJ22-10251.csv",62.44459668,33.18176458,4.373638738,13.6446915,28.0656624,42.7159576,26.82810213,2.18315064
"0507","BARC","2021-2022","SE_14","07","2022-05-02","Barley","2021-10-02","2022-09-13",6062.992126,1678.040245,72.32323232,NA,39.01118,-76.9414,"FQ_5_2_22_JJ22-10251.csv",46,50.9,3.1,8.41,29.88,55.87,34.4,1.3456
"1108","BARC","2022-2023","NC_2_B","08","2022-11-21","Barley","2022-10-09","2023-08-09",738.407699,216.9728784,70.61611374,26.42,39.03337876,-76.93788319,"PSA-N_Decomp.xlsx",80.98,17.41,1.6,22.09,13.03,25.54,40.93,3.5344
"1208","BARC","2022-2023","NC_2_B","08","2022-12-19","Barley","2022-10-09","2023-08-09",1287.83902,360.4549431,72.01086957,19.21,39.03337876,-76.93788319,"PSA-N_Decomp.xlsx",71.92,25.76,2.32,15.42,19.13,32.85,41.16,2.4672
"0308","BARC","2022-2023","NC_2_B","08","2023-03-22","Barley","2022-10-09","2023-08-09",1321.084864,439.1951006,66.75496689,8.03,39.03337876,-76.93788319,"4456-4584 4950.xlsx",NA,NA,2.464241,12.1214037,24.2660198,43.1833954,38.36763578,1.939424592
"0208","BARC","2021-2022","SE_14","08","2022-02-11","Barley","2021-10-02","2022-09-13",1455.818023,484.6894138,66.70673077,18.75555556,39.01136,-76.9412,"FQ_5_2_22_JJ22-10251.csv",64.69892916,31.18415598,4.116914859,15.19837,26.2835674,40.8695068,27.71473738,2.4317392
"0508","BARC","2021-2022","SE_14","08","2022-05-02","Barley","2021-10-02","2022-09-13",6026.246719,1625.546807,73.02555168,73.99167,39.01136,-76.9412,"FQ_5_2_22_JJ22-10251.csv",40.93,56.06,3.01,8.07,31.57,60.93,29.62,1.2912
"1109","BARC","2022-2023","NC_2_B","09","2022-11-21","Barley","2022-10-09","2023-08-09",612.4234471,188.976378,69.14285714,26.59,39.03309862,-76.93811538,"PSA-N_Decomp.xlsx",76.07,21.6,2.33,19.6,17.1,29.48,39.84,3.136
"1209","BARC","2022-2023","NC_2_B","09","2022-12-19","Barley","2022-10-09","2023-08-09",663.1671041,192.4759405,70.9762533,24.79,39.03309862,-76.93811538,"PSA-N_Decomp.xlsx",73.77,24.06,2.18,18.6,16.48,31.04,39.95,2.976
"0309","BARC","2022-2023","NC_2_B","09","2023-03-22","Barley","2022-10-09","2023-08-09",1461.067367,491.6885389,66.34730539,9.38,39.03309862,-76.93811538,"4456-4584 4950.xlsx",NA,NA,2.539036,12.2057772,26.5649185,48.050663,32.09601831,1.952924352
"0509","BARC","2022-2023","NC_2_B","09","2023-05-12","Barley","2022-10-09","2023-08-09",6176.727909,2110.23622,65.83569405,21.39,39.03309862,-76.93811538,"4456-4584 4950.xlsx",NA,NA,4.2459512,7.6614838,32.9565277,60.0911255,31.36639959,1.225837408
"0209","BARC","2021-2022","SE_14","09","2022-02-11","Barley","2021-10-02","2022-09-13",1112.860892,442.6946632,60.22012579,20.21888889,39.01154,-76.9414,"FQ_5_2_22_JJ22-10251.csv",62.98742917,33.0309192,3.981651635,15.4390869,24.9392147,41.5476036,28.95996255,2.470253904
"0509","BARC","2021-2022","SE_14","09","2022-05-02","Barley","2021-10-02","2022-09-13",12766.4042,3543.307087,72.24506579,77.025,39.01154,-76.9414,"FQ_5_2_22_JJ22-10251.csv",41.67,54.3,4.03,6.15,34.31,59.94,31.22,0.984
"04Blue","ES","2022-2023","10103","Blue","2023-04-04","Wheat","2022-10-14",NA,2546,610.6736658,76.0137457,74.55,38.90283141,-76.01672354,"4456-4584 4950.xlsx",NA,NA,2.4304049,16.4869804,23.4055977,39.1442642,36.36802509,2.637916864
"04Blue","ES","2022-2023","15549","Blue","2023-04-04","Triticale","2022-10-29","2023-05-27",12385,2145.231846,82.6787228,96.69,39.00656881,-75.86707283,"4456-4584 4950.xlsx",NA,NA,1.802632,18.324585,26.6738319,52.1489029,23.2408084,2.9319336
"04Blue","ES","2022-2023","19998","Blue","2023-04-04","CerealRye","2022-10-31","2023-04-07",1382,348.2064742,74.81012658,3.14,38.87808194,-76.06999985,"4456-4584 4950.xlsx",NA,NA,1.933805,14.0698347,22.395462,39.473568,39.74784396,2.251173552
"04Blue","ES","2022-2023","20140","Blue","2023-04-04","Triticale","2022-10-18","2023-06-06",10212,1800.524934,82.36806032,95.68,38.99652034,-75.86720219,"4456-4584 4950.xlsx",NA,NA,2.0022659,15.9594498,28.437088,53.6075668,24.71549208,2.553511968
"04Blue","ES","2022-2023","20525","Blue","2023-04-04","CerealRye","2022-09-15","2023-05-19",12520,2673.665792,78.64430468,94.29,38.99578831,-75.87334329,"4456-4584 4950.xlsx",NA,NA,2.4234879,12.815958,28.8955879,54.6527519,28.69771483,2.05055328
"04Blue","ES","2022-2023","6730","Blue","2023-04-04","Wheat","2022-10-14",NA,7545,0,100,88.75,38.90013839,-76.02134634,"4456-4584 4950.xlsx",NA,NA,1.951755,19.225214,25.0464954,42.4421844,29.19799191,3.07603424
"04Blue","ES","2022-2023","H4","Blue","2023-04-03","Wheat","2022-11-03","2023-04-11",2516,568.6789151,77.39916551,41.45,38.8485401,-75.94496092,"4456-4584 4950.xlsx",NA,NA,2.25634,21.597477,22.5393696,41.7338295,28.30627937,3.45559632
"04Blue","ES","2022-2023","H9","Blue","2023-04-03","Wheat","2022-11-04","2023-05-19",1732,370.9536308,78.58585859,32.78,38.853371,-75.96826181,"4456-4584 4950.xlsx",NA,NA,2.080574,14.6692533,23.3836517,40.0690536,38.08979315,2.347080528
"12Orange","ES","2022-2023","15549","Orange","2022-12-20","Triticale","2022-10-29","2023-05-27",731,162.7296588,77.75119617,44.87,39.007408,-75.866722,"PSA-N_Decomp.xlsx",77.4,19.53,3.06,24.33,15.54,30.23,30.86,3.8928
"12Orange","ES","2022-2023","17779","Orange","2022-12-20","Barley","2022-10-10","2023-05-13",283,92.7384077,67.28395062,14.9,39.154972,-75.849258,"PSA-N_Decomp.xlsx",72.27,25.32,2.41,15.94,19.74,33.09,39.56,2.5504
"12Orange","ES","2022-2023","17789","Orange","2022-12-20","Wheat","2022-09-20","2023-03-20",556,157.480315,71.69811321,14.13,39.002239,-76.033073,"PSA-N_Decomp.xlsx",77.46,19.12,3.43,23.72,12.64,28.73,35.42,3.7952
"12Orange","ES","2022-2023","20140","Orange","2022-12-20","Triticale","2022-10-18","2023-06-06",2619,519.6850394,80.16032064,80.31,38.996662,-75.867943,"PSA-N_Decomp.xlsx",76.19,21.13,2.68,21.35,16,30.63,34.75,3.416
"12Orange","ES","2022-2023","20525","Orange","2022-12-20","CerealRye","2022-09-15","2023-05-19",6684,1340.332458,79.94764398,94.46,38.995758,-75.87381,"PSA-N_Decomp.xlsx",66.86,30.71,2.43,19.15,20.19,37.59,31.91,3.064
"12Orange","ES","2022-2023","26049","Orange","2022-12-20","CerealRye","2022-10-20","2023-04-19",1332,309.7112861,76.74113009,52.61,39.015873,-75.947624,"PSA-N_Decomp.xlsx",80.98,15.98,3.04,22.18,13.04,26.24,38.14,3.5488
"12Orange","ES","2022-2023","7637","Orange","2022-12-20","Legume/Cereal","2022-09-24","2023-05-04",1697,454.9431321,73.19587629,63.01,39.026089,-75.948555,"PSA-N_Decomp.xlsx",82.18,15.54,2.29,18.52,12.89,24.41,45.55,2.9632
"12Orange","ES","2022-2023","9372","Orange","2022-12-20","Legume/Cereal","2022-09-08","2023-03-28",1435,372.7034121,74.02439024,23.83,39.089352,-75.999664,"PSA-N_Decomp.xlsx",82.26,14.63,3.1,19.62,13.96,23.68,46.42,3.1392
"04Red","ES","2022-2023","10103","Red","2023-04-04","Wheat","2022-10-14",NA,1976,400.6999125,79.71656333,59.1,38.9031861,-76.01631069,"4456-4584 4950.xlsx",NA,NA,3.4558859,20.0712719,24.074131,36.6316414,33.1122934,3.211403504
"12Red","ES","2022-2023","15549","Red","2022-12-20","Triticale","2022-10-29","2023-05-27",574,143.4820647,75,36.4,39.006664,-75.866531,"PSA-N_Decomp.xlsx",75.94,21.48,2.58,18.68,16.81,30.12,39.13,2.9888
"04Red","ES","2022-2023","15549","Red","2023-04-04","Triticale","2022-10-29","2023-05-27",12248,2127.734033,82.62857143,95.43,39.00711774,-75.86691285,"4456-4584 4950.xlsx",NA,NA,1.761714,18.5633888,28.2088814,53.7591553,22.28813757,2.970142208
"12Red","ES","2022-2023","17779","Red","2022-12-20","Barley","2022-10-10","2023-05-13",401,111.9860017,72.05240175,14.03,39.156357,-75.84919,"PSA-N_Decomp.xlsx",74.26,23.3,2.44,20.23,17.73,32.29,33.95,3.2368
"12Red","ES","2022-2023","17789","Red","2022-12-20","Wheat","2022-09-20","2023-03-20",513,143.4820647,72.01365188,16.25,39.003014,-76.032127,"PSA-N_Decomp.xlsx",79.45,17.54,3.02,21.78,13.05,27.1,38.96,3.4848
"04Red","ES","2022-2023","19998","Red","2023-04-04","CerealRye","2022-10-31","2023-04-07",527,192.4759405,63.4551495,1.61,38.87809387,-76.07074628,"4456-4584 4950.xlsx",NA,NA,1.5806791,16.3463249,20.0324402,35.5317841,40.93805079,2.615411984
"12Red","ES","2022-2023","20140","Red","2022-12-20","Triticale","2022-10-18","2023-06-06",2219,481.1898513,78.31230284,72.12,38.996109,-75.866867,"PSA-N_Decomp.xlsx",74.97,22.85,2.18,18.04,18.67,31.82,36.38,2.8864
"04Red","ES","2022-2023","20140","Red","2023-04-04","Triticale","2022-10-18","2023-06-06",11171,2064.741907,81.51629073,96.26,38.99597851,-75.86744614,"4456-4584 4950.xlsx",NA,NA,1.898221,17.6780453,26.7303867,51.3872604,25.24682363,2.828487248
"12Red","ES","2022-2023","20525","Red","2022-12-20","CerealRye","2022-09-15","2023-05-19",5445,1294.838145,76.22107969,93.1,38.995815,-75.872627,"PSA-N_Decomp.xlsx",66.2,31.8,2,13.37,20.6,37.8,38.81,2.1392
"04Red","ES","2022-2023","20525","Red","2023-04-04","CerealRye","2022-09-15","2023-05-19",9759,2078.740157,78.69822485,88.12,38.99569253,-75.87441869,"4456-4584 4950.xlsx",NA,NA,2.1685679,13.4226475,26.6514702,53.3737526,30.06076568,2.1476236
"12Red","ES","2022-2023","2365","Red","2022-12-20","Barley","2022-10-10","2023-05-12",310,90.98862642,70.62146893,10.36,39.121555,-75.996803,"PSA-N_Decomp.xlsx",76.55,20.96,2.49,18.27,16.43,29.51,40.39,2.9232
"12Red","ES","2022-2023","26049","Red","2022-12-20","CerealRye","2022-10-20","2023-04-19",779,201.2248469,74.15730337,17.09,39.017143,-75.948219,"PSA-N_Decomp.xlsx",78.28,18.53,3.19,21.31,14.86,28.46,36.99,3.4096
"04Red","ES","2022-2023","6730","Red","2023-04-04","Wheat","2022-10-14",NA,4079,792.6509186,80.56628057,83.56,38.90130161,-76.02145392,"4456-4584 4950.xlsx",NA,NA,1.646391,20.1072807,23.7559376,43.4808159,27.39789471,3.217164912
"12Red","ES","2022-2023","7637","Red","2022-12-20","Legume/Cereal","2022-09-24","2023-05-04",2990,850.3937008,71.56231714,67.18,39.025341,-75.947449,"PSA-N_Decomp.xlsx",80.74,15.83,3.43,17.58,15.81,26.81,42.44,2.8128
"12Red","ES","2022-2023","9372","Red","2022-12-20","Legume/Cereal","2022-09-08","2023-03-28",1347,316.7104112,76.49350649,30.38,39.088821,-75.999924,"PSA-N_Decomp.xlsx",82.69,13.81,3.5,20.57,15.05,23.4,45.67,3.2912
"04Red","ES","2022-2023","H4","Red","2023-04-03","Wheat","2022-11-03","2023-04-11",1083,353.455818,67.36672052,37.11,38.84800699,-75.944962,"4456-4584 4950.xlsx",NA,NA,1.7330869,17.9898586,20.1671066,36.5735741,36.91258139,2.878377376
"04Red","ES","2022-2023","H9","Red","2023-04-03","Wheat","2022-11-04","2023-05-19",1402,391.9510061,72.0349563,48.96,38.8545419,-75.96851285,"4456-4584 4950.xlsx",NA,NA,1.577141,19.3292885,21.9038353,38.9517288,32.27124012,3.09268616
"04Yellow","ES","2022-2023","10103","Yellow","2023-04-04","Wheat","2022-10-14",NA,2266,573.928259,74.67181467,55.64,38.90375461,-76.01625752,"4456-4584 4950.xlsx",NA,NA,1.682272,16.2958851,22.2415085,40.8018913,35.36727009,2.607341616
"12Yellow","ES","2022-2023","15549","Yellow","2022-12-20","Triticale","2022-10-29","2023-05-27",663,150.4811899,77.30870712,42.72,39.007004,-75.867622,"PSA-N_Decomp.xlsx",77.47,19.89,2.64,22.21,15.19,29.22,35.63,3.5536
"04Yellow","ES","2022-2023","15549","Yellow","2023-04-04","Triticale","2022-10-29","2023-05-27",8761,1592.300962,81.82544438,92.31,39.00750003,-75.86660797,"4456-4584 4950.xlsx",NA,NA,1.718727,20.9919491,25.0330505,49.535202,22.31206814,3.358711856
"04Yellow","ES","2022-2023","16995","Yellow","2023-04-04","CerealRye","2022-10-20","2023-04-07",2810,794.4006999,71.73100872,5.39,38.8880537,-76.02125498,"4456-4584 4950.xlsx",NA,NA,1.55239,11.0277767,22.4007931,43.7541275,42.12497473,1.764444272
"12Yellow","ES","2022-2023","17789","Yellow","2022-12-20","Wheat","2022-09-20","2023-03-20",425,118.9851269,72.01646091,13.72,39.002445,-76.031929,"PSA-N_Decomp.xlsx",78.24,18.61,3.15,23.8,12.54,27.92,36.31,3.808
"04Yellow","ES","2022-2023","19998","Yellow","2023-04-04","CerealRye","2022-10-31","2023-04-07",2542,731.4085739,71.23193393,7.05,38.87887191,-76.07050289,"4456-4584 4950.xlsx",NA,NA,1.554123,14.3632584,21.3895817,39.9383392,39.70551604,2.298121344
"12Yellow","ES","2022-2023","20140","Yellow","2022-12-20","Triticale","2022-10-18","2023-06-06",1349,302.712161,77.5616083,69.18,38.996883,-75.867325,"PSA-N_Decomp.xlsx",76.9,20.66,2.44,19.19,16.88,29.73,38.45,3.0704
"04Yellow","ES","2022-2023","20140","Yellow","2023-04-04","Triticale","2022-10-18","2023-06-06",9449,1844.269466,80.48148148,95.16,38.99601373,-75.86681372,"4456-4584 4950.xlsx",NA,NA,1.816825,16.9703369,26.3357601,52.7911568,24.45614718,2.715253904
"12Yellow","ES","2022-2023","20525","Yellow","2022-12-20","CerealRye","2022-09-15","2023-05-19",5277,1242.344707,76.45888594,93.68,38.99585,-75.873222,"PSA-N_Decomp.xlsx",66.79,30.95,2.26,15.54,20.69,37.85,34.89,2.4864
"04Yellow","ES","2022-2023","20525","Yellow","2023-04-04","CerealRye","2022-09-15","2023-05-19",11540,2556.430446,77.84685368,93.7,38.99539139,-75.87371737,"4456-4584 4950.xlsx",NA,NA,1.723093,13.3969841,25.1797485,50.7751389,32.15961262,2.143517456
"12Yellow","ES","2022-2023","2365","Yellow","2022-12-20","Barley","2022-10-10","2023-05-12",241,69.99125109,71.01449275,8.71,39.122036,-75.995636,"PSA-N_Decomp.xlsx",73.55,23.79,2.65,21.53,16.49,31.78,35.24,3.4448
"12Yellow","ES","2022-2023","26049","Yellow","2022-12-20","CerealRye","2022-10-20","2023-04-19",689,188.976378,72.58883249,32.43,39.016354,-75.947861,"PSA-N_Decomp.xlsx",76.84,20.27,2.89,19.98,15.44,30.02,36.46,3.1968
"04Yellow","ES","2022-2023","6730","Yellow","2023-04-04","Wheat","2022-10-14",NA,8817,1462.817148,83.40940663,86.49,38.90064587,-76.02088858,"4456-4584 4950.xlsx",NA,NA,1.261117,22.6546707,25.1484795,45.5260849,23.45705274,3.624747312
"12Yellow","ES","2022-2023","7637","Yellow","2022-12-20","Legume/Cereal","2022-09-24","2023-05-04",3585,934.3832021,73.93850659,67.99,39.025589,-75.948502,"PSA-N_Decomp.xlsx",84.32,12.53,3.15,18.64,15.71,26.33,38.66,2.9824
"12Yellow","ES","2022-2023","9372","Yellow","2022-12-20","Legume/Cereal","2022-09-08","2023-03-28",2219,568.6789151,74.36908517,23.82,39.089897,-75.999771,"PSA-N_Decomp.xlsx",81.95,14.75,3.3,20.09,14.75,24.22,45.05,3.2144
"04Yellow","ES","2022-2023","H4","Yellow","2023-04-03","Wheat","2022-11-03","2023-04-11",1580,348.2064742,77.96234773,49.93,38.84777798,-75.94553398,"4456-4584 4950.xlsx",NA,NA,1.754823,21.1312294,21.1206131,36.1592712,32.63365708,3.380996704
"04Yellow","ES","2022-2023","H9","Yellow","2023-04-03","Wheat","2022-11-04","2023-05-19",3680,906.3867017,75.36852116,41.5,38.85393498,-75.96847497,"4456-4584 4950.xlsx",NA,NA,1.643855,12.7160749,24.5596809,43.2208023,38.07487086,2.034571984
