Account#,Sample#,Date_Processed,Sampled_By,Sampled_For,Description1,Product_Type,Test_Mode,Moisture,Dry_Matter,pH,CP,AD-ICP,ND-ICP_w/oNa2SO3,ND-ICP_w/Na2SO3,SP%CP,ADF,aNDF,aNDFom,Lignin,uNDFom48,NDFD48,uNDFom240,NDFD240,WSC(Sugar),ESC(Sugar),Starch,EE(Fat),TFA(Fat),Ash,Ca,P,Mg,K,S,Adj_CP,NFC,TDN_ADF,NEL3x_ADF,NEG_ADF,NEM_ADF,TDN_OARDC,NEL3x_OARDC,NEG_OARDC,NEM_OARDC,TDN_Milk2013,NEL3x_Milk2013,NEM_Milk2013,NEG_Milk2013,Milk/Ton_Milk2013,RFV,RFQ
7592,00116060046533,6/23/2016,Cornell University,MUSGRAVE 814,B4 Date5 Blk2,7,N9,9.19,90.81,5.56,13.9,0.48,2.22,1.93,50.36,37.28,63.47,60.33,4.64,21.49,64.38,12.78,78.82,7.82,3.61,2,2.25,0.95,9.14,0.31,0.39,0.2,3.01,0.18,13.9,16.61,64.65,66.54,27.51,52.98,57.56,58.65,31.97,57.85,54.65,62.76,53.42,27.91,2882,87.7,105.32
7592,00116060046534,6/23/2016,Cornell University,MUSGRAVE 815,B4 Date5 Blk3,7,N9,8.97,91.03,5.71,16.22,0.51,2.6,2.1,52.53,33.9,59.68,56.41,4.05,17.31,69.31,11.13,80.27,8.84,4.05,1.32,2.34,0.95,9.35,0.34,0.4,0.21,3.34,0.21,16.22,18.17,65.69,67.7,29.77,55.45,59.52,60.83,35.52,61.75,58.37,65.19,59.86,33.81,3077,97.37,125.66
7592,00116060046535,6/23/2016,Cornell University,MUSGRAVE 816,B4 Date5 Blk4,7,N9,8.25,91.75,5.68,13.49,0.57,2.16,2.03,48.04,35.07,62.03,60.43,4.18,21.28,64.79,14.04,76.77,9.38,4.24,2.26,2.11,0.91,8.88,0.29,0.35,0.18,2.99,0.18,13.49,17.32,65.33,67.3,27.95,53.46,58.44,59.63,32.91,58.87,55.07,63.15,53.84,28.3,2910,92.13,110.05
7592,00116060046536,6/23/2016,Cornell University,MUSGRAVE 817,B4 Date6 Blk1,7,N9,8.99,91.01,5.35,11.18,0.47,1.79,1.6,47.76,35.32,59.68,58.8,4.75,20.36,65.37,16.39,72.13,12.41,6.22,4.64,2.19,1.14,7.81,0.28,0.32,0.17,2.63,0.15,11.18,21.67,65.25,67.21,28.1,53.62,59.21,60.48,32.97,58.94,57.33,65.78,56.11,30.38,3084,95.65,119.06
7592,00116060046537,6/23/2016,Cornell University,MUSGRAVE 818,B4 Date6 Blk2,7,N9,8.61,91.39,5.35,11.15,0.55,1.78,1.67,48.43,36.55,61.28,59.51,4.94,22.72,61.82,15.85,73.37,11.99,6.85,3.26,2.16,1.06,8.59,0.3,0.32,0.17,2.71,0.15,11.15,20.36,64.87,66.79,27.45,52.92,57.76,58.87,31,56.79,54.52,63.61,51.98,26.59,2916,91.82,105.2
7592,00116060046538,6/23/2016,Cornell University,MUSGRAVE 819,B4 Date6 Blk3,7,N9,8.87,91.13,5.49,12.97,0.61,2.08,1.75,53.66,36.51,61.27,57.85,4.74,21.14,63.46,13.8,76.15,10.05,6.4,2.2,2.06,0.78,9.77,0.34,0.35,0.2,2.97,0.17,12.97,19.38,64.88,66.8,28.07,53.59,57.06,58.09,30.82,56.59,54.51,62.62,52.78,27.32,2865,91.86,106.17
7592,00116060046539,6/23/2016,Cornell University,MUSGRAVE 820,B4 Date6 Blk4,7,N9,8.88,91.12,5.32,10.3,0.46,1.65,1.54,46.6,35.8,60.13,58.81,4.87,21.24,63.88,16.27,72.33,13.32,6.05,4.26,2.24,1.2,7.99,0.28,0.3,0.17,2.57,0.14,10.3,22.24,65.1,67.04,27.61,53.09,58.88,60.12,32.16,58.06,56.54,65.36,54.58,28.98,3045,94.59,113.94
7592,00116060046540,6/23/2016,Cornell University,MUSGRAVE 821,B4 Date7 Blk1,7,N9,8.25,91.75,5.69,11.61,0.57,1.86,1.93,36.61,33.79,56.01,54.4,5.12,20.35,62.59,17.56,67.72,13.41,6.98,5.9,2.46,1.52,7.9,0.3,0.3,0.18,2.46,0.16,11.61,25.5,65.73,67.74,29.68,55.34,60.24,61.63,34.48,60.61,58.63,67.97,58.23,32.32,3203,103.81,121.96
7592,00116060046541,6/23/2016,Cornell University,MUSGRAVE 822,B4 Date7 Blk2,7,N9,8.79,91.21,5.5,9.4,0.55,1.5,1.54,34.15,33.34,53.1,51.58,5.34,19.34,62.5,15.75,69.46,14.98,8.01,8.56,2.45,1.59,7.01,0.3,0.27,0.18,2.26,0.13,9.4,30.96,65.86,67.89,30.1,55.8,61.56,63.1,35.25,61.45,60.82,70.57,60.38,34.28,3370,110.25,132.04
7592,00116060046542,6/23/2016,Cornell University,MUSGRAVE 823,B4 Date Blk3,7,N9,8.64,91.36,5.72,11.71,0.6,1.87,1.94,36.29,34.09,55.16,53.58,5.35,19.65,63.33,14.73,72.51,13.56,7,5.95,2.34,1.48,8.2,0.34,0.3,0.19,2.51,0.16,11.71,25.97,65.63,67.63,30.05,55.75,59.75,61.09,33.88,59.94,58.99,68.04,58.78,32.82,3214,105.35,125.78
7592,00116060046543,6/23/2016,Cornell University,MUSGRAVE 824,B4 Date7 Blk4,7,N9,8.36,91.64,5.38,8.75,0.5,1.4,1.29,35.31,31.49,49.49,48.08,5.39,19.57,59.3,17.15,64.33,14.47,9.99,12.58,2.67,1.8,6.6,0.27,0.27,0.15,2.04,0.12,8.75,35.06,66.44,68.53,31.33,57.15,63.16,64.88,37.07,63.46,61.84,72.55,61.57,35.36,3471,120.76,136.51
7592,00116060046544,6/23/2016,Cornell University,MUSGRAVE 825,B4 Date8 Blk1,7,N9,8.35,91.65,5.37,8.34,0.54,1.33,1.35,29.86,32.09,50.5,49.06,5.45,20.67,57.87,17.32,64.7,12.7,5.88,15.23,2.75,1.78,6.27,0.24,0.26,0.15,1.81,0.11,8.34,34.9,66.25,68.32,30.79,56.56,63.04,64.75,36.72,63.08,61.14,72.28,60.4,34.3,3441,117.89,130.67
7592,00116060046545,6/23/2016,Cornell University,MUSGRAVE 826,B4 Date8 Blk2,7,N9,8.02,91.98,5.57,9.18,0.66,1.47,1.51,30.28,33.52,51.77,50.29,5.8,21.2,57.84,18.21,63.79,11.91,4.87,12.06,2.5,1.65,7.36,0.3,0.27,0.16,2.05,0.13,9.18,32.03,65.81,67.83,30.57,56.32,60.85,62.31,34.2,60.29,59.32,70.04,58.14,32.24,3297,112.92,124.13
7592,00116060046546,6/23/2016,Cornell University,MUSGRAVE 827,B4 Date8 Blk3,7,N9,8.05,91.95,5.54,9.53,0.73,1.52,1.61,32.11,32.09,49.27,47.87,5.82,20.65,56.86,18.21,61.96,11.58,9.95,14.5,2.51,1.63,7.28,0.32,0.27,0.17,1.89,0.13,9.53,34.3,66.25,68.32,31.68,57.53,61.58,63.12,35.26,61.46,60.28,71.19,59.68,33.64,3362,120.87,130.05
7592,00116060046547,6/23/2016,Cornell University,MUSGRAVE 828,B4 Date8 Blk4,7,N9,8.29,91.71,5.47,8.28,0.57,1.32,1.33,29.71,31.55,48.62,47.23,5.73,20.54,56.51,17.32,63.33,12.86,4.89,15.22,2.75,1.85,7.21,0.3,0.26,0.16,1.84,0.12,8.28,35.76,66.42,68.51,31.53,57.37,62.31,63.94,35.75,62,60.73,71.84,59.79,33.74,3401,123.16,131.87
7592,00116060046548,6/23/2016,Cornell University,MUSGRAVE 829,R1 Date1 Blk1,7,N9,8.69,91.31,6.92,21.67,0.75,3.47,3.53,35.26,21.31,40.04,38.91,2.94,11.8,69.67,8.81,77.36,12.16,8.55,4.96,3.33,2.21,7.88,0.49,0.42,0.3,3.26,0.27,21.67,31.86,69.58,72.03,39.37,66.01,69.53,71.98,50.11,78.09,69.11,77.53,77.23,49.36,3875,168.14,202.06
7592,00116060046549,6/23/2016,Cornell University,MUSGRAVE 830,R1 Date1 Blk2,7,N9,8.82,91.18,6.59,19.1,0.7,3.06,2.99,36.81,22.57,41.73,40.55,3.08,12.54,69.08,9.55,76.45,13.42,8.06,5.57,3.26,2.1,7.58,0.48,0.39,0.29,3.09,0.24,19.1,32.66,69.19,71.6,37.84,64.32,68.85,71.22,48.3,76.03,68.31,76.85,75.07,47.45,3827,159.23,192.78
7592,00116060046550,6/23/2016,Cornell University,MUSGRAVE 831,R1 Date1 Blk3,7,N9,8.16,91.84,6.69,21.65,0.75,3.46,3.2,43.46,22.05,42.28,41.08,2.84,10.72,73.9,6.99,82.98,11.28,7.08,3.8,3.03,1.8,9.12,0.48,0.43,0.29,3.54,0.28,21.65,28.55,69.34,71.77,38.45,64.99,67.28,69.47,47.4,75.01,67.65,74.63,75.22,47.59,3719,157.9,197.55
7592,00116060046551,6/23/2016,Cornell University,MUSGRAVE 832,R1 Date1 Blk4,7,N9,9.52,90.48,6.75,19.44,0.72,3.11,3.09,34.77,21.65,39.36,38.25,3.3,12.8,66.54,9.71,74.61,13.98,8.53,7.38,3.17,2.04,6.86,0.49,0.39,0.28,2.92,0.24,19.44,35.5,69.47,71.91,38.93,65.52,69.8,72.28,49.55,77.45,69.22,78.47,76.43,48.66,3912,170.3,199.83
7592,00116060046552,6/23/2016,Cornell University,MUSGRAVE 833,R1 Date2 Blk1,7,N9,9.03,90.97,6.52,20.98,0.61,3.36,3.08,44.04,26.67,49.62,48.29,2.93,10.53,78.19,7.43,84.61,9.29,6.32,2.78,3.17,1.69,8.84,0.4,0.46,0.26,3.65,0.26,20.98,22.28,67.93,70.19,35.31,61.52,65.38,67.36,44.87,72.16,66.59,72.3,73.48,46.04,3598,127.79,180.72
7592,00116060046553,6/23/2016,Cornell University,MUSGRAVE 834,R1 Date2 Blk2,7,N9,8.77,91.23,6.28,17.21,0.56,2.75,2.59,40.44,26.02,48.02,46.65,3.08,11.13,76.14,8.3,82.21,13.24,6.92,4.78,3.25,1.89,7.54,0.37,0.39,0.24,3.15,0.21,17.21,28.3,68.12,70.41,34.7,60.85,66.93,69.08,45.27,72.61,67.96,74.77,73.78,46.31,3744,133,184.97
7592,00116060046554,6/23/2016,Cornell University,MUSGRAVE 835,R1 Date2 Blk3,7,N9,8.72,91.28,6.48,20.48,0.53,3.28,2.9,42.92,23.48,45.65,44.35,2.69,10.21,76.98,7.7,82.64,12.18,6.74,3.95,3.07,1.82,7.71,0.39,0.43,0.25,3.49,0.25,20.48,27.54,68.9,71.28,36.73,63.08,68.19,70.48,48.12,75.83,68.78,75.46,76.26,48.51,3794,143.96,195.4
7592,00116060046555,6/23/2016,Cornell University,MUSGRAVE 836,R1 Date2 Blk4,7,N9,9.25,90.75,6.23,20.18,0.52,3.23,2.79,48.12,26.66,49.62,48.09,3.03,9.42,80.41,7.22,84.99,9.91,6.04,3.22,3.25,1.64,7.87,0.39,0.44,0.24,3.39,0.25,20.18,24.01,67.93,70.19,35.05,61.23,66.15,68.21,45.53,72.91,68.3,73.85,75.47,47.81,3713,127.81,189.1
7592,00116060046556,6/23/2016,Cornell University,MUSGRAVE 837,R1 Date3 Blk1,7,N9,8.76,91.24,6.23,16.74,0.44,2.68,2.62,40.08,32.92,58.87,57.18,3.56,16.36,71.39,10.23,82.11,9.38,4.8,1.13,2.83,1.46,8.39,0.3,0.45,0.21,3.91,0.21,16.74,17.85,66,68.04,30.27,55.99,61.95,63.54,38.93,65.52,60.71,67.52,63.46,37.07,3242,100.04,136.05
7592,00116060046557,6/23/2016,Cornell University,MUSGRAVE 838,R1 Date3 Blk2,7,N9,8.53,91.47,6.12,15.81,0.47,2.53,2.61,40.04,33.41,60.1,58.37,3.63,16.97,70.93,11.42,80.44,9.25,4.78,1.52,2.84,1.37,8.46,0.28,0.43,0.2,3.82,0.19,15.81,17.6,65.84,67.87,29.47,55.12,61.27,62.78,37.64,64.09,59.89,66.72,61.88,35.64,3187,97.47,131.86
7592,00116060046558,6/23/2016,Cornell University,MUSGRAVE 840,R1 Date3 Blk4,7,N9,8.71,91.29,6.22,16.63,0.5,2.66,2.68,40.59,31.94,57.45,55.8,3.46,15.39,72.42,11.08,80.14,9.84,5.3,1.56,2.83,1.43,8.68,0.32,0.44,0.22,3.74,0.2,16.63,19.14,66.29,68.37,30.79,56.55,62.13,63.74,39.08,65.69,61.42,67.94,64.41,37.93,3277,103.72,141.78
7592,00116060046559,6/23/2016,Cornell University,MUSGRAVE 841,R1 Date4 Blk1,7,N9,7.95,92.05,5.83,12.34,0.67,1.97,2.41,35.09,35.72,62.04,60.25,4.73,21.82,63.78,13.53,77.54,10.84,6.06,1.79,2.98,1.66,8.28,0.31,0.36,0.21,3.27,0.17,12.34,18.88,65.12,67.07,27.55,53.03,59.02,60.27,33.17,59.16,56.4,65.3,55.33,29.67,3041,91.37,110.42
7592,00116060046560,6/23/2016,Cornell University,MUSGRAVE 842,R1 Date4 Blk2,7,N9,8.3,91.7,5.8,12.42,0.6,1.99,2.42,32.93,34.37,60.44,58.7,4.56,19.83,66.22,12.6,78.53,12.43,6.31,2.63,2.93,1.76,8.47,0.33,0.35,0.22,3.19,0.17,12.42,20.07,65.55,67.54,28.2,53.74,59.76,61.1,34.21,60.31,58.16,66.41,57.93,32.05,3132,95.84,120.08
7592,00116060046561,6/23/2016,Cornell University,MUSGRAVE 843,R1 Date4 Blk3,7,N9,8.05,91.95,5.99,13.38,0.55,2.14,2.48,35.43,35.01,60.82,59.07,4.58,20.09,65.99,12.42,78.97,11.76,5.9,0.9,2.64,1.5,8.66,0.32,0.38,0.21,3.58,0.18,13.38,18.87,65.35,67.32,28.39,53.94,59.21,60.48,33.92,59.99,57.37,65.49,57.2,31.38,3071,94.12,117.58
7592,00116060046562,6/23/2016,Cornell University,MUSGRAVE 844,R1 Date4 Blk4,7,N9,8.43,91.57,5.96,12.97,0.53,2.08,2.33,34,32.16,56.88,55.25,4.09,17.05,69.14,11.55,79.1,13.78,6.76,2.94,2.99,1.86,7.94,0.31,0.36,0.21,3.21,0.17,12.97,23.31,66.23,68.3,29.8,55.48,62.23,63.85,37.67,64.13,61.52,69.35,62.99,36.64,3344,104.44,137.27
7592,00116060046563,6/23/2016,Cornell University,MUSGRAVE 845,R1 Date5 Blk1,7,N9,8.4,91.6,5.22,12.11,0.56,1.94,1.74,55.57,42.08,69.78,66.43,5.57,26.6,59.96,14.95,77.5,7.26,2.05,0.72,2.45,0.84,9.06,0.26,0.36,0.19,3.3,0.16,12.11,12.3,63.16,64.88,24.42,49.64,54.04,54.73,26.41,51.79,49.48,58.83,44.87,19.99,2592,74.83,83.26
7592,00116060046564,6/23/2016,Cornell University,MUSGRAVE 846,R1 Date5 Blk2,7,N9,8.3,91.7,5.31,12.47,0.73,2,1.92,55.49,41.93,68.79,65.13,5.59,26.24,59.71,14.73,77.38,6.04,1.17,0.63,2.82,0.89,9.18,0.31,0.37,0.21,3.16,0.17,12.47,13.25,63.21,64.94,24.95,50.21,54.19,54.89,26.7,52.1,50.01,59.4,45.85,20.9,2626,75.86,84.49
7592,00116060046565,6/23/2016,Cornell University,MUSGRAVE 847,R1 Date5 Blk3,7,N9,8.45,91.55,5.29,12.96,0.62,2.07,1.72,58.41,41.58,68.54,64.88,5.45,25.63,60.5,14.44,77.74,6.89,1.09,0.89,2.54,0.76,9.19,0.28,0.38,0.19,3.3,0.16,12.96,12.93,63.32,65.06,25.21,50.49,54.4,55.13,27.25,52.7,50.25,59.35,46.43,21.44,2630,76.66,85.93
7592,00116060046566,6/23/2016,Cornell University,MUSGRAVE 848,R1 Date5 Blk4,7,N9,8.27,91.73,5.27,11.79,0.55,1.89,1.8,52.5,41,68.74,65.92,5.34,25.97,60.6,14.78,77.58,7.6,1.72,0.22,2.59,0.98,8.91,0.28,0.35,0.19,3.17,0.16,11.79,13.2,63.5,65.26,24.74,49.98,54.9,55.68,27.45,52.92,50.43,59.71,46.17,21.2,2654,77.27,86.88
7592,00116060046567,6/23/2016,Cornell University,MUSGRAVE 849,R1 Date6 Blk1,7,N9,8.17,91.83,5.08,10.33,0.69,1.65,1.68,55.28,44.24,70.75,67,6.2,29.83,55.48,18.34,72.63,6.9,2.95,0.3,2.42,0.74,9.22,0.28,0.33,0.18,2.94,0.14,10.33,13.39,62.49,64.14,23.43,48.57,52.39,52.89,23.25,48.37,46.62,57.27,39.64,15.08,2452,71.74,71.43
7592,00116060046568,6/23/2016,Cornell University,MUSGRAVE 850,R1 Date6 Blk2,7,N9,8.11,91.89,5.16,10.62,0.65,1.7,1.71,55.84,44.51,70.32,66.55,6.25,29.97,54.97,18.15,72.73,7.38,3.02,0.24,2.33,0.7,9.63,0.28,0.35,0.18,3.1,0.14,10.62,13.21,62.41,64.05,23.7,48.86,52.05,52.51,22.93,48.03,46.14,56.77,39.04,14.52,2415,71.89,70.58
7592,00116060046569,6/23/2016,Cornell University,MUSGRAVE 851,R1 Date6 Blk3,7,N9,8.36,91.64,5.08,11.25,0.63,1.8,1.6,56.71,44.08,70.47,66.8,6.28,28.4,57.49,17.7,73.5,7.33,3.58,0.27,2.27,0.7,9.05,0.27,0.35,0.18,3.17,0.14,11.25,12.8,62.55,64.2,23.86,49.04,52.5,53.01,23.85,49.03,47.81,57.87,41.91,17.22,2508,71.9,76.16
7592,00116060046570,6/23/2016,Cornell University,MUSGRAVE 852,R1 Date6 Blk4,7,N9,8.07,91.93,4.99,8.76,0.59,1.4,1.6,49.89,44.72,73.13,69.48,6.12,31.06,55.3,18.37,73.56,8.11,3.13,0.16,2.46,0.92,8.83,0.24,0.3,0.16,2.79,0.12,8.76,12.61,62.35,63.98,21.96,46.98,52.45,52.96,22.68,47.76,45.83,56.84,37.68,13.24,2422,68.73,68.23
7592,00116060046571,6/23/2016,Cornell University,MUSGRAVE 853,R1 Date7 Blk1,7,N9,8.03,91.97,5.32,8.23,0.51,1.32,1.77,35.6,47.6,74.74,71.85,6.79,34.76,51.62,22.03,69.34,8.37,3.66,0.44,2.23,0.88,8.72,0.2,0.32,0.13,2.95,0.12,8.23,11.09,61.46,62.99,21.13,46.1,50.89,51.22,20.27,45.18,42.66,54.95,32.43,8.27,2266,64.67,58.49
7592,00116060046572,6/23/2016,Cornell University,MUSGRAVE 854,R1 Date7 Blk2,7,N9,8.01,91.99,5.39,8.43,0.57,1.35,1.79,36.18,47.33,73.86,70.89,6.85,35.03,50.59,21.71,69.38,8.61,1.77,0.42,2.2,0.86,8.7,0.22,0.33,0.14,2.9,0.12,8.43,11.91,61.54,63.08,21.55,46.54,51.01,51.35,20.51,45.43,42.63,55.21,32.47,8.3,2273,65.34,57.68
7592,00116060046573,6/23/2016,Cornell University,MUSGRAVE 855,R1 Date7 Blk3,7,N9,8.06,91.94,5.48,8.5,0.54,1.36,1.76,34.94,47.19,73.49,70.97,6.81,33.99,52.11,22.4,68.44,8.87,1.76,0.49,2.11,0.81,8.18,0.2,0.32,0.13,2.95,0.12,8.5,12.3,61.59,63.13,21.71,46.72,51.53,51.93,21.28,46.26,43.86,56.11,34.45,10.18,2345,65.88,61.75
7592,00116060046574,6/23/2016,Cornell University,MUSGRAVE 856,R1 Date7 Blk4,7,N9,7.59,92.41,5.28,7.48,0.53,1.2,1.71,34.36,46.57,74.77,71.89,6.59,34.97,51.36,21.57,70,8.94,4.54,0.45,2.27,0.97,8.24,0.19,0.29,0.14,2.58,0.11,7.48,12.13,61.77,63.34,20.87,45.81,51.72,52.14,21.09,46.05,43.08,55.68,32.73,8.55,2310,65.27,58.55
7592,00116060046575,6/23/2016,Cornell University,MUSGRAVE 857,R1 Date8 Blk1,7,N9,7.98,92.02,5.29,6.48,0.48,1.04,1.51,26.23,48.57,74.32,72.1,7.54,37.02,48.65,25.31,64.9,10.93,5.76,0.61,1.95,0.92,7.5,0.16,0.28,0.11,2.54,0.09,6.48,13.51,61.16,62.65,20.7,45.63,50.82,51.14,19.38,44.22,42.01,55.76,30.54,6.46,2289,63.73,54.86
7592,00116060046576,6/23/2016,Cornell University,MUSGRAVE 858,R1 Date8 Blk2,7,N9,7.89,92.11,5.26,5.96,0.44,0.95,1.48,22.65,48.77,75.77,73.49,7.32,37.07,49.56,24.95,66.05,10.98,4.65,0.62,1.99,0.97,7.54,0.14,0.27,0.11,2.54,0.09,5.96,12.52,61.09,62.58,19.94,44.81,50.79,51.11,19.12,43.94,41.76,55.31,29.87,5.82,2269,62.35,54.46
7592,00116060046577,6/23/2016,Cornell University,MUSGRAVE 859,R1 Date8 Blk3,7,N9,7.83,92.17,5.61,8.89,0.59,1.42,1.82,34.31,46.27,71.81,68.99,6.88,34.09,50.59,21.7,68.55,8.48,3.83,0.14,2.07,0.9,8.84,0.24,0.32,0.14,2.96,0.14,8.89,13.2,61.86,63.44,22.53,47.6,51.43,51.82,21.31,46.29,43.62,56.07,34.27,10.01,2328,68.43,60.71
7592,00116060046578,6/23/2016,Cornell University,MUSGRAVE 860,R1 Date8 Blk4,7,N9,7.95,92.05,5.31,5.4,0.42,0.86,1.49,17.22,48.57,75.22,72.83,7.25,36.69,49.62,24.09,66.92,11.68,5.62,0.84,2.05,0.98,7.68,0.14,0.26,0.11,2.37,0.08,5.4,13.6,61.16,62.65,19.95,44.83,50.99,51.33,19.14,43.96,42.08,55.54,30.12,6.06,2284,63.33,55.49
7592,00116060046579,6/23/2016,Cornell University,MUSGRAVE 861,R2 Date1 Blk1,7,N9,9.05,90.95,6.78,19.89,0.62,3.18,3.09,36.2,21.36,39.52,38.41,2.92,10.65,72.27,8.06,79.02,14.14,8.57,5.98,3.24,2.12,7.39,0.47,0.4,0.28,3.13,0.25,19.89,34.28,69.56,72.01,39.02,65.62,70.07,72.58,50.1,78.07,70.34,78.5,78.14,50.16,3957,170.29,213.3
7592,00116060046580,6/23/2016,Cornell University,MUSGRAVE 862,R2 Date1 Blk2,7,N9,9.06,90.94,6.89,21.43,0.67,3.43,3.48,34.39,19.91,36.64,35.61,2.93,11.65,67.28,8.63,75.77,14.12,9.32,6.08,3.32,2.28,7.69,0.53,0.4,0.31,3.05,0.26,21.43,35.47,70.01,72.51,40.69,67.48,70.84,73.44,51.6,79.78,70.13,79.13,78.51,50.48,3961,186.6,216.5
7592,00116060046581,6/23/2016,Cornell University,MUSGRAVE 863,R2 Date1 Blk3,7,N9,9.01,90.99,6.45,16.63,0.53,2.66,2.4,38,21.98,38.56,37.48,3.28,12.65,66.25,9.15,75.59,15.24,8.14,6.35,3.34,2.21,6.92,0.47,0.35,0.27,2.78,0.22,16.63,38.16,69.37,71.8,38.35,64.88,70.16,72.68,48.97,76.79,69.46,78.86,75.59,47.91,3935,173.05,203.39
7592,00116060046582,6/23/2016,Cornell University,MUSGRAVE 864,R2 Date1 Blk4,7,N9,9.84,90.16,6.8,20.87,0.67,3.34,2.9,36.46,18.18,32.21,31.32,3.36,12.93,58.72,10.52,66.41,13.18,9.51,7.87,3.12,2.24,6.76,0.57,0.38,0.31,2.62,0.24,20.87,40.71,70.55,73.11,42.38,69.37,72.13,74.87,52.89,81.26,70.67,81.22,79.01,50.92,4025,216.11,227.76
7592,00116060046583,6/23/2016,Cornell University,MUSGRAVE 865,R2 Date2 Blk1,7,N9,9.2,90.8,6.08,18.87,0.43,3.02,2.52,47.8,26.68,49.28,47.87,2.81,10.65,77.75,8.31,82.64,11.29,6.15,3.51,3.24,1.69,8.09,0.35,0.46,0.23,3.82,0.23,18.87,25,67.92,70.18,34.75,60.9,66.46,68.56,45.42,72.78,67.22,73.3,73.45,46.02,3660,128.85,182.78
7592,00116060046584,6/23/2016,Cornell University,MUSGRAVE 866,R2 Date2 Blk2,7,N9,9.14,90.86,6.16,21.43,0.54,3.43,2.81,49.7,26.28,48.55,47.17,2.78,10.56,77.61,7.86,83.34,9.32,6.17,3.05,3.24,1.58,8.66,0.39,0.49,0.24,3.94,0.25,21.43,22.97,68.04,70.32,35.87,62.13,66.02,68.07,45.86,73.27,66.7,72.6,73.81,46.34,3614,131.02,182.9
7592,00116060046585,6/23/2016,Cornell University,MUSGRAVE 867,R2 Date2 Blk3,7,N9,9.08,90.92,6,18.12,0.42,2.9,2.31,48.68,26.63,49.09,47.69,3.08,9.67,79.72,6.95,85.43,12.72,7.55,3.49,3.06,1.62,7.86,0.37,0.43,0.23,3.59,0.22,18.12,26.02,67.93,70.2,34.58,60.71,66.1,68.16,44.68,71.95,68.11,73.83,74.34,46.81,3707,128.92,189.15
7592,00116060046586,6/23/2016,Cornell University,MUSGRAVE 868,R2 Date2 Blk4,7,N9,8.84,91.16,6.47,20.05,0.64,3.21,2.94,44.44,23.86,41.46,40.29,2.34,11.23,72.13,7.8,80.64,11.37,8.5,4.09,3.3,1.77,8.51,0.48,0.44,0.22,3.75,0.25,20.05,31.32,68.79,71.15,38.27,64.79,68.97,71.35,48.82,76.63,67.96,75.5,74.97,47.36,3763,157.52,198.39
7592,00116060046587,6/23/2016,Cornell University,MUSGRAVE 870,R2 Date3 Blk2,7,N9,8.72,91.28,6.08,16.09,0.46,2.57,2.52,41.45,34,60.17,58.44,3.64,17.55,69.97,10.91,81.33,8.78,4.62,1.07,2.95,1.45,8.68,0.3,0.45,0.21,3.93,0.2,16.09,16.86,65.65,67.66,29.55,55.21,61.1,62.59,37.56,64,59.26,66.29,61.11,34.94,3153,96.28,128.81
7592,00116060046588,6/23/2016,Cornell University,MUSGRAVE 872,R2 Date3 Blk4,7,N9,8.5,91.5,6.32,17.94,0.46,2.87,2.79,39.86,30.24,54.69,53.12,3.41,13.82,73.98,10.98,79.33,10.38,5.65,1.74,2.72,1.53,8.23,0.34,0.44,0.22,3.75,0.22,17.94,20.97,66.82,68.96,32.31,58.22,63.63,65.41,41.53,68.42,63.65,70.13,68.12,41.26,3429,110.93,154.6
7592,00116060046589,6/23/2016,Cornell University,MUSGRAVE 873,R2 Date4 Blk1,7,N9,7.8,92.2,5.9,13.09,0.71,2.09,2.5,34.38,36.88,61.89,60.11,5.42,22.85,61.99,15.79,73.73,10.58,5.79,0.91,2.67,1.52,8.12,0.33,0.37,0.2,3.39,0.18,13.09,18.66,64.76,66.67,27.87,53.38,57.92,59.05,32.02,57.9,55.62,64.98,54.53,28.93,3005,90.49,106.1
7592,00116060046590,6/23/2016,Cornell University,MUSGRAVE 874,R2 Date4 Blk2,7,N9,8.41,91.59,5.67,12.18,0.55,1.95,2.27,34.81,35.72,60.64,58.89,5.06,20.61,65,14.81,74.85,12.43,6.14,2.31,2.84,1.65,8.32,0.32,0.35,0.2,3.19,0.16,12.18,20.23,65.12,67.07,28.06,53.58,58.91,60.15,33.01,58.99,57.48,66.06,56.83,31.04,3100,93.74,116.52
7592,00116060046591,6/23/2016,Cornell University,MUSGRAVE 875,R2 Date4 Blk3,7,N9,7.97,92.03,5.71,11.93,0.64,1.91,2.33,33.86,36.88,63.17,61.35,5.31,22.56,63.23,14.73,75.99,11.66,5.48,1.54,2.81,1.61,8.03,0.32,0.34,0.2,3.12,0.16,11.93,18.41,64.76,66.67,26.96,52.39,57.94,59.07,31.58,57.42,55.79,64.89,54.26,28.68,3010,88.62,106.94
7592,00116060046592,6/23/2016,Cornell University,MUSGRAVE 876,R2 Date4 Blk4,7,N9,8.22,91.78,5.94,12.95,0.63,2.07,2.4,33.13,33.79,58.35,56.67,4.76,19.35,65.85,13.35,76.44,12.89,5.44,2.21,2.84,1.76,8.04,0.33,0.36,0.21,3.25,0.18,12.95,21.98,65.73,67.74,29.21,54.83,60.4,61.81,35.26,61.46,59.29,67.82,59.79,33.74,3220,99.93,124.84
7592,00116060046593,6/23/2016,Cornell University,MUSGRAVE 877,R2 Date5 Blk1,7,N9,8.45,91.55,5.29,13.03,0.73,2.08,1.96,52.88,41.49,67.84,64.39,5.84,26.32,59.12,15.99,75.17,7.1,2.05,0.18,2.74,1.01,9.75,0.36,0.38,0.21,3.31,0.18,13.03,12.78,63.35,65.09,25.5,50.81,53.61,54.25,26.17,51.53,49.66,59.07,45.59,20.66,2600,77.63,83.79
7592,00116060046594,6/23/2016,Cornell University,MUSGRAVE 878,R2 Date5 Blk2,7,N9,8.61,91.39,5.11,11.18,0.6,1.79,1.69,53.49,44.94,71.95,68.41,6.29,29.55,56.8,17.61,74.26,7.13,2.97,0.24,2.36,0.79,8.97,0.27,0.36,0.17,3.2,0.14,11.18,11.34,62.28,63.9,23.26,48.39,52.26,52.74,23.51,48.66,46.85,57.22,40.4,15.8,2460,69.76,72.8
7592,00116060046595,6/23/2016,Cornell University,MUSGRAVE 879,R2 Date5 Blk3,7,N9,8.68,91.32,5.2,11.51,0.67,1.84,1.69,56.13,44.59,70.84,66.6,6.36,28.97,56.5,16.93,74.58,7.07,2.8,0.52,2.37,0.72,9.46,0.3,0.37,0.18,3.3,0.16,11.51,12.4,62.39,64.02,23.8,48.97,52.04,52.5,23.32,48.45,47.05,57.27,40.87,16.24,2461,70.95,73.19
7592,00116060046596,6/23/2016,Cornell University,MUSGRAVE 880,R2 Date5 Blk4,7,N9,8.63,91.37,5.36,13.74,0.69,2.2,1.91,55.09,40.06,65.81,62.88,5.43,24.19,61.53,14.56,76.84,7.31,2.38,0.92,2.79,1,9.58,0.35,0.4,0.21,3.39,0.18,13.74,13.71,63.79,65.58,26.54,51.93,54.9,55.68,28.26,53.8,51.7,60.45,48.98,23.81,2709,81.39,93.11
7592,00116060046597,6/23/2016,Cornell University,MUSGRAVE 881,R2 Date6 Blk1,7,N9,8.61,91.39,4.97,11.16,0.64,1.79,1.66,56.45,44.69,70.76,66.55,6.63,29.86,55.13,19.16,71.21,7.71,1.08,0.71,2.3,0.76,9.48,0.3,0.36,0.18,3.09,0.15,11.16,12.71,62.36,63.99,23.72,48.88,51.68,52.1,22.68,47.76,46.39,57.04,39.69,15.13,2434,71.28,70.29
7592,00116060046598,6/23/2016,Cornell University,MUSGRAVE 882,R2 Date6 Blk2,7,N9,8.36,91.64,4.9,9.39,0.68,1.5,1.67,50.91,47.21,74.1,70.23,7.11,33.2,52.73,21.28,69.7,7.74,2.9,0.84,2.28,0.78,8.89,0.26,0.33,0.16,2.83,0.12,9.39,11.38,61.58,63.12,21.8,46.81,50.38,50.65,20.01,44.89,43.79,55.54,34.77,10.49,2314,65.45,61.34
7592,00116060046599,6/23/2016,Cornell University,MUSGRAVE 883,R2 Date6 Blk3,7,N9,8.45,91.55,5.04,9.4,0.65,1.5,1.62,51.38,46.82,73.22,68.99,6.97,31.84,53.85,20.54,70.23,8.15,2.74,0.85,2.24,0.73,8.93,0.25,0.33,0.16,2.89,0.12,9.4,12.57,61.69,63.25,22.13,47.17,50.88,51.21,20.73,45.67,44.96,56.28,36.61,12.23,2373,66.66,64.72
7592,00116060046600,6/23/2016,Cornell University,MUSGRAVE 884,R2 Date6 Blk4,7,N9,8.56,91.44,5.09,11.06,0.67,1.77,1.69,54.88,45.65,71.14,66.28,6.76,29.99,54.75,18.83,71.59,7.87,3.82,0.3,2.32,0.72,9.72,0.29,0.36,0.18,3.16,0.14,11.06,12.91,62.06,63.66,23.54,48.68,51.25,51.62,22.01,47.04,46.07,56.73,39.14,14.62,2410,69.88,68.52
7592,00116060046601,6/23/2016,Cornell University,MUSGRAVE 885,R2 Date7 Blk1,7,N9,8.19,91.81,5.23,7.03,0.48,1.12,1.46,33.14,50.36,75.76,73.4,7.76,37.07,49.5,26.32,64.14,9.94,1.46,0.24,1.81,0.69,7.66,0.19,0.31,0.1,2.89,0.09,7.03,11.68,60.61,62.04,20.31,45.21,49.66,49.85,17.96,42.71,41.25,54.64,29.57,5.54,2225,60.84,53.83
7592,00116060046602,6/23/2016,Cornell University,MUSGRAVE 886,R2 Date7 Blk2,7,N9,7.8,92.2,5.21,6.49,0.48,1.04,1.59,28.04,50.77,78.09,75.3,7.71,39.13,48.03,26.57,64.71,10.46,4.73,0.37,1.89,0.78,8.05,0.18,0.31,0.11,2.74,0.09,6.49,9.97,60.48,61.9,19.2,44.03,48.93,49.04,16.66,41.31,39.11,53.01,25.83,1.96,2105,58.91,47.78
7592,00116060046603,6/23/2016,Cornell University,MUSGRAVE 887,R2 Date7 Blk3,7,N9,8.22,91.78,5.28,7.26,0.5,1.16,1.59,33.2,49.73,75.56,72.31,7.57,37.1,48.69,24.7,65.84,9.82,2.48,0.22,1.95,0.74,8.41,0.21,0.32,0.12,2.81,0.1,7.26,11.87,60.8,62.25,20.47,45.39,49.62,49.8,18.01,42.75,40.81,54.16,28.98,4.98,2186,61.83,51.79
7592,00116060046604,6/23/2016,Cornell University,MUSGRAVE 888,R2 Date7 Blk4,7,N9,7.75,92.25,5.41,8.09,0.55,1.29,1.68,32.39,48.25,74.2,72.54,7.33,35.95,50.44,25.06,65.45,9.95,4.13,0.28,1.94,0.84,7.92,0.2,0.33,0.11,2.98,0.11,8.09,11.29,61.25,62.76,21.31,46.29,50.5,50.78,19.64,44.5,42.29,55.26,31.77,7.64,2274,64.44,57.81
7592,00116060046605,6/23/2016,Cornell University,MUSGRAVE 889,R2 Date8 Blk1,7,N9,7.91,92.09,5.46,7.77,0.52,1.24,1.69,26,47.99,72.94,71.03,7.48,35.53,49.98,26,63.4,10.81,4.48,0.54,1.99,1,7.73,0.21,0.31,0.12,2.75,0.11,7.77,13.16,61.33,62.85,21.69,46.7,51.13,51.49,20.41,45.32,43.3,56.49,33.23,9.02,2349,65.9,59.41
7592,00116060046606,6/23/2016,Cornell University,MUSGRAVE 890,R2 Date8 Blk2,7,N9,7.99,92.01,5.29,6.74,0.56,1.08,1.55,25.07,48.08,72.34,70.76,7.72,35.69,49.56,27.34,61.36,12.02,6.6,0.62,2.04,0.98,7.58,0.21,0.29,0.11,2.45,0.09,6.74,14.49,61.31,62.82,21.57,46.56,50.87,51.2,19.54,44.39,43.31,56.68,32.74,8.56,2357,66.21,59.53
7592,00116060046607,6/23/2016,Cornell University,MUSGRAVE 891,R2 Date8 Blk3,7,N9,7.76,92.24,5.29,6.29,0.52,1.01,1.54,24.32,48.61,74,72.3,7.69,36.6,49.38,23.41,67.62,11.98,4.19,0.31,1.83,0.84,7.82,0.2,0.28,0.11,2.5,0.09,6.29,13.29,61.15,62.64,20.76,45.7,50.09,50.33,18.21,42.97,41.93,55.31,30.3,6.24,2267,64.08,56.37
7592,00116060046608,6/23/2016,Cornell University,MUSGRAVE 892,R2 Date8 Blk4,7,N9,7.47,92.53,5.35,6.05,0.55,0.97,1.52,21.32,49,74.21,72.15,7.86,38.4,46.78,27.26,62.22,11.89,6.16,0.13,1.9,0.95,8.06,0.19,0.28,0.11,2.49,0.09,6.05,13.31,61.02,62.5,20.58,45.51,49.73,49.93,17.58,42.3,40.43,54.63,27.78,3.83,2197,63.71,50.94
7592,00116060046609,6/23/2016,Cornell University,MUSGRAVE 893,R3 Date1 Blk1,7,N9,8.78,91.22,6.97,23.31,0.7,3.73,3.73,36.64,22.4,41.85,40.67,2.69,11.4,71.97,8.66,78.71,10.91,8.63,3.47,3.34,2.13,8.37,0.47,0.47,0.28,3.71,0.28,23.31,28.25,69.24,71.65,39.15,65.77,69.03,71.42,50.18,78.16,68.49,76.22,77.07,49.22,3808,158.96,197.82
7592,00116060046610,6/23/2016,Cornell University,MUSGRAVE 894,R3 Date1 Blk2,7,N9,9.3,90.7,6.53,19.14,0.5,3.06,2.9,37.15,23.44,43.16,41.94,2.95,11.64,72.25,8.46,79.83,14.44,7.99,4.61,3.34,2.2,6.81,0.44,0.4,0.27,3.14,0.23,19.14,31.81,68.92,71.3,37.28,63.7,69.75,72.22,49.49,77.38,69.56,77.77,76.78,48.96,3910,152.23,196.69
7592,00116060046611,6/23/2016,Cornell University,MUSGRAVE 895,R3 Date1 Blk3,7,N9,8.65,91.35,6.52,20.76,0.64,3.32,3.22,40.37,23.63,43.42,42.19,2.9,12.84,69.57,9.77,76.84,12.55,7.93,3.87,3.23,2.01,8.41,0.46,0.43,0.27,3.39,0.25,20.76,28.85,68.86,71.23,37.71,64.17,67.93,70.19,47.88,75.56,66.86,74.9,73.79,46.32,3705,150.82,183.7
7592,00116060046612,6/23/2016,Cornell University,MUSGRAVE 896,R3 Date1 Blk4,7,N9,9.51,90.49,6.71,21.41,0.56,3.43,3.22,37.18,22.09,40.94,39.78,2.85,12.32,69.03,9.28,76.67,13.1,8.66,5.24,3.35,2.18,6.82,0.47,0.42,0.28,3.18,0.25,21.41,32.03,69.34,71.76,38.91,65.5,70.56,73.12,51.31,79.46,69.44,78.27,77.57,49.66,3918,162.83,198.43
7592,00116060046613,6/23/2016,Cornell University,MUSGRAVE 897,R3 Date2 Blk1,7,N9,8.76,91.24,6.61,21.16,0.58,3.39,3.27,39.37,25.93,47.65,46.29,2.95,10.86,76.54,7.82,83.11,10.91,7.19,2.41,3.12,1.91,9.32,0.45,0.47,0.27,3.76,0.26,21.16,23.59,68.15,70.44,36.14,62.44,65.78,67.8,45.47,72.83,66.56,72.69,73.54,46.1,3612,134.2,182.98
7592,00116060046614,6/23/2016,Cornell University,MUSGRAVE 898,R3 Date2 Blk2,7,N9,9.3,90.7,5.89,19.52,0.45,3.12,2.42,50.46,28.54,51.55,50.29,3.13,10.18,79.76,7.24,85.6,10.66,5.42,2.63,3.28,1.62,8.35,0.37,0.46,0.23,3.67,0.22,19.52,21.64,67.34,69.54,34.06,60.14,64.84,66.75,43.69,70.84,66.74,72.05,73.06,45.67,3592,120.42,179.52
7592,00116060046615,6/23/2016,Cornell University,MUSGRAVE 899,R3 Date2 Blk3,7,N9,9.7,90.3,6.19,18.21,0.48,2.91,2.65,43.05,28.04,50.01,48.58,3.33,10.36,78.67,7.79,83.96,11.85,6.22,3.12,3.16,1.81,8.77,0.4,0.43,0.25,3.52,0.22,18.21,24.28,67.49,69.71,34.24,60.34,64.78,66.69,43.08,70.15,66.87,72.54,72.7,45.35,3617,124.76,181.76
7592,00116060046616,6/23/2016,Cornell University,MUSGRAVE 900,R3 Date2 Blk4,7,N9,9.16,90.84,6.16,19.45,0.44,3.11,2.6,45.66,26.93,48.86,47.47,3.15,10.68,77.5,7.36,84.5,11.76,6.21,3.18,3.12,1.78,8.08,0.4,0.44,0.24,3.51,0.23,19.45,24.82,67.84,70.1,35.11,61.29,66.1,68.16,45.22,72.56,67.39,73.59,73.93,46.44,3677,129.52,183.58
7592,00116060046617,6/23/2016,Cornell University,MUSGRAVE 901,R3 Date3 Blk1,7,N9,8.25,91.75,5.92,14.43,0.6,2.31,2.59,37.35,38.82,65,64,5.26,23.17,63.8,14.3,77.66,8.63,3.84,0.58,2.6,1.33,8.76,0.34,0.4,0.22,3.45,0.18,14.43,13.07,64.17,66.01,27.09,52.53,56.37,57.32,30.6,56.35,53.78,62.29,52.41,26.98,2847,84.12,102.61
7592,00116060046618,6/23/2016,Cornell University,MUSGRAVE 902,R3 Date3 Blk2,7,N9,8.35,91.65,5.83,14.83,0.68,2.37,2.64,40.73,39.12,65.56,62.66,5.53,23.6,62.34,12.61,79.88,7.92,3.26,0.45,2.77,1.31,9.33,0.37,0.39,0.23,3.34,0.19,14.83,13.51,64.07,65.9,27.01,52.44,55.67,56.54,29.8,55.48,53.11,61.83,51.61,26.25,2805,82.89,96.86
7592,00116060046619,6/23/2016,Cornell University,MUSGRAVE 904,R3 Date3 Blk4,7,N9,8.16,91.84,5.8,12.98,0.65,2.08,2.41,37.75,37.87,63.94,63.03,5.26,22.91,63.65,13.22,79.03,10.41,5.72,0.15,2.76,1.43,8.49,0.33,0.36,0.21,3.15,0.17,12.98,15.48,64.46,66.33,27.03,52.46,56.9,57.91,30.65,56.4,54.53,63.25,52.86,27.4,2907,86.57,105.22
7592,00116060046620,6/23/2016,Cornell University,MUSGRAVE 905,R3 Date4 Blk1,7,N9,7.85,92.15,5.78,12.18,0.85,1.95,2.48,33.09,39.78,64.51,62.69,6.34,27.04,56.87,17.11,72.71,9.35,4.27,0.46,2.67,1.51,9.22,0.38,0.35,0.22,3.07,0.18,12.18,15.88,63.88,65.68,26.53,51.92,54.45,55.18,26.91,52.33,50.84,61.26,47.02,21.99,2721,83.5,87.09
7592,00116060046621,6/23/2016,Cornell University,MUSGRAVE 906,R3 Date4 Blk2,7,N9,7.78,92.22,5.85,13.42,0.93,2.15,2.67,33.68,38.69,63.27,61.77,6.14,25.31,59.03,16.9,72.64,8.65,4.72,0.21,2.82,1.62,8.97,0.42,0.35,0.23,3,0.2,13.42,15.89,64.21,66.05,27.43,52.89,55.4,56.24,28.71,54.29,52.77,62.69,50.48,25.2,2833,86.55,95.28
7592,00116060046622,6/23/2016,Cornell University,MUSGRAVE 907,R3 Date4 Blk3,7,N9,7.92,92.08,5.7,11.69,0.85,1.87,2.43,32.93,39,64.09,61.84,6.35,26.34,57.41,16.85,72.75,10.1,5.28,0.97,2.85,1.63,8.83,0.39,0.32,0.23,2.8,0.18,11.69,17.44,64.11,65.94,26.53,51.92,55.2,56.02,27.7,53.19,52.07,62.52,48.64,23.5,2808,84.83,90.08
7592,00116060046623,6/23/2016,Cornell University,MUSGRAVE 908,R3 Date4 Blk4,7,N9,7.97,92.03,5.69,11.55,0.78,1.85,2.43,31.34,36.75,61.72,60.49,5.72,23.45,61.23,15.05,75.12,12.05,6.66,1.96,2.89,1.78,8.56,0.38,0.32,0.23,2.81,0.17,11.55,19.05,64.81,66.72,27.41,52.88,57.09,58.12,30.23,55.94,55.01,64.56,52.95,27.48,2972,90.64,104.81
7592,00116060046624,6/23/2016,Cornell University,MUSGRAVE 909,R3 Date5 Blk1,7,N9,8,92,5.34,11.59,0.77,1.85,1.81,50.39,44.99,70.68,66.45,6.84,31.95,51.92,19.18,71.14,6.41,1.2,0.24,2.25,0.89,9.53,0.32,0.34,0.19,2.96,0.17,11.59,12.35,62.26,63.88,23.91,49.08,51.4,51.79,22.43,47.49,44.93,56.56,37.64,13.2,2373,70.97,63.91
7592,00116060046625,6/23/2016,Cornell University,MUSGRAVE 910,R3 Date5 Blk2,7,N9,8.02,91.98,5.33,11.42,0.84,1.83,2.02,47.99,45.37,71.14,67.26,7.18,32.04,52.36,21.07,68.67,6.19,2.46,0.22,2.21,0.81,9.36,0.34,0.34,0.19,2.91,0.16,11.42,12.17,62.14,63.75,23.65,48.81,50.7,51.01,21.32,46.3,44.91,56.47,37.51,13.08,2371,70.17,64.25
7592,00116060046626,6/23/2016,Cornell University,MUSGRAVE 911,R3 Date5 Blk3,7,N9,8.07,91.93,5.37,12.12,0.7,1.94,1.94,47.44,44.25,70.14,66.39,6.95,30.07,54.71,19.58,70.51,7.3,2.48,0.5,2.24,0.97,8.81,0.33,0.35,0.19,3,0.17,12.12,12.65,62.49,64.14,24.29,49.49,52.18,52.66,23.8,48.97,47.27,58.33,41.51,16.85,2513,72.15,71.6
7592,00116060046627,6/23/2016,Cornell University,MUSGRAVE 912,R3 Date5 Blk4,7,N9,7.92,92.08,5.25,10.41,0.72,1.67,1.93,44,45.21,72.21,69.26,6.94,32.57,52.97,21.34,69.19,7.29,2.8,0.41,2.32,1,8.56,0.29,0.32,0.17,2.75,0.15,10.41,11.7,62.2,63.81,22.88,47.98,51.57,51.98,22.15,47.19,45.14,56.96,37.4,12.98,2408,69.08,65.5
7592,00116060046628,6/23/2016,Cornell University,MUSGRAVE 913,R3 Date6 Blk1,7,N9,8.18,91.82,5.05,10.01,0.7,1.6,1.69,50.85,46.77,71.81,67.78,7.41,33.29,50.89,21.68,68.01,8.06,3.15,0.21,2.06,0.83,9.01,0.29,0.32,0.17,2.76,0.14,10.01,13.06,61.71,63.27,22.9,48,50.59,50.88,20.59,45.52,44.09,56.28,35.55,11.22,2345,67.93,60.91
7592,00116060046629,6/23/2016,Cornell University,MUSGRAVE 914,R3 Date6 Blk2,7,N9,8.49,91.51,5.04,9.7,0.68,1.55,1.69,49.48,47.19,73.04,68.69,7.4,33.85,50.72,22.61,67.08,8.15,2.36,0.52,2.1,0.81,9.01,0.3,0.33,0.17,2.69,0.13,9.7,12.48,61.59,63.13,22.31,47.36,50.33,50.59,20.08,44.97,43.47,55.76,34.42,10.16,2309,66.29,58.46
7592,00116060046630,6/23/2016,Cornell University,MUSGRAVE 915,R3 Date6 Blk3,7,N9,8.34,91.66,5.07,10.1,0.66,1.62,1.71,48.71,45.95,71.28,67.05,7.51,32.08,52.16,22.24,66.83,9.68,3.32,0.21,2.01,0.85,8.67,0.32,0.32,0.18,2.73,0.13,10.1,14.04,61.96,63.55,23.14,48.26,51.07,51.42,21.33,46.31,45.54,57.44,37.86,13.41,2432,69.15,64.83
7592,00116060046631,6/23/2016,Cornell University,MUSGRAVE 916,R3 Date6 Blk4,7,N9,8.04,91.96,4.95,7.24,0.58,1.16,1.55,41.85,48.37,75.14,71.53,7.58,36.23,49.35,24,66.45,10.05,4.17,0.24,2.05,0.88,8.37,0.23,0.28,0.14,2.44,0.1,7.24,12.53,61.22,62.72,20.63,45.56,49.94,50.16,18.43,43.21,41.83,54.99,30.61,6.53,2246,63.53,53.93
7592,00116060046632,6/23/2016,Cornell University,MUSGRAVE 917,R3 Date7 Blk1,7,N9,7.85,92.15,5.26,7.45,0.5,1.19,1.61,30.07,49.09,74.1,71.29,7.75,37.17,47.86,26.52,62.8,10.64,4.21,0.54,1.94,0.93,8.23,0.22,0.3,0.12,2.6,0.1,7.45,12.71,60.99,62.47,21.12,46.08,50.07,50.31,18.75,43.55,41.35,55.04,29.96,5.91,2234,63.62,52.76
7592,00116060046633,6/23/2016,Cornell University,MUSGRAVE 918,R3 Date7 Blk2,7,N9,7.97,92.03,5.22,6.97,0.52,1.12,1.39,31.56,48.35,72.1,70.5,7.99,36.11,48.78,25.62,63.66,12.7,6.3,0.28,1.77,0.94,6.95,0.22,0.29,0.12,2.38,0.09,6.97,15.03,61.23,62.73,21.75,46.76,51.12,51.47,20.01,44.89,43.49,57.3,33.14,8.94,2390,65.94,58.79
7592,00116060046634,6/23/2016,Cornell University,MUSGRAVE 919,R3 Date7 Blk3,7,N9,8.23,91.77,5.33,8.18,0.5,1.31,1.54,34.11,47.5,71.1,69.09,7.73,34.13,50.6,26.45,61.72,12.09,4.38,0.29,1.85,0.92,7.66,0.25,0.3,0.13,2.56,0.1,8.18,14.69,61.49,63.02,22.56,47.64,51.3,51.68,20.84,45.78,44.62,57.5,35.5,11.18,2420,67.99,63.31
7592,00116060046635,6/23/2016,Cornell University,MUSGRAVE 920,R3 Date7 Blk4,7,N9,7.58,92.42,5.21,5.99,0.5,0.96,1.43,24.71,49.08,74.76,72.72,7.85,37.57,48.34,24.3,66.58,12.86,4.65,0.35,1.93,0.99,7.33,0.18,0.27,0.11,2.39,0.08,5.99,13.4,61,62.48,20.35,45.26,50.36,50.63,18.49,43.27,41.7,55.69,29.8,5.75,2281,63.24,53.85
7592,00116060046636,6/23/2016,Cornell University,MUSGRAVE 921,R3 Date8 Blk1,7,N9,8.02,91.98,5.29,6.43,0.54,1.03,1.42,23.64,47,69.68,67.35,7.99,35.3,47.59,25.48,62.17,13.77,4.62,1.4,1.95,1.14,7.96,0.25,0.27,0.13,2.25,0.09,6.43,17.54,61.64,63.19,22.51,47.58,51.31,51.69,20.03,44.91,44,57.75,33.69,9.46,2406,69.72,59.59
7592,00116060046637,6/23/2016,Cornell University,MUSGRAVE 922,R3 Date8 Blk2,7,N9,8.34,91.66,5.26,6.68,0.51,1.07,1.36,25.6,45.67,67.37,65.71,7.9,33.01,49.76,25.49,61.21,12.62,5.97,1.82,2.04,1.23,7.33,0.26,0.27,0.14,2.2,0.09,6.68,19.41,62.05,63.65,23.52,48.67,52.68,53.21,22.1,47.14,46.78,60.03,38.18,13.71,2575,73.57,68.67
7592,00116060046638,6/23/2016,Cornell University,MUSGRAVE 923,R3 Date8 Blk3,7,N9,8.1,91.9,5.4,7.56,0.52,1.21,1.45,28.17,45.79,67.81,66.44,7.88,32.87,50.53,27.7,58.31,13.96,5,1.17,1.9,1.13,7.09,0.25,0.28,0.13,2.33,0.1,7.56,18.23,62.02,63.61,23.65,48.8,52.63,53.16,22.43,47.49,46.89,59.96,38.76,14.26,2578,73.04,69.64
7592,00116060046639,6/23/2016,Cornell University,MUSGRAVE 924,R3 Date8 Blk4,7,N9,7.71,92.29,5.27,5.84,0.47,0.93,1.34,19.52,46.8,70.09,68.6,7.89,34.78,49.3,28.12,59.01,14.49,5.69,1.54,2.07,1.24,7.27,0.19,0.25,0.12,2.17,0.08,5.84,17.39,61.7,63.26,22.15,47.19,51.91,52.35,20.65,45.58,44.96,58.54,34.93,10.64,2475,69.51,62.95
7592,00116060046640,6/23/2016,Cornell University,MUSGRAVE 925,R4 Date1 Blk1,7,N9,8.93,91.07,6.75,19.92,0.64,3.19,3.04,36.75,20.57,39.13,38.03,2.83,12.32,67.6,8.58,77.44,15.31,8.52,5.44,3.25,2.14,6.78,0.47,0.38,0.28,3.02,0.24,19.92,35.17,69.8,72.28,39.17,65.79,70.91,73.51,51.1,79.21,69.77,78.92,77.39,49.49,3949,173.44,204.5
7592,00116060046641,6/23/2016,Cornell University,MUSGRAVE 926,R4 Date1 Blk2,7,N9,9.74,90.26,6.84,20.41,0.74,3.27,3.11,34.3,20.35,36.51,35.49,3.11,12.89,63.68,10.36,70.81,14.67,9.41,6.73,3.41,2.23,7.02,0.54,0.39,0.3,2.84,0.24,20.41,36.96,69.87,72.36,40.41,67.17,70.98,73.59,51.33,79.47,69.72,79.48,77.54,49.63,3955,186.31,209.29
7592,00116060046642,6/23/2016,Cornell University,MUSGRAVE 927,R4 Date1 Blk3,7,N9,9.33,90.67,6.51,22.47,0.57,3.6,2.95,45.93,20.86,39.46,38.35,2.65,10.32,73.09,7.47,80.52,12.22,7.87,4.78,3.3,1.89,7.23,0.49,0.44,0.27,3.38,0.27,22.47,32.01,69.71,72.18,39.86,66.56,70.49,73.05,51.62,79.8,70.29,78.22,79.13,51.03,3945,171.21,214.61
7592,00116060046643,6/23/2016,Cornell University,MUSGRAVE 928,R4 Date1 Blk4,7,N9,10.49,89.51,7,22.03,0.75,3.52,3.27,34.32,19.12,34.77,33.8,3.28,13.32,60.59,9.11,73.05,14.85,9.52,7.68,3.05,2.13,6.77,0.6,0.4,0.33,2.8,0.24,22.03,37.54,70.25,72.78,41.66,68.56,71.4,74.06,52.45,80.75,69.87,80.11,78.4,50.38,3970,197.93,213.24
7592,00116060046644,6/23/2016,Cornell University,MUSGRAVE 929,R4 Date2 Blk1,7,N9,9.18,90.82,6.01,17.61,0.43,2.82,2.19,49.97,27.52,51.3,49.83,2.89,8.88,82.18,6.24,87.48,12.08,5.12,3.07,3.12,1.53,8.28,0.34,0.43,0.23,3.66,0.21,17.61,23.94,67.66,69.89,33.53,59.56,65.28,67.24,43.46,70.57,67.8,72.61,73.7,46.24,3644,122.37,187.44
7592,00116060046645,6/23/2016,Cornell University,MUSGRAVE 930,R4 Date2 Blk2,7,N9,8.85,91.15,6.57,20.57,0.55,3.29,3.11,40.4,24.66,46.87,45.54,2.54,10.65,76.61,8.36,81.64,11.49,7.52,3.42,3.37,1.98,8.39,0.4,0.45,0.25,3.61,0.25,20.57,25.63,68.55,70.88,36.27,62.57,67.7,69.94,47.57,75.2,67.83,74.35,75.02,47.4,3720,138.3,188.37
7592,00116060046646,6/23/2016,Cornell University,MUSGRAVE 931,R4 Date2 Blk3,7,N9,9.08,90.92,6.4,22.3,0.51,3.57,2.84,48.39,23.43,44.8,43.53,2.58,10.61,75.63,6.69,84.63,11,6.61,3.26,3.09,1.69,8.59,0.44,0.47,0.26,3.79,0.27,22.3,25.73,68.92,71.3,37.64,64.09,67.64,69.87,48.18,75.9,67.5,74.11,75.28,47.64,3698,146.78,192.04
7592,00116060046647,6/23/2016,Cornell University,MUSGRAVE 932,R4 Date2 Blk4,7,N9,9.14,90.86,6.72,22.23,0.6,3.56,3.33,40.94,23.92,46.13,44.82,2.57,10.32,76.97,6.71,85.03,10.14,7.59,3.59,3.3,1.91,8.12,0.43,0.46,0.27,3.62,0.27,22.23,25.25,68.77,71.13,37.09,63.48,68.05,70.33,48.63,76.4,68.38,74.93,76.47,48.68,3760,141.63,192.57
7592,00116060046648,6/23/2016,Cornell University,MUSGRAVE 933,R4 Date3 Blk1,7,N9,8.72,91.28,6.35,17,0.48,2.72,2.69,38.65,31.58,58.01,56.34,3.32,14.04,75.08,9.24,83.6,10.13,5.17,0.99,2.87,1.51,8.05,0.31,0.43,0.21,3.71,0.2,17,18.79,66.41,68.5,30.69,56.44,62.99,64.69,40.32,67.07,63.06,69.13,66.88,40.15,3372,103.18,149.43
7592,00116060046649,6/23/2016,Cornell University,MUSGRAVE 934,R4 Date3 Blk1,7,N9,8.5,91.5,6.13,15.97,0.49,2.56,2.59,39.76,33.93,60.47,58.73,3.72,17.36,70.44,10.32,82.43,9.44,4.76,0.81,2.77,1.4,9.05,0.32,0.43,0.22,3.8,0.2,15.97,16.44,65.68,67.69,29.39,55.03,60.44,61.85,36.64,62.99,58.96,65.71,60.63,34.51,3119,95.88,128.4
7592,00116060046650,6/23/2016,Cornell University,MUSGRAVE 935,R4 Date3 Blk3,7,N9,8.61,91.39,6.35,18,0.56,2.88,2.71,42.78,32.99,58.57,56.99,3.73,14.87,73.91,9.46,83.4,8.67,4.36,0.14,2.67,1.29,9.26,0.36,0.45,0.23,4.02,0.22,18,16.17,65.97,68.01,30.8,56.56,60.56,61.99,37.62,64.07,60.81,66.61,64.14,37.68,3202,100.43,141.27
7592,00116060046651,6/23/2016,Cornell University,MUSGRAVE 936,R4 Date3 Blk4,7,N9,8.72,91.28,6.37,18.22,0.53,2.92,2.82,40.83,30.85,56.35,54.73,3.22,13.71,74.95,9.48,82.68,9.5,5.57,1.19,2.96,1.59,8.8,0.35,0.45,0.23,3.76,0.22,18.22,18.48,66.63,68.75,31.74,57.6,62.97,64.67,40.8,67.6,62.95,68.92,67.27,40.5,3358,107.11,151.51
7592,00116060046652,6/23/2016,Cornell University,MUSGRAVE 937,R4 Date4 Blk1,7,N9,8.05,91.95,5.99,13.78,0.76,2.2,2.66,34.91,35.54,61.37,60.39,4.95,20.85,65.47,12.63,79.09,9.95,3.94,0.91,2.86,1.58,9.02,0.37,0.37,0.23,3.26,0.19,13.78,16.89,65.18,67.13,28.31,53.85,57.79,58.9,32.13,58.02,56.35,64.49,55.9,30.18,3002,93,114.75
7592,00116060046653,6/23/2016,Cornell University,MUSGRAVE 938,R4 Date4 Blk2,7,N9,7.59,92.41,5.79,11.94,0.73,1.91,2.44,34.25,35.43,61.59,59.82,4.92,22.42,62.52,13.23,77.88,11.88,4.86,1.65,2.99,1.75,8.7,0.34,0.34,0.21,3.11,0.18,11.94,19.23,65.21,67.17,27.59,53.07,58.46,59.65,32.23,58.13,55.75,64.89,54.2,28.63,3004,92.66,107.89
7592,00116060046654,6/23/2016,Cornell University,MUSGRAVE 939,R4 Date4 Blk3,7,N9,8.01,91.99,6.08,14.72,0.71,2.36,2.7,35.87,33.85,58.49,56.81,4.85,18.95,66.64,12.84,77.4,10.86,6.37,1.53,2.83,1.69,8.4,0.39,0.38,0.23,3.22,0.2,14.72,20.08,65.71,67.72,29.74,55.41,59.81,61.15,35.21,61.4,59.18,67.34,60.42,34.31,3195,99.37,125.31
7592,00116060046655,6/23/2016,Cornell University,MUSGRAVE 940,R4 Date4 Blk4,7,N9,8.36,91.64,5.91,12.76,0.54,2.04,2.34,33.93,32.66,57.42,55.77,4.22,17.5,68.62,12.37,77.82,13.94,4.95,2.52,2.89,1.82,7.93,0.33,0.35,0.22,3.21,0.17,12.76,23.06,66.07,68.12,29.52,55.17,61.81,63.38,37.04,63.43,61.05,68.98,62.23,35.95,3316,102.82,134.69
7592,00116060046656,6/23/2016,Cornell University,MUSGRAVE 941,R4 Date5 Blk1,7,N9,8.17,91.83,5.24,11.12,0.64,1.78,1.75,52.61,42.86,70.73,67.9,5.76,27.26,59.85,16.75,75.33,7.71,3.56,0.99,2.36,0.81,9.13,0.29,0.35,0.18,3.19,0.15,11.12,11.79,62.92,64.62,23.71,48.87,53.1,53.68,24.62,49.86,48.64,58.01,43.13,18.36,2538,73.15,81.19
7592,00116060046657,6/23/2016,Cornell University,MUSGRAVE 942,R4 Date5 Blk2,7,N9,8.24,91.76,5.21,10.85,0.62,1.74,1.77,52.35,44.92,72.51,68.26,6.13,30.4,55.46,17.36,74.57,6.54,3.96,0.8,2.36,0.78,9.45,0.27,0.35,0.18,3.05,0.14,10.85,11.43,62.29,63.91,22.92,48.02,52.07,52.53,23.08,48.2,45.78,56.4,38.59,14.1,2395,68.95,68.5
7592,00116060046658,6/23/2016,Cornell University,MUSGRAVE 943,R4 Date5 Blk3,7,N9,8.37,91.63,5.39,12.73,0.68,2.04,1.83,55.07,42.34,68.59,64.84,5.77,26.82,58.64,15.66,75.85,7.13,3.49,0.35,2.44,0.76,9.57,0.32,0.38,0.19,3.2,0.17,12.73,12.93,63.09,64.8,25.11,50.38,53.48,54.1,25.86,51.19,49.02,58.53,44.45,19.6,2561,75.86,81.29
7592,00116060046659,6/23/2016,Cornell University,MUSGRAVE 945,R4 Date6 Blk1,7,N9,8.08,91.92,4.99,9.03,0.68,1.44,1.6,52.05,46.79,73.98,69.87,6.92,33.19,52.5,20.74,70.32,7.71,2.59,0.61,2.2,0.72,8.75,0.26,0.31,0.16,2.7,0.12,9.03,12.23,61.7,63.26,21.71,46.72,50.82,51.14,20.45,45.37,43.91,55.76,34.78,10.49,2326,65.87,60.86
7592,00116060046660,6/23/2016,Cornell University,MUSGRAVE 946,R4 Date6 Blk2,7,N9,8.1,91.9,5.15,9.09,0.66,1.45,1.67,50.17,46.39,73.11,68.72,6.86,32.8,52.27,19.51,71.61,8.19,3.84,0.21,2.22,0.77,9.13,0.28,0.32,0.17,2.83,0.13,9.09,12.96,61.83,63.4,22.09,47.12,50.98,51.32,20.73,45.66,44.14,55.9,35.19,10.88,2333,67.07,61.58
7592,00116060046661,6/23/2016,Cornell University,MUSGRAVE 947,R4 Date6 Blk3,7,N9,8.1,91.9,5.11,10.15,0.66,1.62,1.56,54.88,45.57,72.13,68.27,6.52,31.01,54.58,17.37,74.56,7.65,2.76,0.29,2.25,0.7,8.94,0.27,0.33,0.17,2.9,0.13,10.15,12.5,62.08,63.68,22.83,47.92,51.73,52.15,22.27,47.32,45.63,56.68,38.01,13.55,2405,68.72,67.52
7592,00116060046662,6/23/2016,Cornell University,MUSGRAVE 948,R4 Date6 Blk4,7,N9,8.4,91.6,5.13,11.09,0.63,1.77,1.67,54.28,44.04,70.57,65.89,6.38,29.09,55.85,17.87,72.88,7.87,3.99,0.64,2.27,0.79,9.16,0.3,0.34,0.18,2.92,0.14,11.09,13.74,62.56,64.21,23.78,48.94,52.63,53.16,23.96,49.14,47.47,58.01,41.33,16.67,2503,71.94,72.42
7592,00116060046663,6/23/2016,Cornell University,MUSGRAVE 949,R4 Date7 Blk1,7,N9,7.86,92.14,5.29,7.13,0.53,1.14,1.61,31.98,48.99,75.85,73.36,7.27,36.22,50.63,25.36,65.43,9.58,4.82,0.54,1.97,0.77,7.75,0.19,0.3,0.11,2.72,0.09,7.13,11.6,61.03,62.51,20.31,45.21,50.42,50.7,19.08,43.9,42.02,55.02,30.86,6.77,2261,62.15,56
7592,00116060046664,6/23/2016,Cornell University,MUSGRAVE 950,R4 Date7 Blk2,7,N9,7.66,92.34,5.27,7.44,0.53,1.19,1.58,38.98,48.91,74.95,71.94,7.2,37.08,48.46,25.01,65.23,9.85,4.68,0.29,1.89,0.7,8.5,0.22,0.3,0.12,2.71,0.1,7.44,12,61.05,62.53,20.77,45.71,50.13,50.37,18.8,43.6,40.75,54.1,28.96,4.96,2180,63.01,52.14
7592,00116060046665,6/23/2016,Cornell University,MUSGRAVE 951,R4 Date7 Blk3,7,N9,7.76,92.24,5.46,8.26,0.52,1.32,1.72,33.54,47.95,74.02,71.02,7.13,35.13,50.54,23.04,67.56,9.75,5.87,0.32,2.03,0.89,8.18,0.22,0.32,0.12,2.82,0.11,8.26,12.37,61.35,62.87,21.43,46.42,51.12,51.47,20.61,45.53,43.04,55.84,33.04,8.85,2313,64.74,58.18
7592,00116060046666,6/23/2016,Cornell University,MUSGRAVE 952,R4 Date7 Blk4,7,N9,7.77,92.23,5.38,7.72,0.49,1.24,1.72,31.22,48.99,75.66,72.84,7.24,36.53,49.85,24.14,66.86,9.85,3.54,0.32,2.01,0.85,8.23,0.19,0.32,0.12,2.82,0.1,7.72,11.08,61.03,62.51,20.59,45.51,50.33,50.59,19.26,44.09,41.53,54.62,30.37,6.3,2227,62.54,54.25
7592,00116060046667,6/23/2016,Cornell University,MUSGRAVE 953,R4 Date8 Blk1,7,N9,7.78,92.22,5.35,6.69,0.49,1.07,1.51,27.5,48.01,74.07,71.6,7.53,36.14,49.53,25.19,64.82,11.83,6.87,0.03,1.97,0.97,7.64,0.2,0.28,0.12,2.49,0.09,6.69,13.61,61.33,62.84,20.87,45.82,50.9,51.23,19.59,44.44,42.72,56.13,31.77,7.63,2322,64.67,56.81
7592,00116060046668,6/23/2016,Cornell University,MUSGRAVE 954,R4 Date8 Blk2,7,N9,7.76,92.24,5.31,6.83,0.51,1.09,1.62,24.45,47.99,73.91,71.53,7.39,36.31,49.24,25.97,63.69,11.33,6.55,0.75,2.03,1.01,8.14,0.2,0.29,0.12,2.52,0.09,6.83,13.11,61.33,62.85,20.97,45.93,50.71,51.02,19.37,44.21,42.21,55.55,31.03,6.93,2281,64.7,55.81
7592,00116060046669,6/23/2016,Cornell University,MUSGRAVE 955,R4 Date8 Blk3,7,N9,7.72,92.28,5.55,7.87,0.52,1.26,1.71,27.45,46.58,71.31,69.23,7.3,34.17,50.64,24.88,64.06,11.89,4.55,0.24,1.99,1.01,7.98,0.22,0.3,0.12,2.7,0.11,7.87,14.62,61.77,63.34,22.37,47.43,51.72,52.14,21.28,46.26,44.47,57.27,35.12,10.82,2406,68.52,62.68
7592,00116060046670,6/23/2016,Cornell University,MUSGRAVE 956,R4 Date8 Blk4,7,N9,7.56,92.44,5.38,6.23,0.45,1,1.52,21.03,48.24,73.84,71.76,7.56,36.8,48.72,23.24,67.61,12.67,4.24,0.04,1.91,1.02,7.56,0.16,0.28,0.11,2.53,0.09,6.23,13.95,61.26,62.77,20.79,45.73,50.99,51.33,19.52,44.37,42.33,56.07,30.93,6.84,2310,64.85,55.68
7592,00116060046671,6/23/2016,Cornell University,MUSGRAVE 957,T1 Date1 Blk1,7,N9,9.02,90.98,6.22,18.09,0.55,2.89,2.46,44.11,20.83,36.2,35.19,2.91,10.13,71.21,7.8,77.83,14.08,8.09,5.69,3.1,2.15,8.13,0.53,0.36,0.28,2.84,0.23,18.09,37.9,69.72,72.19,39.81,66.5,70.18,72.7,49.56,77.46,70.48,78.72,77.59,49.67,3964,186.46,227.11
7592,00116060046672,6/23/2016,Cornell University,MUSGRAVE 958,T1 Date1 Blk2,7,N9,10.3,89.7,6.46,16.13,0.72,2.58,2.32,33.48,20.66,32.85,31.94,4,14.75,53.82,11.49,64.03,17.04,9.02,8.09,3.01,2.2,6.55,0.62,0.3,0.32,2.24,0.19,16.13,44.5,69.78,72.25,40.58,67.36,70.86,73.46,49.51,77.4,69.29,80.66,75.15,47.52,3945,206.01,210.59
7592,00116060046673,6/23/2016,Cornell University,MUSGRAVE 959,T1 Date1 Blk3,7,N9,9.34,90.66,5.8,17.41,0.55,2.79,2.09,51.35,22.82,39.04,37.94,3.13,12.65,66.66,9.87,73.99,15.98,7.06,5.17,3.07,1.89,8.16,0.52,0.36,0.26,2.92,0.22,17.41,35.69,69.11,71.51,38.4,64.93,68.57,70.91,47.35,74.95,67.59,76.33,73.36,45.94,3775,169.25,197.44
7592,00116060046674,6/23/2016,Cornell University,MUSGRAVE 960,T1 Date1 Blk4,7,N9,10.14,89.86,6.48,17.26,0.65,2.76,2.52,34.36,19.68,33.32,32.39,3.43,13.32,58.88,9.47,70.76,16.49,8.85,7.89,3.24,2.34,7,0.58,0.32,0.33,2.55,0.21,17.26,42.53,70.08,72.59,40.75,67.55,71.43,74.09,50.67,78.73,70.04,80.6,76.66,48.85,3987,205.31,219.18
7592,00116060046675,6/23/2016,Cornell University,MUSGRAVE 961,T1 Date2 Blk1,7,N9,8.96,91.04,6.18,17.99,0.49,2.88,2.43,43.8,23.31,42.27,41.08,2.84,10.54,74.34,7.87,80.84,15.08,7.32,4.56,2.95,1.89,7.48,0.45,0.37,0.25,3.09,0.22,17.99,32.99,68.96,71.34,37.28,63.69,69.01,71.4,48.13,75.84,69.39,76.91,76.05,48.32,3869,155.74,203.89
7592,00116060046676,6/23/2016,Cornell University,MUSGRAVE 962,T1 Date2 Blk2,7,N9,8.99,91.01,6.31,16.75,0.64,2.68,2.45,39.34,23.16,39.34,38.23,3.15,11.54,69.81,9.21,75.91,15.75,8.12,5.76,3.08,2.02,7.61,0.49,0.35,0.27,2.96,0.21,16.75,36.84,69,71.39,38.07,64.57,69.14,71.54,47.73,75.39,69.26,77.74,75.37,47.71,3890,167.54,206.26
7592,00116060046677,6/23/2016,Cornell University,MUSGRAVE 963,T1 Date2 Blk3,7,N9,9.23,90.77,5.98,17.28,0.57,2.76,2.37,48.9,25.68,45.19,43.91,2.99,11.42,73.99,8.81,79.94,13.28,7.63,3.92,3.01,1.64,8.91,0.47,0.39,0.25,3.27,0.22,17.28,29.63,68.23,70.53,35.87,62.14,66.14,68.2,44.31,71.53,66.51,73.33,71.8,44.55,3636,142.07,185.28
7592,00116060046678,6/23/2016,Cornell University,MUSGRAVE 964,T1 Date2 Blk4,7,N9,9.58,90.42,5.97,18.56,0.53,2.97,2.28,49.19,22.16,38.78,37.69,2.97,10.34,72.57,7.21,80.87,14.52,7.44,5.76,3.08,1.9,7.7,0.51,0.38,0.28,3.06,0.23,18.56,35.43,69.32,71.74,38.89,65.47,69.47,71.91,48.89,76.7,69.88,77.8,76.96,49.12,3914,171.6,215.77
7592,00116060046679,6/23/2016,Cornell University,MUSGRAVE 968,T1 Date3 Blk4,7,N9,8.52,91.48,6.25,15.77,0.54,2.52,2.54,39,28.16,50.4,48.96,3.24,12.54,74.39,9.63,80.33,13.62,6.41,3.02,2.7,1.57,8.28,0.37,0.38,0.22,3.33,0.19,15.77,26.96,67.46,69.67,33.29,59.3,64.88,66.8,42.15,69.11,65.41,72.07,69.63,42.61,3557,123.54,169.07
7592,00116060046680,6/23/2016,Cornell University,MUSGRAVE 969,T1 Date4 Blk1,7,N9,8.25,91.75,6.14,14.1,0.55,2.26,2.33,35.67,29.6,51.64,50.16,3.57,14.6,70.89,9.35,81.36,14.1,6,3.68,2.66,1.67,8.26,0.34,0.38,0.21,3.39,0.18,14.1,27.14,67.02,69.18,32.24,58.14,64.01,65.83,40.37,67.13,63.74,71.17,66.6,39.9,3474,118.41,155.62
7592,00116060046681,6/23/2016,Cornell University,MUSGRAVE 970,T1 Date4 Blk2,7,N9,8.5,91.5,5.97,12.29,0.58,1.97,2.09,34.01,30.25,51.37,49.9,3.74,14.81,70.32,12.29,75.37,13.13,6.13,4.4,2.88,1.81,8.62,0.35,0.35,0.21,3.17,0.17,12.29,28.47,66.81,68.95,31.76,57.62,63.47,65.23,38.93,65.53,63.44,70.96,65.39,38.81,3456,118.52,154.8
7592,00116060046682,6/23/2016,Cornell University,MUSGRAVE 971,T1 Date4 Blk3,7,N9,8.34,91.66,5.96,12.4,0.51,1.98,2.09,33.79,30.62,52.56,51.06,3.9,14.92,70.78,10.69,79.06,15.69,7.98,3.88,2.76,1.74,7.36,0.32,0.34,0.19,3.09,0.16,12.4,28.53,66.7,68.83,31.31,57.13,64.11,65.94,39.81,66.5,64.29,72.06,66.62,39.92,3531,114.97,154.84
7592,00116060046683,6/23/2016,Cornell University,MUSGRAVE 972,T1 Date4 Blk4,7,N9,8.6,91.4,5.99,12.64,0.47,2.02,2.02,34.81,29.13,50.31,48.87,3.85,13.19,73.01,9.8,79.95,16.36,6.07,4.74,2.7,1.76,7.67,0.33,0.34,0.21,3.14,0.16,12.64,30.08,67.16,69.34,32.29,58.2,64.56,66.44,40.5,67.27,65.7,72.97,68.71,41.79,3606,122.67,167.23
7592,00116060046684,6/23/2016,Cornell University,MUSGRAVE 973,T1 Date5 Blk1,7,N9,8.8,91.2,5.06,12.41,0.55,1.99,1.45,60.84,38.6,64.37,62.15,4.97,22.69,63.49,15.16,75.61,9.76,2.48,0.65,2.24,0.64,9.04,0.32,0.37,0.17,3.17,0.15,12.41,16.21,64.24,66.08,26.65,52.05,55.97,56.88,29.14,54.76,52.95,61.21,50.21,24.95,2775,84.82,100.79
7592,00116060046685,6/23/2016,Cornell University,MUSGRAVE 974,T1 Date5 Blk2,7,N9,8.77,91.23,5.05,12.83,0.52,2.05,1.46,59.31,36.56,62.35,61.49,4.63,21.2,65.52,14.85,75.85,10.16,5.15,1.32,2.41,0.91,8.11,0.32,0.37,0.18,3.06,0.16,12.83,17.12,64.86,66.78,27.59,53.07,58.01,59.15,32.07,57.96,55.47,63.59,54.13,28.56,2944,89.93,112.24
7592,00116060046686,6/23/2016,Cornell University,MUSGRAVE 975,T1 Date5 Blk3,7,N9,9.09,90.91,5.13,12.96,0.56,2.07,1.47,63.12,39.74,64.65,60.44,5.24,23.92,60.42,13.36,77.9,8.11,4.56,0.39,2.43,0.63,9.8,0.35,0.39,0.2,3.07,0.16,12.96,16.64,63.88,65.69,26.74,52.14,55.26,56.09,28.43,53.99,51.52,60.36,48.32,23.19,2694,83.54,91.86
7592,00116060046687,6/23/2016,Cornell University,MUSGRAVE 976,T1 Date5 Blk4,7,N9,8.96,91.04,5.05,12.54,0.5,2.01,1.34,62.52,37.73,63.11,61.21,4.77,21.54,64.81,15.03,75.45,9.92,4.73,0.92,2.28,0.71,8.69,0.33,0.38,0.17,3.18,0.15,12.54,17.19,64.5,66.38,27.2,52.64,57.02,58.05,30.64,56.39,54.4,62.45,52.41,26.99,2865,87.65,107.03
7592,00116060046688,6/23/2016,Cornell University,MUSGRAVE 977,T1 Date6 Blk1,7,N9,8.88,91.12,4.87,11.54,0.54,1.85,1.37,62.39,40.35,65.83,62.62,5.52,24.91,60.22,16.53,73.6,9.61,4.72,1.19,2.25,0.67,9.37,0.3,0.35,0.17,2.98,0.14,11.54,16.17,63.7,65.48,25.79,51.12,54.62,55.37,26.93,52.36,50.84,59.94,46.64,21.64,2665,81.08,89.91
7592,00116060046689,6/23/2016,Cornell University,MUSGRAVE 978,T1 Date6 Blk2,7,N9,8.78,91.22,4.86,9.44,0.48,1.51,1.29,55.51,40.46,67.1,65.23,5.2,25.96,60.2,16.85,74.17,11.04,5.3,1.79,2.38,0.92,8.25,0.24,0.32,0.15,2.77,0.12,9.44,16.45,63.66,65.44,24.57,49.8,55.8,56.69,27.64,53.12,51,60.63,45.93,20.97,2710,79.62,89.58
7592,00116060046690,6/23/2016,Cornell University,MUSGRAVE 979,T1 Date6 Blk3,7,N9,8.89,91.11,5.02,11.36,0.56,1.82,1.33,61.88,40.33,65.92,62.32,5.29,25.12,59.69,15.22,75.58,9.59,6.69,0.63,2.24,0.65,9.68,0.32,0.36,0.19,3.09,0.15,11.36,16.32,63.71,65.49,25.69,51.01,54.71,55.47,26.97,52.4,50.38,59.51,45.87,20.92,2633,81.1,87.87
7592,00116060046691,6/23/2016,Cornell University,MUSGRAVE 980,T1 Date6 Blk4,7,N9,8.61,91.39,4.99,10.89,0.49,1.74,1.39,58.59,39.34,65.55,62.65,5.1,25.14,59.87,15.77,74.83,10.66,6.21,1.16,2.34,0.84,8.95,0.29,0.33,0.17,2.89,0.14,10.89,17.06,64.01,65.83,25.69,51.01,55.96,56.86,28.5,54.06,51.31,60.73,47.06,22.03,2713,82.63,90.76
7592,00116060046692,6/23/2016,Cornell University,MUSGRAVE 981,T1 Date7 Blk1,7,N9,7.89,92.11,5.11,8.05,0.48,1.29,1.47,40.25,42.98,69.47,67.46,6.11,30.9,54.2,21.96,67.45,10.23,4.68,1.6,2.1,0.99,7.26,0.21,0.3,0.13,2.6,0.1,8.05,16.71,62.88,64.57,23.16,48.28,54.75,55.52,25.59,50.9,47.91,59.78,40.57,15.96,2602,74.32,74.07
7592,00116060046693,6/23/2016,Cornell University,MUSGRAVE 982,T1 Date7 Blk2,7,N9,8.13,91.87,5.32,9.51,0.46,1.52,1.71,38.17,41.93,68.34,67.48,5.96,29,57.02,20.64,69.41,11.47,5.84,1.57,2.18,1.06,7.45,0.23,0.31,0.15,2.71,0.12,9.51,15.21,63.21,64.94,24.1,49.29,55,55.8,26.61,52.01,49.36,60.3,43.48,18.69,2661,76.73,81.8
7592,00116060046694,6/23/2016,Cornell University,MUSGRAVE 983,T1 Date7 Blk3,7,N9,8.02,91.98,5.44,9.72,0.59,1.56,1.8,37.55,42.34,67.41,65.69,6.03,29.65,54.86,18.92,71.2,10.13,5.79,1.04,2.19,1,8.6,0.29,0.33,0.16,2.9,0.14,9.72,15.79,63.09,64.8,24.54,49.77,54.1,54.79,25.4,50.69,48.01,59.14,41.51,16.84,2567,77.16,77.27
7592,00116060046695,6/23/2016,Cornell University,MUSGRAVE 984,T1 Date7 Blk4,7,N9,7.95,92.05,5.32,8.77,0.49,1.4,1.68,36.72,41.16,66.6,64.68,5.88,28.99,55.18,20.96,67.59,11.94,5.15,2.23,2.2,1.11,7.94,0.25,0.3,0.15,2.64,0.12,8.77,18.18,63.44,65.2,24.54,49.77,55.47,56.32,26.9,52.32,49.48,60.78,43.31,18.53,2675,79.31,80.54
7592,00116060046696,6/23/2016,Cornell University,MUSGRAVE 985,T1 Date8 Blk1,7,N9,7.92,92.08,5.43,9.42,0.59,1.51,1.87,31.85,41.82,66.73,65.78,6.22,29.51,55.14,21.39,67.48,11.16,6.27,1.99,2.14,1.14,8.05,0.28,0.3,0.15,2.54,0.13,9.42,16.48,63.24,64.97,24.71,49.95,54.49,55.23,25.81,51.14,48.86,60.16,42.69,17.95,2635,78.59,79.93
7592,00116060046697,6/23/2016,Cornell University,MUSGRAVE 986,T1 Date8 Blk2,7,N9,8.1,91.9,5.29,7.84,0.49,1.25,1.71,27.04,43.39,69.07,67.81,6.37,31.7,53.25,22.05,67.48,11.82,5.09,2.66,2.24,1.16,7.85,0.2,0.29,0.13,2.53,0.11,7.84,16.05,62.75,64.43,23.24,48.37,53.92,54.59,24.36,49.57,46.98,59.02,39.05,14.53,2544,74.32,72.22
7592,00116060046698,6/23/2016,Cornell University,MUSGRAVE 987,T1 Date8 Blk3,7,N9,7.91,92.09,5.27,6.91,0.52,1.11,1.53,27.5,44.38,69.15,68.21,6.82,32.85,51.84,20.59,69.81,12.68,4.73,2.06,2.03,1.06,7.63,0.21,0.27,0.13,2.37,0.1,6.91,16.72,62.45,64.09,22.88,47.98,53.09,53.67,22.76,47.85,46.05,58.6,37.13,12.72,2503,73.28,69.26
7592,00116060046699,6/23/2016,Cornell University,MUSGRAVE 988,T1 Date8 Blk4,7,N9,7.98,92.02,5.29,7.6,0.5,1.22,1.67,28.95,43.86,69.58,68.27,6.45,32.26,52.75,21.91,67.91,11.65,4.82,2.13,2.25,1.12,7.82,0.21,0.29,0.13,2.5,0.1,7.6,15.86,62.61,64.27,22.95,48.05,53.61,54.25,23.81,48.98,46.43,58.64,38.07,13.61,2515,72.97,70.12
7592,00116060046700,6/23/2016,Cornell University,MUSGRAVE 989,T2 Date1 Blk1,7,N9,9.59,90.41,6.77,21.61,0.75,3.46,3.39,33.41,18.9,34.54,33.58,3,12.54,62.66,8.21,75.55,13.95,9.29,7.23,3.28,2.52,8.4,0.64,0.38,0.35,2.71,0.27,21.61,36.28,70.32,72.86,41.62,68.52,70.8,73.39,51.6,79.79,69.43,78.99,77.67,49.74,3915,199.54,217.01
7592,00116060046701,6/23/2016,Cornell University,MUSGRAVE 990,T2 Date1 Blk2,7,N9,9.76,90.24,6.88,20.47,0.75,3.28,3.23,31.27,19.54,34.72,33.75,3.32,13.65,59.56,8.99,73.36,15.03,9.16,7.22,3.03,2.35,8.69,0.68,0.35,0.37,2.6,0.26,20.47,36.97,70.13,72.64,41.19,68.04,69.7,72.17,49.85,77.79,68.08,77.93,75.35,47.69,3820,197.62,206.07
7592,00116060046702,6/23/2016,Cornell University,MUSGRAVE 991,T2 Date1 Blk3,7,N9,9.73,90.27,6.65,17.99,0.69,2.88,2.54,32.63,19.77,33.32,32.39,3.45,13.76,57.52,11.43,64.71,17.75,9.36,7.24,3.04,2.35,6.79,0.62,0.31,0.33,2.32,0.22,17.99,42.02,70.05,72.56,40.99,67.81,71.59,74.27,51.13,79.25,69.91,80.73,76.78,48.96,3983,205.12,216.12
7592,00116060046703,6/23/2016,Cornell University,MUSGRAVE 992,T2 Date1 Blk4,7,N9,10.07,89.93,6.74,21.4,0.63,3.42,3.14,34.58,18.02,32.58,31.68,3.11,13.65,56.91,9.78,69.13,16.56,9.72,7.63,2.95,2.37,7.06,0.65,0.35,0.34,2.37,0.25,21.4,39.63,70.59,73.16,42.38,69.37,72.39,75.16,53.42,81.86,70.03,80.76,78.37,50.36,3980,213.55,220.12
7592,00116060046704,6/23/2016,Cornell University,MUSGRAVE 993,T2 Date2 Blk1,7,N9,9.08,90.92,6.23,22.07,0.49,3.53,2.9,48.39,23.79,43.44,42.21,2.78,10.89,74.2,7.76,81.62,10.06,7.31,3.46,3.06,1.84,9.22,0.5,0.44,0.28,3.53,0.27,22.07,26.56,68.81,71.18,38.12,64.63,67.25,69.44,47.64,75.29,67.13,73.95,74.69,47.12,3677,150.56,192.58
7592,00116060046705,6/23/2016,Cornell University,MUSGRAVE 994,T2 Date2 Blk2,7,N9,9.31,90.69,6.85,20.98,0.71,3.36,3.34,34.27,22.17,39.09,37.99,3.08,11.55,69.6,8.94,76.47,12.45,8.9,5.69,3.09,2.18,8.44,0.54,0.4,0.3,3.03,0.25,20.98,32.75,69.31,71.73,39.54,66.2,68.96,71.34,49.18,77.03,68.84,77.11,76.58,48.79,3848,170.47,205.23
7592,00116060046706,6/23/2016,Cornell University,MUSGRAVE 995,T2 Date2 Blk3,7,N9,9.64,90.36,5.85,19.73,0.46,3.16,2.33,51.8,24.25,42.65,41.44,3.12,9.56,76.93,6.55,84.19,11.93,6.9,4.34,2.97,1.74,8.49,0.53,0.41,0.28,3.17,0.24,19.73,29.93,68.67,71.02,37.68,64.13,67.3,69.49,46.78,74.31,68.78,75.36,75.94,48.22,3787,152.5,205.41
7592,00116060046707,6/23/2016,Cornell University,MUSGRAVE 996,T2 Date2 Blk4,7,N9,10,90,6.16,24.59,0.48,3.93,2.96,51.2,22.18,40.77,39.1,2.89,10.65,72.76,7.42,81.02,8.83,7.67,4.4,3.14,1.76,8.39,0.56,0.48,0.29,3.46,0.27,24.59,28.12,69.31,71.73,40.01,66.73,68.73,71.09,50.41,78.42,68.51,75.97,77.61,49.69,3797,163.23,203.36
7592,00116060046708,6/23/2016,Cornell University,MUSGRAVE 997,T2 Date3 Blk1,7,N9,8.53,91.47,6.56,19.12,0.68,3.06,3.28,36.77,29.63,52.77,51.26,3.55,13.29,74.07,9.52,81.43,9.32,6.63,1.73,2.68,1.56,9.37,0.42,0.45,0.24,3.78,0.23,19.12,20.97,67.01,69.17,33.45,59.47,62.73,64.4,40.79,67.59,63.44,69.64,68.34,41.46,3398,115.82,158.01
7592,00116060046709,6/23/2016,Cornell University,MUSGRAVE 1000,T2 Date3 Blk4,7,N9,8.61,91.39,6.6,19.89,0.61,3.18,3.22,38.51,27.84,50.8,49.35,3.19,11.41,76.88,8.63,82.51,9.95,6.65,2.27,2.83,1.71,9.2,0.41,0.44,0.26,3.62,0.24,19.89,22.07,67.56,69.78,34.49,60.61,64.31,66.16,43.12,70.2,65.51,71.33,71.54,44.31,3527,122.96,172.73
7592,00116060046710,6/23/2016,Cornell University,MUSGRAVE 1001,T2 Date4 Blk1,7,N9,8.56,91.44,6.21,14.99,0.55,2.4,2.47,34.82,29.32,50.4,48.96,3.63,14.06,71.28,10.79,77.96,13.14,6.21,3.97,2.9,1.88,9.06,0.38,0.39,0.23,3.37,0.2,14.99,26.58,67.1,69.27,33.04,59.02,63.77,65.56,40.46,67.22,63.86,71.06,67.16,40.4,3470,121.88,159.58
7592,00116060046711,6/23/2016,Cornell University,MUSGRAVE 1002,T2 Date4 Blk2,7,N9,8.81,91.19,6.19,15.06,0.57,2.41,2.43,34.06,27.81,48.64,47.25,3.52,12.12,74.35,8.4,82.22,14.41,6.48,4.92,2.95,1.98,8.47,0.38,0.38,0.24,3.26,0.2,15.06,28.67,67.57,69.79,33.76,59.81,65.1,67.04,42.15,69.11,66.34,73.22,70.64,43.52,3631,128.75,175.46
7592,00116060046712,6/23/2016,Cornell University,MUSGRAVE 1003,T2 Date4 Blk3,7,N9,8.35,91.65,6.11,14.22,0.55,2.28,2.37,34.25,30.23,51.94,50.45,3.72,15.17,69.93,11.99,76.23,13.57,6.07,3.65,2.76,1.77,8.75,0.36,0.38,0.21,3.31,0.19,14.22,26.18,66.82,68.96,32.16,58.06,63.32,65.06,39.57,66.23,62.9,70.4,65.48,38.89,3417,117.02,151.35
7592,00116060046713,6/23/2016,Cornell University,MUSGRAVE 1004,T2 Date4 Blk4,7,N9,8.69,91.31,6.18,14.76,0.47,2.36,2.27,34.76,27.41,47.96,46.59,3.64,11.81,74.65,9.21,80.23,13.22,6.49,5.07,2.9,2.02,7.84,0.37,0.36,0.23,3.16,0.19,14.76,30.06,67.69,69.93,33.93,60,65.82,67.85,42.96,70.02,67.32,74.41,71.87,44.61,3710,130.91,180.72
7592,00116060046714,6/23/2016,Cornell University,MUSGRAVE 1005,T2 Date5 Blk1,7,N9,9.3,90.7,5.19,15.25,0.47,2.44,1.56,63.02,36.89,61.11,57.9,4.55,19.83,65.75,12.67,78.12,8.08,2.75,0.9,2.31,0.77,9.62,0.35,0.42,0.19,3.33,0.18,15.25,17.02,64.76,66.67,28.9,54.49,57.64,58.74,32.67,58.61,55.47,62.99,55.21,29.56,2907,91.41,112.09
7592,00116060046715,6/23/2016,Cornell University,MUSGRAVE 1006,T2 Date5 Blk2,7,N9,9.47,90.53,5.08,13.79,0.45,2.21,1.44,64.97,38.95,63.92,59.8,4.81,22.58,62.24,12.24,79.53,8.06,3.98,0.26,2.39,0.71,10.07,0.35,0.4,0.2,3.26,0.17,13.79,16.07,64.13,65.96,27.31,52.77,56.12,57.04,30.01,55.71,52.46,60.73,50.12,24.87,2733,85.34,97.09
7592,00116060046716,6/23/2016,Cornell University,MUSGRAVE 1007,T2 Date5 Blk3,7,N9,8.9,91.1,5.02,12.87,0.56,2.06,1.4,65.19,40.69,66,62.33,5.21,24.06,61.4,13.75,77.94,8.36,3.48,0.32,2.36,0.55,9.79,0.32,0.39,0.19,3.28,0.15,12.87,14.86,63.59,65.36,26.18,51.54,54.66,55.42,27.57,53.05,50.95,59.49,47.42,22.37,2646,80.7,91.43
7592,00116060046717,6/23/2016,Cornell University,MUSGRAVE 1008,T2 Date5 Blk4,7,N9,9.44,90.56,5.06,14.04,0.45,2.25,1.45,63.03,37.54,62.49,59.78,4.76,20.73,65.32,12.97,78.3,8.79,3.52,0.61,2.4,0.8,9.2,0.35,0.39,0.19,3.25,0.17,14.04,16.63,64.57,66.45,27.95,53.46,57.17,58.21,31.53,57.37,54.88,62.65,53.8,28.27,2882,88.8,109.18
7592,00116060046718,6/23/2016,Cornell University,MUSGRAVE 1009,T2 Date6 Blk1,7,N9,9.11,90.89,4.96,13.12,0.49,2.1,1.28,64.86,37.84,62.15,59.21,4.76,21.7,63.35,13.51,77.18,9.13,4.35,1.12,2.36,0.84,9.43,0.33,0.38,0.19,3.11,0.16,13.12,17.68,64.47,66.34,27.77,53.26,57.05,58.08,30.94,56.72,54.01,62.28,52.11,26.7,2842,88.9,104.46
7592,00116060046719,6/23/2016,Cornell University,MUSGRAVE 1010,T2 Date6 Blk2,7,N9,8.95,91.05,4.97,11.99,0.52,1.92,1.35,62.72,40.62,65.32,61.96,5.25,24.58,60.33,15.2,75.47,9.44,3.9,0.76,2.21,0.67,9.84,0.31,0.37,0.18,3.17,0.14,11.99,15.89,63.62,65.39,26.15,51.51,54.81,55.58,27.41,52.87,50.72,59.61,46.68,21.67,2645,81.67,90.48
7592,00116060046720,6/23/2016,Cornell University,MUSGRAVE 1011,T2 Date6 Blk3,7,N9,8.97,91.03,4.97,11.12,0.5,1.78,1.35,61.15,40.56,66.2,62.72,5.15,25,60.14,14.73,76.51,9.75,3.88,0.64,2.36,0.75,9.86,0.31,0.36,0.18,3.13,0.14,11.12,15.9,63.63,65.41,25.49,50.8,54.84,55.62,27.07,52.51,50.37,59.36,45.75,20.81,2627,80.4,88.56
7592,00116060046721,6/23/2016,Cornell University,MUSGRAVE 1012,T2 Date6 Blk4,7,N9,8.96,91.04,4.98,12.18,0.45,1.95,1.27,62.32,39.42,64.56,61.87,5.01,23.66,61.76,15.14,75.53,9.94,4.24,0.94,2.23,0.81,8.94,0.3,0.36,0.17,3.04,0.15,12.18,16.47,63.98,65.8,26.51,51.9,56.34,57.29,29.6,55.26,52.47,61.32,49.39,24.19,2767,83.9,96.86
7592,00116060046722,6/23/2016,Cornell University,MUSGRAVE 1013,T2 Date7 Blk1,7,N9,7.97,92.03,5.43,9.53,0.46,1.52,1.72,36.62,43.67,71.16,70.09,6.08,31.31,55.33,20.92,70.15,9.74,4.65,1.04,2.13,1,7.62,0.2,0.33,0.13,2.84,0.12,9.53,12.48,62.67,64.34,23,48.1,53.82,54.48,25,50.26,46.83,58.27,39.61,15.06,2515,71.9,73.28
7592,00116060046723,6/23/2016,Cornell University,MUSGRAVE 1014,T2 Date7 Blk2,7,N9,7.83,92.17,5.29,9.24,0.5,1.48,1.64,40.8,44.88,71.62,69.8,6.22,33.2,52.44,21.21,69.61,8.91,3.33,0.65,2.2,0.93,8.32,0.21,0.32,0.13,2.75,0.12,9.24,12.35,62.3,63.92,22.72,47.8,52.83,53.38,23.48,48.62,44.6,56.69,35.98,11.64,2386,70.25,65.46
7592,00116060046724,6/23/2016,Cornell University,MUSGRAVE 1015,T2 Date7 Blk3,7,N9,8.21,91.79,5.34,9.59,0.53,1.53,1.69,40.04,44.93,71.13,68.9,6.44,32.48,52.86,20.81,69.8,8.78,3.24,0.77,2.15,0.93,8.35,0.24,0.33,0.14,2.87,0.13,9.59,12.92,62.28,63.9,23.04,48.15,52.7,53.23,23.44,48.58,45.31,57.22,37.26,12.85,2424,70.61,66.93
7592,00116060046725,6/23/2016,Cornell University,MUSGRAVE 1016,T2 Date7 Blk4,7,N9,8.52,91.48,5.51,10.86,0.44,1.74,1.89,38.58,42.28,68.34,65.61,5.87,28.99,55.81,18.5,71.8,9.6,4.93,1.38,2.42,1.16,8.56,0.25,0.34,0.16,2.85,0.14,10.86,14.7,63.1,64.82,24.57,49.8,54.82,55.6,26.99,52.42,48.76,59.66,43.22,18.45,2609,76.35,77.91
7592,00116060046726,6/23/2016,Cornell University,MUSGRAVE 1017,T2 Date8 Blk1,7,N9,8.37,91.63,5.41,9.53,0.46,1.52,1.89,32.11,44.52,70.91,68.3,6.46,32.28,52.74,21.12,69.08,9.26,4.77,1.86,2.32,1.14,8.1,0.2,0.32,0.13,2.69,0.12,9.53,13.82,62.41,64.05,23.09,48.21,53.48,54.1,24.54,49.77,46.19,58.28,38.62,14.12,2491,71.03,67.72
7592,00116060046727,6/23/2016,Cornell University,MUSGRAVE 1018,T2 Date8 Blk2,7,N9,7.62,92.38,5.36,7.66,0.51,1.23,1.73,27.94,46.01,73,71.29,6.72,35.16,50.68,22.29,68.73,10.03,5.45,1.22,2.16,1.08,7.92,0.17,0.29,0.12,2.54,0.11,7.66,12.78,61.95,63.53,21.63,46.63,52.16,52.63,21.82,46.83,43.48,56.42,33.47,9.25,2352,67.46,60.3
7592,00116060046728,6/23/2016,Cornell University,MUSGRAVE 1019,T2 Date8 Blk3,7,N9,7.8,92.2,5.5,9.16,0.53,1.47,1.89,32.42,45.61,72.57,70.5,6.46,34.38,51.23,22.07,68.7,8.62,3.6,0.96,2.14,0.96,8.44,0.21,0.32,0.13,2.73,0.12,9.16,11.83,62.07,63.67,22.32,47.37,52.2,52.68,22.55,47.62,43.6,56.07,34.38,10.11,2334,68.26,61.44
7592,00116060046729,6/23/2016,Cornell University,MUSGRAVE 1020,T2 Date8 Blk4,7,N9,7.8,92.2,5.4,8.47,0.47,1.36,1.73,32.35,44.92,71.55,69.9,6.59,33.54,52.02,23.06,67.01,10.47,6.77,1.3,2.11,1.03,8.11,0.2,0.3,0.12,2.62,0.11,8.47,13.22,62.29,63.91,22.48,47.55,52.59,53.11,22.8,47.89,44.73,57.08,35.82,11.48,2407,70.21,65.23
7592,00116060046730,6/23/2016,Cornell University,MUSGRAVE 1021,T3 Date1 Blk1,7,N9,9.54,90.46,6.72,20.22,0.58,3.24,2.87,36.45,19.43,34.4,33.44,3.19,12.11,63.79,9.46,71.71,15.53,9.02,7.67,2.99,2.29,7.22,0.55,0.38,0.3,2.83,0.25,20.22,38.7,70.16,72.68,41.23,68.09,71.44,74.1,51.88,80.1,70.48,80.21,78.48,50.46,4003,199.55,222.9
7592,00116060046731,6/23/2016,Cornell University,MUSGRAVE 1022,T3 Date1 Blk2,7,N9,10.48,89.52,6.71,19.9,0.65,3.18,2.71,33.37,17.77,30.09,29.26,3.46,14.67,49.86,12.2,58.3,17.72,10.31,9.68,2.9,2.31,5.56,0.63,0.34,0.32,2.27,0.23,19.9,44.68,70.67,73.25,42.98,70.04,73.83,76.77,54.49,83.1,71.02,83.09,79.08,50.98,4064,232.16,227.84
7592,00116060046732,6/23/2016,Cornell University,MUSGRAVE 1023,T3 Date1 Blk3,7,N9,8.74,91.26,6.39,20.5,0.58,3.28,2.6,46.54,19.74,36.13,35.12,2.96,10.65,69.68,6.26,82.18,14.7,7.7,5.83,2.77,1.96,8.63,0.54,0.38,0.29,3.08,0.26,20.5,35.39,70.06,72.57,40.6,67.37,69.46,71.9,49.63,77.54,69.33,77.52,77.02,49.17,3875,189.21,221.39
7592,00116060046733,6/23/2016,Cornell University,MUSGRAVE 1024,T3 Date1 Blk4,7,N9,9.36,90.64,6.79,19.45,0.65,3.11,2.82,34.04,18.58,31.98,31.09,3.29,13.65,56.1,11.35,63.49,16.76,9.52,8.68,2.87,2.26,7.14,0.55,0.35,0.3,2.45,0.24,19.45,41.88,70.42,72.97,42.02,68.97,71.93,74.65,52.11,80.37,69.87,80.66,77.34,49.45,3966,216.37,221.78
7592,00116060046734,6/23/2016,Cornell University,MUSGRAVE 1025,T3 Date2 Blk1,7,N9,8.71,91.29,6.44,19.55,0.43,3.13,2.72,43.17,24.02,45.74,44.44,2.6,11.05,75.14,8.13,81.71,12.41,7.01,3.86,2.74,1.73,7.96,0.39,0.42,0.24,3.52,0.24,19.55,28.04,68.74,71.1,36.38,62.7,68.02,70.3,47.59,75.23,67.76,74.68,74.48,46.93,3731,142.56,188.8
7592,00116060046735,6/23/2016,Cornell University,MUSGRAVE 1026,T3 Date2 Blk2,7,N9,9.1,90.9,6.38,21.92,0.54,3.51,2.9,45.57,22.83,41.43,40.26,2.78,10.21,74.64,7.19,82.14,11.18,7.73,4.49,2.87,1.8,8.63,0.48,0.45,0.26,3.56,0.26,21.92,29.29,69.11,71.51,38.88,65.46,68.26,70.56,48.77,76.57,68.54,75.58,76.54,48.75,3786,159.88,204.73
7592,00116060046736,6/23/2016,Cornell University,MUSGRAVE 1027,T3 Date2 Blk3,7,N9,9.64,90.36,6.3,20.53,0.41,3.28,2.61,45.3,23.02,43.32,42.09,2.78,12.32,70.73,7.45,82.3,12.44,7.18,4.72,2.82,1.77,7.11,0.45,0.41,0.26,3.31,0.24,20.53,30.11,69.05,71.44,37.67,64.12,69.25,71.66,49.45,77.34,68.02,76.18,75.25,47.61,3796,152.39,189.45
7592,00116060046737,6/23/2016,Cornell University,MUSGRAVE 1028,T3 Date2 Blk4,7,N9,8.88,91.12,6.55,19.5,0.48,3.12,2.83,39.54,21.86,40.53,39.39,2.78,10.54,73.24,7.07,82.05,14.27,8.02,5.58,2.93,2.01,7.69,0.44,0.4,0.27,3.25,0.24,19.5,33.24,69.41,71.84,38.46,65,69.68,72.14,49.54,77.44,69.72,77.5,77.14,49.28,3900,164.91,209.22
7592,00116060046738,6/23/2016,Cornell University,MUSGRAVE 1029,T3 Date3 Blk1,7,N9,8.63,91.37,6.25,17.22,0.47,2.76,2.71,39.2,31.33,56.53,54.91,3.59,14.3,73.96,10.6,80.7,9.99,5.38,1.84,2.46,1.36,8.45,0.35,0.43,0.21,3.68,0.21,17.22,19.77,66.48,68.58,31.34,57.16,62.35,63.98,39.61,66.27,62.54,68.77,66.25,39.58,3341,105.98,148.78
7592,00116060046739,6/23/2016,Cornell University,MUSGRAVE 1032,T3 Date3 Blk4,7,N9,8.79,91.21,6.25,15.79,0.43,2.53,2.49,36.67,28.24,51.42,49.95,3.37,14.35,71.27,10.56,78.86,13.47,6.2,3.53,2.69,1.74,7.91,0.36,0.38,0.23,3.33,0.2,15.79,26.1,67.44,69.65,32.9,58.87,65.06,67,42.44,69.44,64.38,71.86,68.22,41.36,3521,120.83,158.75
7592,00116060046740,6/23/2016,Cornell University,MUSGRAVE 1033,T3 Date4 Blk1,7,N9,8.25,91.75,5.99,13.14,0.45,2.1,2.22,35.24,33,58.02,56.35,4.14,18.53,67.12,13.1,76.75,12.88,6.97,2.57,2.5,1.54,8.15,0.3,0.36,0.19,3.28,0.17,13.14,22.04,65.97,68.01,29.4,55.04,61.31,62.82,36.58,62.92,59.53,67.62,60.2,34.11,3217,101.4,127.71
7592,00116060046741,6/23/2016,Cornell University,MUSGRAVE 1034,T3 Date4 Blk2,7,N9,8.18,91.82,6.18,13.82,0.54,2.21,2.18,34.8,29.3,50.88,49.43,3.81,15.32,69.01,11.73,76.27,12.65,5.72,3.91,2.57,1.77,8.39,0.34,0.36,0.21,3.28,0.19,13.82,27.77,67.11,69.28,32.45,58.38,63.76,65.55,39.96,66.67,63.27,71.14,65.82,39.2,3458,120.89,153.41
7592,00116060046742,6/23/2016,Cornell University,MUSGRAVE 1035,T3 Date4 Blk3,7,N9,8.51,91.49,6.12,14.61,0.42,2.34,2.23,36.28,29.97,52.81,51.3,3.74,15.35,70.08,12.85,74.95,13.63,7.71,3.68,2.42,1.62,7.74,0.32,0.37,0.2,3.35,0.18,14.61,25.96,66.9,69.05,31.95,57.82,63.98,65.8,40.61,67.39,63.34,71.04,66.25,39.59,3460,115.35,150.93
7592,00116060046743,6/23/2016,Cornell University,MUSGRAVE 1036,T3 Date4 Blk4,7,N9,8.49,91.51,6.11,12.57,0.47,2.01,1.88,33.57,28.25,48.77,47.38,3.89,12.96,72.65,10.21,78.45,16.75,7.97,5.04,2.54,1.86,7.36,0.33,0.33,0.21,3,0.17,12.57,31.71,67.43,69.64,32.89,58.86,65.3,67.27,41.41,68.28,66.53,74.11,69.82,42.79,3677,127.56,172.77
7592,00116060046744,6/23/2016,Cornell University,MUSGRAVE 1037,T3 Date5 Blk1,7,N9,8.91,91.09,5.16,13.43,0.44,2.15,1.36,64.78,37.62,63.23,60.27,4.69,21.98,63.53,12.8,78.76,8.71,2.84,0.42,2.06,0.63,9.82,0.32,0.38,0.19,3.25,0.17,13.43,16.21,64.54,66.42,27.45,52.92,56.31,57.25,30.11,55.82,52.98,60.96,50.72,25.42,2759,87.77,101.49
7592,00116060046745,6/23/2016,Cornell University,MUSGRAVE 1038,T3 Date5 Blk2,7,N9,8.65,91.35,5.04,11.97,0.4,1.92,1.33,60.99,38.19,64.77,63.27,4.57,23.04,63.58,14.95,76.37,9.9,4.6,0.54,2.21,0.76,8.47,0.28,0.36,0.16,3.1,0.15,11.97,15.86,64.36,66.22,26.36,51.73,57.16,58.2,30.62,56.38,53.14,61.61,50.3,25.03,2801,84.83,101.31
7592,00116060046746,6/23/2016,Cornell University,MUSGRAVE 1039,T3 Date5 Blk3,7,N9,8.92,91.08,5.16,13.11,0.42,2.1,1.31,62.01,37.97,63.81,61.63,4.7,22.28,63.85,14.2,76.96,9.35,4.14,0.38,2.11,0.7,8.55,0.3,0.37,0.18,3.12,0.16,13.11,16.32,64.43,66.3,27.11,52.55,57.24,58.29,31.22,57.03,53.82,62.16,51.82,26.44,2839,86.45,103.75
7592,00116060046747,6/23/2016,Cornell University,MUSGRAVE 1040,T3 Date5 Blk4,7,N9,9.1,90.9,5.21,12.95,0.4,2.07,1.55,57.14,36.75,62.61,60.73,4.47,21.59,64.45,13.7,77.44,9.58,3.01,1.16,2.34,0.93,8.81,0.32,0.37,0.18,3.06,0.17,12.95,17.13,64.81,66.72,27.53,53.01,58,59.14,32.18,58.07,54.67,62.87,53.02,27.54,2889,89.7,107.77
7592,00116060046748,6/23/2016,Cornell University,MUSGRAVE 1041,T3 Date6 Blk1,7,N9,8.68,91.32,5.01,11.4,0.46,1.82,1.28,62.19,39.66,65.59,62.65,5.26,25.95,58.58,15.9,74.62,9.96,4.78,0.48,2.06,0.74,9.04,0.3,0.34,0.18,2.88,0.15,11.4,16.45,63.91,65.72,25.83,51.16,55.5,56.35,28.11,53.64,50.38,60.09,45.89,20.94,2661,82.28,87.16
7592,00116060046749,6/23/2016,Cornell University,MUSGRAVE 1042,T3 Date6 Blk2,7,N9,8.53,91.47,4.95,10.05,0.47,1.61,1.31,58.31,40.33,66.87,64.3,5.41,27.17,57.74,17.39,72.95,10.19,4.95,0.99,2.14,0.83,8.37,0.27,0.31,0.16,2.66,0.13,10.05,16.76,63.71,65.49,24.87,50.12,55.52,56.37,27.53,53.01,49.96,60.22,44.63,19.77,2662,79.76,84.11
7592,00116060046750,6/23/2016,Cornell University,MUSGRAVE 1043,T3 Date6 Blk3,7,N9,8.53,91.47,5.03,10.88,0.46,1.74,1.26,60.02,39.78,66.1,63.12,5.26,26.04,58.75,16.37,74.07,10.59,5.49,0.16,2.14,0.82,8.68,0.3,0.33,0.17,2.85,0.15,10.88,16.76,63.88,65.68,25.46,50.77,55.8,56.69,28.29,53.83,50.69,60.52,46.12,21.16,2690,81.7,87.29
7592,00116060046751,6/23/2016,Cornell University,MUSGRAVE 1044,T3 Date6 Blk4,7,N9,8.72,91.28,5.02,10.83,0.44,1.73,1.28,59.1,40.41,67.01,64.35,5.19,26.42,58.94,13.4,79.18,9.8,4.01,0.77,2.24,0.84,8.4,0.27,0.33,0.16,2.82,0.14,10.83,15.86,63.68,65.46,25.08,50.35,55.89,56.79,28.4,53.95,50.48,60.37,45.78,20.83,2682,79.68,86.48
7592,00116060046752,6/23/2016,Cornell University,MUSGRAVE 1045,T3 Date7 Blk1,7,N9,8.33,91.67,5.59,10.44,0.58,1.67,1.9,36.69,41.17,66.69,64.42,5.76,28.1,56.38,16.37,74.59,9.84,4.93,1.17,2.13,1.01,9.05,0.3,0.33,0.18,2.85,0.14,10.44,15.98,63.44,65.2,25.07,50.34,54.52,55.26,26.31,51.68,49.05,59.54,43.44,18.65,2606,79.3,81.2
7592,00116060046753,6/23/2016,Cornell University,MUSGRAVE 1046,T3 Date7 Blk2,7,N9,8.15,91.85,5.37,8.94,0.51,1.43,1.68,36.02,42.52,68.63,66.35,6.18,30.6,53.88,20.58,68.98,11.29,6.7,1.49,2.13,1.07,7.98,0.26,0.3,0.17,2.55,0.12,8.94,16.34,63.02,64.73,23.79,48.96,54.4,55.13,25.5,50.81,47.81,59.51,40.84,16.21,2581,75.67,73.94
7592,00116060046754,6/23/2016,Cornell University,MUSGRAVE 1047,T3 Date7 Blk3,7,N9,7.96,92.04,5.48,9.18,0.5,1.47,1.63,34.97,41.14,66.59,64.67,6.02,29.03,55.11,19.23,70.26,12.62,5.07,1.44,1.98,1.11,7.32,0.25,0.29,0.16,2.45,0.12,9.18,18.35,63.45,65.21,24.69,49.93,55.84,56.73,27.58,53.06,50.01,61.53,44.31,19.47,2723,79.33,81.29
7592,00116060046755,6/23/2016,Cornell University,MUSGRAVE 1048,T3 Date7 Blk4,7,N9,7.79,92.21,5.38,8.35,0.46,1.34,1.58,33.65,41.99,68.18,67.1,6.2,30.79,54.11,21.1,68.55,10.8,4.65,1.56,2.01,1.14,7.16,0.2,0.28,0.14,2.48,0.11,8.35,16.83,63.19,64.92,23.77,48.94,55.05,55.85,26.16,51.52,48.38,60.35,41.45,16.79,2638,76.66,76.53
7592,00116060046756,6/23/2016,Cornell University,MUSGRAVE 1049,T3 Date8 Blk1,7,N9,7.94,92.06,5.42,7.94,0.53,1.27,1.6,30.73,42.92,67.44,65.27,6.66,31.81,51.26,22.42,65.65,12.82,4.8,1.8,1.98,1.11,8.14,0.26,0.27,0.16,2.27,0.12,7.94,18.14,62.91,64.6,23.92,49.1,53.8,54.46,24.21,49.41,46.95,59.37,39.03,14.51,2547,76.54,70.46
7592,00116060046757,6/23/2016,Cornell University,MUSGRAVE 1050,T3 Date8 Blk2,7,N9,8.16,91.84,5.43,9.39,0.56,1.5,1.8,33.12,42.92,67.91,65.96,6.41,31.64,52.03,21.8,66.95,10.77,4.17,1.74,2,1.08,8.6,0.28,0.3,0.16,2.55,0.13,9.39,15.77,62.91,64.6,24.24,49.45,53.54,54.17,24.51,49.73,46.51,58.53,39.05,14.53,2501,76.11,70.64
7592,00116060046758,6/23/2016,Cornell University,MUSGRAVE 1051,T3 Date8 Blk3,7,N9,8.04,91.96,5.63,10.49,0.57,1.68,1.89,36.89,41.5,66.81,64.34,6.04,29.6,53.99,19.68,69.41,10.24,4.86,0.88,1.95,0.97,9.21,0.3,0.32,0.17,2.77,0.15,10.49,15.88,63.34,65.08,25.05,50.32,53.9,54.57,25.49,50.79,47.67,58.77,41.36,16.7,2535,78.93,75.49
7592,00116060046759,6/23/2016,Cornell University,MUSGRAVE 1052,T3 Date8 Blk4,7,N9,8.24,91.76,5.54,8.56,0.49,1.37,1.65,27.69,40.76,64.68,63.42,6.35,28.61,54.89,21.33,66.37,13.78,6.34,2.56,2.11,1.3,7.67,0.26,0.27,0.17,2.32,0.12,8.56,19.7,63.57,65.34,25.23,50.51,55.58,56.44,26.97,52.4,50.49,62.01,44.78,19.9,2752,82.4,84.02
7592,00116060046760,6/23/2016,Cornell University,MUSGRAVE 1053,T4 Date1 Blk1,7,N9,9.9,90.1,6.7,18.28,0.57,2.92,2.51,33.92,18.36,31.42,30.55,3.39,12.65,58.59,9.24,69.75,18.73,9.14,8.23,3.07,2.36,6.6,0.57,0.34,0.32,2.59,0.22,18.28,43.72,70.48,73.04,41.9,68.82,72.57,75.36,52.45,80.75,71.26,81.97,78.73,50.68,4073,220.91,234.89
7592,00116060046761,6/23/2016,Cornell University,MUSGRAVE 1054,T4 Date1 Blk2,7,N9,10.01,89.99,6.66,19.16,0.66,3.07,2.75,34.24,18.85,32.71,31.8,3.43,12.65,60.22,10.56,66.79,17.67,9.1,7.65,3.14,2.37,6.39,0.6,0.34,0.33,2.58,0.23,19.16,42.03,70.34,72.88,41.62,68.52,72.33,75.09,52.48,80.78,71.31,81.87,79.16,51.05,4080,211.15,229.03
7592,00116060046762,6/23/2016,Cornell University,MUSGRAVE 1055,T4 Date1 Blk3,7,N9,8.94,91.06,6.41,20.21,0.51,3.23,2.77,42.5,19.85,36.32,35.3,2.75,9.98,71.73,7.62,78.41,15.43,8.03,5.15,3.08,2.21,7.94,0.55,0.38,0.3,3.06,0.26,20.21,36.11,70.03,72.53,40.42,67.18,70.85,73.45,51.2,79.33,70.85,79.07,78.97,50.89,3990,187.87,228.87
7592,00116060046763,6/23/2016,Cornell University,MUSGRAVE 1056,T4 Date1 Blk4,7,N9,9.5,90.5,6.91,18.03,0.94,2.88,2.72,29.84,19.69,34.27,33.32,3.82,14.22,57.32,8.22,75.33,15.54,7.71,5.55,2.61,2.22,9,0.74,0.27,0.42,2.16,0.25,18.03,39.15,70.08,72.59,40.59,67.37,68.22,70.52,47.01,74.57,67.15,77.2,73.03,45.65,3754,199.58,202.41
7592,00116060046764,6/23/2016,Cornell University,MUSGRAVE 1057,T4 Date2 Blk1,7,N9,8.86,91.14,6.3,18.67,0.54,2.99,2.45,45.31,23.37,41.95,40.76,2.86,12.41,69.55,9.13,77.6,13.69,7.23,4.27,2.88,1.8,8.12,0.46,0.39,0.26,3.34,0.23,18.67,32.1,68.94,71.32,37.63,64.08,68.29,70.6,47.51,75.14,67.27,75.39,73.44,46.01,3737,156.72,189.82
7592,00116060046765,6/23/2016,Cornell University,MUSGRAVE 1058,T4 Date2 Blk2,7,N9,9.42,90.58,6.41,18.96,0.63,3.03,2.65,41.56,22.77,39.08,37.98,3.19,11.65,69.33,9.24,75.67,14.12,8.11,5.42,2.92,1.92,7.79,0.54,0.39,0.29,3.1,0.22,18.96,35,69.13,71.53,38.89,65.48,68.96,71.34,48.4,76.14,68.91,77.34,75.8,48.1,3861,169.35,205.6
7592,00116060046766,6/23/2016,Cornell University,MUSGRAVE 1059,T4 Date2 Blk3,7,N9,8.49,91.51,6.51,19.83,0.58,3.17,2.89,42.97,24.41,44.5,43.24,2.82,10.26,76.27,7.23,83.28,12.05,7.04,2.66,2.88,1.73,8.99,0.46,0.42,0.26,3.6,0.24,19.83,28.1,68.62,70.96,36.97,63.35,66.83,68.97,46.19,73.65,67.61,74.04,74.4,46.86,3697,146.26,194.76
7592,00116060046767,6/23/2016,Cornell University,MUSGRAVE 1060,T4 Date2 Blk4,7,N9,9.11,90.89,6.63,20.15,0.58,3.22,3,38.46,21,38.59,37.51,2.86,11.53,69.26,8.82,76.49,13.88,8.33,5.46,2.98,2.09,7.41,0.51,0.39,0.29,3.11,0.24,20.15,34.84,69.68,72.14,39.47,66.13,70.39,72.93,50.6,78.65,69.75,78.41,77.45,49.55,3929,174.88,210.08
7592,00116060046768,6/23/2016,Cornell University,MUSGRAVE 1061,T4 Date3 Blk1,7,N9,8.77,91.23,6.34,17.42,0.5,2.79,2.7,39.15,28.01,51.21,49.75,3.12,10.98,77.93,8.15,83.62,11.89,6.11,2.4,2.75,1.65,8.35,0.38,0.41,0.24,3.62,0.21,17.42,24.53,67.5,69.72,33.51,59.53,65.02,66.95,43.03,70.09,66.46,72.29,71.79,44.54,3596,121.68,176.18
7592,00116060046769,6/23/2016,Cornell University,MUSGRAVE 1062,T4 Date3 Blk2,7,N9,8.78,91.22,6.5,17.57,0.6,2.81,2.92,36.25,28.77,51.67,50.19,3.19,12.37,75.35,9.77,80.53,10.97,6.55,2.11,2.68,1.57,8.89,0.4,0.43,0.24,3.77,0.21,17.57,23.7,67.27,69.46,33.38,59.4,64.1,65.93,41.9,68.83,64.76,70.91,69.51,42.51,3489,119.58,166.32
7592,00116060046770,6/23/2016,Cornell University,MUSGRAVE 1063,T4 Date3 Blk3,7,N9,8.9,91.1,6.4,17.63,0.64,2.82,2.71,41.18,30.6,54.29,52.41,3.54,13.54,74.17,7.6,85.5,9.35,5.21,1.51,2.67,1.44,9.79,0.42,0.43,0.25,3.82,0.22,17.63,20.44,66.7,68.83,32.36,58.28,61.72,63.28,38.92,65.51,62.35,68.26,66.15,39.5,3310,111.46,152.54
7592,00116060046771,6/23/2016,Cornell University,MUSGRAVE 1064,T4 Date3 Blk4,7,N9,8.68,91.32,6.3,16.74,0.56,2.68,2.76,37.34,28.49,51.7,50.22,3.25,11.7,76.7,8.87,82.34,12.47,8.25,2.56,2.82,1.7,8.69,0.38,0.4,0.23,3.46,0.2,16.74,24.41,67.36,69.56,33.09,59.08,64.32,66.17,41.86,68.78,65.6,71.58,70.32,43.24,3542,119.97,170.44
7592,00116060046772,6/23/2016,Cornell University,MUSGRAVE 1065,T4 Date4 Blk1,7,N9,8.57,91.43,5.94,13.07,0.44,2.09,2.11,37.03,30.28,53,51.48,3.76,15.08,70.71,12.15,76.4,15.37,7.53,3.4,2.77,1.73,7.86,0.33,0.35,0.21,3.17,0.17,13.07,26.97,66.8,68.94,31.37,57.19,63.82,65.62,39.76,66.45,63.56,71.14,65.9,39.27,3471,114.42,152.22
7592,00116060046773,6/23/2016,Cornell University,MUSGRAVE 1066,T4 Date4 Blk2,7,N9,8.44,91.56,6.21,14.69,0.54,2.35,2.4,35.33,28.14,49.67,48.25,3.44,12.71,73.66,8.36,82.67,14.74,6.05,3.82,2.84,1.89,8.52,0.36,0.38,0.22,3.47,0.19,14.69,28.05,67.47,69.68,33.23,59.23,64.82,66.73,41.65,68.55,65.56,72.48,69.39,42.4,3579,125.65,169.63
7592,00116060046774,6/23/2016,Cornell University,MUSGRAVE 1067,T4 Date4 Blk3,7,N9,8.29,91.71,6.15,13.89,0.55,2.22,2.36,35.13,30.08,52.47,50.97,3.73,15.05,70.47,11.61,77.22,14.25,5.8,3.26,2.64,1.69,8.67,0.35,0.38,0.21,3.42,0.18,13.89,26.14,66.87,69.01,31.86,57.72,63.13,64.85,39.18,65.8,62.89,70.25,65.31,38.74,3412,116.22,151.62
7592,00116060046775,6/23/2016,Cornell University,MUSGRAVE 1068,T4 Date4 Blk4,7,N9,8.63,91.37,6.15,13.87,0.5,2.22,2.23,34.68,27.81,48.86,47.47,3.64,12,74.72,9.6,79.78,16.03,8.11,4.78,2.77,1.91,8.2,0.37,0.34,0.24,3,0.18,13.87,29.78,67.57,69.79,33.28,59.29,65.02,66.95,41.58,68.48,66.56,73.43,70.43,43.33,3647,128.23,176.21
7592,00116060046776,6/23/2016,Cornell University,MUSGRAVE 1069,T4 Date5 Blk1,7,N9,9,91,5.27,13.04,0.62,2.09,1.5,63.19,38.7,64.25,59.77,4.64,21.56,63.93,11.37,80.98,8.33,3.85,0.43,2.41,0.59,10.35,0.36,0.39,0.21,3.35,0.16,13.04,16.75,64.21,66.05,26.92,52.34,55.8,56.69,29.16,54.77,52.92,60.61,50.44,25.17,2739,85.16,99.98
7592,00116060046777,6/23/2016,Cornell University,MUSGRAVE 1070,T4 Date5 Blk2,7,N9,9.24,90.76,5.14,13.01,0.48,2.08,1.4,61.57,37.71,64.06,60.68,4.71,21.83,64.02,12.8,78.91,9.17,4.37,0.25,2.34,0.78,9.09,0.34,0.38,0.19,3.19,0.16,13.01,16.84,64.51,66.39,26.98,52.4,57.02,58.05,30.85,56.63,53.96,62.12,51.98,26.59,2838,86.28,102.63
7592,00116060046778,6/23/2016,Cornell University,MUSGRAVE 1071,T4 Date5 Blk3,7,N9,9.2,90.8,5.4,13.87,0.53,2.22,1.58,60.42,36.91,61.48,57.54,4.38,20.53,64.32,10.82,81.2,8.42,2.58,0.17,2.34,0.8,10.35,0.38,0.39,0.22,3.25,0.18,13.87,18.02,64.76,66.66,28.29,53.83,57.26,58.31,31.53,57.37,54.38,62.07,53,27.52,2837,90.92,106.78
7592,00116060046779,6/23/2016,Cornell University,MUSGRAVE 1072,T4 Date5 Blk4,7,N9,9.16,90.84,5.27,13.1,0.48,2.1,1.44,59.24,35.37,60.82,58.32,4.33,19.2,67.08,12.78,78.09,10.33,5.04,0.99,2.36,0.9,8.75,0.35,0.36,0.2,3.03,0.17,13.1,19.37,65.23,67.19,28.28,53.82,58.82,60.05,33.28,59.28,56.95,64.5,56.41,30.66,3015,93.69,118.24
7592,00116060046780,6/23/2016,Cornell University,MUSGRAVE 1073,T4 Date6 Blk1,7,N9,9.13,90.87,5.09,11.82,0.59,1.89,1.35,62.94,39.48,63.84,60.15,5.09,23.53,60.88,14.65,75.64,9.36,4.99,0.7,2.19,0.63,9.77,0.34,0.37,0.19,2.99,0.15,11.82,17.98,63.97,65.78,26.66,52.06,55.53,56.39,28.27,53.81,51.9,60.65,48.37,23.24,2717,84.75,94.3
7592,00116060046781,6/23/2016,Cornell University,MUSGRAVE 1074,T4 Date6 Blk2,7,N9,8.96,91.04,5.01,11.34,0.5,1.81,1.36,59.17,38.39,64.2,61.11,4.87,23.34,61.81,14.53,76.22,10.93,5.42,1.05,2.32,0.89,8.93,0.32,0.34,0.18,2.84,0.14,11.34,18.09,64.3,66.15,26.36,51.74,56.85,57.86,29.89,55.57,53.05,61.94,49.88,24.64,2808,85.51,97.9
7592,00116060046782,6/23/2016,Cornell University,MUSGRAVE 1075,T4 Date6 Blk3,7,N9,9.02,90.98,5.13,11.38,0.54,1.82,1.36,61.6,39.85,65.06,60.35,5.09,24.54,59.34,13.59,77.48,9.63,4.76,0.34,2.21,0.69,10.18,0.34,0.35,0.2,2.95,0.15,11.38,17.76,63.85,65.65,26.04,51.39,55.19,56.01,27.65,53.13,50.77,59.83,46.47,21.48,2651,82.53,88.27
7592,00116060046783,6/23/2016,Cornell University,MUSGRAVE 1076,T4 Date6 Blk4,7,N9,8.93,91.07,5.06,10.82,0.51,1.73,1.39,57.12,37.99,63.82,61.5,4.8,23.36,62.02,14.88,75.8,11.06,5.69,1.36,2.39,0.97,8.63,0.31,0.33,0.18,2.73,0.14,10.82,18.47,64.42,66.29,26.33,51.7,57.23,58.28,30.17,55.88,53.39,62.37,50.16,24.9,2837,86.44,100.04
7592,00116060046784,6/23/2016,Cornell University,MUSGRAVE 1077,T4 Date7 Blk1,7,N9,7.8,92.2,5.54,9.61,0.54,1.54,1.76,36.11,41.66,67.76,66.86,5.75,29.56,55.79,19.48,70.86,11.08,4.98,0.93,2.1,1.03,7.99,0.24,0.33,0.15,2.84,0.13,9.61,15.27,63.29,65.03,24.36,49.57,54.88,55.66,26.45,51.83,48.49,59.6,42.2,17.49,2605,77.45,79.28
7592,00116060046785,6/23/2016,Cornell University,MUSGRAVE 1078,T4 Date7 Blk2,7,N9,8.46,91.54,5.42,9.25,0.47,1.48,1.65,35.78,40.45,66.13,65.26,5.54,26.86,58.84,18.94,70.98,10.65,5.38,1.75,2.25,1.17,7.61,0.27,0.31,0.16,2.68,0.12,9.25,17.36,63.67,65.45,24.89,50.15,56.27,57.21,28.21,53.74,51.4,61.76,46.46,21.47,2771,80.52,90
7592,00116060046786,6/23/2016,Cornell University,MUSGRAVE 1079,T4 Date7 Blk3,7,N9,8.45,91.55,5.67,10.68,0.62,1.71,1.91,39.23,40.83,65.35,63.08,5.7,27.45,56.48,16.48,73.87,9.66,5.18,0.86,2.1,0.93,9.34,0.34,0.34,0.18,2.9,0.14,10.68,16.88,63.54,65.31,25.69,51.01,54.59,55.34,26.48,51.87,49.41,59.7,44.1,19.27,2617,81.43,83.34
7592,00116060046787,6/23/2016,Cornell University,MUSGRAVE 1080,T4 Date7 Blk4,7,N9,8.57,91.43,5.51,10.14,0.46,1.62,1.76,34.42,39.4,64.65,63.64,5.51,25.78,59.49,16.82,73.57,12.02,6.59,2.57,2.29,1.28,7.4,0.26,0.31,0.16,2.63,0.13,10.14,18.3,63.99,65.81,25.78,51.1,57.18,58.22,29.85,55.52,52.89,63.15,49.12,23.94,2866,83.93,94.94
7592,00116060046788,6/23/2016,Cornell University,MUSGRAVE 1081,T4 Date8 Blk1,7,N9,7.91,92.09,5.45,8.39,0.54,1.34,1.69,31.23,42.05,67.03,66.15,6.18,30.24,54.29,18.65,71.81,12.41,5.1,1.98,2.02,1.08,8.02,0.25,0.29,0.15,2.49,0.12,8.39,17.05,63.17,64.89,24.25,49.45,54.39,55.12,25.22,50.51,48.14,59.71,41.08,16.44,2598,77.9,77.51
7592,00116060046789,6/23/2016,Cornell University,MUSGRAVE 1082,T4 Date8 Blk2,7,N9,7.83,92.17,5.39,8.33,0.62,1.33,1.73,33.73,43.39,68.3,66.92,6.4,32.09,52.05,21.98,67.15,11.23,5.96,1.33,2.01,0.98,8.48,0.27,0.29,0.15,2.56,0.12,8.33,16.02,62.75,64.43,23.71,48.87,53.17,53.76,23.46,48.61,45.99,58.06,37.73,13.28,2471,75.18,70.02
7592,00116060046790,6/23/2016,Cornell University,MUSGRAVE 1083,T4 Date8 Blk3,7,N9,8.42,91.58,5.49,8.92,0.54,1.43,1.6,34.53,42.73,66.97,64.77,6.34,30.15,53.45,20.52,68.32,10.9,4.92,1.34,2,1.07,8.57,0.3,0.31,0.16,2.65,0.13,8.92,17.27,62.96,64.66,24.44,49.66,53.97,54.65,24.9,50.15,47.83,59.4,40.86,16.23,2570,77.16,75.02
7592,00116060046791,6/23/2016,Cornell University,MUSGRAVE 1084,T4 Date8 Blk4,7,N9,8.58,91.42,5.46,7.77,0.46,1.24,1.54,27.28,41.28,65.43,63.91,6.23,28.87,54.83,20.57,67.81,13.63,5.3,3.2,2.2,1.28,7.71,0.24,0.27,0.16,2.28,0.11,7.77,19.87,63.41,65.16,24.66,49.9,55.55,56.41,26.58,51.97,50.12,61.67,43.83,19.02,2730,80.49,82.45
7592,00116060046792,6/23/2016,Cornell University,MUSGRAVE 2001,B1 Date9 Blk1,7,N9,8.3,91.7,5.5,6.78,0.86,1.08,1.63,24.48,41.28,62.93,60.61,6.49,27.91,53.95,21.87,63.92,7.82,3.63,11.59,2.03,0.94,8.36,0.27,0.28,0.14,1.92,0.09,6.49,23.94,63.41,65.16,25.32,50.61,54.66,55.42,24.7,49.94,50.52,61.86,43.95,19.13,2734,84.01,84.11
7592,00116060046793,6/23/2016,Cornell University,MUSGRAVE 2002,B1 Date9 Blk2,7,N9,8.24,91.76,5.5,6.45,0.73,1.03,1.33,22.33,37.13,56.34,54.06,6,24.12,55.38,18.56,65.67,6.35,3.79,19.63,2.08,1.14,7.59,0.21,0.28,0.11,1.62,0.08,6.31,31.09,64.69,66.59,27.82,53.32,58.41,59.59,29.7,55.37,55.54,66.68,51.35,26,3058,99.04,103.72
7592,00116060046794,6/23/2016,Cornell University,MUSGRAVE 2003,B1 Date9 Blk3,7,N9,7.62,92.38,5.87,6.81,0.84,1.09,1.5,21.88,41.02,63.75,60.53,6.45,30.54,49.55,19.65,67.54,5.94,3.47,14.02,1.88,0.96,7.73,0.23,0.26,0.12,1.56,0.1,6.56,24.47,63.49,65.25,24.99,50.25,55.37,56.21,25.7,51.02,49.03,61.8,41.7,17.02,2688,83,73.82
7592,00116060046795,6/23/2016,Cornell University,MUSGRAVE 2004,B1 Date9 Blk4,7,N9,8.05,91.95,5.79,6.41,0.87,1.03,1.45,22.31,41.7,65.17,61.76,6.36,30.61,50.44,21.23,65.63,5.81,3.18,12.7,2.11,1,7.72,0.24,0.26,0.13,1.65,0.1,6.04,23.56,63.28,65.02,24.29,49.5,55.15,55.96,25.2,50.48,48.8,61.42,41.16,16.51,2672,80.48,73.29
7592,00116060046796,6/23/2016,Cornell University,MUSGRAVE 2005,B2 Date9 Blk1,7,N9,7.82,92.18,5.65,8.85,0.93,1.42,1.67,31.98,36.7,55.27,50.79,6.76,25.76,49.28,21.4,57.87,4.86,4.03,21.45,1.93,1.09,7.56,0.25,0.27,0.13,1.19,0.1,8.78,32.38,64.83,66.74,29.06,54.67,58.21,59.37,30.41,56.14,54.89,67.27,51.48,26.13,3038,101.45,92.82
7592,00116060046797,6/23/2016,Cornell University,MUSGRAVE 2006,B2 Date9 Blk2,7,N9,8.26,91.74,5.76,6.64,0.82,1.06,1.46,25.3,39.32,59.71,53.18,6.83,27.94,47.46,21.35,59.85,4.9,3.34,20.67,1.91,1,7.64,0.2,0.26,0.12,1.31,0.08,6.39,32,64.01,65.83,26.54,51.93,57.21,58.26,28.12,53.65,52.54,65.47,46.95,21.93,2903,90.79,78.09
7592,00116060046798,6/23/2016,Cornell University,MUSGRAVE 2007,B2 Date9 Blk3,7,N9,8.25,91.75,5.78,6.84,0.78,1.09,1.42,24.85,39.58,60.93,56.92,6.59,28.33,50.23,23.27,59.12,5.75,3.83,17.89,1.88,1,6.74,0.18,0.26,0.1,1.27,0.08,6.69,28.92,63.93,65.74,26.13,51.48,57.31,58.37,28.38,53.92,52.4,65.16,46.83,21.82,2911,88.68,82.64
7592,00116060046799,6/23/2016,Cornell University,MUSGRAVE 2008,B2 Date9 Blk4,7,N9,8.1,91.9,5.6,7.55,0.85,1.21,1.54,28.48,38.96,59.84,55.03,6.7,28.39,48.41,22.57,58.99,5.26,3.76,18.32,2.05,1.08,7.87,0.23,0.26,0.13,1.26,0.1,7.4,29.01,64.13,65.96,26.8,52.22,56.69,57.68,27.83,53.33,51.72,64.47,46.15,21.18,2848,91.23,79.49
7592,00116060046800,6/23/2016,Cornell University,MUSGRAVE 2009,B3 Date9 Blk1,7,N9,7.92,92.08,5.65,6.67,0.82,1.07,1.3,22.49,35.84,54.41,50.52,6.19,24.39,51.72,20.97,58.49,5.05,3.65,24.02,2.25,1.31,6.54,0.21,0.25,0.12,1.03,0.08,6.43,35.26,65.09,67.03,28.67,54.25,60.34,61.74,32.34,58.25,57.18,69.49,53.87,28.33,3205,104.47,102.9
7592,00116060046801,6/23/2016,Cornell University,MUSGRAVE 2010,B3 Date9 Blk2,7,N9,8.49,91.51,5.57,7.03,0.83,1.12,1.38,23.19,35.3,52.88,48.42,6.27,22.92,52.66,19.32,60.1,4.78,3.84,25.26,2.26,1.31,6.9,0.23,0.27,0.13,1.13,0.08,6.83,36.72,65.26,67.22,29.4,55.04,60.55,61.98,32.76,58.71,58.39,70.27,55.8,30.1,3264,108.04,108.84
7592,00116060046802,6/23/2016,Cornell University,MUSGRAVE 2011,B3 Date9 Blk3,7,N9,7.96,92.04,5.86,5.86,0.87,0.94,1.42,16.38,41.77,63.88,58,6.79,30.56,47.31,20.17,65.22,4.98,2.83,17.04,2.17,1.06,7.39,0.22,0.24,0.12,1.06,0.08,5.41,28.11,63.26,64.99,24.62,49.86,56.02,56.93,26.15,51.51,49.93,63.33,42.63,17.89,2764,82.14,69.89
7592,00116060046803,6/23/2016,Cornell University,MUSGRAVE 2012,B3 Date9 Blk4,7,N9,8.02,91.98,5.81,6.93,0.94,1.11,1.35,22.8,36.54,55.98,52.44,6.14,24.2,53.85,20.1,61.67,5.63,3.84,21.46,2.17,1.17,6.57,0.28,0.25,0.14,1.09,0.08,6.53,33.24,64.87,66.79,28.13,53.65,59.52,60.83,31.3,57.12,56.8,68.61,53.42,27.91,3168,100.26,102.83
7592,00116060046804,6/23/2016,Cornell University,MUSGRAVE 2013,B4 Date9 Blk1,7,N9,8.18,91.82,5.49,6.9,0.8,1.1,1.4,25.22,35.56,56.35,52.3,5.75,24.09,53.94,19.6,62.52,4.99,4.01,22.22,2.4,1.28,6.98,0.21,0.25,0.12,0.95,0.09,6.72,32.94,65.18,67.13,27.96,53.47,60.03,61.4,32.03,57.92,56.67,68.36,53.22,27.73,3153,101.05,101.73
7592,00116060046805,6/23/2016,Cornell University,MUSGRAVE 2014,B4 Date9 Blk2,7,N9,8.23,91.77,5.5,6.78,0.78,1.08,1.38,25.52,35.32,55.89,51.8,5.62,24.05,53.57,20.22,60.97,5.05,4.06,22.3,2.34,1.2,7.46,0.22,0.25,0.13,0.97,0.09,6.62,33.14,65.25,67.21,28.12,53.65,59.82,61.16,31.71,57.56,56.22,67.79,52.5,27.06,3113,102.32,101.25
7592,00116060046806,6/23/2016,Cornell University,MUSGRAVE 2015,B4 Date9 Blk3,7,N9,8.2,91.8,5.6,7.09,0.77,1.13,1.43,26.66,36.68,57.47,52.17,6.23,26.71,48.8,20.37,60.95,4.81,3.68,21.43,2.16,1.2,7.33,0.2,0.25,0.12,1.06,0.1,6.99,32.64,64.83,66.74,27.6,53.08,58.97,60.22,30.72,56.48,54.2,66.94,49.65,24.43,3012,97.74,87.04
7592,00116060046807,6/23/2016,Cornell University,MUSGRAVE 2016,B4 Date9 Blk4,7,N9,8.25,91.75,5.5,7.6,0.83,1.22,1.42,28.95,35.52,55.73,50.9,6.11,24.94,51,20.62,59.49,5.35,3.86,21.96,2.25,1.22,7.61,0.24,0.26,0.14,1.01,0.1,7.49,33.09,65.19,67.14,28.44,54,59.22,60.5,31.25,57.06,55.54,67.61,51.88,26.49,3077,102.05,95.45
7592,00116060046808,6/23/2016,Cornell University,MUSGRAVE 2017,R1 Date 9 Blk1,7,N9,7.62,92.38,5.3,5.26,0.63,0.84,1.2,17.87,42.09,62.02,59.59,7.59,30.98,48.01,24.6,58.72,11.15,6.8,12.34,2.01,1.22,7.04,0.19,0.24,0.11,1.51,0.07,5.09,27.09,63.16,64.88,25.16,50.43,55.09,55.9,24.73,49.97,49.75,63.28,42.07,17.37,2768,83.95,75.4
7592,00116060046809,6/23/2016,Cornell University,MUSGRAVE 2018,R1 Date9 Blk2,7,N9,7.76,92.24,5.19,4.8,0.57,0.77,1.07,34.58,39.97,59.62,58.37,7.01,28.3,51.52,22.11,62.12,11.73,2.87,14.54,2.15,1.38,6.39,0.15,0.23,0.1,1.43,0.06,4.66,29.13,63.81,65.61,25.95,51.29,57.15,58.19,27.37,52.83,52.87,65.7,46.61,21.61,2958,90,89.53
7592,00116060046810,6/23/2016,Cornell University,MUSGRAVE 2019,R1 Date9 Blk3,7,N9,7.67,92.33,5.21,4.88,0.61,0.78,1.07,26.43,44.46,66.25,64.54,7.56,33.67,47.83,25.4,60.64,12.46,5.4,8.71,2.05,1.21,6.45,0.15,0.21,0.09,1.38,0.05,4.68,22.99,62.43,64.07,23.35,48.48,54.15,54.85,23.27,48.4,47.23,61.32,38.01,13.55,2639,76.15,67.49
7592,00116060046811,6/23/2016,Cornell University,MUSGRAVE 2020,R1 Date9 Blk4,7,N9,7.92,92.08,5.21,5.16,0.64,0.83,1.18,16.09,41.77,61.87,60.85,7.4,29.81,51.01,25.25,58.5,11.84,5.16,11.54,2.15,1.32,6.33,0.19,0.23,0.11,1.48,0.07,4.96,26.52,63.26,64.99,25.18,50.46,55.77,56.65,25.62,50.94,51.25,64.31,44.34,19.49,2864,84.76,83.33
7592,00116060046812,6/23/2016,Cornell University,MUSGRAVE 2021,R2 Date9 Blk1,7,N9,8.12,91.88,5.06,4.6,0.6,0.74,1.1,33.7,43.88,64.34,62.04,7.71,32.49,47.63,25.77,58.46,10.46,5.66,12.09,2.05,1.18,6.91,0.17,0.25,0.09,1.58,0.06,4.38,25.37,62.61,64.27,24,49.18,54.23,54.94,23.26,48.38,48.16,61.99,39.31,14.78,2680,79.32,70.11
7592,00116060046813,6/23/2016,Cornell University,MUSGRAVE 2022,R2 Date9 Blk2,7,N9,7.91,92.09,5.12,4.87,0.66,0.78,1.15,36.55,42.34,62.29,60.3,7.59,30.62,49.22,25.74,57.31,9.43,6.55,14.2,1.95,1.15,6.44,0.17,0.25,0.09,1.48,0.05,4.59,27.39,63.09,64.8,24.92,50.18,55.33,56.16,24.85,50.11,50.4,63.82,42.88,18.13,2815,83.66,78.28
7592,00116060046814,6/23/2016,Cornell University,MUSGRAVE 2023,R2 Date9 Blk3,7,N9,7.61,92.39,5.16,4.75,0.65,0.76,1.15,28,50.07,73.5,70.09,8.6,40.67,41.97,27.97,60.09,10.32,4.55,4.99,1.82,0.92,7.22,0.16,0.22,0.08,1.52,0.06,4.47,17.17,60.7,62.14,20.41,45.33,49.82,50.03,17.05,41.73,39.62,55.54,25.81,1.94,2204,63.05,43.98
7592,00116060046815,6/23/2016,Cornell University,MUSGRAVE 2024,R2 Date9 Blk4,7,N9,7.32,92.68,5.16,5.34,0.65,0.85,1.19,26.22,45.34,66.69,64.83,8.01,35.46,45.3,27.24,57.98,12.19,5.59,8.44,2,1.2,7.04,0.17,0.23,0.08,1.57,0.06,5.15,21.78,62.15,63.76,23.32,48.46,52.82,53.37,21.61,46.61,45.22,59.86,35.08,10.78,2519,74.76,61.11
7592,00116060046816,6/23/2016,Cornell University,MUSGRAVE 2025,R3 Date9 Blk1,7,N9,7.6,92.4,5.12,4.7,0.64,0.75,1.17,34.47,45.6,66.71,63.23,8.3,35.1,44.49,30.83,51.24,6.99,2.04,14.32,1.75,0.93,6.31,0.12,0.25,0.06,1.45,0.04,4.43,25,62.07,63.67,23.09,48.2,53.3,53.9,21.96,46.99,46.2,61.1,36.29,11.93,2590,74.48,60.15
7592,00116060046817,6/23/2016,Cornell University,MUSGRAVE 2026,R3 Date9 Blk2,7,N9,7.44,92.56,5.11,4.76,0.59,0.76,1.22,31.72,43.34,64.11,60.7,8,32.95,45.72,26.79,55.86,8.54,2.4,15.58,1.98,1.18,6.72,0.14,0.25,0.08,1.39,0.05,4.58,26.86,62.77,64.45,24.15,49.35,54.48,55.22,23.67,48.83,48.29,62.62,39.59,15.04,2701,79.93,67.3
7592,00116060046818,6/23/2016,Cornell University,MUSGRAVE 2027,R3 Date9 Blk3,7,N9,7.22,92.78,5.14,5.07,0.67,0.81,1.15,26.23,47.79,70.1,66.14,8.48,39.64,40.07,28.54,56.85,7.37,3.74,11.19,1.76,0.95,7.09,0.13,0.23,0.07,1.19,0.06,4.81,20.9,61.4,62.92,21.88,46.9,51.36,51.74,19.39,44.23,41.3,57.49,28.7,4.7,2308,68.49,45.81
7592,00116060046819,6/23/2016,Cornell University,MUSGRAVE 2028,R3 Date9 Blk4,7,N9,8.05,91.95,5.1,5.2,0.56,0.83,1.19,31.73,42.89,63.33,60.23,7.8,30.79,48.88,25.95,56.92,7.57,2.52,16.89,2.05,1.15,6.29,0.11,0.27,0.07,1.5,0.05,5.14,27.32,62.92,64.61,24.6,49.84,55.32,56.15,25.04,50.31,50.43,63.99,43.08,18.32,2822,81.3,75.71
7592,00116060046820,6/23/2016,Cornell University,MUSGRAVE 2029,R4 Date9 Blk1,7,N9,7.93,92.07,5.11,4.73,0.55,0.76,1.11,35.52,41.22,61.81,59.72,7.28,29.27,50.99,24.08,59.68,11.39,5.81,14.44,2.12,1.3,6.35,0.15,0.25,0.09,1.48,0.05,4.61,28.01,63.43,65.18,25.05,50.32,56.32,57.27,26.21,51.58,51.83,64.84,45,20.11,2898,85.41,83.27
7592,00116060046821,6/23/2016,Cornell University,MUSGRAVE 2030,R4 Date9 Blk2,7,N9,7.98,92.02,5.2,5.2,0.63,0.83,1.23,20,42.87,63.63,60.2,7.36,31.96,46.91,24.38,59.5,9.51,4.43,12.34,2.19,1.23,7.46,0.19,0.25,0.1,1.52,0.07,5.02,26.14,62.92,64.61,24.49,49.71,54.84,55.62,24.36,49.57,48.48,62.21,40.1,15.52,2687,81.31,69.4
7592,00116060046822,6/23/2016,Cornell University,MUSGRAVE 2031,R4 Date9 Blk3,7,N9,7.68,92.32,5.2,4.63,0.57,0.74,1.12,12.1,42.65,62.85,60.45,7.64,31.6,47.73,24.99,58.66,10.88,4.53,13.09,2.08,1.28,6.38,0.17,0.23,0.1,1.35,0.06,4.46,27.38,62.99,64.69,24.61,49.84,55.5,56.35,25.04,50.31,49.81,63.73,41.87,17.18,2794,82.44,74.25
7592,00116060046823,6/23/2016,Cornell University,MUSGRAVE 2032,R4 Date9 Blk4,7,N9,8.07,91.93,5.25,5.02,0.67,0.8,1.25,36.85,46.56,68.85,65.12,7.94,35.43,45.59,25.65,60.61,9.96,4.27,7.57,2.03,1.08,7.45,0.21,0.23,0.1,1.57,0.07,4.75,21.58,61.77,63.34,22.35,47.41,52.28,52.77,20.68,45.61,44.69,59.07,34.09,9.84,2471,70.99,57.38
7592,00116060046824,6/23/2016,Cornell University,MUSGRAVE 2033,T1 Date9 Blk1,7,N9,8.09,91.91,5.1,6.86,0.65,1.1,1.34,25.36,37.81,57.53,55.49,6.74,25.14,54.69,22.39,59.65,8.74,2.96,17.95,2.33,1.35,6.28,0.17,0.28,0.11,1.51,0.07,6.86,30.36,64.48,66.35,27.49,52.96,58.52,59.72,30.09,55.79,56,67.88,52.23,26.81,3129,96.32,101.84
7592,00116060046825,6/23/2016,Cornell University,MUSGRAVE 2034,T1 Date9 Blk2,7,N9,7.61,92.39,5.02,5.66,0.69,0.91,1.2,22.61,39.22,58.83,57.11,6.86,28.44,50.2,22.36,60.85,9.54,4.68,16.14,2.28,1.31,6.69,0.19,0.25,0.11,1.3,0.07,5.46,29.43,64.05,65.87,26.57,51.96,57.3,58.36,27.89,53.4,52.63,65.59,46.66,21.65,2938,92.27,87.91
7592,00116060046826,6/23/2016,Cornell University,MUSGRAVE 2035,T1 Date9 Blk3,7,N9,8.31,91.69,5.09,5.69,0.71,0.91,1.33,20.21,41.14,61.55,59.01,7,29.23,50.47,21.66,63.29,9.59,5.54,13.69,2.21,1.18,7.19,0.21,0.26,0.11,1.48,0.07,5.46,27.26,63.45,65.21,25.5,50.8,55.88,56.78,25.97,51.31,51.1,63.85,44.33,19.49,2829,85.94,81.2
7592,00116060046827,6/23/2016,Cornell University,MUSGRAVE 2036,T1 Date9 Blk4,7,N9,8.13,91.87,5.07,5.71,0.66,0.91,1.27,21.54,41.54,62.76,61.32,7.02,29.88,51.27,22.72,62.95,10.21,5.68,12.21,2.22,1.27,6.39,0.18,0.25,0.1,1.5,0.08,5.57,25.58,63.33,65.07,25.01,50.27,56.08,57,26.27,51.64,51.02,63.97,44.23,19.39,2844,83.71,81.89
7592,00116060046828,6/23/2016,Cornell University,MUSGRAVE 2037,T2 Date9 Blk1,7,N9,7.89,92.11,5.21,6,0.61,0.96,1.19,23.33,41.21,61.69,59.69,7.21,30,49.74,22.98,61.5,9.97,2.82,13.11,2.15,1.28,6.63,0.17,0.26,0.1,1.57,0.08,5.98,26.59,63.43,65.18,25.53,50.84,56.11,57.03,26.47,51.85,50.93,64.15,44.24,19.4,2841,85.86,80.4
7592,00116060046829,6/23/2016,Cornell University,MUSGRAVE 2038,T2 Date9 Blk2,7,N9,7.96,92.04,5.28,7.28,0.57,1.16,1.26,27.06,38.73,57.41,55.82,6.84,26.3,52.88,22.13,60.35,9.11,3.19,15.91,2.24,1.39,6.24,0.16,0.29,0.09,1.7,0.08,7.28,29.53,64.2,66.04,27.68,53.17,58.43,59.62,30.19,55.91,55.05,67.42,51.02,25.7,3082,95.15,97.85
7592,00116060046830,6/23/2016,Cornell University,MUSGRAVE 2039,T2 Date9 Blk3,7,N9,7.6,92.4,5.26,6.01,0.66,0.96,1.3,21.13,42.1,63.45,61.22,7.31,31.1,49.2,23.2,62.1,9.51,4.6,12.2,2.16,1.22,6.66,0.16,0.26,0.1,1.47,0.08,5.92,25.19,63.16,64.88,24.84,50.09,55.37,56.21,25.44,50.74,49.75,63.16,42.44,17.71,2772,82.19,75.53
7592,00116060046831,6/23/2016,Cornell University,MUSGRAVE 2040,T2 Date9 Blk4,7,N9,7.23,92.77,5.22,5.11,0.7,0.82,1.3,35.62,45.27,68.47,66.61,7.5,35.26,47.07,25.19,62.18,9.02,2.34,9.37,1.92,1,6.73,0.15,0.24,0.08,1.54,0.07,4.81,20.85,62.18,63.79,22.53,47.6,53.07,53.65,21.8,46.82,45.2,59.45,34.92,10.63,2511,72.75,61.58
7592,00116060046832,6/23/2016,Cornell University,MUSGRAVE 2041,T3 Date9 Blk1,7,N9,8.3,91.7,5.3,7.72,0.68,1.24,1.31,31.35,35.84,53.81,51.51,6.29,24.31,52.81,21.38,58.49,8.56,3.37,18.57,2.1,1.26,7,0.21,0.27,0.11,1.53,0.09,7.72,32.82,65.09,67.03,29.26,54.88,59.55,60.86,31.81,57.67,56.51,68.41,53.36,27.85,3146,105.42,105.86
7592,00116060046833,6/23/2016,Cornell University,MUSGRAVE 2042,T3 Dae9 Blk2,7,N9,8.13,91.87,5.14,6.71,0.64,1.07,1.17,27.27,35.77,54.41,52.66,6.51,24.69,53.11,21.1,59.93,8.3,3.03,20.8,2.24,1.4,5.68,0.15,0.26,0.1,1.42,0.07,6.71,33.72,65.12,67.06,28.67,54.25,60.32,61.72,32.42,58.34,57.43,69.84,54.26,28.69,3241,104.57,107.19
7592,00116060046834,6/23/2016,Cornell University,MUSGRAVE 2043,T3 Date9 Blk3,7,N9,7.79,92.21,5.11,5.45,0.67,0.87,1.14,24.4,40.68,62.16,60.18,6.92,30.12,49.95,23.5,60.95,9.25,2.56,14.54,2.01,1.13,6.22,0.15,0.23,0.09,1.24,0.06,5.25,27.16,63.6,65.37,25.17,50.44,56.52,57.49,26.74,52.14,50.97,64.24,44.03,19.2,2849,85.59,80.14
7592,00116060046835,6/23/2016,Cornell University,MUSGRAVE 2044,T3 Date9 Blk4,7,N9,8.07,91.93,5.01,5.5,0.68,0.88,1.2,21.27,39.99,60.75,58.83,6.92,28.76,51.11,23.51,60.04,9.79,4.7,14.81,2.22,1.27,6.65,0.16,0.24,0.1,1.41,0.07,5.29,27.95,63.8,65.6,25.73,51.06,56.68,57.67,26.99,52.42,52.07,64.87,45.73,20.79,2901,88.64,85.48
7592,00116060046836,6/23/2016,Cornell University,MUSGRAVE 2045,T4 Date9 Blk1,7,N9,7.8,92.2,5.1,6.32,0.69,1.01,1.23,25.47,36.82,55.64,54.14,6.54,25.98,52.01,22.53,58.39,8.76,3.38,18.79,2.29,1.36,6.39,0.2,0.26,0.11,1.43,0.07,6.23,32.02,64.78,66.69,28.05,53.57,59.04,60.29,30.53,56.27,55.45,67.92,51.17,25.84,3106,100.83,100.08
7592,00116060046837,6/23/2016,Cornell University,MUSGRAVE 2046,T4 Date9 Blk2,7,N9,7.62,92.38,5.13,6.43,0.66,1.03,1.19,26.59,37.21,56.54,54.87,6.45,25.86,52.87,20.65,62.37,8.08,4.86,17.86,2.34,1.42,6.62,0.19,0.26,0.11,1.49,0.08,6.4,30.85,64.67,66.56,27.73,53.23,58.82,60.05,30.3,56.02,55.24,67.48,50.91,25.59,3086,98.46,99.41
7592,00116060046838,6/23/2016,Cornell University,MUSGRAVE 2047,T4 Date9 Blk3,7,N9,7.73,92.27,5.1,5.65,0.63,0.9,1.22,21.95,38.54,58.79,56.36,6.69,27.74,50.78,21.1,62.56,8.63,4.65,16.87,2.21,1.29,7.15,0.19,0.25,0.11,1.37,0.07,5.55,29.77,64.25,66.1,26.58,51.97,57.37,58.43,28.01,53.53,52.86,65.47,46.99,21.96,2936,93.11,88.2
7592,00116060046839,6/23/2016,Cornell University,MUSGRAVE 2048,T4 Date9 Blk4,7,N9,7.91,92.09,5.06,6.09,0.58,0.97,1.11,23.32,35.44,54.14,52.72,6.34,24.25,54,21.21,59.77,8.14,5,21.58,2.39,1.51,5.79,0.16,0.26,0.11,1.36,0.06,6.09,34,65.21,67.17,28.59,54.16,60.61,62.04,32.57,58.5,57.79,70.01,54.52,28.92,3260,105.48,110.3
7592,00116060046840,6/23/2016,Cornell University,MOSS 3001,Blk1 5/15 ryelage,7,N9,8.35,91.65,5.83,12.93,0.68,2.07,2.52,31.25,32.54,55.81,54.21,4.54,18.05,66.7,10.77,80.13,12.8,7.16,3.31,3.21,2.06,8.53,0.37,0.34,0.24,2.93,0.18,12.93,23.79,66.11,68.17,30.2,55.92,61.33,62.84,36.44,62.76,60.68,69.03,61.8,35.56,3304,105.92,133.08
7592,00116060046841,6/23/2016,Cornell University,MOSS 3002,Blk2 5/16 ryelage,7,N9,8.27,91.73,5.73,11.56,0.71,1.85,2.39,30.02,34.48,58.31,56.63,4.92,20.4,63.98,11.84,79.09,12.94,6.62,3.23,3.13,1.93,8.55,0.35,0.33,0.23,2.87,0.17,11.56,22.72,65.51,67.5,28.76,54.35,59.74,61.07,33.77,59.82,58.26,67.19,57.7,31.84,3164,99.07,119.82
7592,00116060046842,6/23/2016,Cornell University,MOSS 3003,Blk3 5/17 ryelage,7,N9,8.07,91.93,5.72,11.8,0.84,1.89,2.57,29.83,35.83,59.99,58.26,5.36,21.99,62.26,13.09,77.53,11.35,6.56,2.43,3.05,1.84,8.74,0.38,0.32,0.23,2.78,0.17,11.8,20.93,65.09,67.03,28.17,53.7,58.18,59.34,31.76,57.62,56.51,65.76,55.26,29.6,3058,94.56,110.88
7592,00116060046843,6/23/2016,Cornell University,MOSS 3004,Blk4 5/18 ryelage,7,N9,8.73,91.27,5.72,12.21,0.62,1.95,2.49,29.48,36.21,60.95,59.19,5.23,20.82,64.83,13.42,77.33,12.12,6.63,2.62,3.07,1.86,7.35,0.29,0.35,0.2,3.04,0.16,12.21,20.88,64.97,66.9,27.93,53.44,59.73,61.06,34.08,60.17,58.57,67.61,58.43,32.5,3198,92.68,117.41
7592,00116060050100,6/23/2016,Cornell University,MUSGRAVE 743,B2 Date8 Blk3,7,N9,8.56,91.44,7.04,21.68,0.78,3.47,3.66,36.07,27.42,48.82,47.43,2.76,9.99,78.94,6.88,85.49,8.49,7.93,1.01,2.67,1.46,10.23,0.52,0.48,0.25,4.18,0.26,21.68,21.86,67.69,69.93,35.85,62.12,64.26,66.11,43.69,70.84,65.68,70.76,72.52,45.19,3504,128.8,181.61
7592,00116060050101,6/23/2016,Cornell University,MUSGRAVE 775,B3 Date3 Blk3,7,N9,9.02,90.98,6.77,19.55,0.63,3.13,3.08,37.39,25.79,46.8,45.47,2.69,10.64,76.6,7.67,83.13,11.84,7.91,3.4,2.62,1.54,8.13,0.48,0.42,0.24,3.62,0.23,19.55,27.39,68.2,70.49,35.96,62.23,67.05,69.21,46.31,73.78,67.61,74.05,74.26,46.74,3700,136.55,187.81
7592,00116060050102,6/23/2016,Cornell University,MUSGRAVE 807,B4 Date3 Blk3,7,N9,8.74,91.26,6.86,20.19,0.89,3.23,3.45,37.15,27.59,48.61,47.22,3.2,11.26,76.15,8.25,82.53,9.54,7.62,1.87,2.85,1.5,9.62,0.53,0.44,0.26,3.75,0.26,20.19,23.92,67.64,69.87,35.45,61.68,63.97,65.78,42.68,69.7,65.42,71.32,71.52,44.3,3521,129.07,176.76
7592,00116060050103,6/23/2016,Cornell University,MUSGRAVE 839,R1 Date3 Blk3,7,N9,8.69,91.31,6.27,17.7,0.54,2.83,2.68,43.95,32.56,58.35,56.81,3.49,15.04,73.53,8.93,84.28,8.21,4.23,0.44,2.81,1.32,9.66,0.35,0.46,0.24,4.02,0.22,17.7,16.19,66.1,68.16,30.78,56.55,60.68,62.12,37.67,64.12,60.36,66.15,63.38,36.99,3169,101.47,140.21
7592,00116060050104,6/23/2016,Cornell University,MUSGRAVE 869,R2 Date3 Blk1,7,N9,8.85,91.15,6.23,17.08,0.52,2.73,2.75,39.34,32.69,57.88,56.97,3.75,15.9,72.09,11.29,80.18,9,5.07,1.37,2.83,1.45,8.61,0.35,0.44,0.21,3.73,0.21,17.08,17.64,66.06,68.11,30.78,56.54,61.39,62.91,38.33,64.85,60.91,67.48,63.89,37.46,3245,101.78,140.26
7592,00116060050105,6/23/2016,Cornell University,MUSGRAVE 871,R2 Date3 Blk3,7,N9,8.74,91.26,6.01,15.92,0.48,2.55,2.56,40.7,34.06,60.95,59.19,3.94,16.71,71.77,11.13,81.2,9.24,4.46,1.03,2.78,1.36,8.34,0.32,0.41,0.21,3.58,0.19,15.92,16.75,65.64,67.64,29.18,54.8,60.57,62,36.8,63.16,60.02,66.63,62.11,35.85,3188,95.25,132
7592,00116060050106,6/23/2016,Cornell University,MUSGRAVE 903,R3 Date3 Blk3,7,N9,8.32,91.68,5.98,14.91,0.61,2.39,2.59,37.22,36.26,62.24,60.45,4.86,20.69,65.77,14.53,75.96,9.08,4.3,0.52,2.66,1.46,8.27,0.36,0.38,0.23,3.32,0.19,14.91,16.5,64.96,66.89,28.33,53.87,58.68,59.89,33.86,59.92,56.96,65.2,57.29,31.46,3050,90.74,114.45
7592,00116060050107,6/23/2016,Cornell University,MUSGRAVE 944,R4 Date5 Blk4,7,N9,8.59,91.41,5.16,11.45,0.58,1.83,1.68,57.29,44.42,71.39,66.27,6.24,28.76,56.6,16.16,75.61,7.04,3.38,0.24,2.32,0.7,9.78,0.28,0.36,0.19,3.18,0.14,11.45,12.48,62.44,64.08,23.57,48.72,52.08,52.54,23.4,48.53,46.94,57.01,40.66,16.05,2445,70.72,72.07
7592,00116060050108,6/23/2016,Cornell University,MUSGRAVE 965,T1 Date3 Blk1,7,N9,8.88,91.12,6.47,18.6,0.62,2.98,2.96,39.09,29.41,52.54,51.04,3.15,11.49,77.49,8.58,83.19,9.44,6.43,2.1,2.8,1.52,8.77,0.39,0.45,0.23,3.76,0.22,18.6,22.03,67.07,69.24,33.36,59.38,64,65.82,42.19,69.15,65.3,70.93,70.69,43.56,3505,116.63,169.52
7592,00116060050109,6/23/2016,Cornell University,MUSGRAVE 966,T1 Date3 Blk2,7,N9,8.63,91.37,6.41,16.45,0.65,2.63,2.92,34.71,28.11,50.2,48.77,3.04,11.73,75.95,8.94,81.67,11.96,7.31,3.15,2.85,1.66,8.75,0.41,0.41,0.23,3.54,0.2,16.45,26.29,67.48,69.69,33.59,59.63,64.92,66.84,42.44,69.43,65.81,72.04,70.49,43.38,3566,124.13,173.14
7592,00116060050110,6/23/2016,Cornell University,MUSGRAVE 967,T1 Date3 Blk3,7,N9,8.71,91.29,6.12,16.18,0.61,2.59,2.58,39.68,29.45,51.83,50.35,3.37,12.04,76.09,8.65,82.82,11.61,6.01,2.76,2.72,1.57,8.57,0.4,0.39,0.23,3.38,0.2,16.18,24.91,67.06,69.23,32.86,58.83,63.92,65.73,41.09,67.93,65.25,71.34,69.58,42.57,3522,118.63,168.37
7592,00116060050111,6/23/2016,Cornell University,MUSGRAVE 998,T2 Date3 Blk2,7,N9,8.54,91.46,6.62,19.1,0.69,3.06,3.32,35.6,29.11,52.46,50.96,3.15,12.85,74.78,8.62,83.08,9.01,6.64,1.63,2.93,1.7,10.12,0.42,0.45,0.26,3.86,0.24,19.1,20.44,67.17,69.35,33.56,59.59,62.94,64.64,41.06,67.89,63.28,69.15,68.12,41.26,3372,117.55,159.98
7592,00116060050112,6/23/2016,Cornell University,MUSGRAVE 999,T2 Date3 Blk3,7,N9,8.63,91.37,6.39,18.98,0.63,3.04,3.06,38.78,29.94,54.2,52.65,3.26,13.42,74.51,9.26,82.41,8.41,6.3,1.42,2.81,1.64,9.71,0.42,0.44,0.25,3.74,0.23,18.98,19.08,66.91,69.06,32.85,58.81,62.6,64.26,40.61,67.39,62.78,68.7,67.36,40.58,3341,112.35,154.84
7592,00116060050113,6/23/2016,Cornell University,MUSGRAVE 1030,T3 Date3 Blk2,7,N9,8.85,91.15,6.48,18.41,0.57,2.95,2.96,37.15,30.1,53.92,52.38,3.31,13.81,73.63,9.85,81.2,9.21,6.13,2.05,2.66,1.53,9.04,0.38,0.45,0.22,3.82,0.23,18.41,20.6,66.87,69.01,32.76,58.71,63.14,64.86,41.07,67.9,63.04,69.36,67.47,40.68,3377,113.14,154.04
7592,00116060050114,6/23/2016,Cornell University,MUSGRAVE 1031,T3 Date3 Blk3,7,N9,8.82,91.18,6.45,17.87,0.54,2.86,2.79,37.55,29.27,53.29,51.76,3.37,12.01,76.8,9.79,81.09,10.37,5.82,2.08,2.45,1.48,8.47,0.39,0.41,0.23,3.51,0.22,17.87,22.21,67.12,69.29,32.84,58.8,63.69,65.47,41.53,68.42,64.99,70.8,69.95,42.9,3492,115.29,166.01
7592,00116060046269,6/22/2016,Cornell University,BARC 425,R4 Date1 Blk1,7,N9,8.59,91.41,6.17,15.19,0.45,2.43,2.23,39.63,28.32,52.08,50.59,3.23,10.76,78.73,8.21,83.77,13.64,7.76,3.92,3.33,1.89,6.99,0.28,0.4,0.19,3.34,0.2,15.19,26.57,67.41,69.62,32.44,58.36,66.1,68.16,43.48,70.6,68.05,74.2,73.03,45.65,3724,119.17,179.46
7592,00116060046270,6/22/2016,Cornell University,BARC 426,R4 Date1 Blk4,7,N9,9.07,90.93,6.44,17.26,0.57,2.76,2.68,36.15,26.93,49.55,48.14,3.1,12.46,74.12,9.98,79.27,12.67,7.08,4.79,3.54,2.03,6.45,0.33,0.4,0.21,3.15,0.21,17.26,27.8,67.84,70.1,34.12,60.21,67.73,69.97,46.27,73.74,67.94,75.5,73.78,46.31,3777,127.42,176.47
7592,00116060046271,6/22/2016,Cornell University,BARC 427,R4 Date1 Blk2,7,N9,8.68,91.32,6.13,14.46,0.46,2.31,2.17,37.07,27.91,50.5,49.06,3.21,11.94,75.66,9.54,80.55,14.96,8.56,4.88,3.39,1.98,6.36,0.27,0.38,0.18,3.13,0.18,14.46,29.31,67.54,69.76,32.82,58.78,67.24,69.43,44.59,71.84,68.15,75.35,72.87,45.51,3778,123.91,177.82
7592,00116060046272,6/22/2016,Cornell University,BARC 428,R4 Date1 Blk3,7,N9,8.36,91.64,6.29,16.24,0.49,2.6,2.53,38.36,27.43,51.31,49.84,2.96,10.68,78.57,7.71,84.53,13.18,6.32,3.56,3.4,1.92,7.09,0.29,0.41,0.19,3.42,0.21,16.24,26.44,67.68,69.92,33.08,59.07,66.78,68.91,44.74,72.01,68.23,74.46,73.74,46.27,3740,122.5,181.31
7592,00116060046273,6/22/2016,Cornell University,BARC 429,R4 Date2 Blk4,7,N9,8.71,91.29,5.99,13.69,0.44,2.19,2.16,35.5,28.61,51.29,49.82,3.21,11.03,77.86,8.47,83,15.21,7.12,4.58,3.42,2.05,7.35,0.28,0.38,0.18,3.24,0.18,13.69,28.25,67.32,69.52,32.26,58.16,66.15,68.21,42.95,70,67.87,74.24,72.16,44.87,3721,120.83,179.16
7592,00116060046274,6/22/2016,Cornell University,BARC 430,R4 Date2 Blk1,7,N9,8.46,91.54,6.09,14.85,0.46,2.38,2.37,37.04,30.36,55.06,53.48,3.43,13.7,74.38,10.32,80.7,13.01,7.45,2.92,3.3,1.88,7.69,0.27,0.41,0.18,3.38,0.19,14.85,23.47,66.79,68.92,31.14,56.94,64.27,66.12,41.07,67.9,64.62,71.34,68.16,41.3,3510,110.27,157.08
7592,00116060046275,6/22/2016,Cornell University,BARC 431,R4 Date2 Blk2,7,N9,8.65,91.35,5.95,11.85,0.37,1.9,1.75,35.11,29.23,51.4,49.93,3.62,12.66,74.64,10.26,79.45,14.52,8.78,4.53,3.02,1.93,6.6,0.26,0.35,0.17,3.01,0.15,11.85,30.44,67.13,69.3,31.6,57.44,65.93,67.97,41.94,68.87,67.11,74.4,70.33,43.24,3709,119.44,171.32
7592,00116060046276,6/22/2016,Cornell University,BARC 432,R4 Date2 Blk3,7,N9,8.59,91.41,6.06,14.37,0.42,2.3,2.25,37.16,29.72,53.91,52.37,3.3,12.43,76.27,8.31,84.13,13.76,6.59,3.37,3.25,1.9,7.27,0.26,0.4,0.18,3.42,0.19,14.37,25.34,66.98,69.14,31.44,57.27,65.24,67.2,42.11,69.06,66.22,72.72,70.18,43.11,3612,113.66,166.73
7592,00116060046277,6/22/2016,Cornell University,BARC 433,R4 Date3 Blk4,7,N9,8.8,91.2,6.03,13.88,0.52,2.22,2.13,36.89,29.33,50.52,49.08,3.79,12.74,74.04,9.24,81.17,15.13,8.29,4.34,3.24,1.98,7.69,0.35,0.38,0.2,3.12,0.19,13.88,28.5,67.1,69.27,32.63,58.57,64.85,66.76,41.36,68.23,66.24,73.35,70,42.94,3637,121.86,169.94
7592,00116060046278,6/22/2016,Cornell University,BARC 434,R4 Date3 Blk1,7,N9,8.62,91.38,5.82,12.19,0.47,1.95,2.01,37.08,32.98,57.47,55.82,4.14,16.95,69.63,10.45,81.28,13.87,5.6,2.95,3.09,1.73,7.87,0.29,0.36,0.18,3.12,0.16,12.19,23.4,65.97,68.01,29.31,54.94,61.86,63.44,36.89,63.26,61.31,68.97,62.33,36.05,3323,102.41,136.63
7592,00116060046279,6/22/2016,Cornell University,BARC 435,R4 Date3 Blk3,7,N9,8.51,91.49,5.75,12.67,0.51,2.03,1.97,41.04,32.74,57.05,55.41,4.03,16.63,69.99,11.18,79.82,13.12,6.69,3.1,3.03,1.64,7.48,0.29,0.36,0.18,3.04,0.17,12.67,23.77,66.05,68.1,29.63,55.29,62.39,64.03,37.74,64.2,61.87,69.54,63.33,36.95,3362,103.21,139.43
7592,00116060046280,6/22/2016,Cornell University,BARC 436,R4 Date3 Blk2,7,N9,9.11,90.89,5.95,11.53,0.45,1.84,1.66,34.69,28.84,49.66,48.24,3.97,12.88,73.3,10.53,78.17,15.17,6.02,5.25,3.18,2.07,6.82,0.31,0.33,0.19,2.84,0.16,11.53,32,67.25,69.44,32.18,58.08,65.65,67.66,41.43,68.3,67.18,74.85,70.3,43.21,3729,124.62,173.03
7592,00116060046281,6/22/2016,Cornell University,BARC 437,R4 Date4 Blk2,7,N9,8.68,91.32,5.74,12.52,0.59,2,2.11,41.77,35.92,61.84,59.92,4.61,20.39,65.97,12.64,78.91,11.22,7.64,1.73,2.88,1.43,8.15,0.29,0.36,0.19,2.99,0.16,12.52,19.09,65.06,67,27.69,53.17,59.17,60.44,33.47,59.49,57.28,65.54,56.67,30.89,3074,91.62,116.03
7592,00116060046282,6/22/2016,Cornell University,BARC 438,R4 Date4 Blk4,7,N9,8.93,91.07,5.72,11.5,0.55,1.84,1.78,40.17,31.24,51.09,49.63,4.23,15,69.78,12.59,74.63,15.9,7.37,4.14,3.03,1.78,8.36,0.38,0.34,0.22,2.81,0.17,11.5,29.51,66.51,68.61,31.6,57.44,62.89,64.58,37.87,64.34,63.47,71.2,65.09,38.54,3468,117.61,154.78
7592,00116060046283,6/22/2016,Cornell University,BARC 439,R4 Date4 Blk1,7,N9,8.26,91.74,5.66,11.98,0.59,1.92,1.96,44.41,35.76,62.19,60.26,4.67,21.08,65.02,12.45,79.34,11.01,5.03,1.79,2.85,1.39,8.57,0.3,0.35,0.19,3,0.17,11.98,18.76,65.12,67.06,27.38,52.84,58.46,59.65,32.3,58.21,56.18,64.53,54.82,29.2,3001,91.32,111.87
7592,00116060046284,6/22/2016,Cornell University,BARC 440,R4 Date4 Blk2,7,N9,8.8,91.2,5.65,11.24,0.47,1.8,1.71,41.46,33.39,57.59,55.94,4.34,17.92,67.97,13.53,75.81,14.74,7.29,3.71,2.93,1.65,7.28,0.29,0.32,0.19,2.76,0.15,11.24,24.6,65.84,67.87,28.94,54.53,61.87,63.45,36.49,62.82,60.94,69.19,61.38,35.18,3325,101.4,132.86
7592,00116060046285,6/22/2016,Cornell University,BARC 441,R4 Date5 Blk1,7,N9,7.9,92.1,5.56,10.14,0.76,1.62,2.14,34.71,41.04,68.57,66.76,5.87,26.79,59.87,16.06,75.94,8.76,2.47,1.28,2.96,1.42,7.96,0.27,0.32,0.17,2.84,0.15,10.14,14.86,63.48,65.24,24.23,49.43,55.09,55.9,26.89,52.31,51.34,61.37,46.81,21.8,2755,77.23,88.32
7592,00116060046286,6/22/2016,Cornell University,BARC 443,R4 Date5 Blk3,7,N9,8.17,91.83,5.52,10.93,0.79,1.75,2.16,41.17,41.69,69.17,64.88,5.97,28,56.84,15.32,76.39,7.27,3.88,1,3.04,1.33,9.19,0.31,0.34,0.19,2.78,0.16,10.93,14.83,63.28,65.02,24.26,49.47,54.15,54.85,25.94,51.29,49.4,59.83,44.23,19.39,2629,75.66,78.41
7592,00116060046287,6/22/2016,Cornell University,BARC 444,R4 Date5 Blk4,7,N9,8.09,91.91,5.69,11.16,0.68,1.79,2.09,36.83,36.74,62.08,60.29,5.09,22.85,62.1,15.12,74.92,10.71,4.97,2.36,3.33,1.78,7.97,0.32,0.32,0.19,2.72,0.17,11.16,19.89,64.81,66.72,27.14,52.58,58.74,59.96,32.29,58.19,55.95,65.47,54.15,28.58,3038,90.19,106.8
7592,00116060046288,6/22/2016,Cornell University,BARC 445,R4 Date6 Blk1,7,N9,7.57,92.43,5.45,8.55,0.62,1.37,2,31.7,45.7,74.22,71.45,6.47,32.5,54.51,19.99,72.02,7.77,2.67,0.84,2.65,1.13,8.07,0.2,0.31,0.13,2.75,0.12,8.55,11.8,62.04,63.64,21.45,46.44,52.4,52.9,22.51,47.58,45.56,57.22,37.17,12.76,2439,66.93,66.32
7592,00116060046289,6/22/2016,Cornell University,BARC 446,R4 Date6 Blk2,7,N9,7.61,92.39,5.33,7.89,0.58,1.26,1.87,29.78,44.84,72.95,69.88,6.36,32,54.21,19.74,71.75,8.66,3.9,1.57,2.81,1.3,8.12,0.19,0.3,0.13,2.65,0.12,7.89,13.68,62.31,63.94,21.73,46.74,53.18,53.77,23.32,48.46,46.36,58.13,38.12,13.65,2495,68.61,67.79
7592,00116060046290,6/22/2016,Cornell University,BARC 447,R4 Date6 Blk3,7,N9,7.41,92.59,5.36,7.82,0.58,1.25,1.84,32.48,47.17,75.93,72.43,6.61,35.84,50.52,20.59,71.57,7.64,2.46,0.45,2.5,1.06,8.07,0.16,0.31,0.12,2.63,0.11,7.82,11.46,61.59,63.13,20.51,45.43,51.79,52.22,21.33,46.31,42.62,55.6,32.18,8.03,2297,63.87,55.98
7592,00116060046291,6/22/2016,Cornell University,BARC 448,R4 Date6 Blk4,7,N9,7.59,92.41,5.58,9.81,0.63,1.57,2.13,33.54,41.99,69.25,66.95,5.73,29.07,56.58,18.56,72.28,8.32,2.97,1.28,3.05,1.43,8.27,0.25,0.32,0.15,2.74,0.14,9.81,14.67,63.19,64.92,23.84,49.01,55.11,55.92,26.83,52.24,49.25,60.18,43.48,18.69,2649,75.36,79.19
7592,00116060046292,6/22/2016,Cornell University,BARC 449,R4 Date7 Blk1,7,N9,7.89,92.11,5.32,7.06,0.43,1.13,1.73,26.49,47.44,75.57,72.99,6.81,34.46,52.79,22.76,68.82,9.99,4.64,0.53,2.36,1,7.16,0.14,0.29,0.11,2.54,0.1,7.06,12.52,61.51,63.04,20.4,45.31,52.25,52.73,21.7,46.7,44.4,56.96,34.62,10.35,2407,64.02,61.96
7592,00116060046294,6/22/2016,Cornell University,BARC 451,R4 Date7 Blk3,7,N9,7.84,92.16,5.22,6.53,0.43,1.04,1.69,22.36,48.41,76.15,73.3,6.96,35.85,51.09,21.75,70.33,10.6,4.81,0.39,2.28,1.01,7.68,0.13,0.3,0.09,2.66,0.08,6.53,12.17,61.21,62.71,19.98,44.86,51.41,51.8,20.26,45.16,42.76,55.74,31.75,7.62,2312,62.7,57.12
7592,00116060046295,6/22/2016,Cornell University,BARC 452,R4 Date7 Blk4,7,N9,7.65,92.35,5.26,7.9,0.55,1.26,1.88,27.97,43.4,70.14,67.97,6.13,30.5,55.13,20.66,69.6,9.58,2.54,2.7,2.9,1.42,7.53,0.19,0.29,0.12,2.45,0.11,7.9,16.06,62.75,64.43,22.83,47.92,54.86,55.64,25.67,50.99,48.62,60.3,41.61,16.94,2644,73.03,75.59
7592,00116060046296,6/22/2016,Cornell University,BARC 453,R4 Date8 Blk1,7,N9,7.87,92.13,5.24,5.25,0.47,0.84,1.37,17.52,48.14,73.86,72.37,7.67,35.81,50.52,27.02,62.66,12.5,5.87,1.14,2.05,1.07,6.35,0.15,0.25,0.1,2.14,0.07,5.25,15.33,61.29,62.8,20.44,45.36,51.8,52.23,20.2,45.1,44.21,57.85,33.45,9.23,2442,64.55,60.64
7592,00116060046297,6/22/2016,Cornell University,BARC 454,R4 Date8 Blk2,7,N9,7.77,92.23,5.18,4.96,0.54,0.79,1.38,20.56,49.2,75.97,73.81,7.62,37.78,48.81,24.91,66.25,11.03,4.85,1.31,2.01,0.93,6.91,0.14,0.24,0.08,2.14,0.07,4.89,13.77,60.97,62.44,19.5,44.35,50.66,50.96,18.39,43.16,41.69,55.73,29.27,5.25,2289,61.94,53.6
7592,00116060046298,6/22/2016,Cornell University,BARC 455,R4 Date8 Blk3,7,N9,7.88,92.12,5.18,5.18,0.53,0.83,1.42,20.46,48.68,74.25,71.04,7.74,37.28,47.52,23.86,66.41,11.71,4.68,1.36,2.02,0.99,8.03,0.18,0.25,0.11,2.16,0.08,5.16,15.18,61.12,62.61,20.27,45.17,50.3,50.56,18,42.75,41.58,55.51,29.2,5.18,2261,64.02,52.35
7592,00116060046299,6/22/2016,Cornell University,BARC 456,R4 Date8 Blk4,7,N9,7.87,92.13,5.14,4.84,0.47,0.77,1.35,39.26,49.13,75.41,72.03,7.7,38.25,46.9,26.34,63.43,11.56,5.56,1.25,2.09,1.07,7.67,0.17,0.24,0.1,2.08,0.08,4.84,14.74,60.98,62.46,19.68,44.54,50.55,50.84,18.24,43,41.06,55.43,28.2,4.22,2250,62.4,50.16
7592,00116060046300,6/22/2016,Cornell University,BARC 457,T1 Date1 Blk1,7,N9,9.07,90.93,6.05,13.23,0.58,2.12,1.97,39.3,27.58,44.81,43.54,3.56,11.24,74.18,8.14,81.3,16.1,9.18,5.47,3.33,1.89,7.05,0.38,0.36,0.21,3.04,0.17,13.23,35.26,67.64,69.87,34.69,60.84,67.2,69.38,43.97,71.15,68.89,76.49,73.36,45.94,3841,140.07,193.27
7592,00116060046301,6/22/2016,Cornell University,BARC 458,T1 Date1 Blk2,7,N9,8.95,91.05,6.31,15.19,0.63,2.43,2.45,37.33,26.76,44.74,43.47,3.52,10.53,75.78,7.21,83.41,14.86,7.46,5.32,3.36,1.9,7.18,0.38,0.39,0.23,3.23,0.2,15.19,33.71,67.89,70.15,35.37,61.59,67.29,69.48,44.86,72.15,69.42,76.67,74.91,47.31,3864,141.38,197.85
7592,00116060046302,6/22/2016,Cornell University,BARC 459,T1 Date1 Blk3,7,N9,8.87,91.13,6.43,16.02,0.71,2.56,2.65,35.71,26.14,43.12,41.9,3.38,10.53,74.87,7.54,82,12.02,7.79,5.39,3.36,1.93,7.82,0.42,0.4,0.23,3.38,0.21,16.02,33.98,68.09,70.37,36.29,62.59,67.36,69.56,45.25,72.58,69.15,76.47,74.89,47.29,3845,147.71,200.54
7592,00116060046303,6/22/2016,Cornell University,BARC 460,T1 Date1 Blk4,7,N9,8.9,91.1,6.37,14.78,0.77,2.36,2.4,33.9,26.16,42.02,40.83,3.62,11.67,71.42,9.24,77.37,15.27,7.94,6.39,3.27,1.97,7.49,0.44,0.36,0.23,3.03,0.19,14.78,36.33,68.08,70.36,36.34,62.65,67.49,69.7,44.88,72.17,68.82,76.96,73.92,46.44,3852,151.91,197.35
7592,00116060046304,6/22/2016,Cornell University,BARC 461,T1 Date2 Blk1,7,N9,8.74,91.26,6.07,12.03,0.51,1.92,2.08,32.92,29.03,48.72,47.33,3.5,11.32,76.08,8.1,82.89,14.21,6.6,5.19,3.27,1.89,7.71,0.31,0.37,0.19,3.25,0.17,12.03,32.12,67.19,69.37,32.73,58.68,65.66,67.67,41.61,68.51,67.6,74.37,71.08,43.91,3717,126.41,182.07
7592,00116060046305,6/22/2016,Cornell University,BARC 462,T1 Date2 Blk2,7,N9,9.06,90.94,5.93,12.04,0.5,1.93,1.93,35.8,28.5,47.53,46.18,3.61,11.71,74.64,8.3,82.03,17.17,6.71,5.42,3.29,1.92,6.65,0.32,0.35,0.2,3.04,0.16,12.04,34.14,67.36,69.56,33.21,59.21,66.85,68.99,43.09,70.17,68.52,76.03,72.35,45.04,3815,130.3,184.88
7592,00116060046306,6/22/2016,Cornell University,BARC 463,T1 Date2 Blk3,7,N9,8.61,91.39,6.05,13.13,0.61,2.1,2.25,36.63,28.77,48.33,46.95,3.43,11.18,76.19,8.25,82.43,15.31,6.71,4.72,3.24,1.83,7.9,0.34,0.36,0.2,3.13,0.17,13.13,31.44,67.27,69.46,33.24,59.24,65.59,67.59,41.92,68.86,67.53,74.21,71.44,44.23,3708,127.83,182.93
7592,00116060046307,6/22/2016,Cornell University,BARC 464,T1 Date2 Blk4,7,N9,8.67,91.33,6.12,12.78,0.67,2.04,2.29,32.71,28.25,47.06,45.72,3.34,13.92,69.55,11.79,74.21,15.38,7.23,5.79,3.18,1.77,8.07,0.36,0.36,0.2,3.22,0.17,12.78,32.95,67.43,69.64,33.65,59.69,65.78,67.8,41.99,68.93,65.44,73.47,68.4,41.51,3613,132.22,168.8
7592,00116060046308,6/22/2016,Cornell University,BARC 465,T1 Date3 Blk4,7,N9,9,91,5.72,11.08,0.64,1.77,1.74,38.63,30.38,49.05,47.65,4.12,13.14,72.42,9.21,80.67,15.88,6,4.83,3.19,1.82,8.43,0.38,0.34,0.21,3.06,0.16,11.08,31.76,66.78,68.91,32.29,58.2,63.5,65.26,38.43,64.96,65.26,72.51,67.42,40.63,3572,123.89,168.66
7592,00116060046309,6/22/2016,Cornell University,BARC 466,T1 Date3 Blk1,7,N9,9.17,90.83,5.62,11.01,0.58,1.76,1.65,38.96,30.46,50.04,48.61,4.11,13.4,72.43,9.7,80.05,14.66,5.63,4.99,3.12,1.81,7.34,0.33,0.33,0.2,2.88,0.15,11.01,31.88,66.75,68.88,31.86,57.72,64.33,66.19,39.48,66.13,65.91,73.47,68.29,41.42,3634,121.25,167.6
7592,00116060046310,6/22/2016,Cornell University,BARC 467,T1 Date3 Blk2,7,N9,8.92,91.08,5.96,11.52,0.54,1.84,1.81,32.73,29.59,48.48,47.1,3.99,12.07,74.37,9.24,80.38,14.16,6.54,5.12,3.23,1.95,6.72,0.32,0.35,0.19,2.98,0.16,11.52,33.52,67.02,69.18,32.65,58.59,65.84,67.87,41.61,68.51,68.03,75.53,71.45,44.24,3780,126.6,180.32
7592,00116060046311,6/22/2016,Cornell University,BARC 468,T1 Date3 Blk3,7,N9,8.84,91.16,5.76,11.81,0.62,1.89,1.84,38.95,30.23,49.85,48.43,3.93,13.38,72.37,9.24,80.92,15.63,7.91,4.68,3.15,1.79,7.89,0.36,0.34,0.2,3.01,0.16,11.81,30.92,66.82,68.96,32.2,58.1,64.14,65.97,39.55,66.21,65.43,72.81,67.96,41.13,3591,122.09,166.93
7592,00116060046312,6/22/2016,Cornell University,BARC 469,T1 Date4 Blk4,7,N9,8.55,91.45,5.66,12.18,0.53,1.95,1.87,41.95,33.34,57.7,56.04,4.22,18.25,67.43,13.29,76.28,13.86,6.38,2.83,2.91,1.64,7.39,0.28,0.34,0.17,2.81,0.16,12.18,23.62,65.86,67.89,29.22,54.84,61.92,63.5,36.92,63.29,60.56,68.89,61.25,35.07,3301,101.47,130.87
7592,00116060046313,6/22/2016,Cornell University,BARC 470,T1 Date4 Blk1,7,N9,9.32,90.68,5.69,11.97,0.79,1.92,2.05,40.27,33.61,55.18,53.6,4.52,16.81,68.64,12.55,76.59,13.51,6.95,3.36,2.94,1.51,8.08,0.36,0.35,0.21,2.98,0.16,11.97,25.89,65.78,67.8,30.14,55.85,61.04,62.52,35.57,61.8,61.38,69.21,62.32,36.04,3331,105.51,139.29
7592,00116060046314,6/22/2016,Cornell University,BARC 471,T1 Date4 Blk3,7,N9,9.23,90.77,5.5,11.54,0.83,1.85,1.97,43.07,34.04,55.71,54.11,4.64,16.66,69.21,12.2,77.45,14.11,6.34,3.16,2.65,1.31,8.81,0.37,0.35,0.2,2.98,0.14,11.54,25.2,65.64,67.65,29.78,55.46,59.67,61,33.56,59.6,60.44,67.78,60.77,34.63,3243,103.97,137.63
7592,00116060046315,6/22/2016,Cornell University,BARC 472,T2 Date4 Blk2,7,N9,8.81,91.19,5.78,10.54,0.55,1.69,1.66,35.39,31.18,50.46,49.02,4.33,14.66,70.09,10.35,78.89,16.88,8.7,4.4,2.96,1.79,7.1,0.33,0.32,0.2,2.83,0.15,10.54,32.21,66.52,68.63,31.54,57.37,64.1,65.93,39,65.6,65.09,73.22,66.94,40.21,3601,119.2,160.63
7592,00116060046316,6/22/2016,Cornell University,BARC 473,T1 Date5 Blk1,7,N9,8.78,91.22,5.55,10.07,0.59,1.61,1.74,37.04,34.74,56.52,54.9,4.6,19.8,63.93,14.49,73.61,14.06,6.73,3.82,2.94,1.61,8.09,0.31,0.32,0.18,2.79,0.14,10.07,26.07,65.43,67.41,28.97,54.58,60.74,62.19,34.47,60.59,58.88,67.88,57.9,32.02,3208,101.63,123.92
7592,00116060046317,6/22/2016,Cornell University,BARC 474,T1 Date5 Blk2,7,N9,8.81,91.19,5.75,10.2,0.7,1.63,1.96,32.35,35.24,57.13,55.49,5.1,18.62,66.44,12.79,76.95,14.68,7.96,3.4,2.74,1.54,7.03,0.29,0.33,0.17,2.87,0.13,10.2,26.7,65.28,67.24,28.76,54.34,60.67,62.11,34.37,60.48,60.74,69.44,60.63,34.5,3329,100.03,130.85
7592,00116060046318,6/22/2016,Cornell University,BARC 475,T1 Date5 Blk3,7,N9,8.52,91.48,5.51,10.26,0.6,1.64,1.81,38.21,35.36,57.97,56.3,4.62,20.37,63.82,14.73,73.84,13.65,6.48,3.17,2.8,1.5,8.39,0.32,0.32,0.18,2.83,0.14,10.26,24.36,65.24,67.2,28.46,54.02,59.9,61.25,33.43,59.45,57.78,66.64,56.38,30.63,3128,98.45,118.95
7592,00116060046319,6/22/2016,Cornell University,BARC 476,T1 Date5 Blk4,7,N9,8.82,91.18,5.4,10.21,0.61,1.63,1.62,41.63,33.42,54.57,53.01,4.45,17.85,66.33,14.56,72.53,14.79,7.87,4.52,2.94,1.61,7.86,0.32,0.31,0.18,2.69,0.14,10.21,27.93,65.83,67.86,29.78,55.46,61.7,63.26,35.76,62.02,60.91,69.44,60.89,34.74,3328,107.22,135.57
7592,00116060046320,6/22/2016,Cornell University,BARC 477,T1 Date6 Blk1,7,N9,8.13,91.87,5.71,9.39,0.6,1.5,1.83,30.88,39.27,63.68,62.78,5.53,26.95,57.07,18.66,70.28,11.32,4.74,3.28,2.34,1.26,7.95,0.24,0.3,0.16,2.5,0.14,9.39,19.45,64.03,65.85,25.91,51.25,56.68,57.67,28.77,54.36,51.64,62.39,46.9,21.88,2796,84.98,90.47
7592,00116060046321,6/22/2016,Cornell University,BARC 478,T1 Date6 Blk2,7,N9,8.28,91.72,5.51,8.69,0.49,1.39,1.78,30.61,39.85,64.93,64.06,5.51,26.12,59.23,18.08,71.78,12.73,5.44,2.19,2.74,1.43,7.34,0.23,0.31,0.15,2.67,0.12,8.69,19.26,63.85,65.65,25.18,50.46,57.24,58.29,29.28,54.91,52.87,63.31,48.44,23.31,2874,82.98,94.54
7592,00116060046322,6/22/2016,Cornell University,BARC 479,T1 Date6 Blk3,7,N9,8.41,91.59,5.41,8.57,0.51,1.37,1.79,31.27,41,66.75,65.36,5.53,28.13,56.96,15.42,76.41,12.05,6.29,2.54,2.36,1.18,8.14,0.24,0.31,0.15,2.61,0.12,8.57,17.54,63.5,65.26,24.42,49.63,55.73,56.61,27.16,52.6,49.98,60.73,44,19.17,2688,79.48,83.87
7592,00116060046323,6/22/2016,Cornell University,BARC 480,T1 Date6 Blk4,7,N9,8.42,91.58,5.48,8.62,0.54,1.38,1.74,30.28,39.56,63.98,62.13,5.35,26.21,57.81,18.47,70.27,12.22,6.02,3.32,2.71,1.4,7.73,0.23,0.3,0.14,2.57,0.12,8.62,20.86,63.94,65.75,25.52,50.83,57.57,58.66,29.66,55.33,52.71,63.39,48.16,23.05,2867,84.64,92.08
7592,00116060046324,6/22/2016,Cornell University,BARC 481,T1 Date7 Blk1,7,N9,7.8,92.2,5.35,8.44,0.57,1.35,1.86,30.45,41.58,66.99,66.03,5.88,29.25,55.7,20.84,68.44,11.45,5.13,2.53,2.39,1.15,7.74,0.25,0.3,0.15,2.57,0.12,8.44,17.5,63.32,65.06,24.27,49.48,55.28,56.11,26.45,51.83,49.38,60.64,43.02,18.26,2671,78.41,81.28
7592,00116060046325,6/22/2016,Cornell University,BARC 482,T1 Date7 Blk2,7,N9,8.38,91.62,5.28,7.98,0.44,1.28,1.67,26.94,39.83,64.84,62.97,5.7,25.96,58.77,19.82,68.52,14.04,6.41,3.22,2.75,1.52,6.11,0.18,0.28,0.13,2.46,0.11,7.98,22.09,63.86,65.66,24.97,50.23,58.58,59.78,30.78,56.54,54.49,65.53,50.52,25.23,3014,82.99,95.71
7592,00116060046326,6/22/2016,Cornell University,BARC 483,T1 Date37 Blk3,7,N9,8.21,91.79,5.42,8.46,0.52,1.35,1.75,29.91,39.88,63.92,62.78,5.48,27.01,56.98,18.53,70.48,13.16,6.69,3.17,2.59,1.39,8.14,0.25,0.3,0.15,2.53,0.12,8.46,19.98,63.84,65.64,25.5,50.8,56.78,57.78,28.54,54.11,51.57,62.36,46.37,21.39,2793,84.28,89.74
7592,00116060046327,6/22/2016,Cornell University,BARC 484,T1 Date7 Blk4,7,N9,7.99,92.01,5.3,7.55,0.49,1.21,1.6,29.54,41.06,65.63,63.73,5.87,29.19,54.2,20.1,68.46,13.09,6.19,3.33,2.56,1.4,7.54,0.2,0.27,0.13,2.42,0.11,7.55,20.38,63.48,65.24,24.51,49.73,56.46,57.42,27.71,53.2,50.25,62.08,43.94,19.12,2750,80.73,81.34
7592,00116060046328,6/22/2016,Cornell University,BARC 485,T1 Date8 Blk2,7,N9,8.07,91.93,5.18,5.86,0.54,0.94,1.41,22.87,43.17,67.21,66.11,6.98,31.54,52.29,24.19,63.41,15.1,7.67,2.91,2.2,1.28,6.81,0.21,0.23,0.13,1.9,0.09,5.86,20.35,62.83,64.51,23.3,48.43,54.46,55.19,24.19,49.39,48.51,61.23,40.47,15.87,2677,76.69,74.91
7592,00116060046329,6/22/2016,Cornell University,BARC 486,T1 Date8 Blk3,7,N9,7.82,92.18,5.22,6.41,0.58,1.03,1.52,26.37,44.65,69.61,68.05,6.83,34.41,49.43,23.92,64.85,12.75,5.67,2.13,2.06,1.1,7.78,0.21,0.25,0.12,2.07,0.1,6.41,17.18,62.37,64,22.53,47.6,52.95,53.51,22.3,47.35,44.76,58.02,34.88,10.59,2442,72.16,63.42
7592,00116060046330,6/22/2016,Cornell University,BARC 487,T1 Date8 Blk4,7,N9,7.74,92.26,5.24,5.97,0.64,0.96,1.44,25.63,43.57,67.41,65.54,6.88,33.55,48.81,20.52,68.69,13.22,4.68,3.02,2.23,1.22,8.13,0.24,0.23,0.13,1.97,0.1,5.9,19.58,62.7,64.37,23.26,48.39,53.33,53.94,22.6,47.68,45.68,58.93,36.11,11.75,2495,75.84,65.63
7592,00116060046331,6/22/2016,Cornell University,BARC 488,T1 Date8 Blk1,7,N9,7.59,92.41,5.28,6.12,0.65,0.98,1.49,24.67,44.91,69.89,67.87,7.01,34.84,48.67,24.9,63.31,12.46,6.44,2.1,1.97,1.03,7.25,0.21,0.25,0.11,2.1,0.1,6.06,18.22,62.29,63.91,22.32,47.37,53.07,53.65,22.3,47.35,44.89,58.53,34.93,10.64,2468,71.89,61.92
7592,00116060046332,6/22/2016,Cornell University,BARC 489,T2 Date1 Blk1,7,N9,8.51,91.49,6.29,15.48,0.6,2.48,2.5,36.82,28.76,48.88,47.49,3.41,12.35,73.99,7.21,84.82,12.43,7.79,4.15,3.26,1.91,7.84,0.35,0.41,0.21,3.41,0.2,15.48,28.78,67.28,69.47,33.81,59.86,65.75,67.77,43.1,70.18,66.66,73.79,71.25,44.07,3666,126.3,175
7592,00116060046333,6/22/2016,Cornell University,BARC 490,T2 Date1 Blk2,7,N9,8.77,91.23,6.42,17.15,0.63,2.74,2.81,36.68,27.27,46.36,45.04,3.32,10.32,77.09,7.65,83.02,12.32,7.47,4.4,3.34,1.94,7.25,0.39,0.41,0.23,3.33,0.22,17.15,30.43,67.74,69.98,35.35,61.57,67.29,69.48,45.66,73.05,69.3,76.17,75.58,47.9,3840,135.84,194.63
7592,00116060046334,6/22/2016,Cornell University,BARC 491,T2 Date1 Blk3,7,N9,8.6,91.4,6.33,16.23,0.6,2.6,2.68,36.91,27.31,46.67,45.34,3.24,10.65,76.51,7.32,83.86,13.08,7.6,4.71,3.4,1.97,7.8,0.36,0.4,0.21,3.31,0.21,16.23,30.34,67.73,69.97,34.93,61.09,66.82,68.96,44.73,72,68.49,75.28,74.09,46.58,3779,134.74,190.74
7592,00116060046335,6/22/2016,Cornell University,BARC 492,T2 Date2 Blk4,7,N9,8.87,91.13,6.81,21.62,0.74,3.46,3.67,34.55,23.16,40.78,39.63,2.77,11.1,71.99,7.36,81.43,10.49,9.22,5.66,3.48,2.22,7.62,0.45,0.46,0.25,3.57,0.26,21.62,31.58,69,71.39,39.04,65.65,69.93,72.42,50.57,78.61,69.81,77.91,78.16,50.17,3917,161.49,205.3
7592,00116060046336,6/22/2016,Cornell University,BARC 493,T2 Date2 Blk1,7,N9,8.67,91.33,5.98,12.56,0.46,2.01,2.08,34.71,29.68,50.38,48.94,3.59,12.8,73.85,8.24,83.16,15.66,6.31,4.04,3.1,1.83,7.18,0.31,0.37,0.2,3.18,0.16,12.56,30.57,66.99,69.15,32.24,58.15,65.57,67.57,41.74,68.65,66.59,73.88,69.9,42.86,3670,121.36,170.67
7592,00116060046337,6/22/2016,Cornell University,BARC 494,T2 Date 2 Blk2,7,N9,8.66,91.34,6.11,12.45,0.48,1.99,2.04,32.53,29.11,48.8,47.41,3.61,12.99,72.6,11.47,75.81,15.78,6.5,4.76,3.18,1.99,7.33,0.31,0.36,0.2,3.15,0.17,12.45,31.86,67.17,69.35,32.84,58.8,65.98,68.02,42.2,69.17,66.75,74.41,70.09,43.03,3696,126.28,173.25
7592,00116060046338,6/22/2016,Cornell University,BARC 495,T2 Date 2 Blk3,7,N9,8.46,91.54,5.92,13.73,0.51,2.2,2.27,38.53,29.32,50.07,48.64,3.28,13.11,73.05,8.21,83.12,13.94,8.4,3.8,3.26,1.81,8.17,0.33,0.38,0.2,3.28,0.18,13.73,28.92,67.1,69.27,32.75,58.7,65.21,67.17,41.75,68.67,65.42,72.54,68.79,41.86,3578,122.9,167.6
7592,00116060046339,6/22/2016,Cornell University,BARC 496,T2 Date 2 Blk4,7,N9,8.29,91.71,6.33,15.6,0.61,2.5,2.78,32.76,25.97,44.32,43.06,3.03,11.54,73.2,8.8,79.56,14.45,8.89,5.46,3.25,1.97,8.45,0.42,0.38,0.24,3.22,0.21,15.6,32.7,68.14,70.43,35.66,61.9,67.19,69.37,44.92,72.21,67.67,75.04,72.7,45.35,3741,144.26,189.4
7592,00116060046340,6/22/2016,Cornell University,BARC 497,T2 Date3 Blk1,7,N9,8.68,91.32,5.83,11.09,0.41,1.77,1.75,35.26,30.56,50.74,49.29,4.04,14.99,69.59,11.78,76.1,16.93,7.59,4.3,2.97,1.83,7.62,0.33,0.34,0.2,3.05,0.16,11.09,30.92,66.72,68.85,31.62,57.46,64.22,66.06,39.46,66.11,64.33,72.39,66.13,39.47,3543,119.08,157.13
7592,00116060046341,6/22/2016,Cornell University,BARC 498,T2 Date3 Blk4,7,N9,8.93,91.07,6.14,13.04,0.56,2.09,2.12,32.44,28.18,45.66,44.36,3.68,11.49,74.1,7.7,82.64,15.97,7.17,5.18,3.35,2.07,8.36,0.38,0.36,0.22,3.18,0.18,13.04,33.29,67.46,69.67,34.29,60.39,65.76,67.78,42.14,69.1,67.55,74.75,71.46,44.24,3728,136.49,187.02
7592,00116060046342,6/22/2016,Cornell University,BARC 499,T2 Date3 Blk2,7,N9,8.52,91.48,6.01,11.15,0.54,1.78,1.75,31.39,29.94,47.84,46.48,4.12,14.16,69.54,9.93,78.64,16.89,8.61,4.87,3.06,1.93,7.52,0.32,0.35,0.19,3.05,0.16,11.15,33.67,66.91,69.06,32.79,58.75,64.97,66.9,40.38,67.13,65.7,73.96,68.08,41.22,3644,127.6,167.53
7592,00116060046343,6/22/2016,Cornell University,BARC 500,T2 Date3 Blk3,7,N9,8.62,91.38,6.03,13.08,0.59,2.09,2.18,35.09,30.31,50.06,48.63,3.83,14.45,70.29,11.52,76.31,14.1,6.4,3.75,3.12,1.83,8.88,0.36,0.39,0.2,3.39,0.18,13.08,28.76,66.79,68.93,32.55,58.48,63.48,65.24,39.27,65.9,63.72,71.21,66.13,39.48,3472,121.47,158.44
7592,00116060046344,6/22/2016,Cornell University,BARC 501,T4 Date4 Blk4,7,N9,9.07,90.93,5.95,12.74,0.63,2.04,1.94,36.97,29.07,47.52,46.17,4.03,12.87,72.12,9.24,79.99,15.69,7.3,4.79,3.04,1.86,8.22,0.38,0.35,0.21,3.02,0.17,12.74,31.95,67.18,69.36,33.44,59.46,64.42,66.29,40.3,67.04,65.98,73.43,69.15,42.18,3629,129.93,173.88
7592,00116060046345,6/22/2016,Cornell University,BARC 502,T2 Date4 Blk1,7,N9,8.62,91.38,5.72,11.59,0.88,1.85,2.25,38.4,35.59,57.19,55.55,5.1,20.12,63.78,12.76,77.03,13.37,6.32,2.23,2.58,1.34,9.13,0.36,0.35,0.2,3.11,0.16,11.59,23.64,65.17,67.12,29.22,54.85,58.26,59.43,31.72,57.57,57.33,65.87,56.32,30.57,3078,99.6,119.4
7592,00116060046346,6/22/2016,Cornell University,BARC 503,T2 Date4 Blk2,7,N9,9.03,90.97,5.66,11.21,0.55,1.79,1.79,38.63,31.39,51.84,50.36,4.2,15.45,69.32,12.89,74.4,16.35,8.41,3.99,3.01,1.75,7.44,0.31,0.34,0.19,2.87,0.15,11.21,30.03,66.46,68.56,31.2,57.01,63.59,65.36,38.64,65.2,63.87,71.98,65.52,38.93,3515,115.41,152.91
7592,00116060046347,6/22/2016,Cornell University,BARC 504,T2 Date4 Blk3,7,N9,9.45,90.55,5.71,12.77,0.54,2.04,1.91,40.33,32.09,53.01,51.49,4.04,15.51,69.88,11.76,77.16,13.53,7.32,3.98,2.99,1.63,7.96,0.35,0.37,0.2,3.2,0.16,12.77,27.06,66.25,68.32,31.27,57.08,62.95,64.65,38.48,65.02,62.94,70.63,64.88,38.36,3432,111.95,149.59
7592,00116060046348,6/22/2016,Cornell University,BARC 505,T2 Date5 Blk1,7,N9,9.01,90.99,5.66,9.18,0.47,1.47,1.59,31.7,34.52,54.96,53.38,4.8,18.95,64.5,15.42,71.11,16.66,8.13,3.86,2.94,1.74,7.42,0.29,0.31,0.18,2.65,0.13,9.18,28.87,65.5,67.49,29.3,54.93,61.75,63.31,35.46,61.68,60.61,69.79,60.01,33.94,3336,104.79,131.38
7592,00116060046349,6/22/2016,Cornell University,BARC 506,T2 Date5 Blk2,7,N9,8.9,91.1,5.82,10.66,0.54,1.71,1.89,31.33,34.79,55.87,54.27,4.72,18.88,65.21,14.08,74.06,14.45,7.23,3.21,2.92,1.67,7.66,0.28,0.36,0.18,2.99,0.15,10.66,26.63,65.41,67.39,29.43,55.07,61.33,62.84,35.52,61.75,60.25,69.12,60.14,34.06,3299,103,129.89
7592,00116060046350,6/22/2016,Cornell University,BARC 508,T2 Date5 Blk4,7,N9,8.5,91.5,5.92,12.07,0.67,1.93,2.17,34.63,34.12,55.65,54.05,4.38,18.35,66.05,13.09,75.78,13.34,6.24,2.35,2.87,1.61,8.74,0.33,0.36,0.19,3.24,0.17,12.07,24.7,65.62,67.62,29.99,55.68,60.78,62.23,35.34,61.55,59.62,67.87,59.87,33.81,3225,104.35,130.33
7592,00116060046351,6/22/2016,Cornell University,BARC 509,T2 Date6 Blk1,7,N9,8.25,91.75,5.57,8.28,0.52,1.32,1.76,29.71,41.26,66.62,65.4,5.58,28.38,56.61,17.63,73.04,12.26,6.32,1.85,2.6,1.31,7.78,0.21,0.31,0.15,2.63,0.12,8.28,17.99,63.42,65.17,24.37,49.58,56.12,57.04,27.56,53.04,50.29,61.33,44.34,19.49,2724,79.2,84.37
7592,00116060046352,6/22/2016,Cornell University,BARC 510,T2 Date6 Blk2,7,N9,8.26,91.74,5.52,8.66,0.43,1.39,1.83,28.75,41.39,67.33,65.38,5.54,27.49,57.95,18.39,71.87,12.86,5.51,1.49,2.63,1.32,7.02,0.18,0.32,0.13,2.84,0.12,8.66,18.45,63.37,65.12,24.22,49.42,57.08,58.11,29.07,54.68,51.76,62.66,46.75,21.74,2821,78.18,86.85
7592,00116060046353,6/22/2016,Cornell University,BARC 511,T2 Date6 Blk3,7,N9,7.84,92.16,5.64,9.42,0.57,1.51,1.95,31.42,39.46,64.6,62.74,4.97,26.17,58.29,16.6,73.54,12.07,3.96,1.51,2.72,1.37,7.87,0.22,0.33,0.14,2.87,0.13,9.42,19.55,63.97,65.79,25.55,50.86,57.89,59.01,30.42,56.16,52.53,63.01,48.26,23.14,2847,83.86,91.97
7592,00116060046354,6/22/2016,Cornell University,BARC 512,T2 Date6 Blk4,7,N9,8.86,91.14,5.69,8.45,0.57,1.35,1.51,27.69,38.46,58.76,57.07,5.88,23.22,59.31,17.24,69.79,13.57,6.27,4.65,2.52,1.47,8.2,0.29,0.3,0.17,2.69,0.12,8.45,25.32,64.28,66.13,27.54,53.01,57.74,58.85,29.8,55.48,55.5,65.6,52.22,26.81,3023,93.21,106.44
7592,00116060046355,6/22/2016,Cornell University,BARC 513,T2 Date7 Blk1,7,N9,8.29,91.71,5.47,8.42,0.46,1.35,1.8,27.55,40.91,66.11,64.2,5.56,27.07,57.83,17.75,72.35,13.12,5.4,1.9,2.65,1.43,7.41,0.21,0.31,0.14,2.82,0.12,8.42,19.34,63.53,65.29,24.61,49.84,57.09,58.12,28.97,54.57,52.05,62.88,47.08,22.05,2834,80.46,88.51
7592,00116060046356,6/22/2016,Cornell University,BARC 514,T2 Date7 Blk2,7,N9,7.95,92.05,5.39,7.57,0.43,1.21,1.69,27.21,43.26,69.21,67.21,6.01,30.38,54.8,21.39,68.17,12.61,6.07,1.85,2.41,1.17,6.72,0.17,0.3,0.13,2.5,0.1,7.57,18.02,62.8,64.48,23.1,48.21,55.84,56.73,26.9,52.32,49.26,61.2,42.42,17.69,2699,74.03,76.87
7592,00116060046357,6/22/2016,Cornell University,BARC 515,T2 Date7 Blk3,7,N9,7.91,92.09,5.41,8.51,0.61,1.36,1.92,30.55,41.67,67.18,66.03,5.57,29.17,55.82,19,71.23,11.06,3.49,2.23,2.49,1.18,8.29,0.21,0.31,0.13,2.63,0.12,8.51,16.91,63.29,65.03,24.21,49.41,55.25,56.07,26.43,51.81,48.97,60.02,42.42,17.7,2632,78.32,80.56
7592,00116060046358,6/22/2016,Cornell University,BARC 516,T2 Date7 Blk4,7,N9,7.72,92.28,5.38,7.4,0.49,1.18,1.62,28.78,42.64,68.43,66.45,5.74,31.12,53.17,19.9,70.05,12.46,5.03,2.18,2.44,1.26,7.57,0.16,0.29,0.12,2.59,0.11,7.4,17.94,62.99,64.69,23.34,48.47,55.68,56.55,26.58,51.97,48.06,60.23,40.5,15.9,2621,75.53,73.48
7592,00116060046359,6/22/2016,Cornell University,BARC 517,T2 Date8 Blk2,7,N9,7.34,92.66,5.25,5.43,0.54,0.87,1.47,18.42,47.42,73.85,71.71,7.28,36.59,48.98,25.83,63.98,12.16,7.2,1.05,1.92,0.97,6.62,0.14,0.25,0.1,2.17,0.08,5.43,15.74,61.51,63.05,20.51,45.43,52.17,52.64,20.76,45.7,43.38,57.34,32.2,8.05,2394,65.25,57.31
7592,00116060046360,6/22/2016,Cornell University,BARC 518,T2 Date8 Blk3,7,N9,7.64,92.36,5.35,7.07,0.75,1.13,1.66,32.53,46.01,71.5,68.76,6.74,35.94,47.73,22.5,67.28,9.24,4.41,1.76,2.11,0.88,8.66,0.23,0.28,0.12,2.18,0.12,7,15.29,61.95,63.53,22.02,47.05,51.62,52.03,20.64,45.57,42.35,55.77,31.36,7.25,2280,69.1,55.94
7592,00116060046361,6/22/2016,Cornell University,BARC 519,T2 Date8 Blk4,7,N9,7.49,92.51,5.29,6.27,0.66,1,1.56,27.75,46.63,72.98,71.41,6.81,36.52,48.86,23.38,67.26,10.22,6.23,1.37,2.09,0.94,7.89,0.18,0.27,0.12,2.21,0.1,6.22,14.05,61.76,63.32,21.15,46.12,51.61,52.02,20.31,45.22,42.22,55.74,30.76,6.68,2290,66.85,56.6
7592,00116060046362,6/22/2016,Cornell University,BARC 520,T2 Date8 Blk1,7,N9,7.7,92.3,5.36,7.23,0.57,1.16,1.69,32.37,46.78,73.69,71.21,6.86,35.8,49.73,22.59,68.28,10.35,5.99,0.28,2.07,0.91,7.86,0.19,0.29,0.13,2.49,0.11,7.23,13.48,61.71,63.27,21.2,46.17,51.74,52.17,20.97,45.93,42.85,56.05,32.23,8.08,2318,66.29,57.33
7592,00116060046363,6/22/2016,Cornell University,BARC 521,T3 Date1 Blk2,7,N9,8.94,91.06,6.1,14.52,0.48,2.32,2.21,39.33,27.49,48.02,46.65,3.25,10.06,78.44,7.32,84.31,14.64,8.73,4.97,3.2,1.88,7.13,0.34,0.38,0.22,3.12,0.19,14.52,31.03,67.67,69.9,33.82,59.88,66.96,69.11,44.25,71.46,69.17,75.66,74.29,46.76,3817,130.79,192.41
7592,00116060046364,6/22/2016,Cornell University,BARC 522,T3 Date1 Blk3,7,N9,9.04,90.96,6.14,14.5,0.5,2.32,2.25,39.45,27.55,48.23,46.86,3.23,9.72,79.26,7.32,84.38,14.63,8.75,4.78,3.24,1.84,7.46,0.34,0.38,0.21,3.11,0.19,14.5,30.59,67.65,69.88,33.73,59.78,66.55,68.66,43.73,70.88,69.04,75.22,74.1,46.59,3794,130.17,192.94
7592,00116060046365,6/22/2016,Cornell University,BARC 523,T3 Date1 Blk4,7,N9,8.56,91.44,6.47,16.96,0.62,2.71,2.81,35.67,25.83,45.7,44.4,2.88,10.34,76.71,7.07,84.08,13.15,7.96,4.6,3.18,1.92,8.18,0.38,0.4,0.23,3.41,0.22,16.96,30.35,68.18,70.47,35.56,61.79,67.3,69.49,45.6,72.98,68.48,75.15,74.37,46.84,3772,140.23,193.98
7592,00116060046366,6/22/2016,Cornell University,BARC 524,T3 Date1 Blk1,7,N9,9.08,90.92,6.23,13.49,0.54,2.16,2.18,33.21,27.17,46.53,45.21,3.4,10.65,76.44,8.06,82.17,15.61,7.16,5.34,3.11,1.89,7.89,0.37,0.37,0.23,3.13,0.18,13.49,32.7,67.76,70.01,34.1,60.18,66.28,68.36,42.96,70.02,68.29,75.06,72.64,45.3,3764,135.46,190.33
7592,00116060046367,6/22/2016,Cornell University,BARC 525,T3 Date2 Blk1,7,N9,9.56,90.44,5.96,12.78,0.51,2.04,1.87,35.68,29.64,49.93,48.51,3.92,11.81,75.65,9.15,81.14,14.85,8.19,5.06,3.06,1.86,7.14,0.33,0.36,0.21,3.12,0.17,12.78,30.58,67,69.16,32.5,58.43,65.1,67.04,41.22,68.08,67.41,74.34,71.14,43.96,3713,122.44,177.79
7592,00116060046368,6/22/2016,Cornell University,BARC 526,T3 Date2 Blk2,7,N9,8.88,91.12,6.03,12.15,0.43,1.94,1.93,32.26,28.04,48.48,47.1,3.41,11.37,75.86,8.21,82.57,15.15,6.55,5.1,3.07,1.93,6.7,0.28,0.35,0.2,3.03,0.16,12.15,33.05,67.49,69.71,32.87,58.83,66.97,69.13,43.32,70.42,68.58,75.76,72.48,45.15,3806,128.92,184.41
7592,00116060046369,6/22/2016,Cornell University,BARC 527,T3 Date2 Blk3,7,N9,8.94,91.06,5.9,12.21,0.44,1.95,1.94,35.46,28.86,49.12,47.72,3.56,11.56,75.78,8.64,81.89,14.76,6.33,4.92,3.08,1.88,7.59,0.32,0.35,0.2,2.99,0.17,12.21,31.54,67.24,69.43,32.62,58.56,65.6,67.6,41.64,68.54,67.39,74.22,70.87,43.72,3706,125.63,179.88
7592,00116060046370,6/22/2016,Cornell University,BARC 528,T3 Date2 Blk4,7,N9,8.97,91.03,6.06,12.53,0.56,2,2.04,31.76,28.26,47.43,46.08,3.5,11.96,74.05,9.17,80.1,14.24,8.99,5.79,3.16,1.95,7.56,0.33,0.35,0.21,3.01,0.17,12.53,32.92,67.43,69.64,33.41,59.42,66.18,68.25,42.44,69.43,67.51,74.85,71.18,43.99,3734,131.19,181.56
7592,00116060046371,6/22/2016,Cornell University,BARC 529,T3 Date3 Blk1,7,N9,8.81,91.19,5.88,10.63,0.49,1.7,1.6,34.52,29.52,48.7,47.31,3.99,13.67,71.11,9.77,79.35,14.48,7.92,4.9,2.85,1.84,7.62,0.34,0.32,0.21,2.78,0.16,10.63,33.2,67.05,69.21,32.27,58.18,64.74,66.64,39.88,66.58,65.69,73.52,67.83,41,3627,125.67,168.16
7592,00116060046372,6/22/2016,Cornell University,BARC 530,T3 Date3 Blk2,7,N9,8.95,91.05,5.94,10.93,0.53,1.75,1.6,32.94,29.87,48.21,46.84,4.28,14.14,69.81,10.48,77.63,14.52,6.56,5.16,2.97,1.87,7.1,0.33,0.33,0.2,2.81,0.15,10.93,33.86,66.93,69.08,32.57,58.5,64.92,66.84,40.21,66.95,65.94,74.25,68.3,41.43,3665,126.68,167.7
7592,00116060046373,6/22/2016,Cornell University,BARC 531,T3 Date3 Blk3,7,N9,8.86,91.14,5.81,11.62,0.58,1.86,1.82,36.57,31.15,51.07,49.61,4.16,15.65,68.45,12.63,74.54,15.52,7.79,4.46,2.91,1.75,8.22,0.35,0.34,0.2,2.96,0.16,11.62,29.62,66.53,68.64,31.65,57.5,63.09,64.8,38.16,64.67,63.08,71.14,64.59,38.09,3454,117.74,151.31
7592,00116060046374,6/22/2016,Cornell University,BARC 532,T3 Date3 Blk4,7,N9,8.77,91.23,5.95,11.11,0.59,1.78,1.79,31.68,29.36,47.63,46.27,3.99,13.05,71.8,10.55,77.2,14.35,6.67,5.09,3.03,1.88,7.69,0.35,0.33,0.2,2.81,0.16,11.11,33.84,67.09,69.26,32.86,58.82,64.97,66.9,40.33,67.08,66.4,74.13,69.02,42.07,3672,128.99,174.29
7592,00116060046375,6/22/2016,Cornell University,BARC 533,T3 Date4 Blk1,7,N9,9.22,90.78,5.64,11.21,0.59,1.79,1.7,38.72,32.37,53.9,52.36,4.39,16.68,68.14,10.64,79.68,15.36,8.16,3.9,2.84,1.62,7.05,0.3,0.34,0.18,2.79,0.15,11.21,28.46,66.16,68.22,30.38,56.11,62.86,64.55,37.68,64.13,62.74,71.13,63.92,37.48,3451,110.08,143.98
7592,00116060046376,6/22/2016,Cornell University,BARC 534,T3 Date4 Blk4,7,N9,8.85,91.15,5.67,10.55,0.47,1.69,1.66,36.59,33.71,56.49,54.87,4.51,18.55,66.19,11.61,78.84,15.58,7.81,4.04,2.94,1.74,7.15,0.29,0.33,0.18,2.88,0.15,10.55,26.35,65.74,67.76,29.14,54.76,62.1,63.7,36.49,62.82,60.88,69.69,61,34.84,3343,102.94,131.55
7592,00116060046377,6/22/2016,Cornell University,BARC 535,T3 Date4 Blk2,7,N9,9.38,90.62,5.57,10.68,0.51,1.71,1.63,37.73,31.46,52.5,51,4.25,14.91,70.76,11.06,78.31,12.85,5.45,4.49,2.89,1.7,6.97,0.32,0.32,0.19,2.73,0.14,10.68,30.28,66.44,68.54,30.78,56.54,63.71,65.5,38.59,65.14,64.54,72.44,66.22,39.56,3555,114.3,155.5
7592,00116060046378,6/22/2016,Cornell University,BARC 536,T3 Date4 Blk3,7,N9,9.03,90.97,5.63,11.16,0.54,1.79,1.79,38.17,32.16,53.57,52.04,4.23,16.28,68.72,10.2,80.4,12.49,5.02,4.01,2.83,1.6,8.05,0.34,0.33,0.2,2.83,0.15,11.16,27.94,66.23,68.3,30.51,56.25,62.29,63.91,36.95,63.33,62.15,70.07,63.06,36.7,3387,110.87,144.46
7592,00116060046379,6/22/2016,Cornell University,BARC 537,T3 Date5 Blk1,7,N9,8.77,91.23,5.49,9.67,0.47,1.55,1.61,37.75,35.21,58.3,56.62,4.8,21.05,62.82,15.16,73.23,15.09,7.17,3.59,2.74,1.58,7.53,0.28,0.3,0.18,2.61,0.14,9.67,25.21,65.29,67.25,28.13,53.66,60.53,61.95,34.07,60.15,58.06,67.51,56.54,30.77,3176,98.16,117.8
7592,00116060046380,6/22/2016,Cornell University,BARC 538,T3 Date5 Blk2,7,N9,9.12,90.88,5.41,9.82,0.51,1.57,1.63,37.88,35.18,58.52,56.84,4.78,19.8,65.17,14.85,73.87,14.43,7.23,3.88,2.88,1.59,6.95,0.27,0.31,0.18,2.64,0.13,9.82,25.43,65.29,67.26,28.09,53.61,61.04,62.52,34.78,60.94,59.59,68.63,58.81,32.85,3267,97.72,123.86
7592,00116060046381,6/22/2016,Cornell University,BARC 539,T3 Date5 Blk3,7,N9,9.06,90.94,5.5,10.5,0.56,1.68,1.8,38.1,35.53,58.7,57.01,4.77,20.73,63.64,14.69,74.23,13.54,6.35,3.49,2.81,1.5,8.02,0.3,0.32,0.18,2.7,0.14,10.5,23.77,65.19,67.14,28.24,53.78,59.86,61.21,33.5,59.53,57.71,66.73,56.4,30.65,3132,96.81,117.39
7592,00116060046382,6/22/2016,Cornell University,BARC 540,T3 Date5 Blk4,7,N9,8.92,91.08,5.57,9.4,0.51,1.5,1.6,33.83,33.57,54.69,53.12,4.56,18.97,64.29,15.27,71.25,16.16,8.11,4.71,2.76,1.64,7.97,0.31,0.29,0.19,2.46,0.13,9.4,28.47,65.79,67.81,29.46,55.11,61.51,63.05,35.22,61.42,59.98,68.99,59.19,33.19,3283,106.53,130.01
7592,00116060046383,6/22/2016,Cornell University,BARC 541,T3 Date6 Blk1,7,N9,8.28,91.72,5.54,8.42,0.49,1.35,1.72,28.62,39.95,64.76,63.5,5.58,27.25,57.09,18.31,71.17,13.02,5.5,2.5,2.5,1.36,7.94,0.24,0.29,0.15,2.56,0.12,8.42,19.5,63.82,65.62,25.14,50.42,56.6,57.58,28.29,53.83,51.4,62.23,46.09,21.12,2786,82.86,88.6
7592,00116060046384,6/22/2016,Cornell University,BARC 542,T3 Date6 Blk2,7,N9,8.17,91.83,5.51,8.27,0.49,1.32,1.7,28.3,40.48,65.55,63.66,5.65,27.78,56.36,19.58,69.24,13.05,6.6,2.53,2.48,1.33,7.07,0.18,0.29,0.13,2.55,0.11,8.27,20.37,63.65,65.43,24.79,50.04,57.25,58.3,29.09,54.7,51.76,63.08,46.57,21.57,2834,81.39,86.77
7592,00116060046385,6/22/2016,Cornell University,BARC 543,T3 Date6 Blk3,7,N9,8.3,91.7,5.43,8.5,0.54,1.36,1.71,30.71,40.12,64.98,64.06,5.49,27.47,57.12,17.8,72.21,12.57,5.43,2.38,2.5,1.34,7.81,0.22,0.3,0.14,2.59,0.12,8.5,19,63.77,65.56,25.08,50.35,56.63,57.61,28.34,53.88,51.22,62.08,45.85,20.9,2777,82.68,88.65
7592,00116060046386,6/22/2016,Cornell University,BARC 544,T3 Date6 Blk4,7,N9,8.21,91.79,5.51,8.69,0.55,1.39,1.8,29.92,39.75,64.65,63.24,5.43,27.54,56.45,18.21,71.2,12.02,6.73,2.96,2.58,1.35,8.18,0.24,0.29,0.15,2.55,0.13,8.69,19.34,63.88,65.69,25.29,50.58,56.63,57.61,28.42,53.97,51,61.91,45.61,20.67,2760,83.53,87.24
7592,00116060046387,6/22/2016,Cornell University,BARC 545,T3 Date7 Blk1,7,N9,8.28,91.72,5.42,7.73,0.51,1.24,1.65,26,40.86,65.36,63.47,5.92,28.22,55.54,20.19,68.19,13.32,7.4,2.92,2.48,1.36,7.1,0.21,0.28,0.14,2.4,0.11,7.73,20.99,63.53,65.3,24.67,49.91,56.83,57.83,28.28,53.82,51.46,63.03,45.86,20.91,2824,81.4,85.19
7592,00116060046388,6/22/2016,Cornell University,BARC 546,T3 Date7 Blk2,7,N9,8.02,91.98,5.38,7,0.48,1.12,1.52,24.14,41.81,66.16,64.25,6.3,29.89,53.48,22.62,64.79,14.28,6.25,2.91,2.25,1.27,6.62,0.17,0.26,0.13,2.23,0.1,7,21.38,63.25,64.98,24.1,49.29,56.35,57.3,27.32,52.77,50.33,62.66,43.8,18.99,2781,79.04,79.58
7592,00116060046389,6/22/2016,Cornell University,BARC 547,T3 Date7 Blk3,7,N9,7.98,92.02,5.39,8.29,0.59,1.33,1.75,29.92,39.63,63.6,61.77,5.51,27.65,55.24,19.44,68.53,12.75,7.7,3.25,2.38,1.25,7.91,0.25,0.28,0.15,2.36,0.12,8.29,21.53,63.92,65.73,25.57,50.88,57,58.02,28.72,54.3,51.32,62.6,45.9,20.94,2793,85.02,86.52
7592,00116060046390,6/22/2016,Cornell University,BARC 548,T3 Date7 Blk4,7,N9,8.1,91.9,5.38,7.24,0.52,1.16,1.56,26.52,41.93,66.06,64.5,6.24,30.45,52.79,21.26,67.04,13.34,5.13,3.07,2.23,1.26,7.55,0.21,0.26,0.14,2.27,0.11,7.24,20.01,63.21,64.94,24.23,49.43,55.42,56.26,26.14,51.49,48.93,61.14,41.77,17.09,2676,79.35,77.25
7592,00116060046391,6/22/2016,Cornell University,BARC 549,T3 Date8 Blk3,7,N9,7.62,92.38,5.18,4.81,0.55,0.77,1.32,14.97,48.67,72.53,70,8.22,38.39,45.16,29.08,58.46,13.23,4.1,2.08,2.07,1.16,7.19,0.17,0.23,0.09,1.78,0.08,4.7,17.16,61.13,62.62,20.81,45.75,50.88,51.21,18.65,43.44,41.87,56.86,29.5,5.47,2324,65.22,51.41
7592,00116060046392,6/22/2016,Cornell University,BARC 550,T3 Date8 Blk4,7,N9,8.08,91.92,5.24,6.25,0.62,1,1.36,26.56,41.05,63.41,62.09,6.78,30.26,51.26,22.95,63.04,14.61,6.13,4.35,2.26,1.37,7.67,0.24,0.22,0.14,1.87,0.11,6.25,22.98,63.48,65.24,24.94,50.2,55.14,55.95,25.26,50.55,49.47,62.05,42.13,17.43,2720,83.39,78.92
7592,00116060046393,6/22/2016,Cornell University,BARC 551,T3 Date8 Blk1,7,N9,7.77,92.23,5.27,5.69,0.67,0.91,1.42,22.85,42.91,65.93,64.46,7.02,32.58,49.46,25.12,61.03,14.34,3.07,3.37,2.01,1.13,7.75,0.24,0.22,0.13,1.81,0.09,5.53,21.39,62.91,64.6,23.76,48.92,53.66,54.3,22.92,48.02,46.91,60.01,37.89,13.43,2571,78.26,70.01
7592,00116060046394,6/22/2016,Cornell University,BARC 552,T3 Date8 Blk2,7,N9,7.95,92.05,5.24,5.5,0.58,0.88,1.24,22.18,41.42,63.39,61.56,6.96,30.66,50.19,24.49,60.22,15.77,6.09,4.09,2.34,1.43,6.91,0.22,0.2,0.14,1.68,0.1,5.45,24.84,63.36,65.11,24.68,49.92,55.85,56.74,25.91,51.25,50.03,63.19,42.64,17.91,2784,82.97,77.78
7592,00116060046395,6/22/2016,Cornell University,BARC 553,T4 Date1 Blk2,7,N9,9.23,90.77,6.42,17.12,0.68,2.74,2.74,34.99,24.81,41.56,40.39,3.32,10.78,73.31,8.48,79,13.61,8.19,6.91,3.44,2.1,6.7,0.39,0.41,0.23,3.28,0.2,17.12,35.43,68.5,70.83,37.28,63.69,69.27,71.69,48.03,75.72,70.52,78.65,77.23,49.36,3974,155.86,207.58
7592,00116060046396,6/22/2016,Cornell University,BARC 554,T4 Date1 Blk3,7,N9,9.15,90.85,6.47,20.21,0.69,3.23,3.1,42.55,25.38,43.79,42.55,3,8.86,79.18,6.55,84.61,10.31,7.68,4.08,3.48,1.86,8.72,0.45,0.47,0.26,3.85,0.25,20.21,28.76,68.32,70.63,37.37,63.79,67.07,69.24,46.6,74.1,69.27,75.38,76.82,48.99,3803,146.83,206.82
7592,00116060046397,6/22/2016,Cornell University,BARC 555,T4 Date1 Blk4,7,N9,9.08,90.92,6.67,20.71,0.73,3.31,3.33,37.52,22.84,40.26,39.13,2.91,10.65,72.78,7.32,81.29,12.04,8.59,5.3,3.28,2.05,7.98,0.5,0.44,0.28,3.49,0.25,20.71,32.46,69.1,71.5,38.96,65.56,69.17,71.58,49.31,77.18,69.59,77.39,77.47,49.57,3889,164.27,208.46
7592,00116060046398,6/22/2016,Cornell University,BARC 556,T4 Date1 Blk1,7,N9,9.03,90.97,6.48,16.14,0.6,2.58,2.55,34.51,25.54,43.81,42.57,3.15,10.75,74.75,8.56,79.89,14.35,7.89,5.7,3.23,1.97,6.82,0.37,0.4,0.23,3.4,0.2,16.14,34.05,68.27,70.57,36.05,62.33,68.68,71.03,46.95,74.5,69.84,77.49,75.89,48.18,3910,146.56,200.21
7592,00116060046399,6/22/2016,Cornell University,BARC 557,T4 Date2 Blk2,7,N9,8.82,91.18,6.03,12.36,0.42,1.98,2.01,33.09,27.41,46.95,45.61,3.36,11.02,75.84,8.54,81.28,14.37,6.72,5.54,3.12,1.94,7.22,0.36,0.34,0.23,3.09,0.17,12.36,33.88,67.69,69.93,33.55,59.58,67.02,69.18,43.47,70.59,68.64,75.76,72.65,45.31,3805,134.05,188.88
7592,00116060046400,6/22/2016,Cornell University,BARC 558,T4 Date2 Blk3,7,N9,8.63,91.37,6.2,16.71,0.59,2.67,2.76,37.94,26.89,46.65,45.32,3.05,9.82,78.33,6.67,85.28,11.57,6.95,4.36,3.34,1.91,8.75,0.4,0.42,0.24,3.55,0.22,16.71,29.07,67.85,70.11,35.09,61.27,66.19,68.26,44.16,71.36,68.13,74.22,73.79,46.32,3723,135.37,193.22
7592,00116060046401,6/22/2016,Cornell University,BARC 559,T4 Date2 Blk4,7,N9,8.55,91.45,6.34,15.41,0.59,2.47,2.7,32.97,25.75,44.3,43.04,3.1,10.35,75.95,8,81.41,13.15,7.23,5.61,3.16,1.97,8.14,0.4,0.38,0.25,3.33,0.2,15.41,33.14,68.2,70.5,35.61,61.85,67.38,69.58,45.08,72.39,68.86,75.83,74.24,46.72,3811,144.62,197.98
7592,00116060046402,6/22/2016,Cornell University,BARC 560,T4 Date2 Blk1,7,N9,8.52,91.48,6.1,12.99,0.62,2.08,2.22,33.18,28.07,47.62,46.26,3.47,11.82,74.45,8.61,81.39,13.57,6.45,5.13,3.1,1.89,8.24,0.35,0.36,0.22,3.14,0.18,12.99,31.84,67.49,69.7,33.49,59.52,65.43,67.41,41.67,68.57,66.89,73.88,70.51,43.4,3675,130.94,180.13
7592,00116060046403,6/22/2016,Cornell University,BARC 561,T4 Date3 Blk1,7,N9,8.89,91.11,5.7,12.07,0.62,1.93,1.64,43.16,30.09,49.83,48.41,4.02,14.34,70.38,10.78,77.73,12.21,5.22,4.54,2.96,1.72,7.94,0.36,0.34,0.21,2.93,0.17,12.07,30.5,66.87,69.01,32.3,58.21,63.81,65.61,39.24,65.87,64.46,72.21,66.72,40.01,3538,122.29,160.81
7592,00116060046404,6/22/2016,Cornell University,BARC 562,T4 Date3 Blk2,7,N9,8.82,91.18,5.92,11.45,0.66,1.83,1.81,35.46,28.75,46.6,45.28,4.14,15.38,66.03,10.92,75.88,17.22,9.55,5.11,2.98,1.85,7.69,0.38,0.33,0.2,2.85,0.16,11.45,34.54,67.28,69.47,33.39,59.4,64.92,66.84,40.37,67.12,64.72,73.64,66.83,40.1,3597,133,162.35
7592,00116060046405,6/22/2016,Cornell University,BARC 563,T4 Date3 Blk3,7,N9,8.52,91.48,6.07,14.83,0.69,2.37,2.36,39.51,27.64,46.16,44.85,3.51,12.6,71.91,9.25,79.38,14.33,8.92,4.28,3.2,1.87,8.02,0.4,0.38,0.22,3.17,0.19,14.83,31.79,67.62,69.85,34.67,60.81,65.95,67.99,43.04,70.1,66.71,74.33,71.04,43.88,3685,135.78,179.13
7592,00116060046406,6/22/2016,Cornell University,BARC 564,T4 Date3 Blk4,7,N9,8.51,91.49,6.05,12.73,0.68,2.04,2.01,35.66,28.15,45.79,44.49,3.78,12.04,72.94,9.21,79.3,14.22,6.71,4.7,3.13,1.96,8.62,0.39,0.35,0.21,3.13,0.18,12.73,33.21,67.47,69.68,34.13,60.22,65,66.93,41.01,67.83,66.69,73.98,70.13,43.06,3670,136.02,182.27
7592,00116060046407,6/22/2016,Cornell University,BARC 565,T4 Date4 Blk1,7,N9,8.74,91.26,5.42,11.77,0.68,1.88,1.72,48.94,31.42,52,50.51,4.06,15.27,69.77,12.45,75.35,15.87,7.61,3.21,2.72,1.43,8.3,0.34,0.34,0.19,2.94,0.15,11.77,28.71,66.45,68.55,31.34,57.15,62.39,64.03,37.27,63.68,62.7,70.26,64.09,37.64,3407,115.36,151.07
7592,00116060046408,6/22/2016,Cornell University,BARC 566,T4 Date4 Blk2,7,N9,8.68,91.32,5.35,11.59,0.77,1.85,1.78,49.7,33.53,55.87,54.27,4.5,17.77,67.26,13.17,75.73,14.33,7.8,2.66,2.53,1.22,8.35,0.32,0.35,0.19,3.01,0.14,11.59,25.35,65.81,67.83,29.74,55.41,60.2,61.59,34.31,60.41,59.8,67.72,59.88,33.82,3224,104.63,132.74
7592,00116060046409,6/22/2016,Cornell University,BARC 567,T4 Date4 Blk3,7,N9,8.64,91.36,6.09,12.12,0.68,1.94,1.96,31.85,29.07,46.32,45,4.11,13.89,69.13,10.55,76.56,14.04,6.83,4.76,2.99,1.89,7.8,0.37,0.34,0.2,3.04,0.17,12.12,34.15,67.18,69.36,33.72,59.76,65.02,66.95,40.77,67.57,65.9,74.18,68.76,41.84,3655,133.01,171.44
7592,00116060046410,6/22/2016,Cornell University,BARC 568,T4 Date4 Blk4,7,N9,8.69,91.31,5.9,12.26,0.55,1.96,1.91,36.7,29.87,51.25,49.79,3.83,14.89,70.09,12.37,75.16,13.79,8.78,4.4,3.23,1.97,7.84,0.33,0.33,0.2,2.81,0.17,12.26,29.05,66.93,69.08,31.8,57.66,64.29,66.14,39.98,66.69,64.28,72.18,66.57,39.87,3533,119.05,156.65
7592,00116060046411,6/22/2016,Cornell University,BARC 570,T4 Date5 Blk2,7,N9,8.74,91.26,5.58,10.65,0.61,1.7,1.84,35.59,34.02,55.66,54.06,4.87,19.22,64.45,14.35,73.46,10.91,6.82,4.01,2.97,1.75,7.68,0.3,0.32,0.18,2.68,0.15,10.65,26.7,65.65,67.66,29.51,55.15,61.14,62.63,35.23,61.43,60.08,69.16,59.89,33.83,3295,104.48,128.8
7592,00116060046412,6/22/2016,Cornell University,BARC 571,T4 Date5 Blk3,7,N9,9.04,90.96,5.56,11.43,0.73,1.83,1.99,39.72,34.71,56.87,55.67,4.76,19.11,65.67,12.48,77.58,12.66,6.23,3.38,2.79,1.47,8.84,0.34,0.34,0.19,2.91,0.15,11.43,23.58,65.44,67.42,29.28,54.91,59.3,60.58,33.1,59.08,58.42,66.64,57.84,31.96,3142,101.18,125.93
7592,00116060046413,6/22/2016,Cornell University,BARC 572,T4 Date5 Blk4,7,N9,9,91,5.88,13.35,0.64,2.14,2.11,37.6,31.27,51.86,50.38,4.28,15.12,69.99,12.68,74.83,13.32,7.64,3.69,2.94,1.76,7.9,0.38,0.35,0.2,3.05,0.17,13.35,27.72,66.5,68.6,31.91,57.78,63.04,64.75,38.8,65.38,63.71,71.49,66.23,39.57,3488,115.57,153.76
7592,00116060046414,6/22/2016,Cornell University,BARC 573,T4 Date6 Blk1,7,N9,8.21,91.79,5.52,8.35,0.49,1.34,1.69,28.86,39.85,64.47,63.03,5.55,27.8,55.89,17.3,72.55,12.09,6.35,2.64,2.52,1.41,8.23,0.24,0.29,0.16,2.62,0.13,8.35,19.67,63.85,65.65,25.24,50.52,56.55,57.52,28.19,53.72,50.81,61.89,45.17,20.27,2753,83.43,86.35
7592,00116060046415,6/22/2016,Cornell University,BARC 574,T4 Date6 Blk2,7,N9,8.27,91.73,5.53,8.88,0.51,1.42,1.66,30.97,39.08,64.01,62.16,5.47,27.02,56.53,17.92,71.17,11.99,4.6,3.3,2.63,1.5,6.99,0.22,0.29,0.15,2.42,0.13,8.88,21.13,64.09,65.92,25.61,50.92,58.23,59.39,30.68,56.43,52.87,64.21,48.52,23.38,2909,84.74,90.63
7592,00116060046416,6/22/2016,Cornell University,BARC 575,T4 Date6 Blk3,7,N9,8.01,91.99,5.78,10.22,0.64,1.64,1.97,31.41,37.44,61.06,59.3,5.04,25.06,57.74,16.5,72.18,10.76,6.37,2.82,2.8,1.48,8.5,0.29,0.31,0.16,2.64,0.15,10.22,21.47,64.59,66.48,27.22,52.67,58.22,59.38,31.18,56.99,53.51,63.91,50.1,24.85,2900,91.22,97.17
7592,00116060046417,6/22/2016,Cornell University,BARC 576,T4 Date6 Blk4,7,N9,7.96,92.04,5.58,8.99,0.56,1.44,1.69,29.14,37.39,60.38,58.64,5.21,24.87,57.59,17.44,70.26,13.02,4.31,3.25,2.57,1.54,7.56,0.25,0.29,0.15,2.59,0.13,8.99,23.96,64.61,66.5,27.08,52.52,59.11,60.37,31.87,57.74,54.69,65.49,51.29,25.95,3001,92.2,100.01
7592,00116060046418,6/22/2016,Cornell University,BARC 577,T4 Date7 Blk1,7,N9,8.32,91.68,5.4,7.58,0.48,1.21,1.49,25.73,39.09,62.09,60.3,5.89,26.47,56.1,19.55,67.58,14.65,6.51,3.55,2.53,1.56,6.42,0.21,0.26,0.14,2.25,0.11,7.58,24.63,64.08,65.91,25.93,51.27,58.7,59.92,30.75,56.51,54.24,65.9,49.97,24.73,3014,87.45,94.37
7592,00116060046419,6/22/2016,Cornell University,BARC 578,T4 Date7 Blk2,7,N9,8,92,5.35,7.75,0.52,1.24,1.66,27.35,40.56,65.3,64.38,5.89,29.09,54.82,19.88,69.12,12.76,5.24,3.55,2.45,1.38,7.42,0.21,0.27,0.14,2.33,0.11,7.75,19.73,63.63,65.41,24.71,49.95,56.32,57.27,27.59,53.07,50.33,62.03,44.15,19.32,2753,81.73,83.2
7592,00116060046420,6/22/2016,Cornell University,BARC 579,T4 Date7 Blk3,7,N9,8.16,91.84,5.45,8.5,0.58,1.36,1.72,30.94,40.45,64.13,62.95,5.74,28.9,54.09,18.92,69.94,11.51,5.39,3.26,2.39,1.26,8.36,0.25,0.28,0.15,2.41,0.13,8.5,19.65,63.67,65.45,25.42,50.71,55.87,56.76,27.29,52.74,49.66,61.14,43.49,18.69,2688,83.19,82.59
7592,00116060046421,6/22/2016,Cornell University,BARC 580,T4 Date7 Blk4,7,N9,8.09,91.91,5.42,8.03,0.53,1.28,1.67,25.78,39.62,63.09,61.27,5.66,27.47,55.17,19.15,68.74,13,6.67,3.66,2.5,1.43,7.74,0.25,0.28,0.14,2.41,0.12,8.03,22.2,63.92,65.73,25.67,50.99,57.33,58.39,29.09,54.7,51.9,63.32,46.67,21.67,2839,85.49,88.28
7592,00116060046422,6/22/2016,Cornell University,BARC 581,T4 Date8 Blk3,7,N9,8.09,91.91,5.32,6.68,0.61,1.07,1.45,26.95,42.73,65.88,63.99,6.73,32.4,49.37,22.25,65.23,12.68,4.78,3.38,2.24,1.26,8.18,0.24,0.24,0.13,2.02,0.11,6.68,20.34,62.96,64.66,24.11,49.31,54.06,54.75,23.97,49.15,46.84,59.83,38.27,13.79,2559,78.46,69.55
7592,00116060046423,6/22/2016,Cornell University,BARC 582,T4 Date8 Blk4,7,N9,7.65,92.35,5.27,6.07,0.54,0.97,1.34,22.73,42.97,66.56,65.01,6.97,33.59,48.33,24.08,62.96,13.8,2.67,3.42,2.11,1.33,7.45,0.2,0.22,0.12,1.84,0.1,6.07,20.48,62.89,64.58,23.63,48.79,54.22,54.93,23.96,49.14,46.47,60.11,37.41,12.99,2566,77.34,67.15
7592,00116060046424,6/22/2016,Cornell University,BARC 583,T4 Date8 Blk1,7,N9,8.04,91.96,5.28,6.09,0.55,0.97,1.36,21.35,40.76,63.32,62.28,6.82,29.36,52.86,22.84,63.33,14.77,5.07,4.28,2.35,1.48,7.31,0.25,0.23,0.15,1.91,0.1,6.09,23.2,63.57,65.34,24.93,50.19,55.58,56.44,25.84,51.17,50.64,62.95,43.86,19.04,2794,84.17,83.39
7592,00116060046425,6/22/2016,Cornell University,BARC 584,T4 Date8 Blk2,7,N9,7.66,92.34,5.25,5.98,0.57,0.96,1.27,22.41,41.56,63.44,61.61,6.88,31.41,49.02,20.93,66.03,14.75,5.15,3.94,2.33,1.47,7.03,0.21,0.22,0.13,1.81,0.1,5.98,24.18,63.32,65.06,24.84,50.09,55.91,56.81,26.22,51.59,49.36,62.82,41.84,17.15,2748,82.81,75.28
7592,00116060046426,6/22/2016,Cornell University,MUSGRAVE 701,B1 Date1 Blk1,7,N9,9.84,90.16,7.1,21.98,0.91,3.52,3.37,33.48,19.33,32.89,31.98,3.55,12.89,59.69,9.9,69.04,13.61,9.98,7.35,2.65,2.1,7.65,0.66,0.39,0.31,2.79,0.27,21.98,38.66,70.19,72.71,42.45,69.44,70.5,73.06,51.3,79.44,69.7,79.74,78.16,50.17,3938,208.93,222.05
7592,00116060046427,6/22/2016,Cornell University,MUSGRAVE 702,B1 Date1 Blk2,7,N9,8.94,91.06,6.89,18.3,0.95,2.93,2.79,33.28,20.91,34.56,33.6,3.53,11.92,64.52,9.64,71.31,16.21,9.11,6.43,2.73,2,8.3,0.63,0.33,0.31,2.68,0.25,18.3,39.59,69.7,72.17,40.55,67.32,68.99,71.38,48.03,75.72,69.24,78.41,75.98,48.25,3892,195.32,219.99
7592,00116060046428,6/22/2016,Cornell University,MUSGRAVE 703,B1 Date1 Blk3,7,N9,8.9,91.1,6.94,22.36,0.74,3.58,3.5,36.36,18.38,32.7,31.79,2.63,10.31,67.57,7.2,77.35,13.98,9.85,7.07,2.93,2.14,8.65,0.57,0.42,0.28,3.27,0.28,22.36,37.56,70.48,73.04,42.65,69.67,71.26,73.9,52.42,80.72,70.71,79.38,79.67,51.5,3979,212.18,241.01
7592,00116060046429,6/22/2016,Cornell University,MUSGRAVE 705,B1 Date2 Blk1,7,N9,8.93,91.07,6.78,22.38,0.74,3.58,3.37,39.59,19.93,35.83,34.83,2.64,10.65,69.42,7.15,79.47,12.95,9.18,5.86,2.97,1.95,8.3,0.56,0.42,0.27,3.43,0.28,22.38,34.91,70,72.5,41.34,68.2,70.45,73,51.46,79.62,69.92,78.27,78.6,50.57,3921,190.53,223.89
7592,00116060046430,6/22/2016,Cornell University,MUSGRAVE 706,B1 Date2 Blk2,7,N9,9.04,90.96,6.86,22.55,0.63,3.61,3.56,37.43,22.25,42.31,41.11,2.79,10.65,74.09,7.73,81.2,11.6,8.46,4.88,3.13,1.99,7.82,0.46,0.46,0.28,3.51,0.27,22.55,29.09,69.29,71.71,38.73,65.3,69.12,71.52,50.01,77.98,69.29,76.76,77.84,49.89,3858,157.56,202.53
7592,00116060046431,6/22/2016,Cornell University,MUSGRAVE 707,B1 Date2 Blk3,7,N9,8.57,91.43,7.12,21.7,0.77,3.47,3.64,36.04,22.56,40.2,39.07,2.45,9.99,74.43,6.58,83.16,10.88,9.21,4.12,3.09,1.85,8.96,0.5,0.46,0.25,4.01,0.28,21.7,31.06,69.19,71.6,39.3,65.94,68.84,71.21,49.27,77.13,68.96,76.07,77.02,49.17,3816,165.33,209.89
7592,00116060046432,6/22/2016,Cornell University,MUSGRAVE 708,B1 Date2 Blk4,7,N9,8.87,91.13,6.94,21.72,0.7,3.48,3.44,36.83,21.12,37.73,36.67,2.53,11.65,68.23,8.16,77.75,12.86,9.37,4.94,3.05,1.99,7.89,0.53,0.42,0.26,3.37,0.27,21.72,34.17,69.63,72.09,40.33,67.07,70.61,73.18,51.42,79.57,69.34,77.97,77.55,49.64,3893,178.6,210.62
7592,00116060046433,6/22/2016,Cornell University,MUSGRAVE 709,B1 Date3 Blk1,7,N9,8.27,91.73,6.9,18.68,0.79,2.99,3.36,35.65,28.4,49.04,47.64,2.42,9.5,80.06,6.4,86.57,10.44,7.95,1.6,2.94,1.43,9.75,0.43,0.46,0.21,4.4,0.24,18.68,24.86,67.39,69.59,34.79,60.94,65.11,67.05,43.51,70.63,66.49,71.5,72.35,45.04,3559,126.83,185.32
7592,00116060046434,6/22/2016,Cornell University,MUSGRAVE 710,B1 Date3 Blk2,7,N9,8.35,91.65,6.89,18.7,0.9,2.99,3.38,36.26,29.23,49.2,47.8,2.58,10.63,77.76,7.5,84.31,9.37,8.12,1.21,2.85,1.25,10.04,0.46,0.48,0.21,4.54,0.24,18.7,24.59,67.13,69.3,34.72,60.86,64.15,65.99,42.26,69.24,65.12,70.42,70.46,43.35,3474,125.08,177.22
7592,00116060046435,6/22/2016,Cornell University,MUSGRAVE 711,B1 Date3 Blk3,7,N9,8.64,91.36,6.78,16.7,0.9,2.67,3.12,36.65,29.66,49.34,47.93,2.86,8.44,82.39,6.05,87.38,10.37,7.36,1.78,2.95,1.27,10.38,0.47,0.44,0.22,4.21,0.23,16.7,25.84,67,69.16,34.01,60.08,63.19,64.92,40.23,66.97,66.45,70.69,71.44,44.23,3522,123.93,188.96
7592,00116060046436,6/22/2016,Cornell University,MUSGRAVE 712,B1 Date3 Blk4,7,N9,8.17,91.83,7.05,19.99,0.94,3.2,3.68,35.47,28.61,48.57,47.19,2.66,9.97,78.87,6.84,85.51,8.82,8.15,0.97,2.89,1.32,10.27,0.48,0.47,0.22,4.36,0.26,19.99,23.91,67.32,69.52,35.4,61.62,64.09,65.92,42.71,69.73,65.62,70.7,71.71,44.47,3500,127.54,181.95
7592,00116060046437,6/22/2016,Cornell University,MUSGRAVE 713,B1 Date4 Blk1,7,N9,8.65,91.35,6.38,13.89,0.72,2.22,2.4,34.49,27.09,44.08,42.83,3.19,12.65,70.46,10.32,75.9,15.44,7.82,5.57,2.95,1.65,8.6,0.44,0.36,0.21,3.37,0.19,13.89,34.43,67.79,70.04,35.22,61.41,66.19,68.26,42.92,69.97,66.27,73.99,70.02,42.96,3653,142.96,181.69
7592,00116060046438,6/22/2016,Cornell University,MUSGRAVE 714,B1 Date4 Blk2,7,N9,8.22,91.78,6.46,15.4,0.71,2.46,2.66,34.74,26.93,44.72,43.45,2.78,8.09,81.38,5.07,88.33,13.76,7.66,4.7,2.97,1.74,9.43,0.43,0.41,0.21,3.89,0.21,15.4,31.64,67.84,70.1,35.43,61.65,66.13,68.19,43.47,70.59,68.94,74.31,74.33,46.8,3749,141.11,207.01
7592,00116060046439,6/22/2016,Cornell University,MUSGRAVE 715,B1 Date4 Blk3,7,N9,8.22,91.78,6.39,13.32,0.73,2.13,2.34,34.31,28.33,45.82,44.52,3.11,12.69,71.5,9.44,78.8,14.85,7.48,4.96,2.87,1.61,8.87,0.39,0.4,0.19,3.81,0.19,13.32,33.02,67.4,69.61,34.31,60.42,65.5,67.49,41.82,68.74,65.62,72.96,68.87,41.94,3594,135.73,176.83
7592,00116060046440,6/22/2016,Cornell University,MUSGRAVE 716,B1 Date4 Blk4,7,N9,8.5,91.5,6.32,13.22,0.66,2.12,2.21,33.89,26.93,43.84,42.6,3.2,9.21,78.38,5.79,86.41,14.01,7.68,6.23,3,1.8,8.33,0.4,0.37,0.2,3.45,0.18,13.22,35.26,67.84,70.1,35.08,61.26,66.68,68.8,43.29,70.38,69.35,75.76,73.98,46.48,3823,144.26,206.01
7592,00116060046441,6/22/2016,Cornell University,MUSGRAVE 717,B1 Date5 Blk1,7,N9,8.75,91.25,5.8,15.78,0.79,2.52,2.09,57.79,32.3,52.63,51.27,3.53,11.88,76.83,8.06,84.28,10.42,6.67,1.12,2.43,0.71,10.56,0.42,0.43,0.19,3.91,0.21,15.78,22.77,66.18,68.25,32.42,58.34,60.05,61.42,35.87,62.13,62.06,66.85,64.89,38.36,3237,112.66,161.09
7592,00116060046442,6/22/2016,Cornell University,MUSGRAVE 718,B1 Date5 Blk2,7,N9,8.95,91.05,5.61,14.25,0.55,2.28,1.78,56.63,33.83,56.76,55.13,3.6,14.46,73.77,10.16,81.57,10.89,6.62,1.15,2.51,0.88,8.99,0.37,0.41,0.18,3.62,0.18,14.25,21.53,65.71,67.72,30.27,55.99,60.75,62.2,36.25,62.55,61.06,66.94,62.82,36.49,3222,102.31,144.78
7592,00116060046443,6/22/2016,Cornell University,MUSGRAVE 719,B1 Date5 Blk3,7,N9,9.03,90.97,5.68,15.91,0.85,2.55,1.94,62.73,34.95,55.34,52.43,3.87,13.45,74.35,8,84.74,9.06,6.69,1.03,2.31,0.32,11.72,0.47,0.46,0.21,4.08,0.2,15.91,20.56,65.37,67.34,31.38,57.2,57.43,58.5,32.45,58.37,58.97,63.69,60.53,34.41,3016,103.74,143.23
7592,00116060046444,6/22/2016,Cornell University,MUSGRAVE 720,B1 Date5 Blk4,7,N9,8.69,91.31,5.46,12.63,0.59,2.02,1.52,61.05,33.78,56.12,54.51,3.47,14.97,72.54,9.29,82.96,11.98,6.31,1.14,2.53,0.81,9.85,0.36,0.39,0.18,3.64,0.17,12.63,22.72,65.73,67.74,29.98,55.67,60.08,61.45,34.66,60.8,59.83,65.74,60.34,34.25,3136,103.83,141.22
7592,00116060046445,6/22/2016,Cornell University,MUSGRAVE 721,B1 Date6 Blk1,7,N9,9.1,90.9,5.35,11.77,0.63,1.88,1.53,58.62,33.63,55.42,53.83,3.86,14.98,72.17,9.84,81.72,12.62,6.27,2.12,2.49,0.96,9.64,0.4,0.36,0.19,3.42,0.17,11.77,24.33,65.77,67.79,29.98,55.67,59.91,61.26,34.06,60.14,60.37,66.55,60.75,34.62,3185,105.47,143.18
7592,00116060046446,6/22/2016,Cornell University,MUSGRAVE 722,B1 Date6 Blk2,7,N9,8.96,91.04,5.37,13.15,0.63,2.1,1.62,58.4,34.34,56.21,54.6,4.03,15.33,71.92,11.19,79.51,12.03,6.21,1.41,2.37,0.88,9.64,0.4,0.38,0.19,3.5,0.17,13.15,22.35,65.56,67.55,30.12,55.83,59.36,60.65,33.93,60,59.83,65.98,60.58,34.46,3147,102.62,139.99
7592,00116060046447,6/22/2016,Cornell University,MUSGRAVE 723,B1 Date6 Blk3,7,N9,9.17,90.83,5.41,13.32,0.65,2.13,1.63,60.59,34.52,55.43,53.34,3.97,15.48,70.98,9.3,82.56,11.05,4.88,1.45,2.41,0.76,10.97,0.43,0.4,0.2,3.66,0.18,13.32,22.24,65.5,67.49,30.48,56.22,58.35,59.53,32.67,58.61,58.49,64.43,58.72,32.77,3040,103.83,136.83
7592,00116060046448,6/22/2016,Cornell University,MUSGRAVE 724,B1 Date6 Blk4,7,N9,8.63,91.37,5.5,12.43,0.58,1.99,1.71,54.14,30.92,51.4,49.93,3.7,13.05,73.86,7.78,84.42,14.99,6.46,3.37,2.73,1.29,8.22,0.36,0.33,0.17,2.99,0.17,12.43,28.84,66.61,68.72,31.79,57.65,63.19,64.92,38.6,65.16,64.41,71.04,66.77,40.05,3487,117.06,163.7
7592,00116060046449,6/22/2016,Cornell University,MUSGRAVE 725,B1 Date7 Blk1,7,N9,8.34,91.66,5.77,10.42,0.52,1.67,1.84,34.93,33.83,56.66,55.03,4.38,17.75,67.74,13.73,75.05,15.66,7.64,3.66,2.51,1.46,7.89,0.3,0.32,0.17,3.1,0.14,10.42,26.04,65.71,67.72,29.03,54.63,61.2,62.7,35.23,61.43,60.5,68.56,60.38,34.27,3282,102.8,133.32
7592,00116060046450,6/22/2016,Cornell University,MUSGRAVE 726,B1 Date7 Blk2,7,N9,8.08,91.92,5.81,10.41,0.6,1.67,1.95,34.97,35.81,60.04,58.31,4.69,20.47,64.89,15.08,74.14,14.05,6.68,2.84,2.31,1.27,8.11,0.3,0.31,0.18,2.87,0.14,10.41,22.85,65.1,67.04,27.68,53.17,59.25,60.53,32.63,58.57,57.39,65.95,55.87,30.16,3092,94.57,116.8
7592,00116060046451,6/22/2016,Cornell University,MUSGRAVE 727,B1 Date7 Blk3,7,N9,8.46,91.54,5.88,10.28,0.67,1.64,2,35.89,35.96,58.63,56.94,4.38,19.6,65.58,12.11,78.73,13,6.64,2.42,2.45,1.18,9.93,0.37,0.33,0.19,3.23,0.15,10.28,22.67,65.05,66.99,28.21,53.74,58.2,59.36,31.15,56.95,56.46,64.21,54.44,28.85,2985,96.76,118.51
7592,00116060046452,6/22/2016,Cornell University,MUSGRAVE 728,B1 Date7 Blk4,7,N9,8.31,91.69,5.69,8.63,0.5,1.38,1.62,32.33,35.2,57.97,56.3,4.77,20.35,63.85,14.34,74.53,16.32,7.39,3.86,2.38,1.45,8.3,0.28,0.29,0.17,2.77,0.12,8.63,25.94,65.29,67.25,27.91,53.41,59.71,61.04,32.52,58.45,57.81,66.7,55.7,30,3132,98.65,119.58
7592,00116060046453,6/22/2016,Cornell University,MUSGRAVE 729,B1 Date8 Blk1,7,N9,7.97,92.03,5.76,8.3,0.53,1.33,1.67,27.11,37.4,60.26,58.53,5.21,23.31,60.17,16.79,71.31,14.71,6.39,3.7,2.31,1.39,8.33,0.27,0.28,0.16,2.72,0.12,8.3,24.12,64.6,66.49,26.88,52.3,58.22,59.38,30.4,56.13,55.03,64.84,51.45,26.1,2981,92.2,105.05
7592,00116060046454,6/22/2016,Cornell University,MUSGRAVE 730,B1 Date8 Blk2,7,N9,7.97,92.03,5.7,7.66,0.58,1.23,1.5,28.59,38,60.83,59.08,5.24,24.24,58.97,16.69,71.75,14.38,6.25,3.83,2.25,1.31,8.28,0.27,0.27,0.17,2.7,0.12,7.66,24.17,64.42,66.29,26.45,51.83,57.85,58.97,29.59,55.24,54.1,64.22,49.77,24.55,2931,90.56,100.39
7592,00116060046455,6/22/2016,Cornell University,MUSGRAVE 731,B1 Date8 Blk3,7,N9,8.12,91.88,5.81,8.68,0.65,1.39,1.78,29.03,38.17,60.6,58.86,5.3,23.61,59.89,17.51,70.25,13.51,6.58,3.52,2.17,1.18,8.71,0.32,0.3,0.17,2.83,0.13,8.68,23.35,64.37,66.23,26.89,52.31,57.27,58.32,29.21,54.83,54.14,63.79,50.3,25.04,2911,90.82,102.52
7592,00116060046456,6/22/2016,Cornell University,MUSGRAVE 732,B1 Date8 Blk4,7,N9,8.18,91.82,5.8,8.58,0.61,1.37,1.55,29.25,35.88,56.36,54.74,5.23,20.7,62.18,16.71,69.47,15.23,8.87,4.5,2.43,1.47,7.82,0.33,0.26,0.18,2.36,0.13,8.58,27.94,65.08,67.02,28.54,54.1,59.78,61.12,32.54,58.47,58.28,67.77,56.36,30.61,3187,100.64,120.31
7592,00116060046457,6/22/2016,Cornell University,MUSGRAVE 733,B2 Date1 Blk1,7,N9,9.75,90.25,7.1,22.03,0.92,3.52,3.34,34.14,19.88,33.5,32.57,3.62,13.04,59.96,10.15,68.84,13.2,9.79,7.28,2.71,2.13,7.35,0.64,0.39,0.3,2.7,0.27,22.03,38.26,70.02,72.52,42.2,69.16,70.53,73.09,51.35,79.5,69.79,79.91,78.29,50.29,3952,203.73,218.99
7592,00116060046458,6/22/2016,Cornell University,MUSGRAVE 734,B2 Date1 Blk2,7,N9,9.37,90.63,7.07,24.5,0.75,3.92,3.69,35.92,16.42,30.55,29.71,2.62,12.65,57.42,9.93,66.58,13.2,10.92,8.16,2.96,2.27,7.34,0.62,0.42,0.3,3.03,0.29,24.5,38.87,71.09,73.71,44.25,71.46,73.41,76.3,55.73,84.52,70.9,81.33,80.82,52.5,4021,231.87,237.6
7592,00116060046459,6/22/2016,Cornell University,MUSGRAVE 737,B2 Date2 Blk1,7,N9,8.76,91.24,6.88,26.15,0.66,4.18,3.65,46.12,22.22,40.15,39.02,2.41,9.9,74.63,6.24,84.01,8.13,6.1,2.13,2.53,1.4,9.58,0.58,0.51,0.26,4.09,0.32,26.15,26.5,69.3,71.72,40.75,67.55,67.99,70.26,50.04,78.01,67.67,74.28,77.1,49.24,3702,165.93,206.83
7592,00116060046460,6/22/2016,Cornell University,MUSGRAVE 738,B2 Date2 Blk2,7,N9,8.44,91.56,7.3,25.04,0.78,4.01,4.12,37.9,21.86,40.16,39.03,2.15,10.65,72.71,7.62,80.48,9.15,6.86,2.46,2.9,1.72,9.92,0.55,0.5,0.27,4.15,0.31,25.04,27.41,69.41,71.84,40.39,67.15,68.47,70.8,50.14,78.12,67.4,74.38,76.31,48.54,3694,166.58,202.54
7592,00116060046461,6/22/2016,Cornell University,MUSGRAVE 739,B2 Date2 Blk3,7,N9,8.89,91.11,7.25,26.42,0.84,4.23,3.96,43.15,23.11,41.37,40.2,2.35,8.65,78.48,5.07,87.39,7.3,5.49,1.35,2.64,1.29,10.58,0.58,0.54,0.28,4.54,0.32,26.42,24.47,69.02,71.41,40.34,67.09,66.54,68.65,48.34,76.07,67.34,72.85,76.76,48.95,3636,159.39,208.3
7592,00116060046462,6/22/2016,Cornell University,MUSGRAVE 740,B2 Date2 Blk4,7,N9,9.4,90.6,7.1,22.13,0.74,3.54,3.58,34.84,20.4,36.18,35.17,2.91,11.77,66.53,8.72,75.21,12.99,9.75,6.42,2.95,2.02,7.98,0.6,0.4,0.29,2.89,0.27,22.13,35.28,69.86,72.34,41.1,67.94,70.36,72.9,51.27,79.4,69.54,78.45,77.99,50.03,3911,187.9,215.61
7592,00116060046463,6/22/2016,Cornell University,MUSGRAVE 741,B2 Date3 Blk1,7,N9,8.53,91.47,6.66,18.27,0.62,2.92,3.04,36.4,27.43,49.1,47.7,2.83,10.65,77.67,7.8,83.65,11.59,7.26,2.48,2.76,1.59,9.26,0.44,0.44,0.23,3.85,0.23,18.27,25.22,67.68,69.92,34.63,60.77,65.11,67.05,43.43,70.54,66.2,71.92,71.78,44.54,3570,127.73,179.97
7592,00116060046464,6/22/2016,Cornell University,MUSGRAVE 742,B2 Date3 Blk2,7,N9,8.47,91.53,6.57,18.03,0.7,2.88,3.04,38.27,27.25,49.02,47.62,2.79,12.65,73.44,8.61,81.92,11.65,7.42,2.86,2.8,1.47,8.98,0.43,0.43,0.22,3.84,0.22,18.03,25.94,67.75,69.99,34.58,60.71,65.24,67.2,43.45,70.56,64.84,71.49,69.81,42.77,3513,128.52,169.21
7592,00116060046465,6/22/2016,Cornell University,MUSGRAVE 744,B2 Date3 Blk4,7,N9,8.43,91.57,6.93,20.13,0.7,3.22,3.44,35.57,25.99,47.18,45.84,2.62,8.65,81.13,6.43,85.97,11.15,8.11,2.23,2.79,1.64,9.18,0.46,0.45,0.24,3.82,0.25,20.13,25.65,68.13,70.42,35.99,62.27,66.19,68.26,45.48,72.85,68.22,73.45,75.35,47.7,3692,135.17,197.14
7592,00116060046466,6/22/2016,Cornell University,MUSGRAVE 745,B2 Date4 Blk1,7,N9,8.42,91.58,6.11,13.2,0.65,2.11,2.33,33.94,29.7,51.48,50.01,4.14,13.51,72.99,8.52,82.96,14.48,7.8,4.69,2.6,1.73,8.81,0.4,0.34,0.23,3.13,0.18,13.2,27.58,66.98,69.14,32.01,57.89,62.5,64.15,38.04,64.54,64.19,71.01,66.84,40.11,3479,118.78,161.08
7592,00116060046467,6/22/2016,Cornell University,MUSGRAVE 746,B2 Date4 Blk2,7,N9,8.14,91.86,6.2,14.66,0.68,2.35,2.45,35.2,28.61,49.88,48.46,3.7,12.01,75.22,8.63,82.19,13.48,6.69,4.94,2.8,1.8,8.05,0.38,0.37,0.22,3.23,0.19,14.66,28.48,67.32,69.52,33.13,59.12,64.53,66.41,41.2,68.05,66.43,73.13,70.58,43.46,3632,124.44,174.51
7592,00116060046468,6/22/2016,Cornell University,MUSGRAVE 747,B2 Date4 Blk3,7,N9,8.6,91.4,6.38,16.52,0.64,2.64,2.7,34.62,27.92,48.31,46.93,3.53,10.41,77.82,8.32,82.27,12.41,6.97,4.41,2.88,1.83,8.69,0.44,0.4,0.24,3.48,0.22,16.52,27.73,67.54,69.76,34.36,60.47,64.81,66.72,42.34,69.32,67.34,73.39,72.62,45.28,3666,129.09,185.67
7592,00116060046469,6/22/2016,Cornell University,MUSGRAVE 748,B2 Date4 Blk4,7,N9,8.41,91.59,6.41,16.5,0.79,2.64,2.71,35.45,25.31,42.91,41.7,3.61,10.65,74.46,8.31,80.07,14.79,7.81,5.49,2.91,1.91,8.76,0.49,0.37,0.25,3.18,0.22,16.5,32.84,68.34,70.65,36.52,62.86,66.03,68.08,43.78,70.94,68.15,75.22,73.73,46.26,3761,150.16,198.23
7592,00116060046470,6/22/2016,Cornell University,MUSGRAVE 749,B2 Date5 Blk1,7,N9,8.77,91.23,5.69,14.12,0.5,2.26,2.05,48.44,35.83,61.81,59.59,4.47,20.01,66.42,12.71,78.67,9.76,5.89,1.4,2.07,0.95,9.28,0.34,0.38,0.2,3.27,0.18,14.12,17.11,65.09,67.03,28.24,53.77,57.93,59.06,32.55,58.48,55.84,63.37,55.27,29.61,2937,91.72,113.8
7592,00116060046471,6/22/2016,Cornell University,MUSGRAVE 750,B2 Date5 Blk2,7,N9,8.34,91.66,5.8,13.98,0.75,2.24,2.16,49.07,38.13,63.84,60.38,5.28,23.88,60.45,13.52,77.61,8.24,4.11,0.58,1.83,0.73,10.15,0.38,0.37,0.22,3.15,0.19,13.98,15.92,64.38,66.24,27.4,52.87,54.99,55.78,28.44,54,51.62,60.36,48.96,23.79,2694,86.28,93.29
7592,00116060046472,6/22/2016,Cornell University,MUSGRAVE 751,B2 Date5 Blk3,7,N9,8.75,91.25,5.7,14.69,0.64,2.35,2.06,51.33,36.87,61.94,58.76,4.95,20.44,65.21,12.9,78.05,9.22,3.39,0.8,1.98,0.74,9.85,0.38,0.39,0.21,3.23,0.18,14.69,17.02,64.77,66.68,28.39,53.94,56.41,57.37,30.71,56.47,54.82,62.39,54.01,28.46,2864,90.5,108.91
7592,00116060046473,6/22/2016,Cornell University,MUSGRAVE 752,B2 Date5 Blk4,7,N9,8.31,91.69,5.87,15.7,0.89,2.51,2.64,45.67,32.32,57.31,55.66,4.72,16.08,71.11,11.29,79.72,10.07,6.34,1.95,2.03,1.07,9.49,0.43,0.34,0.24,3.01,0.21,15.7,19.72,66.17,68.24,30.53,56.27,58.33,59.5,33.58,59.62,59.72,66.16,61.56,35.35,3153,103.24,136.28
7592,00116060046474,6/22/2016,Cornell University,MUSGRAVE 753,B2 Date6 Blk1,7,N9,8.83,91.17,5.5,13.47,0.51,2.16,1.67,53.01,35.03,58.76,56.29,4.87,20.28,63.97,13.72,75.63,10.96,6.71,3.09,2.07,1.07,8.88,0.35,0.35,0.2,2.9,0.18,13.47,20.96,65.34,67.31,29.23,54.85,58.61,59.82,33.17,59.16,56.63,65.05,56.12,30.39,3026,97.43,115.35
7592,00116060046475,6/22/2016,Cornell University,MUSGRAVE 754,B2 Date6 Blk2,7,N9,8.2,91.8,5.48,10.98,0.68,1.76,1.6,50.09,39.77,64.44,62.13,5.62,26.38,57.54,17.59,71.69,9.82,4.91,2.59,1.75,0.71,9.19,0.31,0.33,0.18,2.71,0.15,10.98,17.59,63.88,65.68,26.15,51.51,54.72,55.48,26.76,52.16,50.13,60.06,45.32,20.41,2650,83.51,86.79
7592,00116060046476,6/22/2016,Cornell University,MUSGRAVE 755,B2 Date6 Blk3,7,N9,8.62,91.38,5.5,12.38,0.68,1.98,1.62,53.63,37.91,60.98,57.67,5.49,23.07,60,15.44,73.23,10.21,6,2.59,1.8,0.77,9.61,0.38,0.34,0.2,2.8,0.17,12.38,20.19,64.45,66.32,27.99,53.5,55.92,56.82,29.01,54.61,53.14,62.22,50.49,25.21,2811,90.67,99.15
7592,00116060046477,6/22/2016,Cornell University,MUSGRAVE 756,B2 Date6 Blk4,7,N9,8.59,91.41,5.38,10.85,0.6,1.74,1.61,48.02,36.96,61.44,60.16,5.41,22.19,63.12,16.03,73.35,12.24,6.35,3.28,1.96,1.06,8.12,0.31,0.3,0.18,2.7,0.15,10.85,20.42,64.75,66.65,27.29,52.74,57.19,58.23,30.09,55.79,55.27,64.17,52.95,27.48,2962,90.86,108.76
7592,00116060046478,6/22/2016,Cornell University,MUSGRAVE 757,B2 Date7 Blk1,7,N9,7.87,92.13,5.84,11.33,0.55,1.81,1.77,35.92,33.69,54.88,53.31,5.49,21.11,60.4,18.07,66.1,13.42,6.79,6.53,2.35,1.64,7.44,0.3,0.29,0.18,2.36,0.16,11.33,27.05,65.75,67.77,30.04,55.74,60.55,61.98,34.79,60.94,58.77,68.85,58.31,32.39,3242,106.38,121.04
7592,00116060046479,6/22/2016,Cornell University,MUSGRAVE 758,B2 Date7 Blk2,7,N9,8.16,91.84,5.67,9.81,0.68,1.57,1.72,32.82,38.04,58.95,57.25,6.34,24.93,56.45,21.2,62.97,11.72,6.15,6.47,2.02,1.27,7.69,0.31,0.29,0.17,2.45,0.13,9.81,24.7,64.41,66.27,27.91,53.42,57.22,58.27,29.64,55.3,54.42,65.32,51.24,25.9,2980,93.73,100.05
7592,00116060046480,6/22/2016,Cornell University,MUSGRAVE 759,B2 Date7 Blk3,7,N9,8.25,91.75,5.6,9.44,0.71,1.51,1.65,32.2,36.21,56.39,55.22,6.16,23.07,58.22,20.13,63.55,12.79,7,8.42,2.21,1.42,7.92,0.33,0.28,0.18,2.2,0.13,9.44,26.65,64.97,66.9,28.81,54.4,57.99,59.13,30.5,56.24,56.19,66.6,53.69,28.16,3078,100.21,110.39
7592,00116060046481,6/22/2016,Cornell University,MUSGRAVE 760,B2 Date7 Blk4,7,N9,8.68,91.32,5.53,8.93,0.53,1.43,1.43,33.59,34.43,53.88,52.34,5.81,21.2,59.5,18.56,64.54,13.81,7.25,9.81,2.3,1.51,7.69,0.32,0.27,0.19,2.18,0.12,8.93,29.96,65.53,67.52,29.63,55.29,59.84,61.19,32.82,58.77,58.43,68.63,56.73,30.95,3220,107.32,120.59
7592,00116060046482,6/22/2016,Cornell University,MUSGRAVE 761,B2 Date8 Blk1,7,N9,8.19,91.81,5.47,8.27,0.56,1.32,1.34,27.69,33.71,50.79,49.34,5.97,22.32,54.76,19.29,60.9,10.82,6.59,16.11,2.42,1.64,6.77,0.26,0.28,0.14,1.92,0.1,8.27,34.32,65.74,67.76,30.66,56.41,61.51,63.05,34.7,60.84,59.13,70.74,57.47,31.62,3314,114.6,120.92
7592,00116060046483,6/22/2016,Cornell University,MUSGRAVE 762,B2 Date8 Blk2,7,N9,7.83,92.17,5.59,9.59,0.78,1.53,1.71,30.14,35.71,54.5,52.94,6.3,23.42,55.76,19.61,62.96,9.78,4.32,12.59,2.21,1.42,7.65,0.31,0.28,0.16,2.09,0.12,9.59,29.11,65.13,67.08,29.62,55.28,58.69,59.9,31.46,57.29,56.62,67.67,54.39,28.8,3125,104.17,109.91
7592,00116060046484,6/22/2016,Cornell University,MUSGRAVE 763,B2 Date8 Blk3,7,N9,8.13,91.87,5.45,8.49,0.64,1.36,1.43,29.56,33.45,50.84,49.86,6.15,21.8,56.28,18.54,62.82,10.04,6.27,16.84,2.5,1.64,7.08,0.27,0.28,0.16,1.88,0.11,8.49,33.36,65.82,67.85,30.71,56.47,60.73,62.18,33.74,59.79,59.18,70.35,57.64,31.78,3303,114.96,123.88
7592,00116060046485,6/22/2016,Cornell University,MUSGRAVE 764,B2 Date8 Blk4,7,N9,8.36,91.64,5.75,11.39,0.67,1.82,1.83,32.48,31.99,50.04,49.18,5.7,20.31,58.7,16.65,66.14,11.51,7.13,12.69,2.57,1.75,7.29,0.33,0.29,0.18,2.02,0.15,11.39,31.22,66.28,68.36,32,57.88,61.65,63.2,36.18,62.48,60.46,71,60.77,34.63,3366,119.03,131.98
7592,00116060046486,6/22/2016,Cornell University,MUSGRAVE 765,B3 Date1 Blk1,7,N9,8.91,91.09,6.92,21.48,0.63,3.44,3.07,37.34,17.76,31.97,31.08,2.57,10.99,64.64,8.21,73.58,15.35,10.02,7.33,2.97,2.15,7.67,0.54,0.4,0.27,3.11,0.26,21.48,39.69,70.67,73.25,42.68,69.71,72.52,75.31,53.59,82.06,71.19,80.61,79.94,51.74,4035,218.2,241.85
7592,00116060046487,6/22/2016,Cornell University,MUSGRAVE 766,B3 Date1 Blk2,7,N9,10.12,89.88,6.95,20.4,0.77,3.26,2.87,35.05,19,31.13,30.27,3.67,15.54,48.66,11.32,62.6,16.64,10.33,8.52,2.35,1.92,7.11,0.68,0.37,0.3,2.85,0.24,20.4,42.17,70.29,72.82,42.69,69.71,71.15,73.78,51.49,79.66,68.26,79.83,75.53,47.85,3842,221.15,209.48
7592,00116060046488,6/22/2016,Cornell University,MUSGRAVE 767,B3 Date1 Blk3,7,N9,9.04,90.96,6.79,22.73,0.74,3.64,3.2,41.22,18.28,34.51,33.55,2.55,10.32,69.24,7.5,77.65,13.47,9.2,5.84,2.68,1.9,8.46,0.61,0.41,0.29,3.34,0.29,22.73,35.56,70.51,73.07,41.99,68.93,70.7,73.28,51.89,80.12,70.11,78.44,79,50.91,3931,201.41,231.22
7592,00116060046489,6/22/2016,Cornell University,MUSGRAVE 768,B3 Date1 Blk4,7,N9,10.36,89.64,6.84,21.2,0.66,3.39,2.96,35.9,17.78,30.85,30,3.11,12.65,57.83,9.52,68.27,15.55,10.05,8.76,2.97,2.25,6.77,0.64,0.37,0.3,2.61,0.25,21.2,41.74,70.66,73.24,43.06,70.13,72.94,75.77,53.96,82.48,71.16,81.8,79.8,51.61,4055,226.31,237.1
7592,00116060046490,6/22/2016,Cornell University,MUSGRAVE 769,B3 Date2 Blk1,7,N9,9.24,90.76,6.79,19.09,0.66,3.05,2.84,37.51,22.67,39.7,38.58,2.35,9.5,75.38,6.53,83.07,13.43,8.98,4.96,2.99,1.78,8.55,0.49,0.44,0.23,3.88,0.24,19.09,33.84,69.16,71.56,38.68,65.25,69.32,71.74,48.86,76.66,69.56,76.65,76.73,48.92,3860,166.78,216.2
7592,00116060046491,6/22/2016,Cornell University,MUSGRAVE 770,B3 Date2 Blk2,7,N9,10.17,89.83,6.85,23.65,0.64,3.78,3.38,40.13,20.47,37.23,36.19,2.85,10.65,70.57,8.38,76.84,11.88,9.63,6,2.87,1.88,7.28,0.59,0.43,0.27,3.2,0.27,23.65,33.38,69.84,72.32,41.15,68,70.77,73.36,52.37,80.67,70.51,78.93,79.92,51.72,3972,182.09,221
7592,00116060046492,6/22/2016,Cornell University,MUSGRAVE 771,B3 Date2 Blk3,7,N9,8.6,91.4,6.84,22.44,0.65,3.59,3.27,41.89,21.2,39.01,37.91,2.1,10.65,71.91,7.05,81.4,11.76,8.94,4.19,2.68,1.62,8.63,0.51,0.45,0.24,3.88,0.27,22.44,31.67,69.61,72.07,40.03,66.75,69.88,72.37,50.84,78.91,68.56,76.13,76.77,48.95,3802,172.84,209.68
7592,00116060046493,6/22/2016,Cornell University,MUSGRAVE 772,B3 Date2 Blk4,7,N9,9.55,90.45,6.8,22.94,0.63,3.67,3.35,40.63,20.28,36.95,35.91,2.63,10.5,70.76,7.32,79.62,12.74,9.41,5.06,2.88,1.91,7.72,0.6,0.42,0.29,3.18,0.28,22.94,33.87,69.89,72.38,41.04,67.87,70.81,73.4,52.15,80.41,70.3,78.57,79.35,51.22,3951,184.17,221.53
7592,00116060046494,6/22/2016,Cornell University,MUSGRAVE 773,B3 Date3 Blk1,7,N9,8.71,91.29,6.4,16.25,0.48,2.6,2.57,37.23,27.35,49.56,48.15,2.89,10.54,78.11,7.15,85.15,14.34,6.98,3.74,2.66,1.56,7.88,0.38,0.39,0.21,3.44,0.19,16.25,27.73,67.71,69.95,33.78,59.84,66.19,68.26,43.99,71.18,67.45,73.5,72.65,45.3,3675,126.8,182.92
7592,00116060046495,6/22/2016,Cornell University,MUSGRAVE 774,B3 Date3 Blk2,7,N9,8.86,91.14,6.44,16.26,0.47,2.6,2.62,36.16,27.63,50.06,48.63,2.77,10.65,78.1,7.98,83.59,13.67,6.92,3.16,2.68,1.62,8.55,0.39,0.41,0.22,3.74,0.2,16.26,26.56,67.63,69.86,33.59,59.62,65.72,67.73,43.43,70.54,66.71,72.52,71.64,44.41,3612,125.36,180.07
7592,00116060046496,6/22/2016,Cornell University,MUSGRAVE 776,B3 Date3 Blk4,7,N9,8.78,91.22,6.52,16.26,0.51,2.6,2.57,35.92,25.42,45.72,44.42,2.67,11.54,74.02,9.24,79.2,15.68,7.84,4.28,2.81,1.78,7.51,0.41,0.39,0.22,3.3,0.2,16.26,31.6,68.31,70.62,35.32,61.53,68.2,70.5,46.45,73.94,68,75.36,73.41,45.98,3767,140.34,187.39
7592,00116060046497,6/22/2016,Cornell University,MUSGRAVE 777,B3 Date4 Blk1,7,N9,8.95,91.05,5.9,11.35,0.42,1.82,1.87,31.98,30.88,53.13,51.61,3.85,12.53,75.72,8.65,83.24,15.98,8.78,5.16,2.69,1.67,7.56,0.32,0.34,0.2,3.22,0.14,11.35,28.68,66.62,68.74,30.74,56.51,63.78,65.57,38.99,65.59,65.73,72.24,68.18,41.32,3578,113.6,165.93
7592,00116060046498,6/22/2016,Cornell University,MUSGRAVE 778,B3 Date4 Blk2,7,N9,8.97,91.03,6.14,13.52,0.42,2.16,1.97,35.13,25.7,44.49,43.23,3.18,10.22,76.36,7,83.81,15.01,7.41,6.61,3,2.06,7.42,0.35,0.36,0.21,3.17,0.17,13.52,34.74,68.22,70.52,34.92,61.08,67.95,70.22,45.1,72.42,69.56,76.7,74.41,46.87,3870,144.17,200.32
7592,00116060046499,6/22/2016,Cornell University,MUSGRAVE 779,B3 Date4 Blk3,7,N9,8.61,91.39,6.14,14.09,0.47,2.25,2.23,35.84,27.44,47.84,46.48,3.47,11,76.33,8.32,82.1,16.46,8.75,5.49,2.7,1.79,8.13,0.39,0.35,0.22,3.11,0.18,14.09,30.74,67.68,69.92,33.77,59.82,65.55,67.54,42.34,69.32,67.42,73.99,71.7,44.46,3695,131.38,184.35
7592,00116060046500,6/22/2016,Cornell University,MUSGRAVE 780,B3 Date4 Blk4,7,N9,8.77,91.23,6.09,12.36,0.46,1.98,1.9,33.5,26.24,44.75,43.48,3.53,10.51,75.83,8.15,81.26,18.68,7.1,6.58,2.9,2.01,7.43,0.37,0.32,0.22,2.85,0.16,12.36,35.62,68.05,70.33,34.44,60.56,67.14,69.32,43.61,70.74,69.26,76.47,73.5,46.06,3851,142.23,197.67
7592,00116060046501,6/22/2016,Cornell University,MUSGRAVE 781,B3 Date5 Blk1,7,N9,8.74,91.26,5.46,12.07,0.64,1.93,1.74,52.78,38.14,62.97,60.31,4.89,22.16,63.26,13.47,77.67,10.39,5.16,1.35,1.88,0.66,9.67,0.34,0.36,0.19,3.14,0.15,12.07,18.03,64.38,66.24,27.1,52.54,56.01,56.92,29,54.6,53.26,61.4,50.51,25.23,2785,87.64,102.48
7592,00116060046502,6/22/2016,Cornell University,MUSGRAVE 782,B3 Date5 Blk2,7,N9,8.45,91.55,5.54,11.09,0.46,1.77,1.64,47.16,35.8,61.83,60.05,4.42,20.74,65.46,14.09,76.54,13.38,6.2,1.85,2.18,1.09,7.81,0.29,0.33,0.17,2.93,0.14,11.09,20.6,65.1,67.04,27.22,52.67,59.37,60.66,33.14,59.13,56.77,65.15,55.25,29.6,3044,91.75,114.17
7592,00116060046503,6/22/2016,Cornell University,MUSGRAVE 783,B3 Date5 Blk3,7,N9,8.76,91.24,5.59,12.54,0.49,2.01,1.7,50.8,37.93,62.88,60.55,4.89,22.13,63.45,14.25,76.47,10.58,5.43,0.95,1.89,0.76,9.02,0.34,0.36,0.19,3.14,0.16,12.54,17.83,64.44,66.31,27.29,52.74,56.86,57.87,30.43,56.17,53.96,62.3,51.76,26.38,2845,87.87,103.98
7592,00116060046504,6/22/2016,Cornell University,MUSGRAVE 784,B3 Date5 Blk4,7,N9,8.76,91.24,5.61,12.66,0.41,2.03,1.77,47.63,33.03,58.08,56.41,3.9,16.3,71.1,13.37,76.3,13.76,7.91,2.71,2.24,1.18,7.3,0.3,0.34,0.17,2.99,0.15,12.66,23.22,65.96,68,29.22,54.85,62.02,63.61,37.28,63.69,61.49,68.7,62.75,36.43,3316,101.37,138.67
7592,00116060046505,6/22/2016,Cornell University,MUSGRAVE 785,B3 Date6 Blk1,7,N9,8.68,91.32,5.29,9.94,0.58,1.59,1.4,50.1,38.12,61.5,60.34,5.39,22.84,62.15,16.8,72.16,13.3,3.32,3.2,1.92,0.87,8.47,0.31,0.32,0.16,2.85,0.13,9.94,20.78,64.39,66.25,26.95,52.38,56.54,57.51,28.81,54.4,54.1,63.08,50.79,25.48,2884,89.49,105.15
7592,00116060046506,6/22/2016,Cornell University,MUSGRAVE 786,B3 Date6 Blk2,7,N9,8.29,91.71,5.26,8.56,0.49,1.37,1.23,48.01,37.57,61.33,59.56,5.13,23.7,60.21,17.69,70.3,14.5,6.62,4.01,2.03,1.07,7.56,0.26,0.28,0.15,2.46,0.11,8.56,23.48,64.56,66.44,26.56,51.95,58.35,59.53,30.67,56.43,54.68,64.6,51.03,25.7,2966,90.6,102.75
7592,00116060046507,6/22/2016,Cornell University,MUSGRAVE 787,B3 Date6 Blk3,7,N9,8.42,91.58,5.4,10.32,0.6,1.65,1.48,48.06,36.97,60.11,58.38,5.46,22.31,61.78,17.5,70.02,13.65,5.58,3.85,1.85,0.99,7.43,0.3,0.29,0.16,2.53,0.13,10.32,23.36,64.74,66.64,27.63,53.11,58.17,59.33,31.16,56.96,56.05,65.53,53.84,28.3,3039,93.18,109.19
7592,00116060046508,6/22/2016,Cornell University,MUSGRAVE 788,B3 Date6 Blk4,7,N9,8.39,91.61,5.31,8.93,0.48,1.43,1.45,45.35,35.95,59.95,58.22,5.04,21.65,62.81,16.37,71.88,16.52,7.89,3.53,2.19,1.26,7.77,0.29,0.27,0.16,2.37,0.12,8.93,24.27,65.05,66.99,27.22,52.67,58.98,60.23,31.7,57.55,56.64,65.87,54.11,28.54,3070,94.4,112.49
7592,00116060046509,6/22/2016,Cornell University,MUSGRAVE 789,B3 Date7 Blk1,7,N9,8.13,91.87,5.45,8.42,0.67,1.35,1.43,33.02,35.94,54.84,53.27,6.08,22.28,58.18,18.02,66.17,14.19,4.03,8.64,2.24,1.38,7.86,0.33,0.29,0.17,2.39,0.12,8.42,29.5,65.06,67,29.08,54.69,58.67,59.88,30.98,56.76,57.11,67.52,54.58,28.97,3137,103.39,114.45
7592,00116060046510,6/22/2016,Cornell University,MUSGRAVE 790,B3 Date7 Blk2,7,N9,8.58,91.42,5.36,7.55,0.47,1.21,1.21,29.93,33.73,52.57,51.07,5.73,20.36,60.13,16.75,67.2,15.96,6.33,11.62,2.5,1.69,6.23,0.26,0.26,0.16,2.06,0.09,7.55,33.67,65.74,67.76,29.7,55.37,61.97,63.56,35.03,61.21,60.92,71.56,59.73,33.68,3414,110.68,129.55
7592,00116060046511,6/22/2016,Cornell University,MUSGRAVE 791,B3 Date7 Blk3,7,N9,8,92,5.57,9.15,0.55,1.46,1.51,33.33,34.62,53.9,52.36,5.88,21.23,59.45,17.91,65.79,14.6,6.33,9.58,2.34,1.56,7,0.3,0.28,0.16,2.13,0.12,9.15,30.44,65.47,67.45,29.7,55.37,60.47,61.89,33.73,59.78,59.16,69.62,57.9,32.02,3283,107.06,121.96
7592,00116060046512,6/22/2016,Cornell University,MUSGRAVE 792,B3 Date7 Blk4,7,N9,7.59,92.41,5.59,8.72,0.54,1.4,1.49,32.91,33.86,54.17,52.62,5.49,20.57,60.91,16.55,68.55,16.58,4.71,7.36,2.54,1.69,7.2,0.3,0.25,0.16,2.15,0.12,8.72,30.26,65.7,67.71,29.45,55.09,60.94,62.41,34.17,60.26,59.61,69.72,58.36,32.44,3302,107.59,124.75
7592,00116060046513,6/22/2016,Cornell University,MUSGRAVE 793,B3 Date8 Blk1,7,N9,8.04,91.96,5.41,8.09,0.67,1.29,1.39,29.05,35.06,52.94,51.42,6.17,21.5,58.19,19.32,62.43,11.5,4,14.08,2.4,1.5,6.75,0.29,0.27,0.15,1.98,0.1,8.09,32.63,65.33,67.3,29.74,55.41,60.32,61.72,33.01,58.99,59.29,70.11,57.6,31.74,3304,108.38,122.29
7592,00116060046514,6/22/2016,Cornell University,MUSGRAVE 794,B3 Date8 Blk2,7,N9,8.28,91.72,5.42,7.63,0.55,1.22,1.28,27.52,33.92,52.18,50.69,5.87,22.65,55.32,19.94,60.66,13.33,5.7,13.32,2.6,1.73,6.93,0.28,0.26,0.16,2.08,0.1,7.63,33.3,65.68,67.69,29.88,55.56,61.17,62.67,34,60.07,58.58,70.1,56.39,30.64,3278,111.4,117.67
7592,00116060046515,6/22/2016,Cornell University,MUSGRAVE 795,B3 Date8 Blk3,7,N9,8.12,91.88,5.51,8.97,0.65,1.44,1.46,30.88,34.04,50.95,49.49,5.94,21.65,56.25,18.32,62.98,11.29,6.37,14.65,2.33,1.46,7.3,0.31,0.3,0.15,2.14,0.11,8.97,33.24,65.64,67.65,30.83,56.6,60.72,62.17,33.92,59.99,58.93,69.94,57.46,31.62,3276,114.12,122.37
7592,00116060046516,6/22/2016,Cornell University,MUSGRAVE 796,B3 Date8 Blk4,7,N9,8.29,91.71,5.52,7.91,0.52,1.27,1.2,27.18,33.66,50.96,49.5,6.09,21.65,56.26,18.67,62.28,14.53,6.7,12.72,2.6,1.8,6.41,0.3,0.24,0.16,1.91,0.11,7.91,34.58,65.76,67.78,30.46,56.19,61.82,63.39,34.99,61.16,60.12,71.6,58.74,32.79,3383,114.18,124.74
7592,00116060046517,6/22/2016,Cornell University,MUSGRAVE 797,B4 Date1 Blk1,7,N9,9.86,90.14,6.79,20.66,0.72,3.31,3.04,36.54,19.71,33.81,32.87,3.4,12.63,61.58,9.55,70.95,14.58,9.32,8.07,2.76,2.01,8.19,0.62,0.38,0.31,2.82,0.25,20.66,38.31,70.07,72.58,41.63,68.53,69.91,72.4,50.16,78.14,68.98,78.57,76.62,48.82,3879,202.41,217.68
7592,00116060046518,6/22/2016,Cornell University,MUSGRAVE 798,B4 Date1 Blk2,7,N9,8.96,91.04,6.97,22.36,0.75,3.58,3.37,37.84,18.45,33.13,32.21,2.68,11.23,65.14,8.34,74.11,13.78,9.74,6.78,2.86,2.02,8.82,0.59,0.41,0.29,3.23,0.27,22.36,36.96,70.46,73.01,42.46,69.46,70.7,73.28,51.75,79.95,69.6,78.47,78.17,50.18,3901,209.15,229.99
7592,00116060046519,6/22/2016,Cornell University,MUSGRAVE 799,B4 Date1 Blk3,7,N9,9.95,90.05,6.79,21.17,0.79,3.39,3.04,36.32,18.53,31.55,30.68,3.3,12.77,58.38,9.55,68.87,14.41,9.62,9.6,2.6,1.97,7.91,0.65,0.37,0.32,2.66,0.24,21.17,40.31,70.44,72.99,42.76,69.79,70.87,73.47,51.46,79.63,69.52,79.59,77.57,49.65,3917,219.37,228.01
7592,00116060046520,6/22/2016,Cornell University,MUSGRAVE 800,B4 Date1 Blk4,7,N9,9.46,90.54,6.81,21,0.63,3.36,3.03,37.81,19.22,33.16,32.24,2.79,10.65,66.97,6.98,78.35,13.88,9.76,8.12,3.09,2.13,7.96,0.56,0.41,0.28,3.06,0.26,21,38.7,70.22,72.75,42.01,68.95,71.51,74.18,52.22,80.49,70.9,79.88,79.36,51.23,4007,207.46,237.65
7592,00116060046521,6/22/2016,Cornell University,MUSGRAVE 801,B4 Date2 Blk1,7,N9,9.34,90.66,6.49,20.52,0.71,3.28,2.95,44.49,23.42,39.92,38.8,2.94,13.74,64.59,9.68,75.05,12.03,8.74,4.91,2.92,1.56,8.2,0.56,0.42,0.24,3.36,0.25,20.52,32.87,68.92,71.3,39.04,65.65,68.33,70.64,48.2,75.91,66.4,75.28,73.02,45.64,3691,164.87,186.23
7592,00116060046522,6/22/2016,Cornell University,MUSGRAVE 802,B4 Date2 Blk2,7,N9,8.67,91.33,7.15,25.21,0.82,4.03,4.03,38.91,21.87,39.34,38.23,2.5,11.65,69.53,6.57,82.81,8.97,6.73,3.52,2.95,1.75,9.6,0.57,0.49,0.27,3.93,0.3,25.21,28.24,69.41,71.84,40.78,67.58,68.36,70.67,50.06,78.02,67.15,74.8,76.03,48.3,3698,169.9,199.11
7592,00116060046523,6/22/2016,Cornell University,MUSGRAVE 803,B4 Date2 Blk3,7,N9,8.46,91.54,7.17,25.76,0.84,4.12,4.03,39.98,20.81,38.16,37.09,2.45,9.65,73.98,5.8,84.36,8.94,6.7,3.36,2.9,1.74,9.89,0.57,0.49,0.28,4.07,0.32,25.76,28.55,69.73,72.2,41.45,68.32,68.45,70.77,50.38,78.39,68.49,75.39,78.07,50.1,3769,176.94,216.42
7592,00116060046524,6/22/2016,Cornell University,MUSGRAVE 804,B4 Date2 Blk4,7,N9,9.1,90.9,6.94,22.18,0.78,3.55,3.61,37.15,21.58,38.54,37.46,2.67,11.65,68.9,8.69,76.8,11.6,9.61,5.51,2.88,1.76,8.41,0.54,0.43,0.26,3.43,0.26,22.18,32.8,69.5,71.94,40.15,66.88,69.33,71.75,50.03,78,68.45,76.67,76.52,48.74,3814,173.8,205.46
7592,00116060046525,6/22/2016,Cornell University,MUSGRAVE 805,B4 Date3 Blk1,7,N9,8.55,91.45,6.82,19.59,0.72,3.13,3.32,36.4,27.73,48.99,47.59,2.84,10.83,77.24,8.09,83,10.16,7.87,1.95,2.9,1.57,9.67,0.47,0.47,0.23,4.03,0.25,19.59,23.9,67.59,69.82,35.11,61.29,64.69,66.59,43.4,70.51,65.69,71.36,71.65,44.41,3531,127.82,178.46
7592,00116060046526,6/22/2016,Cornell University,MUSGRAVE 806,B4 Date3 Blk2,7,N9,8.61,91.39,6.6,18.27,0.69,2.92,3.03,37.77,26.83,47.76,46.4,2.87,11.06,76.16,8.78,81.08,11.86,7.64,3.23,2.92,1.63,9.28,0.44,0.43,0.23,3.7,0.23,18.27,26.45,67.87,70.13,35.16,61.36,65.34,67.31,43.69,70.83,66.15,72.28,71.72,44.48,3583,132.31,180.79
7592,00116060046527,6/22/2016,Cornell University,MUSGRAVE 808,B4 Date3 Blk4,7,N9,8.78,91.22,6.66,17.39,0.73,2.78,2.96,35.19,27.96,48.63,47.24,3.11,9.86,79.13,7.21,84.74,11.72,7.77,3.35,2.94,1.62,8.36,0.43,0.41,0.22,3.52,0.23,17.39,27.35,67.52,69.74,34.53,60.66,65.5,67.49,43.49,70.61,67.81,73.59,73.63,46.18,3688,128.52,188.44
7592,00116060046528,6/22/2016,Cornell University,MUSGRAVE 809,B4 Date4 Blk1,7,N9,8.86,91.14,6.19,14.26,0.53,2.28,2.32,34.64,28.07,48.58,47.2,3.49,11.51,75.61,7.5,84.11,14.1,6.87,5.75,3.03,1.9,8.51,0.38,0.37,0.22,3.23,0.19,14.26,29.45,67.49,69.7,33.52,59.55,65.03,66.97,41.74,68.66,66.68,73.27,70.76,43.63,3643,128.34,178.97
7592,00116060046529,6/22/2016,Cornell University,MUSGRAVE 810,B4 Date4 Blk2,7,N9,8.72,91.28,6.01,12.42,0.54,1.99,1.98,34.22,28.44,48.7,47.31,3.49,11.52,75.65,7.15,84.89,15.33,6.71,6.24,3,1.88,7.98,0.33,0.36,0.2,3.21,0.17,12.42,31.39,67.38,69.58,32.86,58.82,65.35,67.32,41.38,68.25,67.12,73.87,70.58,43.46,3682,127.29,180.22
7592,00116060046530,6/22/2016,Cornell University,MUSGRAVE 811,B4 Date4 Blk3,7,N9,9.42,90.58,6.31,17.49,0.5,2.8,2.78,35.85,27.25,47.3,45.95,3.32,10.65,76.82,7.21,84.31,12.44,8.01,5.26,3.28,1.93,7.49,0.39,0.45,0.2,3.73,0.21,17.49,28.92,67.75,69.99,35.1,61.28,66.94,69.09,45.43,72.79,68.61,75.37,74.78,47.19,3787,133.24,189.48
7592,00116060046531,6/22/2016,Cornell University,MUSGRAVE 812,B4 Date4 Blk4,7,N9,9.28,90.72,6.27,16.17,0.46,2.59,2.48,35.93,25.28,43.36,42.13,3.28,12.32,70.76,8.21,80.51,15.26,8.69,7.12,3.24,2.03,6.29,0.37,0.41,0.18,3.2,0.19,16.17,34.86,68.35,70.66,36.25,62.55,69.32,71.74,47.8,75.46,69.29,77.9,75.16,47.53,3907,148.61,192.22
7592,00116060046532,6/22/2016,Cornell University,MUSGRAVE 813,B4 Date5 Blk1,7,N9,8.78,91.22,5.81,15.52,0.51,2.48,2.23,47.1,32.27,58.06,56.93,3.74,15.88,72.11,12.15,78.66,10.19,5.17,2.49,2.4,1.14,8.28,0.33,0.38,0.2,3.19,0.19,15.52,19.36,66.19,68.26,30.18,55.89,61.21,62.71,37.41,63.84,60.76,67.31,62.97,36.62,3234,102.31,139.42
7592,00116060046136,6/17/2016,Cornell University,BARC 289,B3 Date7 Blk1,7,N9,8.4,91.6,5.48,7.68,0.66,1.23,1.41,24.22,36.22,54.75,53.18,6.28,21.51,59.55,18.61,65.01,13.44,6.9,9.46,2.66,1.72,6.63,0.27,0.26,0.17,2.14,0.11,7.68,31.2,64.97,66.9,28.88,54.47,60.02,61.39,32.45,58.38,59.37,70.03,57.56,31.7,3311,103.01,120.98
7592,00116060046137,6/17/2016,Cornell University,BARC 290,B3 Date7 Blk2,7,N9,8.2,91.8,5.38,6.52,0.74,1.04,1.33,22.09,34.76,51.72,50.24,6.56,20.02,60.15,17.33,65.51,13.86,6.72,12.54,2.59,1.78,6.77,0.27,0.23,0.18,1.82,0.1,6.38,35.02,65.42,67.4,29.69,55.36,60.33,61.73,32.34,58.25,61.03,71.53,59.43,33.41,3413,111.18,131.18
7592,00116060046138,6/17/2016,Cornell University,BARC 291,B3 Date7 Blk3,7,N9,8.75,91.25,5.4,7.01,0.46,1.12,1.03,25.25,33.06,48.74,47.35,5.83,19.91,57.95,15.68,66.88,14.71,4.57,13.81,2.89,1.96,6.17,0.24,0.27,0.15,2.07,0.1,7.01,37.54,65.95,67.99,31.05,56.84,63.29,65.03,36.53,62.86,62.27,73.51,61.43,35.23,3521,120.43,137
7592,00116060046139,6/17/2016,Cornell University,BARC 292,B3 Date7 Blk4,7,N9,8.28,91.72,5.63,7.51,0.5,1.2,1.26,25.03,35.15,53.7,52.16,5.59,20.45,60.79,15.78,69.75,16.69,7.73,7.16,2.56,1.7,6.88,0.27,0.25,0.17,2.2,0.12,7.51,32.01,65.3,67.27,29.23,54.85,61.2,62.7,34.01,60.09,60.06,70.33,58.46,32.53,3341,106.35,126.6
7592,00116060046140,6/17/2016,Cornell University,BARC 293,B3 Date8 Blk3,7,N9,8.19,91.81,5.16,5.29,0.62,0.85,1.2,19.28,39.62,60.31,59.09,6.52,27.11,54.12,20.91,64.61,11.48,4.85,11.45,2.56,1.45,7.27,0.2,0.24,0.13,1.89,0.08,5.14,27.1,63.92,65.73,25.86,51.19,56.86,57.87,27.18,52.63,52.95,64.82,46.97,21.94,2926,89.53,92.65
7592,00116060046141,6/17/2016,Cornell University,BARC 294,B3 Date8 Blk4,7,N9,8.27,91.73,5.2,5.99,0.52,0.96,1,23.87,34.62,51.76,50.28,5.98,21.46,57.32,18.65,62.91,12.5,5.79,16.52,2.82,1.81,6.31,0.2,0.25,0.13,1.73,0.08,5.99,35.61,65.47,67.45,29.51,55.16,61.76,63.32,34.08,60.16,60.23,71.56,58.05,32.15,3390,111.38,124.83
7592,00116060046142,6/17/2016,Cornell University,BARC 295,B3 Date8 Blk1,7,N9,8.07,91.93,5.28,6.44,0.52,1.03,1.16,24.38,36.6,55.92,54.32,6,24.12,55.6,18.21,66.48,9.82,5.3,15.43,2.77,1.64,6.59,0.19,0.27,0.12,1.9,0.09,6.44,31.17,64.85,66.77,27.99,53.5,60.08,61.45,32.06,57.95,56.99,68.64,53.52,28,3186,100.65,107.85
7592,00116060046143,6/17/2016,Cornell University,BARC 296,B3 Date8 Blk2,7,N9,8.17,91.83,5.35,7.01,0.58,1.12,1.3,24.54,36.49,57.16,55.52,5.75,23.11,58.38,16.88,69.6,10.25,5.49,12.36,3.15,1.77,6.03,0.2,0.26,0.14,1.85,0.1,7.01,29.97,64.89,66.81,27.68,53.17,60.79,62.24,33.22,59.22,58.32,69.53,55.73,30.03,3268,98.44,112.49
7592,00116060046144,6/17/2016,Cornell University,BARC 297,B4 Date1 Blk3,7,N9,9.19,90.81,6.42,13.95,0.79,2.23,2.25,34.27,27.06,41.93,40.75,3.54,10.64,73.89,7.9,80.61,14.77,8.73,6.87,3.25,1.77,8.43,0.44,0.38,0.2,3.34,0.19,13.95,36.35,67.8,70.05,36.1,62.39,66.4,68.49,43.18,70.26,68.44,75.74,73.04,45.65,3791,150.36,201.71
7592,00116060046146,6/17/2016,Cornell University,BARC 298,B4 Date1 Blk4,7,N9,9.46,90.54,6.97,22.24,0.81,3.56,3.62,35.57,23.21,39.9,38.78,2.82,11.16,71.22,8.36,78.44,10.65,9.68,5.32,3.24,1.97,8.92,0.56,0.46,0.26,3.63,0.27,22.24,30.71,68.99,71.38,39.61,66.27,68.43,70.75,48.98,76.81,68.3,76.01,76.37,48.6,3789,165.25,203.66
7592,00116060046147,6/17/2016,Cornell University,BARC 299,B4 Date1 Blk1,7,N9,9.59,90.41,6.57,14.09,0.74,2.25,2.1,34.42,26.64,39.72,38.6,3.84,11.56,70.05,8.54,77.88,15.29,9.03,7.55,3.24,1.76,6.58,0.43,0.39,0.2,3.03,0.18,14.09,40.07,67.93,70.2,37.06,63.45,68.37,70.68,45.68,73.07,69.87,78.57,75.04,47.43,3945,159.54,207.06
7592,00116060046148,6/17/2016,Cornell University,BARC 300,B4 Date1 Blk2,7,N9,9.6,90.4,6.73,16.65,0.75,2.66,2.69,34.35,25.46,39.41,38.3,3.49,11.64,69.61,8,79.11,13.36,9.3,7.59,3.19,1.77,7.1,0.47,0.42,0.22,3.24,0.2,16.65,37.87,68.29,70.6,38.01,64.5,68.72,71.07,47.12,74.69,69.48,78.07,75.6,47.92,3910,162.77,206.16
7592,00116060046149,6/17/2016,Cornell University,BARC 301,B4 Date2 Blk2,7,N9,9.41,90.59,6.25,11.41,0.52,1.83,1.8,32.87,26.64,42.21,41.02,3.68,12.64,69.19,7.64,81.37,16.31,9.8,6.85,3.17,1.88,7,0.38,0.35,0.21,2.93,0.15,11.41,39.49,67.93,70.2,35.15,61.34,67.76,70.01,43.94,71.12,68.33,77.02,71.82,44.57,3839,150.04,191.66
7592,00116060046150,6/17/2016,Cornell University,BARC 302,B4 Date2 Blk3,7,N9,8.85,91.15,5.99,10.99,0.59,1.76,1.82,34.12,27.77,44.18,42.93,3.6,11.58,73.03,8.99,79.06,16.45,7.79,6.49,3.09,1.77,7.87,0.38,0.33,0.19,3.03,0.15,10.99,37.26,67.58,69.81,34.22,60.32,66.27,68.35,41.89,68.82,67.85,75.4,70.97,43.81,3763,141.84,190.73
7592,00116060046151,6/17/2016,Cornell University,BARC 303,B4 Date2 Blk3,7,N9,9.13,90.87,6.68,19.62,0.76,3.14,3.45,33.84,23.07,39.27,38.17,2.65,11.34,70.29,8.04,78.94,12.13,9.31,6.83,3.43,2.08,9.63,0.51,0.43,0.25,3.57,0.24,19.62,32.95,69.03,71.42,39.02,65.62,68.28,70.58,47.8,75.46,67.79,75.52,74.57,47.01,3750,168.25,203.04
7592,00116060046152,6/17/2016,Cornell University,BARC 304,B4 Date2 Blk1,7,N9,9.49,90.51,6.28,11.47,0.57,1.84,1.72,31.56,27.12,41.64,40.46,3.85,12.65,68.73,9.54,76.42,15.85,8.28,7.75,3.13,1.83,6.75,0.38,0.35,0.19,2.82,0.15,11.47,40.21,67.78,70.03,35.41,61.63,67.76,70.01,43.94,71.12,68.57,77.43,72.17,44.88,3862,151.3,193.21
7592,00116060046153,6/17/2016,Cornell University,BARC 305,B4 Date3 Blk2,7,N9,9.51,90.49,6.19,10.22,0.63,1.64,1.29,31.31,26.82,39.53,38.42,4.52,14.65,61.87,11.19,70.87,17.72,9.44,7.37,3.03,1.88,6.45,0.42,0.32,0.21,2.52,0.14,10.22,43.32,67.87,70.13,35.86,62.13,67.5,69.72,43.08,70.15,67.62,77.86,70.32,43.24,3835,160.27,186.94
7592,00116060046154,6/17/2016,Cornell University,BARC 306,B4 Date3 Blk3,7,N9,8.99,91.01,5.89,10.13,0.51,1.62,1.5,32.18,27.58,44.23,42.98,4.07,12.81,70.2,9.23,78.52,16.9,7.1,6.92,3.12,2.02,7.58,0.36,0.3,0.2,2.74,0.15,10.13,37.79,67.64,69.87,33.91,59.98,66.07,68.12,41.34,68.2,67.38,75.67,69.98,42.92,3759,141.63,183.67
7592,00116060046155,6/17/2016,Cornell University,BARC 307,B4 Date3 Blk4,7,N9,9.25,90.75,6.45,14.88,0.76,2.38,2.41,32.93,25.26,38.03,36.96,3.7,10.65,71.19,8.24,77.71,15.22,8.92,7.97,3.32,2.01,9.53,0.52,0.38,0.23,3.19,0.2,14.88,38.03,68.36,70.67,38.01,64.5,66.57,68.68,43.8,70.96,68.36,76.04,73.34,45.92,3791,169.56,211.89
7592,00116060046156,6/17/2016,Cornell University,BARC 308,B4 Date3 Blk1,7,N9,9.7,90.3,5.8,11.44,0.45,1.83,1.72,36.98,27.49,46.87,45.54,3.74,9.98,78.09,7.24,84.1,15.58,6.26,6.75,3.28,1.99,6.82,0.38,0.32,0.24,2.65,0.16,11.44,34.93,67.67,69.9,33.28,59.28,66.72,68.85,42.72,69.74,69.85,76.66,73.93,46.44,3879,133.93,196.93
7592,00116060046157,6/17/2016,Cornell University,BARC 309,B4 Date4 Blk1,7,N9,9.33,90.67,5.76,12.29,0.54,1.97,1.79,41.42,31.27,52.58,51.08,4.15,13.32,73.92,8.65,83.07,14.45,7.31,4.24,2.85,1.58,7.77,0.34,0.36,0.21,3.08,0.16,12.29,28.07,66.5,68.6,31.28,57.1,62.97,64.67,38.3,64.82,64.82,71.65,67.31,40.53,3527,114.07,162.09
7592,00116060046158,6/17/2016,Cornell University,BARC 310,B4 Date4 Blk2,7,N9,9.28,90.72,5.8,10.37,0.5,1.66,1.47,35.29,28.36,46.61,45.28,4.27,16.88,62.72,13.45,70.3,15.86,6.62,6.65,3.19,2.03,6.64,0.33,0.31,0.2,2.53,0.15,10.37,36.15,67.4,69.6,33.03,59.01,66.02,68.07,41.38,68.25,64.7,74.74,66.34,39.67,3641,133.1,156.54
7592,00116060046159,6/17/2016,Cornell University,BARC 311,B4 Date4 Blk3,7,N9,9.52,90.48,5.55,11.32,0.56,1.81,1.67,43.55,31.45,53.74,52.2,3.88,13.83,73.51,11.27,78.41,12.81,7.02,5.03,2.91,1.5,8.11,0.34,0.33,0.2,2.93,0.15,11.32,27.54,66.44,68.54,30.49,56.22,62.6,64.26,37.4,63.83,63.79,70.51,65.45,38.86,3450,111.33,156.61
7592,00116060046160,6/17/2016,Cornell University,BARC 312,B4 Date4 Blk4,7,N9,9.12,90.88,6.2,12.29,0.72,1.97,1.85,33.6,27.22,40.71,39.56,4.03,12.65,68.02,9.24,76.64,14.46,8.07,6.2,3.3,1.97,8.77,0.48,0.34,0.22,2.93,0.18,12.29,38.26,67.76,70,36.07,62.35,65.82,67.85,41.82,68.75,66.94,75.31,70.29,43.2,3720,154.82,191.33
7592,00116060046161,6/17/2016,Cornell University,BARC 313,B4 Date5 Blk1,7,N9,8.62,91.38,5.87,10.27,0.74,1.64,2.24,30.67,39.27,65.75,63.95,5.45,24.21,62.14,14.4,77.48,10.78,5.45,2.35,2.19,1.14,8.53,0.26,0.32,0.19,3.02,0.14,10.27,17.35,64.03,65.85,25.39,50.69,55.74,56.62,27.82,53.32,53.02,62.07,49.36,24.16,2819,82.72,97.14
7592,00116060046162,6/17/2016,Cornell University,BARC 315,B4 Date5 Blk3,7,N9,8.82,91.18,5.58,10.7,0.46,1.71,1.89,38.79,35.76,63.07,61.03,4.26,22.12,63.76,13.36,78.11,11.25,5.96,4.57,2.57,1.35,8.35,0.22,0.31,0.18,2.71,0.14,10.7,19.46,65.12,67.06,26.58,51.98,59.21,60.48,32.79,58.75,55.43,64.19,53.14,27.65,2969,89.9,107.33
7592,00116060046163,6/17/2016,Cornell University,BARC 316,B4 Date5 Blk4,7,N9,8.85,91.15,6.01,10.45,0.61,1.67,1.71,30.43,29.99,47.36,46.01,4.23,12.77,72.25,9.31,79.77,16.59,8.51,5.57,3.17,1.97,8.62,0.37,0.31,0.2,2.8,0.16,10.45,33.66,66.89,69.04,32.75,58.71,63.8,65.6,38.58,65.13,65.86,73.23,67.99,41.15,3617,128.54,174.2
7592,00116060046164,6/17/2016,Cornell University,BARC 317,B4 Date6 Blk1,7,N9,7.95,92.05,5.48,8.34,0.52,1.33,1.67,30.46,39.67,64.59,62.73,5.41,27.15,56.72,18.37,70.72,12.58,5.46,2.62,2.64,1.39,7.35,0.19,0.3,0.13,2.64,0.12,8.34,20.86,63.9,65.71,25.19,50.47,57.66,58.76,29.66,55.33,52.21,63.34,47.27,22.22,2854,83.63,89.28
7592,00116060046165,6/17/2016,Cornell University,BARC 318,B4 Date6 Blk2,7,N9,8.37,91.63,5.71,9.08,0.47,1.45,1.6,28.52,34.86,57.2,55.56,5.25,21.38,61.52,17.92,67.75,14.77,6.71,5.25,2.72,1.73,6.64,0.22,0.27,0.16,2.24,0.13,9.08,27.59,65.39,67.37,28.37,53.92,61.15,62.64,34.64,60.78,59.07,69.23,57.75,31.88,3276,100.51,119.17
7592,00116060046166,6/17/2016,Cornell University,BARC 319,B4 Date6 Blk3,7,N9,8.35,91.65,5.56,8.99,0.5,1.44,1.61,31.37,37.25,60.5,58.76,5.29,24.68,58,18.3,68.86,12.23,4.29,5.19,2.56,1.52,8,0.22,0.28,0.14,2.41,0.13,8.99,23.34,64.66,66.55,27.04,52.47,58.54,59.74,31.14,56.94,54.33,64.87,50.74,25.44,2964,91.91,100
7592,00116060046167,6/17/2016,Cornell University,BARC 320,B4 Date6 Blk4,7,N9,8.4,91.6,5.78,9.5,0.52,1.52,1.78,28.63,35.93,59.49,57.78,4.83,21.6,62.62,15.77,72.71,13.35,6.69,4.26,2.69,1.58,7.93,0.24,0.29,0.16,2.59,0.14,9.5,23.99,65.06,67,27.59,53.07,59.74,61.07,32.95,58.92,57.12,66.48,55.09,29.45,3107,95.38,113.66
7592,00116060046168,6/17/2016,Cornell University,BARC 321,B4 Date7 Blk1,7,N9,8.29,91.71,5.57,8.48,0.54,1.36,1.57,27.24,34.8,55.87,54.27,5.51,21.92,59.61,18.32,66.24,12.51,8.11,9.46,2.8,1.71,7.03,0.24,0.27,0.16,2.07,0.13,8.48,29.08,65.41,67.39,28.7,54.28,60.63,62.07,33.66,59.7,58.49,68.99,56.64,30.86,3244,102.98,117.45
7592,00116060046169,6/17/2016,Cornell University,BARC 322,B4 Date7 Blk2,7,N9,8.26,91.74,5.59,8.13,0.52,1.3,1.51,27.18,34.89,56.75,55.12,5.5,22.77,58.69,18.36,66.69,13.92,8.29,7.66,2.81,1.8,6.83,0.22,0.25,0.17,1.97,0.13,8.13,28.63,65.38,67.36,28.22,53.76,60.69,62.13,33.61,59.64,57.96,68.8,55.71,30.02,3224,100.95,113.34
7592,00116060046170,6/17/2016,Cornell University,BARC 323,B4 Date7 Blk3,7,N9,8.43,91.57,5.56,8.61,0.46,1.38,1.43,27.87,33.74,53.95,52.4,5.23,20.42,61.03,15.15,71.09,14.21,7.81,8.71,2.76,1.84,7.49,0.23,0.27,0.16,2.24,0.13,8.61,30.09,65.73,67.75,29.5,55.14,61.37,62.89,34.73,60.87,59.64,69.69,58.36,32.44,3301,107.76,125.34
7592,00116060046171,6/17/2016,Cornell University,BARC 324,B4 Date7 Blk4,7,N9,8.22,91.78,5.6,8.46,0.5,1.35,1.57,27.54,35.9,57.78,56.12,5.44,23.36,58.37,15.77,71.9,14.26,8.35,6.13,2.49,1.57,7.69,0.28,0.25,0.18,2.12,0.14,8.46,26.73,65.07,67.01,27.93,53.44,59.42,60.72,32.07,57.96,56.21,66.75,53.28,27.79,3089,98.24,107.8
7592,00116060046172,6/17/2016,Cornell University,BARC 325,B4 Date8 Blk4,7,N9,8.28,91.72,5.2,6.36,0.55,1.02,1.22,23.27,36.49,56.69,55.1,6.29,24.99,54.65,21.37,61.22,11.55,5.25,13.38,2.65,1.66,6.73,0.21,0.24,0.14,1.68,0.1,6.36,30.37,64.89,66.81,27.66,53.14,59.29,60.57,30.96,56.74,56.08,67.94,52.15,26.74,3132,99.38,103.75
7592,00116060046173,6/17/2016,Cornell University,BARC 326,B4 Date8 Blk1,7,N9,7.83,92.17,5.23,7.27,0.61,1.16,1.39,25.58,32.87,51.94,50.91,5.65,21.29,58.18,17.82,65,8.62,3.54,19.5,3.04,1.79,6.18,0.18,0.27,0.13,1.54,0.1,7.27,34.24,66,68.05,29.86,55.54,62.2,63.81,35.15,61.34,60.49,71.64,58.99,33.02,3403,113.33,126.97
7592,00116060046174,6/17/2016,Cornell University,BARC 327,B4 Date8 Blk3,7,N9,7.88,92.12,5.14,6.85,0.6,1.1,1.34,24.53,35.24,54.73,53.35,6,24.26,54.53,19.66,63.15,9.77,3.53,16.57,2.65,1.64,7,0.2,0.25,0.13,1.62,0.09,6.85,31.5,65.28,67.24,28.6,54.17,59.95,61.31,32.02,57.91,56.73,68.46,53.32,27.82,3165,104.32,108.14
7592,00116060046175,6/17/2016,Cornell University,BARC 328,B4 Date8 Blk2,7,N9,7.82,92.18,5.13,6.32,0.56,1.01,1.22,21.36,34.13,54.14,52.59,5.92,22.73,56.78,18.24,65.32,9.8,3.4,18.31,2.97,1.83,5.65,0.16,0.25,0.12,1.49,0.09,6.32,33.83,65.62,67.62,28.65,54.23,61.85,63.42,34.31,60.42,59.58,71.3,57.26,31.43,3368,107.23,118.08
7592,00116060046177,6/17/2016,Cornell University,BARC 330,R1 Date1 Blk4,7,N9,9.05,90.95,6.48,17.74,0.61,2.84,2.83,35.46,26.46,48.83,47.44,3.13,11.26,76.26,8.91,81.22,11.8,6.92,5.44,3.62,2.09,6.48,0.32,0.4,0.21,3.24,0.22,17.74,28.08,67.99,70.26,34.56,60.69,67.92,70.18,46.68,74.2,69.06,76.24,75.51,47.84,3839,130.23,185.5
7592,00116060046178,6/17/2016,Cornell University,BARC 331,R1 Date1 Blk3,7,N9,9,91,6.34,17.3,0.57,2.77,2.77,37.75,27.69,50.43,48.99,3.28,11.54,76.44,9.24,81.14,11.78,6.74,4.76,3.74,2.05,6.76,0.32,0.4,0.21,3.1,0.22,17.3,26.67,67.6,69.83,33.77,59.82,66.92,69.07,45.31,72.65,68.24,75.16,74.2,46.68,3771,124.22,179.21
7592,00116060046179,6/17/2016,Cornell University,BARC 332,R1 Date1 Blk2,7,N9,9.11,90.89,6.4,17.22,0.59,2.76,2.78,35.83,26.1,48.12,46.75,3.3,11.65,75.08,9.44,79.81,12.8,7.13,6.19,3.58,2.07,6.58,0.34,0.39,0.22,3.08,0.21,17.22,29.16,68.1,70.38,34.67,60.81,67.7,69.94,46.21,73.66,68.78,76.22,74.9,47.3,3830,132.36,184.29
7592,00116060046180,6/17/2016,Cornell University,BARC 333,R1 Date2 Blk3,7,N9,8.83,91.17,5.92,13.08,0.36,2.09,1.97,36.54,29.08,51.62,50.14,3.44,11.75,76.57,9.56,80.93,15.91,6.07,4.91,3.25,1.94,6.17,0.25,0.37,0.18,3.08,0.16,13.08,29.64,67.18,69.36,31.92,57.8,66.71,68.84,43.42,70.53,68.24,75.23,72.41,45.09,3776,119.15,176.85
7592,00116060046181,6/17/2016,Cornell University,BARC 334,R1 Date2 Blk4,7,N9,8.72,91.28,6.01,13.53,0.42,2.16,2.15,35.25,28.66,51.51,50.04,3.36,11.89,76.24,9.21,81.59,15.35,8.14,4.96,3.48,2.06,6.99,0.25,0.37,0.18,3.15,0.18,13.53,28.53,67.31,69.5,32.11,58,66.21,68.28,42.96,70.02,67.53,74.37,71.64,44.4,3719,120.24,175.01
7592,00116060046182,6/17/2016,Cornell University,BARC 335,R1 DAte2 Blk2,7,N9,8.93,91.07,6.11,13.52,0.42,2.16,2.07,34.69,27.21,48.8,47.41,3.45,11.98,74.73,9.32,80.34,16.52,6.46,5.96,3.28,2.06,6.29,0.28,0.35,0.19,3.07,0.18,13.52,31.79,67.76,70,33.18,59.18,67.45,69.66,44.49,71.73,68.59,76.17,73.09,45.7,3824,129.1,181.78
7592,00116060046183,6/17/2016,Cornell University,BARC 336,R1 Date2 Blk1,7,N9,8.62,91.38,6.07,14.07,0.42,2.25,2.23,34.83,28.37,51.3,49.83,3.21,12.45,75.02,9.56,80.81,15.26,6.29,4.82,3.54,2.09,6.1,0.25,0.37,0.18,3.07,0.18,14.07,29.14,67.4,69.6,32.38,58.29,67.47,69.68,44.74,72.01,68.05,75.49,72.58,45.24,3782,121.17,174.02
7592,00116060046184,6/17/2016,Cornell University,BARC 337,R1 Date3 Blk2,7,N9,8.8,91.2,5.88,10.88,0.49,1.74,1.64,33.73,29.33,48.99,47.59,4.17,13.65,71.32,10.79,77.33,15.05,6,5.58,3.17,2.02,7.03,0.3,0.32,0.18,2.8,0.15,10.88,33.12,67.1,69.27,32.25,58.15,65.18,67.13,40.55,67.33,66.46,74.5,69.01,42.06,3692,125.44,169.48
7592,00116060046185,6/17/2016,Cornell University,BARC 338,R1 Date3 Blk3,7,N9,8.52,91.48,5.86,12.25,0.53,1.96,1.95,38.94,31.92,55.23,53.65,4.04,16.37,69.49,11.06,79.38,14.02,8.22,3.86,3.1,1.71,7.11,0.27,0.35,0.18,3.06,0.16,12.25,26.23,66.3,68.38,30.21,55.92,63.28,65.02,38.69,65.26,62.85,70.88,64.54,38.04,3445,107.71,143.69
7592,00116060046186,6/17/2016,Cornell University,BARC 339,R1 Date3 Blk4,7,N9,8.71,91.29,5.87,11.36,0.47,1.82,1.74,34.86,29.81,50.81,49.36,4.03,14.34,70.95,10.75,78.22,14.85,5.53,5.05,3.18,1.97,7.44,0.29,0.32,0.19,2.81,0.16,11.36,30.61,66.96,69.11,31.67,57.52,64.5,66.38,39.9,66.6,65.15,73.02,67.4,40.62,3594,120.16,161.06
7592,00116060046187,6/17/2016,Cornell University,BARC 340,R1 Date3 Blk1,7,N9,8.66,91.34,6.03,12.31,0.44,1.97,1.87,34.28,28.94,50.76,49.31,3.7,12.9,73.84,9.65,80.43,14.51,5.73,4.48,3.21,2.04,7.26,0.28,0.35,0.19,3.1,0.17,12.31,29.95,67.22,69.4,32,57.88,65.41,67.39,41.46,68.34,66.55,73.87,69.76,42.73,3670,121.4,170.17
7592,00116060046188,6/17/2016,Cornell University,BARC 341,R1 Date4 Blk2,7,N9,9.1,90.9,5.73,10.7,0.44,1.71,1.68,35.7,31.4,53.48,51.95,4.25,15.6,69.97,11.91,77.07,13.64,5.34,5.23,3.04,1.79,6.75,0.3,0.3,0.19,2.6,0.14,10.7,29.49,66.46,68.56,30.38,56.11,63.86,65.66,38.82,65.4,64.17,72.32,65.73,39.11,3542,111.9,151.32
7592,00116060046189,6/17/2016,Cornell University,BARC 342,R1 Date4 Blk3,7,N9,9.01,90.99,5.68,11.56,0.46,1.85,1.77,40.48,31.86,55.09,53.51,4.19,16.36,69.43,12.8,76.08,15.57,7.7,4.04,3.06,1.76,7.11,0.28,0.34,0.19,2.85,0.15,11.56,26.83,66.32,68.4,30.04,55.73,63.14,64.86,38.26,64.78,62.9,70.97,64.32,37.84,3450,108.29,144.36
7592,00116060046190,6/17/2016,Cornell University,BARC 343,R1 Date4 Blk4,7,N9,8.96,91.04,5.89,8.85,0.83,1.42,1.36,26.33,28.14,42.62,41.41,5.29,14.33,65.39,10.84,73.82,17.03,8.66,6.67,2.95,2.06,7.96,0.46,0.26,0.23,2.36,0.15,8.85,40.08,67.47,69.68,34.15,60.24,63.99,65.81,38.04,64.54,66.16,75.32,67.73,40.91,3700,146.42,177.29
7592,00116060046191,6/17/2016,Cornell University,BARC 344,R1 Date4 Blk1,7,N9,8.83,91.17,5.58,12.43,0.59,1.99,1.95,45.45,35.16,60.51,59.63,4.44,19.59,67.15,13.25,77.78,11.73,5.54,2.71,2.72,1.28,7.78,0.27,0.36,0.18,3.08,0.16,12.43,19.83,65.29,67.26,28.18,53.71,59.67,61,34.08,60.16,58.07,66.08,57.77,31.9,3118,94.41,122.01
7592,00116060046192,6/17/2016,Cornell University,BARC 345,R1 Date5 Blk1,7,N9,8.36,91.64,5.53,10.9,0.51,1.74,1.82,42.66,36.34,62.45,60.65,4.66,22.08,63.59,14.45,76.17,11.75,5.3,3.04,3.07,1.56,7.23,0.21,0.33,0.17,2.87,0.15,10.9,20.48,64.94,66.86,26.89,52.32,59.92,61.27,33.79,59.84,56.83,66.11,55.3,29.64,3091,90.18,110.31
7592,00116060046193,6/17/2016,Cornell University,BARC 347,R1 Date5 Blk3,7,N9,8.12,91.88,5.71,10.66,0.58,1.71,2.05,35.55,36.9,63.36,61.53,4.72,22.89,62.8,15.26,75.2,11.6,5.81,2.71,3.05,1.57,7.5,0.23,0.33,0.17,2.82,0.15,10.66,19.79,64.76,66.67,26.47,51.85,59.29,60.57,32.84,58.8,55.91,65.32,53.84,28.3,3034,88.13,106.1
7592,00116060046194,6/17/2016,Cornell University,BARC 349,R1 Date6 Blk1,7,N9,7.75,92.25,5.52,9.86,0.65,1.58,2.15,34.18,41.59,69.21,65.78,5.7,28.87,56.11,14.34,78.2,7.74,2.41,2,3.39,1.57,8.43,0.23,0.32,0.16,2.81,0.16,9.86,15.51,63.31,65.05,23.88,49.06,55.49,56.34,27.37,52.83,49.64,60.69,44.11,19.28,2678,75.77,78.34
7592,00116060046195,6/17/2016,Cornell University,BARC 350,R1 Date6 Blk2,7,N9,7.87,92.13,5.48,8.53,0.57,1.36,1.93,30.01,41.55,68.9,66.61,5.75,29.06,56.37,15.5,76.73,10.25,5.66,2.31,2.89,1.4,8.17,0.21,0.29,0.15,2.59,0.13,8.53,16.22,63.33,65.07,23.54,48.69,55.22,56.04,26.43,51.81,49.34,60.37,43.01,18.25,2660,76.25,79.26
7592,00116060046196,6/17/2016,Cornell University,BARC 351,R1 Date6 Blk3,7,N9,8.2,91.8,5.44,9.61,0.59,1.54,2.01,34.03,41.19,68.57,65.32,5.74,27.49,57.91,16.36,74.95,8.93,4.34,2.71,3.28,1.57,7.61,0.21,0.31,0.15,2.69,0.14,9.61,16.9,63.44,65.19,24.04,49.23,56.38,57.33,28.5,54.05,51.54,62.33,46.87,21.86,2800,77.07,84.3
7592,00116060046197,6/17/2016,Cornell University,BARC 352,R1 Date6 Blk4,7,N9,7.79,92.21,5.47,9.39,0.6,1.5,1.93,35.46,41.52,68.84,66.63,5.67,28.81,56.76,18.24,72.62,8.3,2.54,2.86,3.13,1.46,7.45,0.18,0.3,0.13,2.66,0.14,9.39,16,63.34,65.08,23.88,49.05,56.1,57.02,28.01,53.52,50.26,61.43,44.83,19.95,2731,76.29,81.18
7592,00116060046198,6/17/2016,Cornell University,BARC 353,R1 Date7 Blk1,7,N9,7.5,92.5,5.38,7.77,0.52,1.24,1.81,30.89,44.45,72.31,70.2,6.05,32.99,53.01,20.64,70.6,9.01,2.06,2.36,2.71,1.22,7.2,0.11,0.3,0.11,2.6,0.11,7.77,14.42,62.43,64.07,21.94,46.97,54.44,55.17,25.03,50.3,46.3,58.75,37.96,13.51,2524,69.84,67.21
7592,00116060046199,6/17/2016,Cornell University,BARC 354,R1 Date7 Blk2,7,N9,7.81,92.19,5.23,6.68,0.49,1.07,1.78,24.25,44.87,72.46,69.81,6.21,32.98,52.76,20.17,71.11,10.53,4.15,2.48,2.62,1.23,8.06,0.14,0.28,0.11,2.53,0.1,6.68,15,62.3,63.92,21.5,46.5,53.47,54.09,23.21,48.33,45.59,57.83,36.32,11.95,2462,69.42,65.47
7592,00116060046200,6/17/2016,Cornell University,BARC 355,R1 Date7 Blk3,7,N9,8.09,91.91,5.3,7.33,0.5,1.17,1.79,27.83,45.1,72.21,69.63,6.32,31.52,54.73,20.84,70.07,9.58,4.15,2.57,2.52,1.1,7.81,0.14,0.29,0.11,2.65,0.1,7.33,14.92,62.23,63.85,21.82,46.84,53.44,54.06,23.45,48.59,46.83,58.47,38.56,14.07,2522,69.19,70.04
7592,00116060046201,6/17/2016,Cornell University,BARC 356,R1 Date7 Blk4,7,N9,7.91,92.09,5.26,7.73,0.46,1.24,1.89,27.94,42.22,70.08,67.2,5.79,29.13,56.65,18.39,72.63,10.74,5.34,2.94,3.01,1.48,7.6,0.16,0.29,0.13,2.61,0.11,7.73,16.88,63.12,64.84,22.8,47.89,55.74,56.62,26.84,52.25,49.85,61.05,43.42,18.63,2706,74.25,78.89
7592,00116060046202,6/17/2016,Cornell University,BARC 357,R1 Date8 Blk4,7,N9,7.96,92.04,5.26,5.06,0.51,0.81,1.5,17.19,48.67,75.86,72.44,7.34,37.25,48.58,24.57,66.08,10.44,4.56,2.06,2.16,0.98,7.65,0.11,0.24,0.1,2.22,0.09,5.05,14.37,61.13,62.62,19.58,44.44,50.9,51.23,18.8,43.6,41.76,55.55,29.44,5.41,2275,62.45,52.4
7592,00116060046203,6/17/2016,Cornell University,BARC 358,R1 Date8 blk1,7,N9,7.62,92.38,5.25,5.14,0.46,0.82,1.48,18.09,49.24,76.8,74.36,7.3,38.43,48.32,25.51,65.69,10.35,5.48,1.26,2.03,0.89,7.11,0.08,0.26,0.08,2.34,0.08,5.14,12.98,60.95,62.42,19.23,44.06,50.86,51.19,18.81,43.61,40.89,55.03,28.06,4.09,2238,61.12,51.36
7592,00116060046204,6/17/2016,Cornell University,BARC 359,R1 Date8 Blk2,7,N9,7.71,92.29,5.21,5.74,0.59,0.92,1.56,25.09,47.45,74.94,71.81,7.06,37.24,48.14,24.27,66.2,9.84,3.75,2.17,2.22,0.97,7.55,0.14,0.25,0.1,2.21,0.1,5.71,14.49,61.51,63.04,20.18,45.08,51.54,51.94,20,44.88,41.97,55.89,30.11,6.05,2292,64.42,53.01
7592,00116060046205,6/17/2016,Cornell University,BARC 360,R1 Date8 Blk3,7,N9,8.11,91.89,5.22,5.93,0.54,0.95,1.6,26.31,48.4,76.22,72.44,7.14,37.4,48.37,24,66.87,9.31,4.57,1.83,2.12,0.87,7.75,0.14,0.26,0.11,2.21,0.09,5.93,13.61,61.21,62.71,19.74,44.6,50.98,51.32,19.31,44.15,41.43,55.19,29.32,5.3,2249,62.31,51.39
7592,00116060046206,6/17/2016,Cornell University,BARC 361,R2 Date1 Blk4,7,N9,8.03,91.97,6.43,14.33,0.8,2.29,2.18,36.01,28.5,49.47,48.06,3.54,13.52,71.87,10.34,78.49,13.56,7.72,3.6,3.14,1.86,8.51,0.38,0.35,0.22,2.87,0.21,14.33,28.42,67.36,69.56,33.18,59.18,64.31,66.16,40.74,67.54,64.87,72.17,68.29,41.41,3546,125.64,165.29
7592,00116060046207,6/17/2016,Cornell University,BARC 362,R2 Date1 Blk3,7,N9,8.47,91.53,6.42,15.06,0.69,2.41,2.24,37.05,27.84,49.89,48.47,3.51,12.54,74.13,9.08,81.27,13.29,7.51,4,3.25,1.97,7.57,0.36,0.35,0.22,2.91,0.22,15.06,28.17,67.56,69.78,33.26,59.26,65.46,67.44,42.53,69.53,66.59,73.74,70.99,43.83,3663,125.56,172.92
7592,00116060046208,6/17/2016,Cornell University,BARC 363,R2 Date1 Blk1,7,N9,8.33,91.67,6.21,14.06,0.62,2.25,2.17,37.7,28,49.87,48.45,3.52,12.98,73.21,10.01,79.34,14.3,5.6,4.36,3.29,1.95,7.52,0.32,0.35,0.21,3.01,0.2,14.06,29.19,67.51,69.73,32.94,58.91,65.51,67.5,42.22,69.18,66.31,73.68,70.17,43.09,3653,125.34,170.28
7592,00116060046209,6/17/2016,Cornell University,BARC 364,R2 Date1 Blk2,7,N9,8.25,91.75,6.18,13.94,0.61,2.23,2.15,35.8,26.99,48.32,46.94,3.33,12.22,73.97,9.32,80.14,15.21,8.2,5.33,3.29,1.98,6.74,0.3,0.35,0.19,2.88,0.19,13.94,31.55,67.83,70.08,33.52,59.54,67.06,69.23,44.09,71.28,67.97,75.55,72.4,45.09,3779,130.48,179.89
7592,00116060046210,6/17/2016,Cornell University,BARC 365,R2 Date2 Blk3,7,N9,8.18,91.82,5.97,13.59,0.52,2.17,2.12,40.62,30.71,54.64,53.07,3.57,15.89,70.06,10.84,79.57,13.36,6.88,3.03,3.13,1.73,7.91,0.28,0.38,0.19,3.35,0.19,13.59,24.82,66.68,68.8,30.9,56.67,63.58,65.35,39.63,66.3,62.57,70.2,64.73,38.22,3405,110.82,145.27
7592,00116060046211,6/17/2016,Cornell University,BARC 366,R2 Date2 Blk4,7,N9,8.41,91.59,5.93,10.98,0.47,1.76,1.74,33.52,28.93,49.77,48.35,3.71,13.02,73.07,10.14,79.03,15.74,8.95,4.9,3.07,1.94,7.04,0.27,0.32,0.18,2.9,0.15,10.98,32.43,67.23,69.41,31.97,57.84,65.67,67.68,41.21,68.05,66.74,74.33,69.44,42.45,3694,123.97,171.36
7592,00116060046212,6/17/2016,Cornell University,BARC 367,R2 Date2 Blk1,7,N9,8.33,91.67,5.97,12.16,0.45,1.95,1.93,35.2,30.28,53.21,51.69,3.77,14.22,72.49,10.8,79.11,15.67,7.51,3.79,3.02,1.79,6.62,0.26,0.35,0.17,3.19,0.16,12.16,28.67,66.8,68.94,30.98,56.77,64.95,66.88,40.8,67.6,65.45,73.06,68.15,41.29,3608,114.42,159.22
7592,00116060046213,6/17/2016,Cornell University,BARC 368,R2 Date2 Blk2,7,N9,9.04,90.96,5.92,12.11,0.42,1.94,1.9,34.52,29.14,51.43,49.96,3.67,12.26,75.46,8.81,82.37,16.51,8.72,4.88,3.23,1.93,7.14,0.3,0.35,0.19,3.03,0.16,12.11,29.76,67.16,69.34,31.67,57.51,65.29,67.25,41.23,68.08,66.93,73.85,70.2,43.12,3680,119.57,172.26
7592,00116060046214,6/17/2016,Cornell University,BARC 369,R2 Date3 Blk3,7,N9,8.92,91.08,5.9,11.95,0.5,1.91,1.97,34.64,31.53,54.21,52.66,4.11,16.41,68.84,12.33,76.59,15.07,8.06,3.97,3.17,1.87,7.77,0.31,0.35,0.19,3.02,0.17,11.95,26.72,66.42,68.51,30.51,56.26,63.02,64.73,38.26,64.78,62.57,70.64,64.02,37.58,3425,110.23,144.35
7592,00116060046215,6/17/2016,Cornell University,BARC 370,R2 Date3 Blk4,7,N9,8.57,91.43,5.79,10.59,0.46,1.69,1.7,34.94,31.35,53.19,51.67,4.26,16.98,67.14,10.82,79.06,16.68,8.02,4.57,3.04,1.87,7.73,0.29,0.31,0.18,2.82,0.16,10.59,28.84,66.48,68.58,30.48,56.21,63.04,64.75,37.73,64.19,62.29,70.81,63.04,36.69,3423,112.96,142.65
7592,00116060046216,6/17/2016,Cornell University,BARC 371,R2 Date3 Blk1,7,N9,8.54,91.46,5.79,10.89,0.46,1.74,1.72,36.46,31.36,53.51,51.98,4.08,16.13,68.97,11,78.84,16.53,8.05,4.05,3.03,1.82,6.8,0.28,0.32,0.18,2.86,0.15,10.89,29.23,66.47,68.57,30.45,56.18,64.11,65.94,39.21,65.83,63.75,72.13,65.22,38.65,3522,111.95,148.47
7592,00116060046217,6/17/2016,Cornell University,BARC 372,R2 Date3 Blk2,7,N9,8.51,91.49,5.86,10.81,0.5,1.73,1.69,34.51,30.62,51.84,50.36,4.25,15.42,69.38,10.56,79.03,15.11,5.25,4.54,3.11,1.94,7.25,0.28,0.32,0.18,2.85,0.16,10.81,30.33,66.7,68.83,31.07,56.86,63.94,65.75,38.95,65.55,64.29,72.54,65.95,39.31,3551,116.48,153.85
7592,00116060046218,6/17/2016,Cornell University,BARC 373,R2 Date4 Blk2,7,N9,8.48,91.52,5.73,10.17,0.5,1.63,1.74,35.79,33.12,55.68,54.08,4.57,18.42,65.94,12.6,76.7,15.68,6.77,4.24,2.91,1.69,7.36,0.27,0.31,0.17,2.76,0.14,10.17,27.44,65.93,67.97,29.34,54.97,61.94,63.52,36.11,62.4,60.92,69.73,60.88,34.73,3344,105.66,132.99
7592,00116060046219,6/17/2016,Cornell University,BARC 374,R2 Date4 Blk3,7,N9,8.47,91.53,5.7,12.06,0.54,1.93,2.01,41.21,34.63,59.43,57.72,4.46,19.94,65.45,10.86,81.19,12.82,6.09,2.35,2.97,1.54,7.84,0.27,0.36,0.17,3.06,0.16,12.06,21.85,65.47,67.45,28.49,54.05,60.5,61.92,35.03,61.21,58.44,67.04,58.16,32.25,3166,96.96,120.83
7592,00116060046220,6/17/2016,Cornell University,BARC 375,R2 Date4 Blk4,7,N9,8.71,91.29,5.51,11.5,0.68,1.84,1.76,45.39,31.37,52.1,50.61,4.03,15.16,70.05,12.84,74.63,13.01,5,3.89,2.99,1.54,8.48,0.34,0.34,0.19,2.99,0.16,11.5,28.63,66.47,68.57,31.19,57,62.38,64.01,37.14,63.54,62.75,70.23,64.06,37.61,3407,114.93,151.29
7592,00116060046221,6/17/2016,Cornell University,BARC 376,R2 Date4 Blk1,7,N9,9.12,90.88,5.45,11,0.52,1.76,1.74,44.73,36.35,61.47,59.76,4.89,21.13,64.64,14.4,75.9,10.51,5.29,2.6,2.77,1.33,7.87,0.29,0.34,0.18,2.88,0.15,11,20.78,64.94,66.86,27.31,52.77,58.85,60.08,32.41,58.33,56.79,65.48,55.27,29.61,3059,91.57,113.45
7592,00116060046222,6/17/2016,Cornell University,BARC 378,R2 Date5 Blk2,7,N9,7.82,92.18,5.54,9.66,0.75,1.55,2.05,34.37,38.05,63.68,62.69,5.6,25.1,59.96,16.74,73.3,11.23,5.32,2.44,3.09,1.58,8.14,0.3,0.29,0.18,2.58,0.16,9.66,18.98,64.41,66.27,26,51.35,56.7,57.69,28.86,54.46,53.4,63.4,49.68,24.46,2886,86.36,97.59
7592,00116060046223,6/17/2016,Cornell University,BARC 379,R2 Date5 Blk3,7,N9,8.08,91.92,5.56,10.13,0.72,1.62,2.18,33.37,40.04,67.05,64.89,5.86,26.5,59.16,15.8,75.65,10.02,6.54,1.67,2.95,1.49,7.9,0.24,0.32,0.17,2.82,0.15,10.13,16.77,63.8,65.59,24.82,50.07,55.85,56.74,27.94,53.45,52.07,62.35,47.91,22.82,2812,80.08,89.69
7592,00116060046224,6/17/2016,Cornell University,BARC 380,R2 Date5 Blk4,7,N9,8.3,91.7,5.58,10.52,0.65,1.68,1.98,38.88,37.66,62.51,60.37,5.25,24.64,59.19,15.36,74.56,10.85,6.41,2.75,3.24,1.65,8.48,0.3,0.32,0.18,2.72,0.16,10.52,19.96,64.52,66.4,26.75,52.15,57.79,58.9,30.76,56.52,53.86,63.95,50.77,25.47,2915,88.65,98.01
7592,00116060046225,6/17/2016,Cornell University,BARC 381,R2 Date6 Blk1,7,N9,7.58,92.42,5.35,8.5,0.59,1.36,1.94,32,44.22,71.77,68.65,6.44,32.19,53.11,19.38,71.77,8.29,3.69,1.69,3.04,1.4,7.94,0.18,0.31,0.13,2.78,0.13,8.5,14.45,62.5,64.15,22.39,47.45,53.73,54.38,24.37,49.58,46.74,58.9,39.01,14.49,2535,70.49,67.84
7592,00116060046226,6/17/2016,Cornell University,BARC 382,R2 Date6 Blk2,7,N9,7.68,92.32,5.34,8.6,0.56,1.38,1.93,30.7,44.33,72.07,69.42,6.39,31.89,54.06,20.26,70.82,8.12,4.98,1.65,2.94,1.38,7.55,0.17,0.3,0.12,2.77,0.13,8.6,13.98,62.47,64.11,22.31,47.36,53.97,54.65,24.76,50.01,47.18,59.2,39.74,15.18,2563,70.39,69.84
7592,00116060046227,6/17/2016,Cornell University,BARC 384,R2 Date6 Blk4,7,N9,7.62,92.38,5.38,7.4,0.54,1.18,1.84,29.05,47.75,76.17,72.82,6.75,36.58,49.77,23.56,67.65,7.65,5.86,0.82,2.41,0.92,8.26,0.15,0.3,0.1,2.77,0.11,7.4,11.44,61.41,62.93,20.27,45.17,51.14,51.5,20.23,45.13,41.64,54.77,30.39,6.32,2236,63.32,53.66
7592,00116060046228,6/17/2016,Cornell University,BARC 383,R2 Date6 Blk3,7,N9,7.4,92.6,5.45,9.5,0.65,1.52,2.11,33.58,44.1,71.82,68.31,6.43,32.17,52.91,19.74,71.1,7.01,4.78,1.41,2.94,1.31,8.4,0.21,0.32,0.14,2.79,0.14,9.5,13.59,62.54,64.19,22.72,47.8,53.29,53.89,24.18,49.37,46.31,58.31,38.8,14.3,2495,70.62,66.52
7592,00116060046229,6/17/2016,Cornell University,BARC 385,R2 Date7 Blk1,7,N9,7.63,92.37,5.31,6.6,0.44,1.06,1.74,21.52,47.62,75.36,73.13,6.97,35.52,51.43,21.22,70.98,10.84,5.32,0.14,2.35,1.04,7.05,0.12,0.29,0.09,2.72,0.09,6.6,12.92,61.45,62.98,20.31,45.22,52.1,52.57,21.27,46.24,43.73,56.81,33.33,9.12,2384,63.85,59.46
7592,00116060046230,6/17/2016,Cornell University,BARC 386,R2 Date7 Blk2,7,N9,7.7,92.3,5.24,7.21,0.5,1.15,1.68,27.88,45.33,72.86,70.29,6.61,34.23,51.3,22.95,67.35,10,5,2.16,2.5,1.2,7.23,0.14,0.28,0.11,2.51,0.11,7.21,14.75,62.16,63.77,21.52,46.51,53.44,54.06,23.4,48.54,45.21,58.2,35.98,11.63,2472,68.55,63.17
7592,00116060046231,6/17/2016,Cornell University,BARC 387,R2 Date7 Blk3,7,N9,7.57,92.43,5.28,6.62,0.49,1.06,1.67,23.72,49.06,76.32,73.59,7.25,38.32,47.93,22.85,68.95,9.37,4.76,0.58,2.18,0.9,7.55,0.12,0.29,0.08,2.64,0.1,6.62,12.01,61,62.48,19.94,44.82,50.79,51.11,19.39,44.23,40.73,54.77,28.55,4.56,2218,61.68,50.85
7592,00116060046232,6/17/2016,Cornell University,BARC 388,R2 Date7 Blk4,7,N9,7.7,92.3,5.25,6.3,0.48,1.01,1.64,23.17,48.85,75.87,72.26,7.26,38.28,47.02,24.41,66.22,9.24,3.59,1.16,2.16,0.94,8.38,0.15,0.29,0.1,2.62,0.1,6.3,12.76,61.07,62.56,20,44.89,50.4,50.67,18.7,43.49,40.24,54.24,27.59,3.64,2174,62.28,48.78
7592,00116060046233,6/17/2016,Cornell University,BARC 389,R2 Date8 Blk4,7,N9,7.72,92.28,5.18,5.19,0.51,0.83,1.43,18.11,49.49,75.66,72.41,7.9,39.62,45.28,24.3,66.44,10.75,4.69,1.39,2,0.95,7.71,0.13,0.26,0.08,2.33,0.09,5.19,14.17,60.88,62.34,19.72,44.58,49.94,50.16,17.49,42.2,39.75,54.6,26.24,2.35,2179,62.06,46.73
7592,00116060046234,6/17/2016,Cornell University,BARC 390,R2 Date8 Blk1,7,N9,7.61,92.39,5.27,5.35,0.54,0.86,1.4,18.5,49.35,75.72,73.59,7.92,39.04,46.95,24.59,66.59,11.27,6.54,0.63,2.06,0.99,6.64,0.14,0.25,0.09,2.3,0.09,5.34,13.83,60.91,62.38,19.74,44.6,50.61,50.91,18.52,43.3,41.07,55.83,28.46,4.47,2276,61.8,50.66
7592,00116060046235,6/17/2016,Cornell University,BARC 391,R2 Date8 Blk2,7,N9,7.7,92.3,5.22,5.15,0.51,0.82,1.48,19.22,50.35,77.35,73.32,8,40.72,44.46,27.25,62.83,10.65,5.49,0.77,2.01,0.91,8.09,0.13,0.26,0.08,2.34,0.09,5.15,13.01,60.61,62.04,19.02,43.83,49.11,49.24,16.28,40.91,38.32,53.36,23.89,0.09,2090,59.69,42.65
7592,00116060046236,6/17/2016,Cornell University,BARC 392,R2 Date8 Blk3,7,N9,7.25,92.75,5.27,5.27,0.59,0.84,1.49,18.6,49.44,75.47,72.7,8.03,40.29,44.58,27.88,61.65,11.23,4.67,0.96,2,0.94,7.47,0.14,0.24,0.08,2.11,0.09,5.17,14.11,60.89,62.35,19.81,44.68,49.81,50.02,17.31,42.01,39.42,54.59,25.75,1.88,2171,62.11,45.84
7592,00116060046237,6/17/2016,Cornell University,BARC 393,R3 Date1 Blk4,7,N9,8.73,91.27,6.14,14.36,0.44,2.3,2.28,35.1,28.17,50.05,48.62,3.63,12.16,74.99,9.4,80.67,12.62,6.29,4.66,3.28,2.11,7.3,0.3,0.38,0.2,3.18,0.19,14.36,28.89,67.46,69.67,32.97,58.94,65.93,67.97,42.95,70.01,67.34,74.46,71.73,44.49,3716,124.58,175.54
7592,00116060046238,6/17/2016,Cornell University,BARC 394,R3 Date1 Blk1,7,N9,8.46,91.54,5.94,12.34,0.34,1.97,1.94,34.68,30.71,53,51.48,3.91,15.2,70.47,10.48,79.64,16.19,9.67,3.94,3.12,1.95,7,0.25,0.36,0.17,3.12,0.16,12.34,28.17,66.68,68.8,31.12,56.92,64.73,66.63,40.66,67.45,64.54,72.56,66.97,40.23,3561,113.84,153.75
7592,00116060046239,6/17/2016,Cornell University,BARC 395,R3 Date1 Blk2,7,N9,9.02,90.98,5.8,12.7,0.31,2.03,1.91,36.3,32.08,54.48,52.92,4.27,15.77,70.2,11.51,78.25,14.85,7.36,4.16,3.12,1.88,6.56,0.26,0.36,0.17,3.06,0.16,12.7,26.85,66.25,68.32,30.65,56.4,64.1,65.93,40.03,66.74,64.15,72.29,66.58,39.88,3541,108.99,149.24
7592,00116060046240,6/17/2016,Cornell University,BARC 396,R3 Date1 Blk3,7,N9,8.61,91.39,5.9,12.23,0.34,1.96,1.95,34.67,32.88,56.4,54.78,4.24,16.72,69.48,11.15,79.65,12.79,4.98,3.29,2.91,1.76,7.07,0.25,0.37,0.17,3.27,0.16,12.23,25.11,66,68.05,29.74,55.41,62.94,64.64,38.35,64.88,62.47,70.49,64,37.56,3420,104.5,140.95
7592,00116060046241,6/17/2016,Cornell University,BARC 397,R3 Date2 Blk4,7,N9,8.92,91.08,5.83,12.36,0.5,1.98,2.23,30.83,33.6,57.42,55.77,4.64,17.96,67.8,11.81,78.82,13.8,6.65,3.9,3.11,1.88,7.32,0.28,0.35,0.18,2.94,0.16,12.36,23.9,65.78,67.8,29.38,55.02,61.79,63.36,36.87,63.24,61.34,69.71,62.47,36.17,3357,101.63,133.99
7592,00116060046242,6/17/2016,Cornell University,BARC 398,R3 Date2 Blk3,7,N9,7.88,92.12,5.74,11.64,0.5,1.86,2.19,32.82,36.27,62,60.21,4.82,22.03,63.41,15.49,74.27,12.64,6.15,1.86,2.88,1.64,7.41,0.25,0.34,0.16,3.11,0.15,11.64,20.29,64.95,66.88,27.33,52.79,59.82,61.16,34,60.07,57.01,66.31,55.9,30.19,3103,91.21,110.93
7592,00116060046243,6/17/2016,Cornell University,BARC 399,R3 Date2 Blk1,7,N9,8.63,91.37,5.73,11.25,0.56,1.8,2.08,31.38,35.3,59.48,57.77,5.11,20.34,64.79,15.07,73.91,13.41,6.54,3.27,3.11,1.85,7.3,0.29,0.33,0.18,2.84,0.15,11.25,22.91,65.26,67.22,28.19,53.73,60.31,61.71,34.44,60.56,59.1,68.2,58.76,32.81,3236,96.15,120.83
7592,00116060046244,6/17/2016,Cornell University,BARC 400,R3 Date2 Blk2,7,N9,8.19,91.81,5.64,10.63,0.43,1.7,2.01,31.89,35.77,60.57,58.83,4.84,20.99,64.32,15.72,73.28,14.53,6.33,2.65,2.96,1.71,7.48,0.26,0.34,0.17,3.03,0.14,10.63,22.36,65.12,67.06,27.55,53.03,60.21,61.6,34.1,60.19,58.05,67.14,56.96,31.16,3164,93.69,116.4
7592,00116060046245,6/17/2016,Cornell University,BARC 401,R3 Date3 Blk3,7,N9,7.7,92.3,5.55,9.95,0.77,1.59,2.19,31.46,39.39,65.22,63.29,6.23,27.31,56.85,16.51,73.91,10.99,6.71,1.64,2.92,1.69,8.26,0.3,0.3,0.19,2.76,0.16,9.95,18,63.99,65.81,25.49,50.79,55.57,56.43,27.47,52.94,51.64,62.52,47.19,22.15,2803,83.04,87.45
7592,00116060046246,6/17/2016,Cornell University,BARC 402,R3 Date3 Blk4,7,N9,7.99,92.01,5.61,10.99,0.76,1.76,2.34,29.94,36.11,60.5,58.76,5.39,22.67,61.42,14.55,75.24,12.74,5.99,2.45,3.1,1.87,8.58,0.32,0.32,0.19,2.88,0.16,10.99,21.14,65.01,66.94,27.71,53.2,58.19,59.35,31.46,57.29,56.01,65.55,54.17,28.6,3037,93.27,107.94
7592,00116060046247,6/17/2016,Cornell University,BARC 403,R3 Date3 Blk1,7,N9,7.65,92.35,5.56,9.53,0.75,1.52,2,32.53,38.32,63.16,62.13,6,26.62,57.15,16.45,73.52,11.99,6.92,2.07,2.88,1.69,8.25,0.31,0.29,0.19,2.58,0.16,9.53,19.4,64.32,66.18,26.16,51.51,56.24,57.18,28.19,53.73,52.32,63.11,48.02,22.92,2843,86.97,92.28
7592,00116060046248,6/17/2016,Cornell University,BARC 404,R3 Date3 Blk2,7,N9,7.91,92.09,5.49,8.92,0.73,1.43,1.95,27.02,38.91,63.98,62.88,6.03,26.28,58.21,16.34,74.01,12.94,6.01,2.23,2.93,1.8,7.77,0.25,0.29,0.16,2.64,0.14,8.92,19.58,64.14,65.97,25.62,50.94,56.57,57.54,28.39,53.94,53.06,63.79,48.85,23.69,2897,85.39,94.23
7592,00116060046249,6/17/2016,Cornell University,BARC 405,R3 Date4 Blk3,7,N9,7.81,92.19,5.52,9.61,0.9,1.54,2,35.59,42.83,68.51,65.95,6.74,30.79,53.31,19.82,69.95,8.42,2.26,1.24,2.75,1.38,8.31,0.33,0.31,0.18,2.41,0.15,9.61,15.75,62.93,64.63,24.07,49.25,53.37,53.98,24.22,49.43,47.92,59.77,41.36,16.7,2593,75.34,73.27
7592,00116060046250,6/17/2016,Cornell University,BARC 406,R3 Date4 Blk4,7,N9,8.18,91.82,5.57,10.66,0.86,1.71,2.06,37.71,42.93,68.48,64.64,6.72,30.41,52.95,17.07,73.59,7.54,3.9,0.81,2.83,1.41,9.18,0.34,0.34,0.19,2.75,0.17,10.66,15.17,62.9,64.59,24.45,49.67,53.05,53.62,24.29,49.49,47.62,59.22,41.4,16.74,2554,75.24,71.38
7592,00116060046251,6/17/2016,Cornell University,BARC 407,R3 Date4 Blk1,7,N9,8.14,91.86,5.37,9.78,0.85,1.56,1.87,42.13,43.57,69.77,65.93,6.75,31.42,52.34,18.5,71.94,7.99,3.42,1.02,2.68,1.25,8.75,0.31,0.32,0.18,2.41,0.15,9.78,15.16,62.7,64.37,23.64,48.8,52.79,53.33,23.52,48.66,46.76,58.69,39.64,15.09,2514,73.28,68.19
7592,00116060046252,6/17/2016,Cornell University,BARC 408,R3 Date4 Blk2,7,N9,8.08,91.92,5.33,9.29,0.83,1.49,1.85,41.55,44.32,70.69,67.02,6.83,32.19,51.97,19.35,71.13,8.26,6.58,0.75,2.59,1.19,8.63,0.29,0.31,0.17,2.38,0.14,9.29,14.72,62.47,64.11,23.11,48.23,52.4,52.9,22.75,47.84,46.02,58.14,38.25,13.78,2475,71.65,65.72
7592,00116060046253,6/17/2016,Cornell University,BARC 409,R3 Date5 Blk1,7,N9,7.7,92.3,5.24,8.57,0.91,1.37,1.98,32.67,46.08,72.57,68.87,7.49,34.37,50.09,20.85,69.73,6.43,3.14,1.75,2.96,1.45,8.13,0.26,0.29,0.15,2.26,0.14,8.49,13.96,61.93,63.51,22.11,47.15,51.59,52,21.27,46.24,44.88,57.94,36.15,11.79,2444,67.79,60.43
7592,00116060046254,6/17/2016,Cornell University,BARC 410,R3 Date5 Blk2,7,N9,7.52,92.48,5.3,8.02,0.84,1.28,1.92,30.55,47.14,73.37,70.14,7.56,35.54,49.33,22.35,68.14,6.96,1.27,1.27,2.65,1.24,8.27,0.25,0.29,0.14,2.36,0.13,7.96,13.25,61.6,63.14,21.6,46.6,50.77,51.08,19.86,44.74,43.33,56.58,33.42,9.21,2349,66.34,57.25
7592,00116060046255,6/17/2016,Cornell University,BARC 411,R3 Date5 Blk3,7,N9,7.34,92.66,5.32,8.1,0.92,1.3,2.01,29.63,45.93,71.69,68.57,7.6,34.27,50.02,21.43,68.75,7.08,2.32,1.61,2.77,1.38,8.06,0.27,0.28,0.15,2.2,0.13,7.92,14.9,61.97,63.56,22.29,47.34,51.5,51.9,20.9,45.85,45.04,58.11,36.16,11.8,2454,68.77,61.71
7592,00116060046256,6/17/2016,Cornell University,BARC 412,R3 Date5 Blk4,7,N9,7.59,92.41,5.43,9.15,0.91,1.46,2.13,32.79,46.93,73.33,68.8,7.41,35.32,48.66,21.2,69.19,5.51,1.36,0.96,2.67,1.2,9.16,0.28,0.31,0.15,2.43,0.14,9.15,12.82,61.67,63.22,22.01,47.04,50.48,50.76,19.95,44.83,42.9,55.93,33.28,9.08,2300,66.54,54.91
7592,00116060046257,6/17/2016,Cornell University,BARC 413,R3 Date6 Blk1,7,N9,7.77,92.23,5.21,6.1,0.51,0.98,1.66,20.82,51.82,79.29,75.83,7.94,39.88,47.41,26.63,64.88,8.34,3.18,0.21,2.14,0.86,7.84,0.13,0.28,0.09,2.44,0.08,6.1,10.03,60.15,61.53,18.57,43.35,48.7,48.78,16.14,40.76,38.78,53.03,25.12,1.27,2100,56.81,45.57
7592,00116060046258,6/17/2016,Cornell University,BARC 414,R3 Date6 Blk2,7,N9,7.58,92.42,5.16,5.12,0.42,0.82,1.52,15.23,53.98,81.97,78.24,8.27,42.76,45.35,27.96,64.26,9.22,3.78,0.73,1.93,0.79,7.71,0.09,0.27,0.07,2.44,0.07,5.12,8.66,59.48,60.79,17.16,41.85,47.56,47.51,14.05,38.54,36.08,51.26,20.15,,1964,53.02,39.14
7592,00116060046259,6/17/2016,Cornell University,BARC 415,R3 Date6 Blk3,7,N9,7.42,92.58,5.18,5.13,0.45,0.82,1.49,15.79,53.32,80.89,77.78,8.34,42.32,45.59,28.58,63.26,9.65,3.98,0.36,1.86,0.82,7.16,0.08,0.27,0.06,2.35,0.06,5.13,9.6,59.69,61.02,17.6,42.31,48.13,48.14,14.87,39.41,37.06,52.32,21.79,,2035,54.34,41.09
7592,00116060046260,6/17/2016,Cornell University,BARC 416,R3 Date6 Blk4,7,N9,7.44,92.56,5.23,5.88,0.47,0.94,1.63,19.05,53.11,81.05,77.12,8.06,42.36,45.07,27.14,64.81,8.24,2.65,0.28,1.96,0.81,8.29,0.12,0.28,0.08,2.54,0.08,5.88,8.53,59.75,61.09,17.81,42.54,47.66,47.62,14.54,39.06,36.08,51.07,20.54,,1949,54.53,39.22
7592,00116060046261,6/17/2016,Cornell University,BARC 417,R3 Date7 Blk1,7,N9,7.79,92.21,5.28,5.48,0.47,0.88,1.44,16.79,50.24,75.44,72.26,8.23,38.91,46.15,25.6,64.57,11.74,5.61,0.61,1.99,1.02,7.48,0.14,0.26,0.1,2.17,0.08,5.48,14.2,60.64,62.08,19.9,44.78,49.85,50.06,17.53,42.25,40.64,55.3,27.83,3.88,2234,61.33,48.95
7592,00116060046262,6/17/2016,Cornell University,BARC 418,R3 Date7 Blk2,7,N9,7.67,92.33,5.19,4.8,0.45,0.77,1.34,31.46,50.56,75.9,73.47,8.15,39.21,46.63,28.44,61.29,12.13,5.67,0.96,1.98,1.04,7.22,0.12,0.25,0.09,2.12,0.07,4.8,13.81,60.54,61.97,19.46,44.31,49.87,50.08,17.24,41.93,40.44,55.14,27.17,3.24,2228,60.64,49.36
7592,00116060046263,6/17/2016,Cornell University,BARC 419,R3 Date7 Blk3,7,N9,7.72,92.28,5.13,5.57,0.56,0.89,1.47,18.49,48.79,73.46,70.4,8,38.08,45.91,26.98,61.68,11.75,5.87,1.89,2.15,1.15,7.65,0.15,0.24,0.09,1.98,0.08,5.57,15.7,61.09,62.58,20.72,45.65,50.66,50.96,18.7,43.49,41.64,56.24,29.5,5.47,2292,64.3,51.01
7592,00116060046264,6/17/2016,Cornell University,BARC 420,R3 Date7 Blk4,7,N9,7.59,92.41,5.18,4.96,0.42,0.79,1.35,10.89,50.99,76.29,74.02,8.15,39.9,46.1,28.92,60.93,11.53,5.68,0.81,1.87,0.96,7.46,0.12,0.25,0.08,2.23,0.07,4.96,12.95,60.41,61.82,19.38,44.22,49.41,49.57,16.67,41.32,39.46,54.25,25.65,1.79,2165,59.85,47.63
7592,00116060046265,6/17/2016,Cornell University,BARC 421,R3 Date8 Blk1,7,N9,7.73,92.27,5.18,4.39,0.55,0.7,1.28,10.25,49.58,73.53,70.7,8.7,39.28,44.44,29.26,58.61,12.97,7.58,2.35,2.02,1.15,6.96,0.14,0.23,0.09,1.86,0.07,4.21,17.08,60.84,62.3,20.28,45.19,50.16,50.41,17.43,42.14,41.25,56.61,28.29,4.31,2300,63.53,49.01
7592,00116060046266,6/17/2016,Cornell University,BARC 422,R3 Date8 Blk2,7,N9,8.04,91.96,5.15,4.4,0.5,0.7,1.23,7.5,49.32,73,70.16,8.4,38.05,45.77,28.68,59.12,12.7,6.84,2.73,2.1,1.16,7.33,0.14,0.23,0.09,1.85,0.07,4.3,17.18,60.92,62.39,20.48,45.4,50.45,50.73,17.87,42.61,41.94,56.71,29.41,5.39,2320,64.18,51.83
7592,00116060046267,6/17/2016,Cornell University,BARC 423,R3 Date8 Blk3,7,N9,7.49,92.51,5.11,4.31,0.57,0.69,1.27,10.67,49.86,73.84,71.41,8.62,40.3,43.57,30.93,56.69,12.51,7.79,2.48,1.86,1.05,6.85,0.15,0.22,0.08,1.69,0.07,4.09,16.65,60.76,62.21,20.12,45.01,50.02,50.25,17.18,41.87,40.3,56,26.7,2.79,2251,63.25,47.04
7592,00116060046268,6/17/2016,Cornell University,BARC 424,R3 Date8 Blk4,7,N9,8.23,91.77,5.19,6.02,0.56,0.96,1.41,26.25,43.66,68.11,66.45,6.9,32.27,51.44,20.33,69.41,14.39,7.25,2.48,2.17,1.21,6.97,0.21,0.23,0.13,1.95,0.09,6.02,19.76,62.67,64.34,22.99,48.1,54.23,54.94,23.91,49.09,47.63,60.53,39.18,14.65,2624,74.89,71.05
7592,00116060045998,6/16/2016,Cornell University,PLESSIS 106,Blk2,7,N9,8.15,91.85,6.48,17.22,0.55,2.76,2.87,35.6,30.53,54.99,53.41,3.55,16.55,69.01,11.72,78.06,10.74,5.94,1.84,3.2,1.81,8.64,0.33,0.44,0.21,3.67,0.23,17.22,20.79,66.73,68.86,31.95,57.82,63.14,64.86,40.6,67.38,61.51,69.13,64.83,38.31,3329,110.05,140.48
7592,00116060045999,6/16/2016,Cornell University,PLESSIS 107,Blk3,7,N9,8.13,91.87,6.79,21.93,0.62,3.51,3.5,38.67,28.75,53.87,52.62,3.3,14.16,73.09,10.25,80.52,7.63,6.5,1.39,3.14,1.78,9.42,0.38,0.49,0.24,3.96,0.28,21.93,16.75,67.28,69.47,33.94,60.01,63.18,64.91,42.57,69.58,62.69,69.07,68.53,41.63,3355,114.96,152.66
7592,00116060046000,6/16/2016,Cornell University,PLESSIS 108,Blk4,7,N9,8.28,91.72,6.52,17.94,0.51,2.87,2.95,36.06,29.55,54.02,52.47,3.35,14.29,72.77,10.19,80.58,10.84,6.43,2.28,3.12,1.8,8.1,0.33,0.44,0.21,3.63,0.22,17.94,21.64,67.03,69.19,32.57,58.51,64.35,66.21,42.42,69.42,63.93,70.89,68.52,41.63,3470,113.37,154.1
7592,00116060046001,6/16/2016,Cornell University,PLESSIS 109,Blk1,7,N9,8.24,91.76,6.18,15.85,0.5,2.54,2.58,35.46,28.67,52.11,50.62,3.6,14.22,71.91,10.09,80.07,14.14,6.19,3.14,3.26,2.12,7.58,0.32,0.39,0.21,3.31,0.21,15.85,25.41,67.31,69.5,32.64,58.58,65.2,67.15,42.63,69.65,65.17,72.75,69.38,42.39,3584,118.69,159.7
7592,00116060046002,6/16/2016,Cornell University,PLESSIS 110,Blk2,7,N9,8.25,91.75,6.51,20.45,0.6,3.27,3.24,37.46,27.41,51.27,49.81,3.4,13.64,72.62,10.28,79.36,10.56,6.93,2.21,3.26,2.04,7.86,0.38,0.45,0.23,3.62,0.26,20.45,22.08,67.69,69.93,34.48,60.6,65.55,67.54,44.9,72.2,65.43,72.72,71.69,44.45,3587,122.53,163.48
7592,00116060046003,6/16/2016,Cornell University,PLESSIS 111,Blk3,7,N9,8.22,91.78,6.31,18.52,0.6,2.96,3.03,37.04,28.4,52.6,51.1,3.66,14.38,71.86,9.33,81.74,11.52,6.21,2.46,3.23,2.06,8.66,0.39,0.42,0.24,3.42,0.24,18.52,21.69,67.39,69.59,33.32,59.32,63.89,65.7,42.07,69.02,63.88,71.03,68.73,41.81,3472,118.03,155.65
7592,00116060046004,6/16/2016,Cornell University,PLESSIS 112,Blk4,7,N9,8.15,91.85,6.18,15.49,0.57,2.48,2.58,36.02,29.94,53.65,52.11,3.91,16.13,69.05,11.89,77.18,13.18,7.57,2.63,3.26,2.04,7.86,0.32,0.4,0.21,3.37,0.21,15.49,24.08,66.91,69.06,31.92,57.79,63.79,65.58,40.7,67.49,63.08,71.12,66.3,39.63,3457,113.88,146.86
7592,00116060046005,6/16/2016,Cornell University,PLESSIS 113,Blk1,7,N9,7.49,92.51,6.45,20,0.72,3.2,3.49,36.1,29.42,54.39,52.83,3.92,16.23,69.28,11.34,78.53,9.29,6.12,1.15,3.32,2.08,8.72,0.4,0.44,0.24,3.62,0.26,20,18.86,67.07,69.24,33.1,59.08,62.95,64.65,41.45,68.33,62.23,69.87,67.07,40.33,3378,113.04,143.39
7592,00116060046006,6/16/2016,Cornell University,PLESSIS 114,Blk2,7,N9,7.72,92.28,5.98,13.85,0.65,2.22,2.69,33.14,33.74,59.24,57.54,4.75,20.79,63.87,10.34,82.03,11.76,4.6,1.49,3.16,1.95,8.52,0.34,0.37,0.22,3.32,0.2,13.85,19.83,65.73,67.75,29.16,54.78,60,61.36,35.13,61.32,57.87,66.8,58.16,32.26,3138,98.54,117.11
7592,00116060046007,6/16/2016,Cornell University,PLESSIS 115,Blk3,7,N9,7.6,92.4,6.24,17.67,0.78,2.83,3.23,36.16,31.7,57.13,55.49,4.52,18.75,66.21,11.57,79.15,9.53,5.38,1.18,3.25,1.93,9.18,0.41,0.41,0.24,3.45,0.24,17.67,17.96,66.37,68.46,31.27,57.08,60.37,61.78,37.18,63.59,59.2,67.29,61.76,35.53,3188,104.53,126.94
7592,00116060046008,6/16/2016,Cornell University,PLESSIS 116,Blk4,7,N9,7.71,92.29,6.08,14.51,0.72,2.32,2.8,34.67,33.94,59.59,58.55,4.91,21.58,63.14,12.83,78.09,10.63,5.3,1.24,3.18,1.91,8.98,0.36,0.38,0.23,3.33,0.22,14.51,17.85,65.67,67.68,29.24,54.86,58.92,60.16,33.97,60.04,56.59,65.51,56.6,30.83,3049,97.32,113.69
7592,00116060046009,6/16/2016,Cornell University,PLESSIS 117,Blk1,7,N9,7.38,92.62,5.95,14.08,0.71,2.25,2.78,34.3,35.11,61.6,59.83,5.02,23.19,61.24,14.65,75.51,10.09,4.32,1.07,3.34,1.93,8.65,0.35,0.36,0.22,3.25,0.21,14.08,17.29,65.31,67.28,28.32,53.86,58.71,59.93,33.53,59.55,55.47,65.01,54.78,29.17,3001,93.04,105.07
7592,00116060046010,6/16/2016,Cornell University,PLESSIS 118,Blk2,7,N9,7.16,92.84,6.17,17.04,0.81,2.73,3.16,36.03,34.83,61.25,59.94,5.03,22.74,62.06,14.5,75.81,7.8,4.39,0.16,3.33,1.88,9.15,0.38,0.4,0.23,3.44,0.24,17.04,14.15,65.4,67.38,29.44,55.08,58.17,59.33,34.05,60.12,55.28,64.36,55.84,30.13,2966,93.85,107.14
7592,00116060046011,6/16/2016,Cornell University,PLESSIS 119,Blk3,7,N9,7.55,92.45,6.25,17.89,0.77,2.86,3.2,37.51,33.09,58.64,57.25,4.69,20,65.07,13.85,75.81,8.28,5.07,0.8,3.29,1.86,9.16,0.4,0.41,0.24,3.46,0.24,17.89,16.04,65.94,67.98,30.75,56.51,59.53,60.84,36.2,62.5,57.83,66.14,59.89,33.84,3105,100.31,120.44
7592,00116060046012,6/16/2016,Cornell University,PLESSIS 120,Blk4,7,N9,7.28,92.72,5.98,13.96,0.79,2.23,2.79,33.88,35.38,61.5,59.73,5.26,23.39,60.84,15.35,74.3,10.13,4.13,0.87,3.22,1.84,8.52,0.36,0.36,0.22,3.22,0.21,13.96,17.74,65.23,67.19,28.31,53.85,58.29,59.46,32.87,58.83,55.37,65.02,54.57,28.97,2998,92.72,104.28
7592,00116060046013,6/16/2016,Cornell University,VARNA 121,Blk1,7,N9,8.61,91.39,6.34,21.82,0.5,3.49,3.13,43.77,25.55,45.82,44.52,2.36,9.76,78.08,6.28,85.89,10.15,6.5,3.13,3.63,1.9,8.72,0.31,0.54,0.21,4.1,0.25,21.82,25.17,68.27,70.57,37.08,63.47,67.98,70.25,48.42,76.17,68.21,74.35,76.06,48.32,3730,140.14,195.35
7592,00116060046014,6/16/2016,Cornell University,VARNA 122,Blk2,7,N9,8.47,91.53,6.73,21.83,0.67,3.49,3.7,35.04,27.15,47.81,46.45,2.8,10.54,77.31,7.67,83.49,8.23,7.44,1.98,3.63,2.05,8.86,0.38,0.56,0.23,4.46,0.27,21.83,23.51,67.77,70.02,36.29,62.6,66.65,68.77,46.76,74.29,67.51,73.71,75.13,47.5,3683,131.82,186.04
7592,00116060046015,6/16/2016,Cornell University,VARNA 123,Blk3,7,N9,8.41,91.59,6.71,20.83,0.59,3.33,3.4,35.91,26.59,47.55,46.2,2.57,8.68,81.21,5.21,88.72,9.77,7.43,2.15,3.43,1.95,8,0.33,0.54,0.22,4.38,0.25,20.83,25.42,67.94,70.21,36.07,62.36,67.85,70.11,47.83,75.5,69.62,75.32,77.55,49.64,3813,133.21,199.76
7592,00116060046016,6/16/2016,Cornell University,VARNA 124,Blk4,7,N9,8.6,91.4,6.6,22.33,0.64,3.57,3.69,36.41,26.27,46.76,45.43,2.61,10.03,77.92,7.3,83.93,8.48,7.47,2.55,3.77,2.15,8.75,0.36,0.57,0.22,4.31,0.27,22.33,24.03,68.04,70.32,36.87,63.24,67.54,69.76,48.05,75.75,68.28,74.51,76.39,48.61,3739,136.35,192.02
7592,00116060046017,6/16/2016,Cornell University,VARNA 125,Blk1,7,N9,8.3,91.7,6.46,17.41,0.58,2.79,2.99,33.95,27.89,49.27,47.87,2.87,10.9,77.23,7.91,83.48,11.91,6.64,2.9,3.34,1.95,7.88,0.29,0.49,0.2,4.04,0.22,17.41,26.88,67.55,69.77,34.27,60.37,66.79,68.93,45.19,72.51,67.79,74.22,73.63,46.17,3716,127.05,182.69
7592,00116060046018,6/16/2016,Cornell University,VARNA 126,Blk2,7,N9,8.52,91.48,6.68,19.01,0.57,3.04,3.28,34.67,27.98,49.53,48.12,2.86,10.95,77.24,8.46,82.42,10.36,7.04,2.03,3.3,1.89,8.42,0.33,0.51,0.22,4.16,0.24,19.01,24.84,67.51,69.73,34.69,60.83,66.26,68.34,45.19,72.52,67.12,73.31,73.39,45.97,3657,125.88,180.44
7592,00116060046019,6/16/2016,Cornell University,VARNA 127,Blk3,7,N9,8.32,91.68,6.74,20.91,0.58,3.35,3.48,36.25,25.95,46.63,45.3,2.53,8.57,81.08,4.42,90.24,9.68,7.38,2.55,3.51,2,8.62,0.35,0.53,0.23,4.28,0.26,20.91,25.65,68.14,70.43,36.46,62.79,67.65,69.88,47.64,75.28,69.34,74.96,77.21,49.34,3789,136.83,201.68
7592,00116060046020,6/16/2016,Cornell University,VARNA 128,Blk4,7,N9,8.53,91.47,6.65,20.43,0.59,3.27,3.47,34.85,27.09,47.99,46.62,2.71,9.48,79.67,6.54,85.97,8.96,7.32,2.7,3.57,2.05,8.42,0.34,0.54,0.22,4.36,0.26,20.43,24.95,67.79,70.04,35.77,62.02,67.2,69.38,46.89,74.44,68.69,74.56,76.14,48.4,3754,131.4,192.81
7592,00116060046021,6/16/2016,Cornell University,VARNA 129,Blk1,7,N9,8.43,91.57,6.3,17.83,0.51,2.85,2.7,40.72,29.64,51.67,50.19,3.2,12.1,75.89,9.81,80.45,11.12,6.09,1.4,3.16,1.67,8.29,0.32,0.49,0.2,3.94,0.22,17.83,23.72,67,69.16,33.46,59.48,64.84,66.75,42.97,70.02,65.58,71.84,70.76,43.62,3553,118.36,169.03
7592,00116060046022,6/16/2016,Cornell University,VARNA 130,Blk2,7,N9,8.5,91.5,6.64,19.56,0.62,3.13,3.13,37.88,29.33,50.51,49.07,3.23,11.87,75.81,7.15,85.43,8.83,6.8,0.8,3.21,1.71,8.52,0.38,0.52,0.22,4.25,0.25,19.56,23.27,67.1,69.27,34.49,60.61,64.94,66.87,43.76,70.91,65.86,72.16,71.88,44.62,3573,121.86,172.08
7592,00116060046023,6/16/2016,Cornell University,VARNA 131,Blk3,7,N9,7.96,92.04,6.36,16.93,0.75,2.71,2.77,39.34,31.61,53.41,51.88,3.66,16.47,68.25,9.26,82.15,9.17,5.39,0.18,2.95,1.56,9.65,0.39,0.47,0.23,3.96,0.24,16.93,21.75,66.4,68.49,32.48,58.4,61.82,63.39,38.7,65.27,60.54,67.94,63.31,36.94,3246,112.12,140.09
7592,00116060046024,6/16/2016,Cornell University,VARNA 132,Blk4,7,N9,8.28,91.72,6.34,16.92,0.61,2.71,2.75,39.78,31.92,54.24,52.69,3.6,15.87,69.88,10.1,80.83,9.82,5.63,0.37,3.08,1.56,9.17,0.36,0.48,0.22,4.09,0.23,16.92,21.41,66.3,68.38,32.14,58.04,62.33,63.96,39.4,66.04,61.31,68.47,64.4,37.92,3293,109.69,143.4
7592,00116060046025,6/16/2016,Cornell University,VARNA 133,Blk1,7,N9,8.75,91.25,6.04,16.72,0.51,2.68,2.44,44.62,32.32,55.05,53.47,3.59,14.69,72.53,10.05,81.2,9.93,5.07,0.87,2.98,1.41,8.95,0.33,0.47,0.21,3.83,0.21,16.72,20.89,66.17,68.24,31.76,57.62,62.19,63.8,39.18,65.8,62,68.5,65.26,38.7,3314,107.68,148.03
7592,00116060046026,6/16/2016,Cornell University,VARNA 134,Blk2,7,N9,8.6,91.4,6.15,14.66,0.48,2.35,2.49,35.61,33.13,56.53,54.91,3.84,16.85,69.31,11.61,78.86,11.64,5.51,0.85,2.96,1.63,7.73,0.31,0.44,0.2,3.67,0.19,14.66,22.56,65.92,67.96,30.5,56.24,62.82,64.5,39.14,65.76,61.65,69.41,63.89,37.46,3349,103.68,138.56
7592,00116060046027,6/16/2016,Cornell University,VARNA 135,Blk3,7,N9,8.93,91.07,6.01,17.17,0.46,2.75,2.35,47.06,33.11,56.36,54.74,3.75,15.34,71.98,10.14,81.48,9.12,4.71,0.26,2.98,1.35,8.75,0.32,0.49,0.21,4.09,0.21,17.17,19.34,65.93,67.97,31.4,57.23,61.72,63.28,38.8,65.37,61.33,67.93,64.52,38.02,3273,104.2,142.97
7592,00116060046028,6/16/2016,Cornell University,VARNA 136,Blk4,7,N9,8.38,91.62,6.2,16.45,0.56,2.63,2.7,39.27,32.91,55.67,54.07,3.75,16.6,69.3,11.38,78.95,9.81,5.59,0.36,3.05,1.53,8.55,0.34,0.47,0.21,3.95,0.21,16.45,21.1,66,68.04,31.43,57.26,62.29,63.91,39.18,65.79,61.07,68.52,63.85,37.42,3291,105.92,138.76
7592,00116060046029,6/16/2016,Cornell University,VARNA 137,Blk1,7,N9,8.36,91.64,5.96,14.11,0.46,2.26,2.29,37.85,33.46,56.69,55.06,4.09,17.76,67.74,12.62,77.08,12.43,6.95,1.38,2.95,1.66,7.81,0.29,0.43,0.18,3.56,0.19,14.11,22.65,65.82,67.85,30.25,55.96,62.26,63.88,38.22,64.73,60.82,68.94,62.47,36.18,3307,103.26,133.85
7592,00116060046030,6/16/2016,Cornell University,VARNA 138,Blk2,7,N9,8.14,91.86,5.93,13.31,0.5,2.13,2.29,36.59,33.52,56.83,55.2,4.08,18.04,67.32,13.43,75.67,12.6,7.21,1.25,2.95,1.62,7.81,0.3,0.41,0.19,3.45,0.18,13.31,23.35,65.81,67.83,29.92,55.61,62.13,63.74,37.69,64.14,60.57,68.79,61.77,35.54,3294,102.7,132.21
7592,00116060046031,6/16/2016,Cornell University,VARNA 139,Blk3,7,N9,8.39,91.61,5.83,12.9,0.52,2.06,2.22,37.05,33.87,57.01,55.37,4.06,18.32,66.91,12.26,77.86,13.07,6.84,1.06,2.95,1.6,8.18,0.32,0.41,0.19,3.49,0.17,12.9,23.17,65.7,67.71,29.71,55.38,61.68,63.23,36.92,63.3,59.92,68.1,60.66,34.53,3246,101.78,130.35
7592,00116060046032,6/16/2016,Cornell University,VARNA 140,Blk4,7,N9,8.38,91.62,5.96,14.66,0.46,2.35,2.31,39.22,32.44,55.6,54.01,3.86,16.39,69.65,12.36,77.12,12.47,6.54,1.13,3.08,1.71,7.6,0.31,0.42,0.19,3.5,0.19,14.66,23.33,66.14,68.2,30.87,56.64,63.23,64.96,39.68,66.35,62.32,70.1,64.84,38.32,3396,106.54,142.05
7592,00116060046033,6/16/2016,Cornell University,CY FARMS 165,Blk1,7,N9,8.89,91.11,5.77,14.86,0.68,2.38,2.07,45.42,24.91,43.82,42.58,3.05,10.64,75.01,7.85,81.56,18.27,9.33,3.88,3.17,1.96,7.08,0.34,0.41,0.17,3.29,0.18,14.86,34.59,68.46,70.79,35.63,61.87,68.33,70.64,45.97,73.4,69.54,77.04,74.94,47.34,3882,147.62,199.66
7592,00116060046034,6/16/2016,Cornell University,CY FARMS 166,Blk2,7,N9,9,91,5.96,16.71,0.63,2.67,2.46,42.55,24.26,43.43,42.2,2.86,11.9,71.8,8.49,79.88,17.18,9.15,4.07,3.3,2.05,6.6,0.34,0.44,0.17,3.4,0.19,16.71,33.9,68.66,71.01,36.38,62.7,69.54,71.99,48.2,75.92,69.28,77.59,75.38,47.72,3895,149.77,194.3
7592,00116060046035,6/16/2016,Cornell University,CY FARMS 167,Blk3,7,N9,9.24,90.76,5.89,17.16,0.65,2.75,2.5,43.76,23.85,42.82,41.61,2.91,10.65,74.41,7.72,81.45,14.22,6.98,4.03,3.35,2.08,6.63,0.37,0.44,0.18,3.28,0.19,17.16,34.02,68.8,71.16,36.78,63.14,69.62,72.08,48.47,76.23,70.34,78.2,77.01,49.16,3953,152.63,204.19
7592,00116060046036,6/16/2016,Cornell University,CY FARMS 168,Blk4,7,N9,8.96,91.04,5.96,15.82,0.64,2.53,2.32,42.29,24.96,43.89,42.65,3.11,9.51,77.7,6.81,84.03,15.63,6.87,3.84,3.19,2.01,6.6,0.34,0.42,0.17,3.2,0.18,15.82,34.24,68.45,70.77,35.91,62.18,68.87,71.24,47.03,74.6,70.97,78.14,77.28,49.4,3972,147,208.38
7592,00116060046037,6/16/2016,Cornell University,CY FARMS 169,Blk1,7,N9,9.14,90.86,5.49,13.13,0.64,2.1,2.04,44.71,29.9,53.77,52.23,3.37,13.04,75.03,9.15,82.48,15.5,5.21,1.9,2.88,1.63,7.24,0.29,0.41,0.15,3.36,0.14,13.13,26.81,66.92,69.07,31.08,56.87,64.53,66.41,40.58,67.35,65.46,72.16,68.57,41.67,3568,113.42,162.93
7592,00116060046038,6/16/2016,Cornell University,CY FARMS 170,Blk2,7,N9,9.28,90.72,5.5,13.75,0.62,2.2,2.12,43.49,30.54,55.06,53.48,3.41,13.39,74.96,9.42,82.39,16.14,8.34,1.68,2.92,1.61,7,0.28,0.42,0.15,3.46,0.15,13.75,25.28,66.72,68.85,30.78,56.54,64.38,66.24,40.66,67.44,65.17,71.87,68.44,41.55,3548,110.03,159.1
7592,00116060046039,6/16/2016,Cornell University,CY FARMS 171,Blk3,7,N9,8.95,91.05,5.67,14.9,0.67,2.38,2.37,43.02,29.29,53.67,52.13,3.29,12.55,75.93,9,82.74,15.85,7.58,1.53,2.99,1.71,7.01,0.3,0.43,0.15,3.42,0.17,14.9,25.62,67.11,69.28,31.7,57.55,65.11,67.05,42.03,68.97,66.22,72.82,70.38,43.29,3616,114.74,166.5
7592,00116060046040,6/16/2016,Cornell University,CY FARMS 172,Blk4,7,N9,9.04,90.96,5.47,13,0.63,2.08,2.08,44.15,29.94,53.98,52.43,3.34,13.68,73.91,9.29,82.28,15.79,5.17,1.74,2.9,1.67,7.13,0.28,0.4,0.14,3.2,0.14,13,26.85,66.91,69.06,30.95,56.73,64.7,66.6,40.75,67.54,65.11,72.12,68.03,41.18,3557,112.86,159.56
7592,00116060046041,6/16/2016,Cornell University,CY FARMS 173,Blk1,7,N9,9.12,90.88,5.22,13.1,0.66,2.1,1.91,49.85,33.85,59.46,57.75,4.14,18.41,68.12,11.56,79.98,15.24,6.2,0.71,2.64,1.36,7.26,0.27,0.41,0.14,3.26,0.14,13.1,21.44,65.71,67.72,28.81,54.4,61.24,62.74,36.37,62.68,59.89,67.9,60.68,34.55,3243,97.92,127.96
7592,00116060046042,6/16/2016,Cornell University,CY FARMS 174,Blk2,7,N9,8.54,91.46,5.33,13.08,0.72,2.09,2.01,50,33.58,58.93,57.97,3.79,19.24,66.81,10.16,82.47,13.97,6.16,0.7,2.73,1.33,8.67,0.32,0.41,0.16,3.24,0.16,13.08,19.96,65.79,67.81,29.03,54.64,60.33,61.73,35.15,61.35,57.83,65.68,57.71,31.84,3089,99.22,123.13
7592,00116060046043,6/16/2016,Cornell University,CY FARMS 175,Blk3,7,N9,8.36,91.64,5.55,15.79,0.72,2.53,2.31,49.21,31.56,56.24,54.63,3.55,16.41,69.96,11.24,79.43,13.55,7.05,0.22,2.78,1.42,8.02,0.32,0.45,0.15,3.49,0.18,15.79,21.45,66.41,68.5,31,56.78,62.56,64.21,39.16,65.78,61.37,68.76,63.98,37.54,3312,106.19,139.79
7592,00116060046044,6/16/2016,Cornell University,CY FARMS 176,Blk4,7,N9,8.74,91.26,5.4,15.21,0.68,2.43,2.2,49.57,32.98,57.54,55.89,3.99,17.85,68.06,12.04,78.46,13.79,7.8,0.28,2.77,1.41,7.99,0.31,0.44,0.15,3.31,0.17,15.21,20.7,65.97,68.01,30.28,56,61.47,63,37.54,63.98,60.03,67.86,61.81,35.58,3239,102.41,131.5
7592,00116060046045,6/16/2016,Cornell University,CY FARMS 177,Blk1,7,N9,8,92,5.35,12.01,0.38,1.92,1.66,51.87,37.74,63.68,62.72,4.51,22.41,64.27,14.08,77.55,12.03,6,0.56,2.63,1.21,8.36,0.21,0.39,0.16,3.39,0.14,12.01,16.36,64.5,66.38,26.79,52.2,58.18,59.34,32.04,57.92,54.54,63.05,52.42,26.99,2900,86.71,106.45
7592,00116060046046,6/16/2016,Cornell University,CY FARMS 178,Blk2,7,N9,8.05,91.95,5.39,11.31,0.34,1.81,1.68,49.6,38.37,65.6,63.92,4.62,23.3,63.55,13.75,78.49,12.21,6.69,0.32,2.55,1.18,8.66,0.21,0.38,0.16,3.45,0.14,11.31,15.61,64.31,66.16,25.79,51.12,57.37,58.43,30.67,56.42,53.34,61.94,50.32,25.05,2822,83.71,100.62
7592,00116060046047,6/16/2016,Cornell University,CY FARMS 179,Blk3,7,N9,8.45,91.55,5.65,14.13,0.38,2.26,2.09,46.28,35.33,60.54,59.49,4.12,19.08,67.93,12.3,79.32,11.5,6.07,0.91,2.84,1.43,8.38,0.27,0.41,0.18,3.34,0.17,14.13,17.66,65.25,67.21,28.74,54.32,60.17,61.55,35.57,61.8,58.07,65.71,58.53,32.59,3100,94.21,123.05
7592,00116060046048,6/16/2016,Cornell University,CY FARMS 180,Blk4,7,N9,8.32,91.68,5.47,13.04,0.38,2.09,1.84,49.92,38.09,64.39,62.16,4.75,22.85,63.24,14.03,77.43,11.02,5,0.2,2.72,1.27,8.27,0.25,0.39,0.17,3.19,0.16,13.04,16.1,64.4,66.26,26.86,52.28,58.16,59.31,32.47,58.39,54.49,63.34,52.82,27.36,2910,85.4,102.74
7592,00116060046049,6/16/2016,Cornell University,BARC 201,B1 Date 1 Blk1,7,N9,9.71,90.29,6.53,14.67,0.86,2.35,2.1,35.24,25.65,37.71,36.65,3.9,13.04,64.42,10.14,72.33,15.99,9.18,6.71,3.11,1.84,7.12,0.54,0.35,0.24,2.71,0.19,14.67,40.82,68.24,70.54,38.07,64.57,68.31,70.62,45.78,73.19,68.64,78.16,73.62,46.17,3876,169.9,201.75
7592,00116060046050,6/16/2016,Cornell University,BARC 202,B1 Date1 Blk2,7,N9,9.46,90.54,6.68,17.01,0.9,2.72,2.76,32.63,24.22,38.21,37.14,3.39,12.54,66.24,10.05,72.94,13.29,9.25,7.62,3.24,1.94,8.43,0.56,0.38,0.26,3.04,0.22,17.01,37.24,68.68,71.03,38.61,65.17,67.97,70.24,46.31,73.78,67.94,76.73,73.67,46.21,3798,170.46,200.72
7592,00116060046051,6/16/2016,Cornell University,BARC 203,B1 Date1 Blk3,7,N9,9.62,90.38,6.65,15.7,0.9,2.51,2.54,33.76,26.26,39.46,38.35,3.6,11.05,71.19,8.22,78.57,13.61,9.1,6.85,3.22,1.74,8.19,0.52,0.39,0.23,3.16,0.2,15.7,37.56,68.05,70.33,37.67,64.13,67.2,69.38,44.82,72.1,68.8,76.75,74.27,46.74,3836,161.28,207.07
7592,00116060046052,6/16/2016,Cornell University,BARC 204,B1 Date1 Blk4,7,N9,9.35,90.65,6.87,21.08,0.82,3.37,3.44,34.54,22.68,38.38,37.3,2.75,9.9,73.46,7.72,79.3,11.01,9.84,7.01,3.46,2.13,8.56,0.54,0.44,0.25,3.53,0.26,21.08,33.37,69.16,71.56,39.86,66.56,69.43,71.87,49.72,77.64,70.05,77.68,78.25,50.25,3913,172.83,219.44
7592,00116060046053,6/16/2016,Cornell University,BARC 205,B1 Date2 Blk1,7,N9,9.17,90.83,6.4,12.75,0.67,2.04,2.07,34.2,26.99,41.69,40.51,3.24,12.94,68.06,10.26,74.67,16.54,8.6,6.29,3.45,1.83,7.65,0.38,0.38,0.19,3.4,0.17,12.75,38.33,67.83,70.08,35.81,62.06,67.85,70.11,44.53,71.78,67.55,76.21,71.31,44.11,3778,151.52,189.06
7592,00116060046054,6/16/2016,Cornell University,BARC 206,B1 Date2 Blk2,7,N9,9.58,90.42,6.42,12.78,0.75,2.04,1.99,31.22,26.15,38.79,37.7,3.78,11.45,69.63,8.12,78.46,16.16,8.6,8.64,3.26,1.87,7.6,0.47,0.35,0.22,2.9,0.17,12.78,41.04,68.08,70.36,37.01,63.4,67.8,70.05,44.45,71.68,69.27,77.79,73.69,46.22,3892,164.15,208.63
7592,00116060046055,6/16/2016,Cornell University,BARC 207,B1 Date2 Blk3,7,N9,8.82,91.18,6.34,12.15,0.66,1.94,2.04,33.5,27.3,42.2,41.01,3.05,12.65,69.15,10.36,74.74,17.35,8.32,5.83,3.28,1.78,7.69,0.37,0.36,0.18,3.31,0.17,12.15,38.41,67.73,69.97,35.4,61.62,67.92,70.18,44.37,71.6,67.59,76.01,71.11,43.94,3774,148.89,189.61
7592,00116060046056,6/16/2016,Cornell University,BARC 208,B1 Date2 Blk4,7,N9,8.54,91.46,6.57,17.33,0.76,2.77,3.06,31.62,24.26,39.65,38.53,2.39,12.65,67.17,9.94,74.2,13.08,9.52,7.3,3.61,2.13,8.79,0.43,0.43,0.2,3.76,0.22,17.33,35.28,68.66,71.01,38.13,64.63,69.37,71.8,48.19,75.9,67.58,76.14,73.33,45.91,3767,164.42,195.02
7592,00116060046057,6/16/2016,Cornell University,BARC 209,B1 Date3 Blk1,7,N9,9.35,90.65,6.21,10.11,0.77,1.62,1.3,31.36,27.47,37.54,36.49,4.52,12.74,65.09,10.06,72.43,15.03,8.88,7.19,3.23,1.92,7.59,0.46,0.34,0.2,2.81,0.15,10.11,44.19,67.67,69.91,36.65,63,66.87,69.01,42.2,69.17,68.4,77.75,71.36,44.16,3854,167.44,203.83
7592,00116060046058,6/16/2016,Cornell University,BARC 210,B1 Date3 Blk4,7,N9,9.26,90.74,6.34,13.83,0.85,2.21,2.19,32.83,26.54,38.69,37.6,3.69,12.6,66.49,8.15,78.32,16.15,9.04,6.54,3.45,2,9.23,0.52,0.38,0.22,3.3,0.19,13.83,38.53,67.96,70.23,37.39,63.81,66.49,68.59,43.23,70.32,67,75.53,71.03,43.87,3722,163.96,196.79
7592,00116060046059,6/16/2016,Cornell University,BARC 211,B1 Date3 Blk2,7,N9,9.05,90.95,6.34,11.31,0.73,1.81,1.69,31.83,26.88,38.78,37.69,3.92,11.58,69.28,8.41,77.69,18.88,8.66,6.51,3.39,1.93,8.29,0.44,0.34,0.2,2.91,0.16,11.31,41.47,67.85,70.11,36.53,62.86,66.89,69.04,42.74,69.77,68.52,76.9,72.03,44.76,3832,162.79,205.94
7592,00116060046060,6/16/2016,Cornell University,BARC 212,B1 Date3 Blk3,7,N9,9.23,90.77,6.11,10.59,0.68,1.69,1.64,33.24,27.08,40.78,39.63,3.74,11.32,71.44,9.5,76.03,18.37,8.1,6.08,3.15,1.78,7.8,0.43,0.32,0.2,2.84,0.15,10.59,40.84,67.79,70.04,35.48,61.71,66.92,69.07,42.5,69.5,68.68,76.72,71.94,44.67,3836,154.52,202.22
7592,00116060046061,6/16/2016,Cornell University,BARC 213,B1 Date4 Blk4,7,N9,9.01,90.99,6.02,11.4,0.71,1.82,1.78,36.67,27.11,40.21,39.08,3.6,11.16,71.44,7.94,79.68,19.29,8.01,5.86,3.3,1.86,8.6,0.45,0.32,0.2,2.85,0.16,11.4,39.84,67.78,70.03,35.96,62.24,66.64,68.76,42.47,69.47,68.23,76.05,71.67,44.44,3793,156.58,203.11
7592,00116060046062,6/16/2016,Cornell University,BARC 214,B1 Date4 Blk1,7,N9,9.81,90.19,5.77,11.25,0.6,1.8,1.54,42.04,27.76,43.65,42.41,3.64,12.16,71.33,8.05,81.02,16.49,7.99,5.59,3.16,1.76,7.01,0.44,0.33,0.21,2.78,0.15,11.25,38.11,67.58,69.81,34.52,60.64,67.09,69.26,43.02,70.08,68.2,76.37,71.56,44.34,3813,143.41,189.95
7592,00116060046063,6/16/2016,Cornell University,BARC 215,B1 Date4 Blk2,7,N9,9.09,90.91,5.71,9.67,0.58,1.55,1.44,38.78,26.7,41.43,40.26,3.57,12.65,68.58,8.34,79.28,18.2,9.92,6.03,3.18,1.93,7.94,0.4,0.29,0.2,2.62,0.14,9.67,40.64,67.92,70.18,34.91,61.07,67.09,69.26,42.38,69.37,67.54,76.09,69.98,42.93,3774,153.09,191.06
7592,00116060046064,6/16/2016,Cornell University,BARC 216,B1 Date4 Blk3,7,N9,9.64,90.36,6.02,9.9,0.78,1.58,1.42,32.73,29.1,42.88,41.67,4.62,12.83,69.21,9.94,76.15,19.31,9.48,6.22,2.98,1.79,7.01,0.42,0.32,0.2,2.75,0.14,9.9,40.05,67.17,69.35,34.38,60.49,65.57,67.57,40.48,67.25,67.86,76.49,70.52,43.41,3805,143.76,187.8
7592,00116060046065,6/16/2016,Cornell University,BARC 217,B1 Date5 Blk1,7,N9,9.25,90.75,5.95,10.27,0.56,1.64,1.45,33.69,28.74,44.09,42.84,4.14,11.2,73.86,8.21,80.84,19.34,8.88,6.04,3.16,1.99,7.18,0.38,0.33,0.2,2.89,0.15,10.27,38.17,67.28,69.47,34.02,60.1,66.29,68.37,41.64,68.54,68.99,76.71,72.25,44.95,3853,140.24,195.22
7592,00116060046066,6/16/2016,Cornell University,BARC 218,B1 Date5 Blk2,7,N9,9.08,90.92,5.89,8.63,0.92,1.38,1.44,28.62,30.24,43.21,41.99,5.05,14.56,65.33,10.68,74.57,19.63,7.21,5.9,2.96,1.84,7.87,0.45,0.29,0.21,2.67,0.13,8.54,40.11,66.82,68.96,33.83,59.89,63.9,65.71,37.78,64.25,65.75,74.86,67.04,40.3,3670,140.81,174.1
7592,00116060046067,6/16/2016,Cornell University,BARC 219,B1 Date5 Blk3,7,N9,9.28,90.72,5.99,10.57,0.7,1.69,1.61,33.3,29.49,44.82,43.55,4.12,13.96,67.94,11.68,73.18,14.66,7,5.85,3.16,1.84,8.06,0.42,0.32,0.21,2.89,0.16,10.57,36.59,67.05,69.22,33.82,59.88,64.96,66.89,40.04,66.75,65.72,74.19,67.84,41.01,3647,136.97,173.88
7592,00116060046068,6/16/2016,Cornell University,BARC 220,B1 Date5 Blk4,7,N9,9.24,90.76,6.1,10.04,0.78,1.61,1.51,31.77,28.62,40.67,39.52,4.2,11.65,70.52,9.18,76.77,16.16,7.99,6.25,3.29,1.87,8.41,0.46,0.32,0.2,2.93,0.15,10.04,40.67,67.32,69.51,35.34,61.55,65.6,67.6,40.58,67.36,67.93,75.97,70.67,43.55,3781,152.33,198.76
7592,00116060046069,6/16/2016,Cornell University,BARC 221,B1 Date6 Blk1,7,N9,8.55,91.45,5.79,8.49,0.48,1.36,1.48,28.62,34.61,55.52,53.93,4.48,17.71,67.16,11.2,79.23,16.28,5.26,4.13,2.8,1.66,7.5,0.26,0.31,0.16,2.85,0.12,8.49,28.9,65.47,67.45,28.84,54.43,61.88,63.46,35.32,61.52,61.29,69.77,60.67,34.54,3356,103.71,136.26
7592,00116060046070,6/16/2016,Cornell University,BARC 222,B1 Date6 Blk2,7,N9,8.62,91.38,5.87,8.64,0.55,1.38,1.44,28.7,32.84,51.35,49.88,4.36,15,69.93,11.51,76.92,17.28,8,4.83,2.88,1.72,7.4,0.32,0.3,0.18,2.73,0.13,8.64,32.8,66.01,68.06,30.55,56.29,63.32,65.06,37.21,63.61,64.29,72.31,65,38.46,3541,114.86,156.23
7592,00116060046071,6/16/2016,Cornell University,BARC 223,B1 Date6 Blk3,7,N9,8.53,91.47,5.87,9.27,0.54,1.48,1.69,28.91,33.99,54.46,52.9,4.32,17.22,67.45,12.89,75.63,15.43,7.44,4.39,2.85,1.65,8.52,0.31,0.32,0.18,2.9,0.14,9.27,28.35,65.66,67.67,29.52,55.18,61.43,62.96,35.04,61.22,60.91,68.99,60.46,34.35,3308,106.45,137.96
7592,00116060046072,6/16/2016,Cornell University,BARC 224,B1 Date6 Blk4,7,N9,8.71,91.29,5.86,8.13,0.61,1.3,1.29,26.94,31.34,46.91,45.58,4.32,13.15,71.15,10.32,77.36,15.91,6.63,5.67,3.06,1.85,7.9,0.35,0.3,0.17,2.72,0.13,8.13,36.83,66.48,68.58,32.16,58.06,64.19,66.03,38.07,64.57,66.15,73.99,67.38,40.6,3658,127.98,174.66
7592,00116060046073,6/16/2016,Cornell University,BARC 225,B1 Date7 Blk1,7,N9,8.7,91.3,5.68,8.66,0.48,1.39,1.51,29.33,34.73,56.43,54.81,4.63,18.37,66.48,14.53,73.49,15.53,8.82,4.97,2.72,1.64,6.97,0.25,0.3,0.17,2.56,0.12,8.66,28.43,65.43,67.41,28.53,54.1,61.89,63.47,35.4,61.61,61.12,69.91,60.49,34.38,3360,102.12,133.2
7592,00116060046074,6/16/2016,Cornell University,BARC 226,B1 Date7 Blk2,7,N9,8.54,91.46,5.68,8.51,0.47,1.36,1.36,30.08,32.91,52.98,51.46,4.47,16.94,67.08,11.53,77.59,16.84,7.49,6.11,2.9,1.84,7.39,0.24,0.28,0.16,2.53,0.13,8.51,31.16,66,68.04,29.85,55.53,62.91,64.6,36.67,63.01,62.61,71.28,62.57,36.27,3453,111.32,143.89
7592,00116060046075,6/16/2016,Cornell University,BARC 227,B1 Date7 Blk3,7,N9,8.46,91.54,5.68,7.79,0.46,1.25,1.35,26.19,34.17,53.98,52.43,4.74,18.15,65.38,12.25,76.64,17.18,8.07,5.26,2.76,1.71,7.67,0.29,0.27,0.18,2.43,0.12,7.79,30.75,65.61,67.61,29.22,54.85,61.76,63.32,34.87,61.03,61.09,70,60.07,34,3357,107.18,135.63
7592,00116060046076,6/16/2016,Cornell University,BARC 228,B1 Date7 Blk4,7,N9,8.86,91.14,5.71,7.73,0.51,1.24,1.26,25.1,31.81,49.25,47.85,4.54,13.95,70.85,11.52,75.92,16.87,6.09,6.38,3,1.9,7.46,0.3,0.27,0.17,2.55,0.12,7.73,35.32,66.34,68.42,31.09,56.88,63.76,65.55,37.41,63.84,65.61,73.58,66.47,39.78,3629,121.28,166.44
7592,00116060046077,6/16/2016,Cornell University,BARC 229,B1 Date8 Blk2,7,N9,8.17,91.83,5.52,7.05,0.55,1.13,1.43,27.38,37.68,60.37,58.63,5.4,23.79,59.42,17.61,69.96,13.97,5.04,6.11,2.51,1.49,7.76,0.24,0.26,0.16,2.31,0.11,7.05,25.5,64.52,66.4,26.42,51.8,58.46,59.65,30.15,55.86,55.25,65.51,51.22,25.89,3018,91.86,103.85
7592,00116060046078,6/16/2016,Cornell University,BARC 230,B1 Date9 Blk3,7,N9,8.15,91.85,5.47,7.07,0.52,1.13,1.34,28.85,37.06,58.86,57.17,5.38,23.32,59.21,17.76,68.93,14.68,5.95,6.61,2.52,1.53,7.43,0.24,0.25,0.15,2.2,0.11,7.07,27.14,64.71,66.61,27.03,52.47,59.29,60.57,31.29,57.1,56.21,66.64,52.65,27.21,3089,94.93,107.71
7592,00116060046079,6/16/2016,Cornell University,BARC 231,B1 Date8 Blk4,7,N9,8.08,91.92,5.62,7.34,0.59,1.17,1.5,28.47,38.46,61.81,60.03,5.16,24.47,59.24,16.55,72.43,14.08,5,3.85,2.37,1.36,7.87,0.25,0.26,0.16,2.46,0.12,7.34,23.9,64.28,66.13,25.95,51.29,58.16,59.31,29.85,55.53,54.22,64.44,49.82,24.59,2947,88.64,99.84
7592,00116060046080,6/16/2016,Cornell University,BARC 232,B1 Date8 Blk1,7,N9,8.46,91.54,5.6,8.44,0.56,1.35,1.67,29.98,37.38,60.48,58.74,5.23,22.73,61.3,14.39,75.5,11.56,3.89,6.98,2.59,1.43,7.65,0.24,0.3,0.16,2.44,0.12,8.44,24.41,64.61,66.5,26.85,52.27,58.82,60.05,31.23,57.04,56.15,65.9,53.18,27.69,3059,91.76,108.29
7592,00116060046081,6/16/2016,Cornell University,BARC 233,B2 Date1 Blk2,7,N9,9.63,90.37,6.28,13.94,0.71,2.23,2.32,31.92,30.7,49.4,47.99,4.55,15.89,66.89,12.08,74.83,13.35,7.15,6.69,2.26,1.4,7.3,0.43,0.36,0.22,2.74,0.16,13.94,30.69,66.68,68.8,33.09,59.07,63.46,65.22,39.52,66.18,63.77,72.36,66.55,39.85,3521,122.4,154.18
7592,00116060046082,6/16/2016,Cornell University,BARC 234,B2 Date1 Blk3,7,N9,9.45,90.55,6.83,18.6,0.86,2.98,2.98,34.41,24.95,40.65,39.5,3.31,12.96,67.19,9.97,74.76,12.54,9.33,6.23,2.97,1.78,7.91,0.52,0.42,0.24,3.23,0.23,18.6,34.19,68.46,70.78,38.12,64.62,67.87,70.13,46.83,74.36,67.51,76.17,73.74,46.27,3769,158.84,191.07
7592,00116060046083,6/16/2016,Cornell University,BARC 235,B2 Date1 Blk4,7,N9,9.47,90.53,6.7,16.53,0.81,2.64,2.43,35.63,24.73,38.46,37.38,3.48,13.24,64.58,10.8,71.11,13.95,9.23,7.33,3.01,1.79,7.46,0.5,0.4,0.23,3.18,0.21,16.53,38.27,68.52,70.85,38.36,64.89,68.53,70.86,46.82,74.35,68.01,77.33,73.55,46.11,3823,168.43,197.24
7592,00116060046085,6/16/2016,Cornell University,BARC 237,B2 Date2 Blk1,7,N9,9.04,90.96,6.2,11.12,0.49,1.78,1.53,33.54,26.15,42.38,41.18,3.42,14.21,65.49,11.27,72.63,15.95,7.68,6.61,3.05,1.91,6.73,0.36,0.35,0.2,2.91,0.16,11.12,39.59,68.08,70.36,34.99,61.16,68.38,70.7,44.6,71.86,67.28,76.75,70.25,43.17,3793,150.34,181.19
7592,00116060046086,6/16/2016,Cornell University,BARC 238,B2 Date2 Blk2,7,N9,9.67,90.33,6.43,13.12,0.62,2.1,1.99,33,26.06,41.27,40.11,3.43,10.68,73.37,7.39,81.58,16.36,8.44,7.73,3.1,1.76,7.16,0.42,0.38,0.21,3.05,0.16,13.12,38.84,68.11,70.4,36.09,62.38,68.09,70.37,45,72.3,69.7,77.56,74.4,46.86,3904,154.75,206.74
7592,00116060046087,6/16/2016,Cornell University,BARC 239,B2 Date2 Blk3,7,N9,8.78,91.22,6.23,13.16,0.51,2.11,2.01,38.22,26.07,43.95,42.7,2.82,12.72,70.21,9.92,76.77,17.66,7.66,5.47,3.14,1.81,7.29,0.33,0.38,0.19,3.31,0.17,13.16,36.05,68.11,70.39,35.02,61.2,68.45,70.77,45.5,72.87,67.59,75.87,71.55,44.32,3772,145.16,185.1
7592,00116060046088,6/16/2016,Cornell University,BARC 240,B2 Date2 Blk4,7,N9,8.87,91.13,6.29,11.85,0.67,1.9,1.83,31.81,26.72,41.46,40.29,3.48,9.72,75.87,7.64,81.04,16.89,8.19,7.55,3.16,1.88,8.3,0.4,0.37,0.19,3.23,0.17,11.85,38.51,67.91,70.17,35.61,61.84,66.86,69,42.95,70.01,69.43,76.51,73.52,46.07,3854,152.54,209.75
7592,00116060046089,6/16/2016,Cornell University,BARC 242,B2 Date3 Blk2,7,N9,9.15,90.85,6.06,9.63,0.8,1.54,1.25,30.32,26.26,37.63,36.57,4.79,12.63,65.46,9.65,73.61,15.81,8.12,7.9,3.08,2.04,7.59,0.45,0.31,0.21,2.56,0.15,9.63,44.42,68.05,70.33,36.46,62.78,66.55,68.66,41.6,68.5,68.61,77.96,71.46,44.25,3871,169.24,204.56
7592,00116060046090,6/16/2016,Cornell University,BARC 243,B2 Date3 Blk1,7,N9,8.85,91.15,5.9,8.63,0.86,1.38,1.34,30.71,27.74,42.67,41.46,5.08,13.32,67.87,10.18,75.45,16.65,8.56,6.25,2.81,1.9,8.04,0.47,0.26,0.25,2.28,0.15,8.63,40.31,67.59,69.82,34.05,60.13,63.96,65.77,37.89,64.36,66.67,75.28,68.33,41.45,3717,146.58,183.21
7592,00116060046091,6/16/2016,Cornell University,BARC 244,B2 Date3 Blk4,7,N9,8.76,91.24,5.92,10.33,0.72,1.65,1.6,33.59,27.48,44.68,43.41,4.33,13.84,68.12,10.89,74.91,18.88,6.16,6.18,2.88,1.94,7.85,0.42,0.3,0.24,2.77,0.16,10.33,37.07,67.67,69.91,33.79,59.85,64.97,66.9,39.95,66.66,66.17,74.73,68.38,41.5,3683,140.73,175.57
7592,00116060046092,6/16/2016,Cornell University,BARC 245,B2 Date4 Blk1,7,N9,8.96,91.04,5.38,9.92,0.83,1.59,1.61,44.05,29.26,49.92,48.5,4.75,11.16,76.99,8.54,82.39,17.49,8.25,5.41,2.52,1.59,7.45,0.4,0.27,0.25,2.39,0.15,9.92,33.15,67.12,69.29,31.55,57.38,62.67,64.34,36.77,63.13,67.34,73.8,69.8,42.76,3687,123,179.86
7592,00116060046093,6/16/2016,Cornell University,BARC 246,B2 Date4 Blk4,7,N9,8.77,91.23,5.82,10.39,0.61,1.66,1.52,35.32,30.82,48.95,47.55,4.34,15.65,67.09,11.18,76.49,13.22,5.9,4.93,2.84,1.79,8.32,0.37,0.3,0.2,2.59,0.16,10.39,32.47,66.64,68.76,32.1,57.99,63.2,64.93,37.77,64.24,63.33,71.74,64.42,37.93,3482,123.24,155.03
7592,00116060046094,6/16/2016,Cornell University,BARC 247,R3 Date4 Blk2,7,N9,8.89,91.11,5.75,10.15,0.78,1.62,1.53,36.95,28.93,46.58,45.26,4.75,12.65,72.05,9.72,78.52,14.1,5.71,5.72,2.71,1.74,7.57,0.45,0.28,0.25,2.44,0.16,10.15,35.81,67.23,69.41,32.97,58.94,63.73,65.52,38.26,64.77,66.78,74.49,69.13,42.17,3697,132.72,178.6
7592,00116060046095,6/16/2016,Cornell University,BARC 248,B2 Date4 Blk3,7,N9,8.98,91.02,5.72,10.32,0.91,1.65,1.84,35.27,31.35,51.45,49.98,5.02,13.78,72.43,11.23,77.53,15.31,5.01,5.1,2.68,1.67,8.5,0.41,0.3,0.24,2.75,0.16,10.32,30.37,66.48,68.58,31.07,56.86,60.87,62.33,34.59,60.72,64.17,71.22,65.55,38.96,3489,116.46,160.49
7592,00116060046096,6/16/2016,Cornell University,BARC 249,B2 Date5 Blk1,7,N9,8.55,91.45,5.69,9.48,0.78,1.52,1.75,32.91,34.05,56.62,54.99,5.26,18.22,66.87,13.36,75.7,14.12,6.2,4.82,2.54,1.58,7.23,0.31,0.28,0.21,2.55,0.14,9.48,27.47,65.64,67.65,28.74,54.32,60.25,61.64,33.48,59.51,60.94,69.51,60.6,34.48,3337,102.52,132.92
7592,00116060046097,6/16/2016,Cornell University,BARC 250,B2 Date5 Blk2,7,N9,8.77,91.23,5.68,9.47,0.7,1.52,1.8,31.05,33.98,56.07,54.46,5.12,18.26,66.47,11.82,78.3,14.43,6.66,5.15,2.57,1.62,7.88,0.33,0.28,0.21,2.49,0.14,9.47,27.37,65.66,67.67,28.95,54.55,60.14,61.52,33.37,59.38,60.44,68.92,59.88,33.82,3296,103.57,132.24
7592,00116060046098,6/16/2016,Cornell University,BARC 251,B2 Date5 Blk3,7,N9,8.54,91.46,5.81,9.73,0.96,1.56,1.94,29.8,35.82,58.57,56.89,5.79,20.2,64.49,13.17,76.85,11.49,6.04,4.22,2.48,1.53,8.1,0.35,0.29,0.22,2.72,0.15,9.73,24.69,65.1,67.04,28.04,53.56,57.82,58.94,30.3,56.02,58.21,67.02,56.77,30.99,3157,96.94,120.01
7592,00116060046099,6/16/2016,Cornell University,BARC 252,B2 Date5 Blk4,7,N9,8.88,91.12,5.69,8.88,0.73,1.42,1.7,28.15,33.68,55.24,53.66,5.41,18.54,65.45,11.9,77.82,15.51,7.69,5.48,2.56,1.7,8.06,0.34,0.26,0.22,2.36,0.14,8.88,28.4,65.75,67.77,29.09,54.7,59.77,61.11,32.63,58.57,60.27,68.99,59.38,33.37,3292,105.4,131.5
7592,00116060046100,6/16/2016,Cornell University,BARC 253,B2 Date6 Blk1,7,N9,8.46,91.54,5.54,7.4,0.4,1.18,1.18,27.57,38,58.81,57.12,6.12,23.48,58.89,17.91,68.64,14.27,6.83,7.04,2.37,1.56,6.32,0.18,0.27,0.13,2.25,0.1,7.4,27.78,64.42,66.29,27.15,52.59,59.38,60.67,31.61,57.46,57.12,68.02,54.14,28.57,3175,93.78,108.73
7592,00116060046101,6/16/2016,Cornell University,BARC 254,B2 Date6 Blk2,7,N9,8.25,91.75,5.76,8.96,0.49,1.43,1.59,30.02,37.16,60.41,58.67,5.15,23.32,60.25,14.55,75.2,13.1,6.3,4.42,2.5,1.52,7.66,0.22,0.29,0.16,2.49,0.13,8.96,23.78,64.68,66.58,27.06,52.49,59.13,60.39,31.91,57.78,55.73,65.78,52.81,27.35,3042,92.48,105.83
7592,00116060046102,6/16/2016,Cornell University,BARC 255,B2 Date6 Blk3,7,N9,8.1,91.9,5.68,8.53,0.59,1.36,1.52,29.89,37.69,59.79,58.07,5.72,24.86,57.19,15.88,72.65,11.84,3.98,5.81,2.46,1.5,8.14,0.26,0.28,0.17,2.4,0.13,8.53,24.28,64.51,66.39,27.15,52.59,57.77,58.88,29.87,55.55,54.12,64.81,50.23,24.97,2953,92.77,99.4
7592,00116060046103,6/16/2016,Cornell University,BARC 256,B2 Date6 Blk4,7,N9,8.15,91.85,5.7,8.7,0.51,1.39,1.43,30.57,35.83,57.19,55.55,5.48,22.57,59.37,15.39,72.3,13.97,6.33,5.92,2.53,1.66,7.64,0.23,0.27,0.16,2.27,0.13,8.7,26.88,65.09,67.03,28.23,53.77,59.63,60.95,32.46,58.39,57.01,67.34,54.57,28.97,3136,99.29,111.88
7592,00116060046104,6/16/2016,Cornell University,BARC 257,B2 Date7 Blk1,7,N9,8.13,91.87,5.49,7.86,0.56,1.26,1.41,27.35,36.3,56.31,54.69,6.06,23.06,57.84,17.1,68.73,11.73,5.8,10.29,2.73,1.71,6.91,0.23,0.28,0.16,2.06,0.12,7.86,29.24,64.94,66.87,28.31,53.86,59.71,61.04,32.17,58.07,57.59,68.58,55.04,29.4,3202,100.09,111.92
7592,00116060046105,6/16/2016,Cornell University,BARC 258,B2 Date7 Blk2,7,N9,8.13,91.87,5.62,8.06,0.53,1.29,1.41,26.92,36.86,58,56.33,5.78,23.83,57.7,16.67,70.41,12.87,4.12,7.26,2.61,1.66,7.21,0.22,0.26,0.15,2.23,0.12,8.06,27.15,64.77,66.68,27.71,53.2,59.32,60.61,31.76,57.62,56.32,67.24,53.27,27.78,3115,96.58,106.41
7592,00116060046106,6/16/2016,Cornell University,BARC 259,B2 Date7 Blk3,7,N9,8.23,91.77,5.6,8.17,0.59,1.31,1.36,28.03,35.22,54.15,52.6,5.81,21.43,59.26,15.91,69.75,13.87,5.39,8.25,2.67,1.78,7.27,0.28,0.25,0.17,2.03,0.13,8.17,30.54,65.28,67.24,29.28,54.91,60.4,61.81,33.21,59.2,58.94,69.46,57.15,31.33,3271,105.77,120.53
7592,00116060046107,6/16/2016,Cornell University,BARC 260,B2 Date7 Blk4,7,N9,8.4,91.6,5.54,7.6,0.55,1.22,1.21,26.05,34.63,53.13,51.61,5.93,20.49,60.3,17.24,66.6,14.57,6.57,9.58,2.78,1.85,6.93,0.25,0.24,0.16,1.92,0.12,7.6,32.22,65.47,67.45,29.48,55.13,60.93,62.4,33.67,59.72,60.23,70.66,58.76,32.81,3358,108.48,127.27
7592,00116060046108,6/16/2016,Cornell University,BARC 261,B2 Date8 Blk3,7,N9,8.26,91.74,5.35,7.16,0.56,1.15,1.18,25.28,34.09,51.76,50.28,5.79,20.75,58.73,18.32,63.56,10.26,4.11,16.95,2.79,1.74,6.33,0.21,0.27,0.13,1.77,0.1,7.16,34.67,65.63,67.63,29.9,55.58,61.96,63.55,34.82,60.98,60.72,71.67,59.27,33.27,3409,112.12,128.18
7592,00116060046109,6/16/2016,Cornell University,BARC 262,B2 Date8 Blk4,7,N9,8.24,91.76,5.26,6.82,0.6,1.09,1.26,40.62,36.04,55.81,53.68,5.95,23.95,55.38,17.5,67.4,7.76,3.33,16.9,2.85,1.69,7.37,0.2,0.26,0.13,1.61,0.1,6.82,30.7,65.03,66.96,28.15,53.68,59.59,60.91,31.55,57.39,56.57,68,53.07,27.59,3143,101.37,106.55
7592,00116060046110,6/16/2016,Cornell University,BARC 263,B2 Date8 Blk1,7,N9,8.1,91.9,5.38,6.83,0.61,1.09,1.33,24.6,37.16,58.1,56.92,6.35,24.71,56.59,18.34,67.78,9.44,3.17,13.63,2.67,1.58,6.43,0.2,0.25,0.14,1.77,0.1,6.83,28.57,64.68,66.58,27.25,52.7,58.82,60.05,30.51,56.25,56.21,67.69,52.54,27.1,3134,96.2,104.96
7592,00116060046111,6/16/2016,Cornell University,BARC 264,B2 Date8 Blk2,7,N9,8.14,91.86,5.27,6.78,0.64,1.08,1.29,24.34,36.33,55.71,53.74,6.29,24.24,54.89,20.22,62.37,8.2,3.16,17.09,2.69,1.61,7.02,0.19,0.27,0.12,1.7,0.09,6.78,31.14,64.94,66.86,28.19,53.72,59.29,60.57,31.1,56.89,56.59,68.23,53.08,27.6,3153,101,106.12
7592,00116060046113,6/16/2016,Cornell University,BARC 266,B3 Date1 Blk3,7,N9,8.8,91.2,6.57,13.71,0.65,2.19,2.03,36.47,25.44,40.55,39.41,3.09,11.16,71.68,8.77,77.75,16.92,8.3,5.21,3.08,1.79,8.38,0.42,0.39,0.2,3.52,0.19,13.71,37.74,68.3,70.61,36.58,62.92,67.68,69.92,44.72,71.99,68.28,76.06,72.73,45.37,3795,158.51,202.18
7592,00116060046114,6/16/2016,Cornell University,BARC 267,B3 Date1 Blk1,7,N9,9.29,90.71,6.63,16.56,0.75,2.65,2.55,36.05,25.95,41.72,40.54,3.33,11.38,71.93,8.21,79.75,14.24,8.66,5.18,3.18,1.82,7.4,0.47,0.41,0.22,3.23,0.21,16.56,35.23,68.14,70.43,37.04,63.42,68.05,70.33,46.27,73.74,68.97,76.97,74.87,47.28,3856,153.33,200.12
7592,00116060046115,6/16/2016,Cornell University,BARC 268,B3 Date1 Blk4,7,N9,9.36,90.64,7.02,23.6,0.8,3.78,3.87,35.51,21.81,38.4,37.32,2.63,10.65,71.46,7.74,79.26,10.15,7.6,5.76,3.14,2.01,8.86,0.58,0.47,0.27,3.64,0.28,23.6,31.08,69.43,71.86,40.65,67.43,69.38,71.81,50.65,78.7,69.1,76.87,78.01,50.05,3846,174.48,212.47
7592,00116060046116,6/16/2016,Cornell University,BARC 269,B3 Date2 Blk2,7,N9,9.32,90.68,6.3,11.3,0.52,1.81,1.54,32.04,25.46,39.51,38.4,3.51,10.21,73.41,7.24,81.15,17.5,8.35,6.77,3.1,2,6.92,0.4,0.35,0.21,2.99,0.16,11.3,41.92,68.29,70.6,36.22,62.52,68.94,71.32,45.35,72.69,70.81,78.95,75.17,47.54,3994,162.77,217.37
7592,00116060046117,6/16/2016,Cornell University,BARC 270,B3 Date2 Blk3,7,N9,8.76,91.24,5.98,11.48,0.45,1.84,1.79,36.32,26.29,44.52,43.26,2.81,12.64,70.78,9.69,77.6,19.51,9.02,5.52,2.85,1.75,7.71,0.38,0.34,0.21,3.07,0.16,11.48,36.59,68.04,70.32,34.25,60.34,67.81,70.06,44.05,71.24,67.06,75.06,70.09,43.03,3724,143.2,182.96
7592,00116060046118,6/16/2016,Cornell University,BARC 271,B3 Date2 Blk4,7,N9,9.22,90.78,6.45,15.59,0.66,2.49,2.47,32.39,24.13,38.43,37.35,3.1,13.54,63.75,10.18,72.74,16.01,9.18,8.25,3.36,2.11,7.99,0.46,0.39,0.22,3.3,0.2,15.59,38.43,68.71,71.06,38.08,64.57,69.17,71.58,47.3,74.9,67.72,77.14,72.78,45.42,3804,169.54,195.09
7592,00116060046119,6/16/2016,Cornell University,BARC 272,B3 Date2 Blk1,7,N9,8.89,91.11,6.39,12.2,0.61,1.95,1.89,34.75,26.78,42.75,41.54,3.3,9.37,77.44,5.9,85.8,15.06,7.98,5.39,3.01,1.75,8.36,0.41,0.37,0.2,3.31,0.17,12.2,37.04,67.89,70.15,35.19,61.38,66.67,68.79,42.88,69.93,69.27,75.9,73.43,46,3825,148.21,207.71
7592,00116060046120,6/16/2016,Cornell University,BARC 273,B3 Date3 Blk1,7,N9,9.5,90.5,5.96,10.65,0.57,1.7,1.49,34.27,26.12,42.09,40.9,3.67,10.65,73.96,7.65,81.3,15.35,7.13,6.66,3.05,1.94,7.72,0.44,0.31,0.24,2.69,0.15,10.65,39.28,68.09,70.37,34.96,61.13,67.01,69.17,42.69,69.72,69.18,76.79,72.66,45.32,3859,151.45,203.48
7592,00116060046121,6/16/2016,Cornell University,BARC 274,B3 Date3 Blk2,7,N9,9.23,90.77,6.13,10.55,0.6,1.69,1.39,34.6,26.5,40.28,39.14,4.08,13.87,64.56,10.97,71.97,15.96,7.68,6.62,3.13,1.96,7.95,0.43,0.33,0.22,2.8,0.16,10.55,40.79,67.97,70.24,35.67,61.91,66.63,68.75,42.16,69.12,66.75,76.03,69.27,42.29,3739,157.69,186
7592,00116060046122,6/16/2016,Cornell University,BARC 275,B3 DAte3 Blk3,7,N9,9.06,90.94,5.93,9.22,0.6,1.48,1.19,32.32,26.45,41.03,39.87,4.04,11.67,70.73,9.23,76.85,17.24,7.26,6.93,2.93,1.88,7.68,0.43,0.3,0.23,2.66,0.14,9.22,41.54,67.99,70.26,34.92,61.08,66.56,68.67,41.52,68.41,68.48,76.72,71.1,43.92,3831,154.6,199.4
7592,00116060046123,6/16/2016,Cornell University,BARC 276,B3 Date3 Blk4,7,N9,9.4,90.6,6.28,12.63,0.59,2.02,1.71,33.1,24.59,37.01,35.97,3.66,12.65,64.83,9.21,74.4,19.64,9.03,7.25,3.24,2.16,7.97,0.48,0.34,0.22,2.94,0.18,12.63,41.98,68.56,70.9,37.69,64.15,68.58,70.92,45.43,72.79,68.54,77.88,72.65,45.3,3861,175.16,206.22
7592,00116060046124,6/16/2016,Cornell University,BARC 277,B3 Date4 Blk1,7,N9,9.68,90.32,6.02,10.44,0.65,1.67,1.41,32.28,28.46,45.39,44.1,4.23,12.09,72.59,9.24,79.05,18.27,9.73,6.16,3.08,1.98,7.37,0.4,0.31,0.22,2.69,0.15,10.44,36.52,67.37,69.57,33.54,59.57,65.47,67.46,40.65,67.43,67.85,75.67,70.75,43.62,3777,136.56,185.79
7592,00116060046125,6/16/2016,Cornell University,BARC 278,B4 Date4 Blk2,7,N9,9.21,90.79,5.79,9.51,0.53,1.52,1.23,34.17,27.13,43.34,42.11,4.05,11.74,72.12,9.24,78.06,18.53,6.65,6.63,2.88,1.94,6.6,0.39,0.29,0.22,2.5,0.14,9.51,40.07,67.78,70.03,34.06,60.15,67.11,69.28,42.36,69.34,69.16,77.43,72.15,44.87,3887,145.52,195.06
7592,00116060046126,6/16/2016,Cornell University,BARC 279,B3 Date4 Blk3,7,N9,8.93,91.07,5.73,8.73,0.58,1.4,1.33,32.65,29.46,48.03,46.66,4.22,12.73,72.72,8.61,81.55,17.23,5.75,5.91,2.72,1.81,8.26,0.37,0.29,0.21,2.68,0.14,8.73,34.87,67.06,69.23,31.91,57.78,63.68,65.46,37.7,64.16,65.87,73.18,67.25,40.48,3617,127.81,173.52
7592,00116060046127,6/16/2016,Cornell University,BARC 280,B3 Date4 Blk3,7,N9,9.47,90.53,5.83,11.39,0.58,1.82,1.52,38.63,26.54,42.55,41.35,3.59,11.07,73.23,7.66,81.48,16.69,6.95,6.4,3.11,1.97,7.79,0.44,0.31,0.23,2.74,0.16,11.39,38.02,67.96,70.23,35.02,61.2,66.99,69.15,42.97,70.02,68.71,76.4,72.34,45.03,3829,149.15,199.19
7592,00116060046128,6/16/2016,Cornell University,BARC 281,B3 DAte5 Blk1,7,N9,8.59,91.41,5.9,9.81,0.62,1.57,1.75,31.7,35.82,58.2,56.53,4.72,20.15,64.36,13,77,12.97,6.65,3.85,2.56,1.47,8.13,0.27,0.34,0.18,3.06,0.14,9.81,24.81,65.1,67.04,28.21,53.74,59.84,61.19,33.15,59.14,58.12,66.92,56.68,30.9,3150,97.41,120.31
7592,00116060046129,6/16/2016,Cornell University,BARC 282,B3 Date5 Blk2,7,N9,9.14,90.86,5.86,9.45,0.51,1.51,1.38,30.37,31.28,50.53,49.09,4.73,14.28,70.91,10.61,78.39,14.41,5.95,6.09,2.86,1.9,6.66,0.3,0.31,0.19,2.61,0.14,9.45,33.28,66.5,68.6,31.15,56.95,63.95,65.76,38.38,64.91,65.88,74.03,67.58,40.78,3659,118.56,163.88
7592,00116060046130,6/16/2016,Cornell University,BARC 283,B3 Date5 Blk3,7,N9,9.01,90.99,5.63,8.32,0.39,1.33,1.4,30.41,37.18,60.66,58.91,5.08,21.73,63.11,14.84,74.81,14.82,7.03,4.67,2.39,1.43,7.74,0.22,0.31,0.16,2.77,0.11,8.32,24,64.68,66.57,26.73,52.14,59.03,60.28,31.55,57.38,56.7,65.94,53.92,28.37,3077,92,111.76
7592,00116060046131,6/16/2016,Cornell University,BARC 284,B3 Date5 Blk4,7,N9,9.22,90.78,5.77,9.74,0.54,1.56,1.58,30.49,31.32,50.69,49.24,4.4,14.26,71.04,10.82,78.03,14.39,5.86,6.15,2.84,1.81,8.03,0.35,0.3,0.2,2.71,0.14,9.74,31.76,66.49,68.59,31.18,56.98,63.01,64.72,37.28,63.69,64.48,72.09,65.75,39.13,3535,118.5,160.14
7592,00116060046132,6/16/2016,Cornell University,BARC 285,B3 Date6 Blk1,7,N9,8.18,91.82,5.67,9.64,0.52,1.54,1.9,31.95,39.92,64.91,63.04,5.11,26.35,58.2,16.8,73.35,10.96,5.95,2.26,2.61,1.34,7.86,0.22,0.34,0.14,2.95,0.13,9.64,19.02,63.83,65.63,25.5,50.81,57.59,58.68,30.15,55.85,52.27,62.77,47.97,22.87,2831,82.89,91.11
7592,00116060046133,6/16/2016,Cornell University,BARC 286,B3 Date6 Blk2,7,N9,9.1,90.9,5.68,7.95,0.52,1.27,1.26,27.04,35.1,53.75,52.21,5.6,18.41,64.74,14.85,71.56,16.94,8.02,5.5,2.65,1.74,6.42,0.29,0.27,0.17,2.35,0.11,7.95,31.94,65.32,67.29,29.36,55,61.66,63.21,34.78,60.94,62.14,71.64,61.64,35.42,3457,106.42,137.05
7592,00116060046134,6/16/2016,Cornell University,BARC 287,B3 Date6 Blk3,7,N9,8.29,91.71,5.49,7.35,0.43,1.18,1.19,27.76,37.8,57.94,56.27,5.91,23.42,58.38,16.56,70.57,14.35,6.85,6.79,2.45,1.57,7.55,0.2,0.28,0.14,2.42,0.1,7.35,27.45,64.49,66.36,27.49,52.96,58.73,59.95,30.71,56.47,56.14,66.75,52.67,27.22,3089,95.4,107.78
7592,00116060046135,6/16/2016,Cornell University,BARC 288,B3 Date6 Blk4,7,N9,8.51,91.49,5.6,7.25,0.41,1.16,1.24,24.97,37.39,58.3,56.62,5.74,21.99,61.16,15.36,72.87,16.86,7.27,4.9,2.38,1.58,6.91,0.23,0.27,0.15,2.48,0.1,7.25,27.88,64.61,66.5,27.31,52.77,59.56,60.87,31.78,57.64,57.87,67.99,55.17,29.52,3193,95.45,114.56
7592,00116060043088,6/15/2016,Cornell University,#1 MRP,R1 A BLK1 cereal rye,7,N9,8.49,91.51,5.87,12.5,0.68,2,2.32,35.52,34.4,59.11,57.41,4.27,18.98,66.94,11.67,79.67,11.26,7.38,2.55,2.94,1.63,8.84,0.35,0.36,0.23,3.25,0.18,12.5,20.94,65.54,67.53,28.75,54.33,59.98,61.34,34.48,60.6,58.49,66.41,58.43,32.5,3137,97.72,123.75
7592,00116060043089,6/15/2016,Cornell University,#2 MRP,T3 A BLK1 triticale,7,N9,8.55,91.45,6.06,13.52,0.72,2.16,2.3,34.99,33.03,55.25,53.67,4.32,17.37,67.64,11.83,77.96,11.54,7.07,2.52,2.51,1.5,8.85,0.38,0.36,0.22,3.23,0.19,13.52,23.76,65.96,68,30.62,56.37,60.76,62.21,35.9,62.17,60.2,67.98,61.32,35.13,3244,106.26,134.96
7592,00116060043090,6/15/2016,Cornell University,#3 MRP,R3 A BLK1 cereal rye,7,N9,7.85,92.15,5.66,11.52,0.87,1.84,2.41,33.68,40.59,65.46,63.48,6.07,27.03,57.42,15.05,76.29,8.25,3.28,0.59,2.75,1.43,8.91,0.37,0.33,0.21,2.88,0.17,11.52,16.07,63.62,65.4,25.92,51.26,54.79,55.56,27.05,52.49,50.91,61.27,46.8,21.79,2727,81.26,86.89
7592,00116060043091,6/15/2016,Cornell University,#4 MRP,T1 A BLK1 triticale,7,N9,8.62,91.38,5.9,12.3,0.93,1.97,2.39,33.74,35.17,57.28,55.63,4.91,18.72,66.35,10.44,81.23,11.78,6.61,2.08,2.37,1.33,9.34,0.42,0.35,0.23,3.3,0.17,12.3,22.79,65.29,67.26,29.41,55.05,58.32,59.49,32.08,57.97,58.21,66.03,57.91,32.03,3108,99.64,125.29
7592,00116060043092,6/15/2016,Cornell University,#5 MRP,B1 A BLK1 barley,7,N9,8.5,91.5,6.37,14.33,0.98,2.29,2.32,36.22,27.96,43.98,42.73,3.4,9.86,76.92,6.24,85.4,13.6,7.26,4.73,2.79,1.53,9.93,0.49,0.38,0.23,3.58,0.21,14.33,32.8,67.52,69.74,35.39,61.6,64.11,65.94,40.39,67.14,66.92,72.92,71.09,43.92,3630,142.04,196.04
7592,00116060043093,6/15/2016,Cornell University,#6 MRP,T2 A BLK1 tritcale,7,N9,8.39,91.61,6.21,15.63,0.76,2.5,2.63,35.83,30.57,51.84,50.36,3.71,15.54,69.14,9.69,80.76,11.09,5.92,2.7,2.9,1.78,10.01,0.42,0.4,0.24,3.48,0.22,15.63,23.85,66.71,68.84,32.67,58.61,62,63.59,38.39,64.93,61.45,68.69,64.05,37.6,3301,116.56,147.34
7592,00116060043094,6/15/2016,Cornell University,#7 MRP,B2 A BLK1 barley,7,N9,8.3,91.7,6.47,17.78,1,2.84,2.94,36.56,28.37,46.7,45.37,3.75,10.78,76.24,8.18,81.97,11.2,6.79,3.09,2.51,1.55,10.39,0.54,0.4,0.26,3.49,0.24,17.78,26.85,67.4,69.6,35.43,61.65,62.57,64.23,39.88,66.58,65.36,71.14,70.42,43.32,3510,133.08,181.99
7592,00116060043095,6/15/2016,Cornell University,#8 MRP,B4 A BLK1 barley,7,N9,8.73,91.27,6.27,14.47,0.89,2.32,2.34,36.9,28.8,46.96,45.62,3.84,10.34,77.33,8.15,82.14,13.29,6.77,4.4,2.89,1.65,9.29,0.5,0.36,0.25,3.23,0.21,14.47,30.31,67.26,69.45,34.24,60.34,63.44,65.19,39.65,66.32,66.8,72.78,70.99,43.83,3623,131.89,186.82
7592,00116060043096,6/15/2016,Cornell University,#9 MRP,R2 A BLK1 cereal rye,7,N9,8.32,91.68,5.92,13.16,0.75,2.11,2.38,36.25,35.19,59.53,57.82,4.54,20.26,64.96,11.14,80.73,10.04,4.37,1.77,2.85,1.55,8.47,0.37,0.38,0.22,3.25,0.18,13.16,20.38,65.29,67.25,28.82,54.41,59.62,60.94,34.27,60.37,57.68,66.18,57.56,31.7,3107,96.29,118.19
7592,00116060043097,6/15/2016,Cornell University,#10 MRP,T4 A BLK1 triticale,7,N9,8.61,91.39,5.92,12.13,0.72,1.94,2.12,34.79,32.72,54.08,52.53,4.4,17.13,67.39,9.86,81.23,13.43,7.9,2.87,2.52,1.52,8.93,0.39,0.34,0.23,3.17,0.17,12.13,26.01,66.05,68.1,30.62,56.37,60.82,62.28,35.39,61.6,60.53,68.4,61.18,35,3269,109.12,137.49
7592,00116060043098,6/15/2016,Cornell University,#11 MRP,R4 A BLK1 cereal rye,7,N9,7.74,92.26,6.04,13.5,0.88,2.16,2.49,35.19,34.7,59.74,58.02,4.52,20.41,64.82,12.64,78.21,9.58,4.45,1.32,2.5,1.44,9.18,0.39,0.35,0.24,3.1,0.19,13.5,19.35,65.44,67.42,28.84,54.43,58.66,59.87,33.09,59.07,56.74,64.98,56.32,30.58,3028,96.4,115.9
7592,00116060043099,6/15/2016,Cornell University,#12 MRP,B3 A BLK1 barley,7,N9,8.52,91.48,6.43,15.68,0.82,2.51,2.36,35.78,27.03,44.8,43.53,3.46,10.89,74.98,8.37,80.77,14.35,8.99,4.19,2.63,1.74,8.75,0.51,0.36,0.26,3.16,0.21,15.68,31.66,67.81,70.06,35.51,61.73,65.41,67.39,42.65,69.67,67.34,74.12,72.27,44.97,3694,140.94,190.46
7592,00116060043100,6/15/2016,Cornell University,#13 MRP,R1 B BLK1 cereal rye,7,N9,7.86,92.14,5.24,12.05,0.77,1.93,1.7,60.17,40.94,67.23,63.05,5.33,26.83,57.45,12.61,80,6.83,1.1,0.24,2.58,0.77,9.65,0.31,0.35,0.2,2.92,0.16,12.05,15.18,63.52,65.28,25.41,50.71,54.49,55.23,26.89,52.31,49.23,59.05,44.46,19.61,2584,78.66,80.8
7592,00116060043101,6/15/2016,Cornell University,#14 MRP,T3 B BLK1 triticale,7,N9,8.47,91.53,5.14,11.25,0.67,1.8,1.33,63.82,41,66.59,63.46,5.33,26.7,57.93,12.27,80.66,9.03,1.26,0.29,1.85,0.48,9.59,0.3,0.34,0.19,2.91,0.15,11.25,15.55,63.5,65.26,25.39,50.69,54.08,54.77,25.99,51.33,48.82,58.43,43.44,18.65,2548,79.48,82.4
7592,00116060043102,6/15/2016,Cornell University,#15 MRP,R3 B BLK1 cereal rye,7,N9,7.6,92.4,5.2,11.89,0.89,1.9,1.84,57.44,44.6,69.64,65.28,6.79,31.85,51.21,19.86,69.58,6.53,1.09,0.24,2.17,0.7,9.79,0.34,0.34,0.2,2.79,0.16,11.89,13.18,62.39,64.02,24.42,49.63,51.22,51.59,22.25,47.29,44.74,56.36,37.48,13.05,2353,72.21,63.67
7592,00116060043103,6/15/2016,Cornell University,#16 MRP,T1 B BLK1 triticale,7,N9,8.68,91.32,4.89,11.33,0.72,1.81,1.4,63.72,39.78,65.03,61.71,5.35,25.46,58.74,15.64,74.66,9.65,1.93,1.18,2.04,0.65,9.63,0.35,0.34,0.19,2.87,0.15,11.33,17.08,63.88,65.68,26.03,51.38,54.68,55.44,26.83,52.25,50.31,59.72,45.75,20.8,2639,83.05,87.59
7592,00116060043104,6/15/2016,Cornell University,#17 MRP,B1 B BLK1 barley,7,N9,8.95,91.05,5.4,13.02,0.92,2.08,1.66,62.6,33.63,53.57,51.7,4.08,13.48,73.93,8.42,83.71,11.62,5.66,2.59,2.26,0.68,10.86,0.45,0.37,0.22,3.53,0.18,13.02,24.4,65.77,67.79,31.12,56.92,58.35,59.53,32.39,58.31,60.39,65.73,61.3,35.12,3145,108.87,149.91
7592,00116060043105,6/15/2016,Cornell University,#18 MRP,T2 B BLK1 triticale,7,N9,8.88,91.12,5.04,13.26,0.65,2.12,1.37,66.06,37.58,61.26,58.1,4.64,21.68,62.69,12.75,78.06,9.52,2.28,0.79,2.15,0.66,10.33,0.37,0.38,0.2,3.25,0.17,13.26,18.02,64.55,66.43,28.17,53.7,56.31,57.25,29.93,55.62,53.16,61.23,50.9,25.59,2769,90.6,102.92
7592,00116060043106,6/15/2016,Cornell University,#19 MRP,B2 B BLK1 barley,7,N9,8.43,91.57,5.56,14.39,0.78,2.3,1.92,56.71,35.6,58.8,55.94,4.69,19.44,65.25,10.56,81.12,9.63,3.29,1.88,1.83,0.67,10.18,0.4,0.37,0.22,3.09,0.19,14.39,19.74,65.16,67.11,29.52,55.17,57.04,58.07,31.33,57.15,55.66,63.14,55.1,29.46,2913,96.73,115.5
7592,00116060043107,6/15/2016,Cornell University,#20 MRP,B4 B BLK1 barley,7,N9,8.35,91.65,5.45,13.21,0.76,2.11,1.72,58.97,36.15,60.78,58.11,4.48,20.46,64.79,13.11,77.44,9.62,3.12,2.15,1.91,0.61,9.76,0.34,0.35,0.21,2.97,0.18,13.21,19.03,64.99,66.92,28.33,53.88,57.05,58.08,30.83,56.6,54.78,62.47,53.27,27.77,2866,92.76,110.43
7592,00116060043108,6/15/2016,Cornell University,#21 MRP,R2 B BLK1 cereal rye,7,N9,7.98,92.02,5.17,11.24,0.87,1.8,1.72,60.32,44.76,70.73,66.31,6.43,30.78,53.58,17.94,72.95,7.14,2.44,0.7,2.16,0.52,10.03,0.31,0.35,0.2,3,0.15,11.24,12.62,62.33,63.96,23.76,48.92,51,51.34,21.62,46.63,44.91,55.73,37.41,12.98,2335,71.2,66.13
7592,00116060043109,6/15/2016,Cornell University,#22 MRP,T4 B BLK1 triticale,7,N9,8.14,91.86,5.07,10.8,0.77,1.73,1.4,63.7,39.74,65.29,62.63,5.14,25.54,59.22,14.74,76.46,9.71,1.67,0.73,1.98,0.6,9.63,0.32,0.33,0.19,2.96,0.15,10.8,16.74,63.88,65.69,25.74,51.06,54.63,55.38,26.5,51.89,50.05,59.32,45.1,20.2,2617,82.64,88.31
7592,00116060043110,6/15/2016,Cornell University,#23 MRP,R4 B BLK1 cereal rye,7,N9,7.67,92.33,5.26,10.89,0.9,1.74,1.68,60.33,44.54,70.68,65.39,6.13,31.81,51.35,17.63,73.04,6.27,0.57,0.2,2.37,0.61,10.04,0.32,0.33,0.2,2.71,0.15,10.89,13.75,62.4,64.04,23.67,48.82,51.79,52.22,22.56,47.63,44.36,55.85,36.38,12.01,2321,71.43,61.89
7592,00116060043111,6/15/2016,Cornell University,#24 MRP,B3 B BLK1 barley,7,N9,8.42,91.58,5.45,11.57,0.85,1.85,1.64,54.54,38.11,61.02,58.28,5.55,22.35,61.65,14.87,74.49,10.83,5.55,3.81,1.63,0.6,9.25,0.34,0.32,0.2,2.75,0.15,11.57,20.94,64.39,66.25,27.7,53.19,55.6,56.46,28.12,53.64,53.8,62.51,51.07,25.74,2843,90.42,103.05
7592,00116060043112,6/15/2016,Cornell University,#25 MRP,R1 C BLK1 cereal rye,7,N9,7.56,92.44,5.6,9.33,0.7,1.49,1.89,35.05,44.7,69,67.04,6.48,33.77,49.63,19.25,71.29,7.27,2.06,1.12,2.31,1.03,8.6,0.27,0.31,0.17,2.63,0.15,9.33,14.89,62.35,63.98,23.78,48.95,52.93,53.49,23.55,48.7,44.63,57.39,36.09,11.74,2404,72.95,63.69
7592,00116060043113,6/15/2016,Cornell University,#26 MRP,T3 C BLK1 triticale,7,N9,7.91,92.09,5.44,9.22,0.66,1.48,1.74,37.2,42.12,66.38,64.79,6.22,30.44,53.02,20.5,68.36,10.85,4.8,1.55,1.84,0.92,8.51,0.29,0.3,0.17,2.58,0.13,9.22,17.3,63.15,64.87,24.78,50.02,53.95,54.63,24.92,50.18,47.54,59.19,40.54,15.94,2553,78.7,74.9
7592,00116060043114,6/15/2016,Cornell University,#27 MRP,R3 C BLK1 cereal rye,7,N9,7.35,92.65,5.41,8.38,0.57,1.34,1.67,31.15,47.4,71.31,69.79,7.72,35.93,48.52,24.5,64.89,10.77,4.56,0.15,1.67,0.9,7.82,0.24,0.29,0.14,2.57,0.11,8.38,13.78,61.51,63.05,22.55,47.62,50.89,51.22,20.31,45.22,42.96,56.46,32.98,8.79,2333,67.69,58.43
7592,00116060043115,6/15/2016,Cornell University,#28 MRP,T1 C BLK1 triticale,7,N9,7.79,92.21,5.44,9.51,0.57,1.52,1.79,36.49,41.23,66.95,65.56,6,29.54,54.94,20.29,69.05,11.45,5.05,1.57,2.02,1.11,7.89,0.26,0.3,0.16,2.68,0.13,9.51,16.72,63.43,65.18,24.65,49.88,55.02,55.82,26.59,51.98,48.95,60.34,42.87,18.11,2645,78.79,79.28
7592,00116060043116,6/15/2016,Cornell University,#29 MRP,B1 C BLK1 barley,7,N9,8.23,91.77,6.17,13.45,0.78,2.15,2.42,35.76,31.82,51.75,50.27,4.05,14,72.15,9.21,81.68,13.06,7.95,3.81,2.62,1.45,9.42,0.42,0.36,0.22,3.32,0.19,13.45,26.83,66.33,68.41,31.99,57.87,61.52,63.06,36.82,63.18,62.85,69.52,65.05,38.5,3377,115.3,155.64
7592,00116060043117,6/15/2016,Cornell University,#30 MRP,T2 C BLK1 triticale,7,N9,7.61,92.39,5.62,9.84,0.61,1.57,1.92,34.55,42.17,67.29,65.89,5.78,30.3,54.01,19.54,70.34,9.56,3.24,0.92,2.13,1.07,8.64,0.27,0.32,0.15,2.75,0.14,9.84,15.48,63.13,64.85,24.63,49.87,54.5,55.24,26,51.34,47.56,58.95,40.89,16.26,2546,77.34,75.81
7592,00116060043118,6/15/2016,Cornell University,#31 MRP,B2 C BLK1 barley,7,N9,8.3,91.7,5.65,9.48,0.67,1.52,1.62,34.18,36.69,56.43,54.81,6.14,23.1,57.85,19.81,63.86,14.53,6.34,5.62,2.11,1.38,8.18,0.36,0.27,0.2,2.27,0.14,9.48,26.77,64.83,66.74,28.81,54.4,57.88,59,30.39,56.12,55.92,66.31,53.3,27.8,3056,99.6,108.93
7592,00116060043119,6/15/2016,Cornell University,#32 MRP,B4 C BLK1 barley,7,N9,8.26,91.74,5.66,9.14,0.63,1.46,1.55,32.06,34.78,54.92,53.35,5.56,21.79,59.16,16.16,69.71,14.74,4.76,6.3,2.29,1.56,7.58,0.33,0.25,0.2,2.19,0.15,9.14,28.92,65.42,67.4,29.29,54.92,60.01,61.37,33.08,59.07,58,68.34,56.21,30.47,3198,104.45,117.3
7592,00116060043120,6/15/2016,Cornell University,#33 MRP,R2 C BLK1 cereal rye,7,N9,7.19,92.81,5.36,8.75,0.63,1.4,1.83,33.49,47.24,73.06,71.48,7.29,36.05,49.57,21.73,69.6,8.6,2,0.36,2,0.92,8.02,0.23,0.32,0.13,2.89,0.13,8.75,11.66,61.57,63.11,21.98,47.01,50.85,51.17,20.4,45.31,42.46,55.64,32.37,8.21,2290,66.24,57.76
7592,00116060043121,6/15/2016,Cornell University,#34 MRP,T4 C BLK1 triticale,7,N9,7.75,92.25,5.22,7.57,0.48,1.21,1.43,37.91,41.55,65.85,63.95,5.97,30.16,52.84,20.2,68.41,12.95,5.63,2.1,2.02,1.14,8.04,0.24,0.28,0.15,2.49,0.12,7.57,19.73,63.33,65.07,24.43,49.65,55.39,56.23,26.26,51.63,48.55,60.51,41.33,16.67,2636,79.76,76.45
7592,00116060043122,6/15/2016,Cornell University,#35 MRP,R4 C BLK1 cereal rye,7,N9,7.35,92.65,5.31,6.94,0.59,1.11,1.61,34.29,49.23,75.48,72.1,7.55,38.61,46.45,22.92,68.21,9.16,3.57,0.52,1.86,0.78,8.56,0.22,0.29,0.13,2.6,0.11,6.94,12.23,60.95,62.42,20.39,45.3,49.52,49.69,17.67,42.39,39.59,53.63,26.85,2.93,2129,62.31,47.73
7592,00116060043123,6/15/2016,Cornell University,#36 MRP,B3 C BLK1 barley,7,N9,7.97,92.03,5.42,7,0.67,1.12,1.22,29.86,36.56,54.76,53.19,6.04,23.28,56.23,18.99,64.3,14.89,4.16,8.52,2.2,1.41,7.3,0.31,0.24,0.16,1.96,0.11,7,31.32,64.86,66.78,28.63,54.2,59.26,60.54,31.13,56.92,56.88,67.99,53.6,28.08,3150,102.57,111.13
7592,00116060043124,6/15/2016,Cornell University,#37 MRP,R1 D BLK1 cereal rye,7,N9,7.48,92.52,5.2,6.07,0.55,0.97,1.37,33.77,48.67,73.67,71.79,7.51,38.03,47.03,22.91,68.09,10.91,4.59,0.17,1.78,0.83,7.91,0.19,0.27,0.12,2.52,0.1,6.07,13.77,61.13,62.62,20.81,45.75,50.33,50.59,18.43,43.21,40.7,54.8,28.22,4.24,2210,64.43,52.11
7592,00116060043125,6/15/2016,Cornell University,#38 MRP,T3 D BLK1 triticale,7,N9,7.45,92.55,5.12,7.76,0.65,1.24,1.41,44.33,43.55,68.21,66.82,6.68,33.6,49.72,20.18,69.8,12.42,4.21,0.91,1.8,0.92,8.17,0.26,0.27,0.14,2.31,0.12,7.76,16.74,62.71,64.38,23.56,48.71,52.86,53.41,22.75,47.84,44.9,57.78,35.74,11.4,2430,75,65.25
7592,00116060043126,6/15/2016,Cornell University,#39 MRP,R3 D BLK1 cereal rye,7,N9,7.62,92.38,5.17,5.68,0.5,0.91,1.27,26.94,48.01,71.08,69.49,8.14,36.73,47.14,25.93,62.69,14.28,6.34,0.87,1.85,1.11,7.25,0.2,0.26,0.11,2.23,0.09,5.68,16.74,61.33,62.84,21.71,46.71,51.08,51.43,19.37,44.21,43.09,57.37,31.87,7.73,2377,67.47,57.13
7592,00116060043127,6/15/2016,Cornell University,#40 MRP,T1 D BLK1 triticale,7,N9,7.74,92.26,5.11,7.45,0.64,1.19,1.56,38.79,44.76,68.93,67.51,6.85,33.27,50.72,20.83,69.15,12.02,6.37,0.95,1.86,0.88,8.25,0.26,0.28,0.13,2.42,0.11,7.45,16.47,62.33,63.96,23.16,48.28,52.31,52.8,21.85,46.87,45.01,57.57,35.75,11.42,2426,72.88,66.04
7592,00116060043128,6/15/2016,Cornell University,#41 MRP,B1 D BLK1 barley,7,N9,7.87,92.13,5.75,9.41,0.76,1.51,1.93,34.22,39.61,62.82,61.01,5.43,24.46,59.91,17.54,71.25,11.92,4.04,2.52,2.15,1.01,8.88,0.3,0.31,0.16,2.94,0.14,9.41,20.62,63.92,65.73,26.24,51.61,56,56.91,27.76,53.26,52.75,62.27,48.55,23.42,2813,85.94,97.16
7592,00116060043129,6/15/2016,Cornell University,#42 MRP,T2 D BLK1 triticale,7,N9,7.58,92.42,5.07,7.4,0.54,1.18,1.47,43.51,48.13,74.65,71.79,7.09,37.84,47.29,21.04,70.69,9.37,4.56,0.23,1.92,0.77,8.56,0.19,0.29,0.12,2.48,0.11,7.4,11.95,61.29,62.8,20.87,45.82,50.32,50.58,19.06,43.88,40.13,53.87,27.96,4,2153,64.16,50.21
7592,00116060043130,6/15/2016,Cornell University,#43 MRP,B2 D BLK1 barley,7,N9,7.28,92.72,5.39,7.01,0.71,1.12,1.33,28.96,38.44,58.57,56.89,6.59,28.15,50.52,20.62,63.75,12.25,6.71,9.66,2.16,1.37,7.08,0.25,0.25,0.14,1.85,0.1,7,27.98,64.29,66.14,27.12,52.56,57.48,58.56,28.74,54.32,52.6,65.33,47.24,22.2,2925,93.7,88.82
7592,00116060043131,6/15/2016,Cornell University,#44 MRP,B4 D BLK1 barley,7,N9,8.2,91.8,5.16,7.17,0.6,1.15,1.31,31.8,34.92,54.43,53.49,5.94,23.31,56.42,18.65,65.13,13,7.02,13.33,2.46,1.57,7.11,0.26,0.24,0.15,1.66,0.11,7.17,30.97,65.38,67.35,28.83,54.42,59.8,61.14,31.96,57.84,57.22,68.42,54.19,28.62,3179,105.22,112.79
7592,00116060043132,6/15/2016,Cornell University,#45 MRP,R2 D BLK1 cereal rye,7,N9,7.52,92.48,5.3,6.84,0.68,1.09,1.5,33.48,46.68,69.63,68.12,7.7,35.84,47.39,23.41,65.63,12.38,4.3,0.12,1.77,0.9,8.49,0.26,0.29,0.13,2.57,0.11,6.84,16.15,61.74,63.3,22.67,47.76,50.57,50.86,19.08,43.9,42.65,56.21,31.73,7.6,2305,70.05,58.1
7592,00116060043133,6/15/2016,Cornell University,#46 MRP,T4 D BLK1 triticale,7,N9,7.76,92.24,5.07,7,0.61,1.12,1.4,39.29,44.39,68.63,67.05,6.79,34.09,49.16,20.94,68.77,12.26,5.17,1.48,1.85,0.96,8.09,0.24,0.26,0.13,2.27,0.11,7,17.3,62.45,64.09,23.12,48.23,52.77,53.31,22.31,47.36,44.63,57.75,34.94,10.65,2422,73.69,63.9
7592,00116060043134,6/15/2016,Cornell University,#47 MRP,R4 D BLK1 cereal rye,7,N9,7.46,92.54,5.12,5.6,0.63,0.9,1.33,36.07,48.2,72.48,70.36,7.67,37.82,46.25,23.65,66.39,12.55,4.81,0.11,1.8,0.86,8.03,0.23,0.25,0.12,2.22,0.09,5.49,15.48,61.27,62.78,21.11,46.07,50.33,50.59,18.18,42.93,41.04,55.28,28.53,4.55,2233,66.08,52.07
7592,00116060043135,6/15/2016,Cornell University,#48 MRP,B3 D BLK1 barley,7,N9,7.59,92.41,5.36,6.6,0.86,1.06,1.36,29.39,39.14,58.94,57.24,6.5,27.46,52.03,20.53,64.13,11.09,4.57,10.31,2.05,1.15,7.73,0.31,0.24,0.15,1.87,0.11,6.28,27.64,64.07,65.9,26.83,52.24,56.45,57.41,27.08,52.52,52.22,64.27,46.46,21.47,2871,92.37,89.49
7592,00116060043136,6/15/2016,Cornell University,#49 MRP,T2 C BLK2 triticale,7,N9,7.66,92.34,5.64,9.97,0.58,1.6,1.91,34.2,42.31,68.1,67.09,5.76,30.85,54.02,19.73,70.59,9.21,3.25,1.32,2.15,1.08,8.01,0.24,0.33,0.15,2.81,0.14,9.97,14.76,63.09,64.81,24.36,49.58,54.85,55.63,26.55,51.94,47.54,59.19,40.91,16.28,2562,76.32,75.32
7592,00116060043137,6/15/2016,Cornell University,#50 MRP,T1 C BLK2 triticale,7,N9,8.06,91.94,5.31,7.95,0.49,1.27,1.6,31.7,42.89,68.26,67.4,6.23,31.05,53.93,21.94,67.45,12.03,6.97,2.17,1.99,1.07,7.37,0.24,0.3,0.13,2.62,0.11,7.95,16.81,62.92,64.61,23.6,48.75,54.59,55.34,25.33,50.62,47.87,59.82,40.45,15.85,2602,75.71,75.5
7592,00116060043138,6/15/2016,Cornell University,#51 MRP,B4 C BLK2 barley,7,N9,8.38,91.62,5.62,9,0.64,1.44,1.56,30.78,35.5,55.4,53.81,5.69,21.59,59.88,16.32,69.67,14.66,6.79,6.62,2.25,1.5,7.74,0.3,0.27,0.18,2.35,0.13,9,28.51,65.2,67.15,29.05,54.65,59.44,60.74,32.26,58.17,57.86,67.95,55.93,30.22,3179,103.03,117.26
7592,00116060043139,6/15/2016,Cornell University,#52 MRP,B3 C BLK2 barley,7,N9,8.43,91.57,5.74,8.98,0.5,1.44,1.37,30.29,33.5,51.24,49.78,5.56,19.92,59.98,15.89,68.08,17.04,8.41,6.86,2.3,1.68,6.92,0.31,0.26,0.18,2.46,0.13,8.98,33.01,65.82,67.84,30.72,56.47,61.96,63.55,35.62,61.86,60.82,71.22,60.21,34.13,3391,113.92,131.7
7592,00116060043141,6/15/2016,Cornell University,#54 MRP,T4 C BLK2 triticale,7,N9,7.89,92.11,5.5,8.77,0.54,1.4,1.72,29.76,39.71,63.73,62.68,5.66,28.18,55.04,18.92,69.81,12,5.49,3.17,2.25,1.32,8.26,0.25,0.29,0.16,2.61,0.13,8.77,19.69,63.89,65.7,25.68,51,56.29,57.23,28.01,53.52,50.44,61.7,44.79,19.91,2733,84.48,85.33
7592,00116060043142,6/15/2016,Cornell University,#55 MRP,R3 C BLK2 cereal rye,7,N9,7.16,92.84,5.32,5.96,0.57,0.95,1.49,21.64,49.1,73.41,71.55,8.09,39.22,45.19,25.99,63.68,11.55,7.18,0.51,1.67,0.87,7.88,0.21,0.26,0.11,2.32,0.09,5.96,14.23,60.99,62.47,20.87,45.82,49.62,49.8,17.36,42.06,39.96,54.67,26.96,3.04,2183,64,49.09
7592,00116060043143,6/15/2016,Cornell University,#56 MRP,B2 C BLK2 barley,7,N9,8.01,91.99,5.72,9.6,0.79,1.54,1.73,32.08,36.96,56.96,55.32,5.93,22.82,58.75,17.05,69.18,12.15,8.58,5.83,2.22,1.34,8.73,0.36,0.28,0.19,2.47,0.15,9.6,25.74,64.75,66.65,28.63,54.2,57.35,58.41,29.68,55.34,55.51,65.47,52.75,27.3,3010,98.32,108.47
7592,00116060043144,6/15/2016,Cornell University,#57 MRP,R2 C BLK2 cereal rye,7,N9,7.54,92.46,5.32,6.28,0.54,1,1.57,23.73,49.65,75.79,73.87,7.58,38.61,47.73,24.01,67.5,9.53,3.85,0.04,1.86,0.81,7.74,0.17,0.29,0.1,2.71,0.09,6.28,11.87,60.82,62.28,20.04,44.93,49.82,50.03,17.81,42.54,40.12,54.16,27.37,3.43,2176,61.51,50.62
7592,00116060043145,6/15/2016,Cornell University,#58 MRP,B1 C BLK2 barley,7,N9,8.47,91.53,5.75,7.75,0.62,1.24,1.41,28.13,33.68,52.41,50.91,4.81,16.56,67.47,11.73,76.96,17.41,8.78,5.58,2.49,1.49,7.9,0.32,0.27,0.17,2.7,0.12,7.75,32.36,65.75,67.77,29.83,55.51,61.44,62.97,34.35,60.46,62.15,70.44,61.55,35.34,3401,111.23,145.08
7592,00116060043146,6/15/2016,Cornell University,#59 MRP,R1 C BLK2 cereal rye,7,N9,7.43,92.57,5.25,7.12,0.59,1.14,1.74,31.46,46.18,74.1,72.37,6.46,34.74,52,20.59,71.55,8.8,2,1.52,2.16,0.92,7.97,0.17,0.28,0.13,2.59,0.1,7.12,12.36,61.89,63.47,21,45.95,51.93,52.38,21.18,46.15,43.41,55.9,33.07,8.88,2331,66.47,61.38
7592,00116060043147,6/15/2016,Cornell University,#60 MRP,R4 C BLK2 cereal rye,7,N9,7.51,92.49,5.43,7.64,0.63,1.22,1.76,31.54,47.86,73.73,71.22,7.15,36.88,48.22,21.24,70.18,8.75,2.1,0.25,1.92,0.8,8.63,0.23,0.3,0.13,2.7,0.11,7.64,12.47,61.38,62.9,21.33,46.31,50.36,50.63,19.18,44,41.13,54.5,29.68,5.64,2203,65.23,53.48
7592,00116060043148,6/15/2016,Cornell University,#61 MRP,T2 D BLK2 triticale,7,N9,7.77,92.23,5.16,7.13,0.57,1.14,1.53,36.47,48.03,74.38,71.53,6.97,37.97,46.92,23.85,66.66,8.9,1.89,0.98,1.96,0.81,8.56,0.19,0.29,0.12,2.41,0.11,7.13,12.5,61.33,62.84,20.89,45.84,50.62,50.92,19.34,44.17,40.18,54.04,27.9,3.94,2160,64.25,50.17
7592,00116060043149,6/15/2016,Cornell University,#62 MRP,T1 D BLK2 triticale,7,N9,7.96,92.04,5.04,5.99,0.59,0.96,1.41,29.88,46.24,71.09,69.89,7.08,34.91,50.05,25.56,63.43,12.42,5.44,1.68,1.84,0.91,7.6,0.22,0.26,0.11,2.29,0.09,5.99,16.02,61.87,63.45,21.81,46.83,51.92,52.37,20.64,45.57,43.94,57.1,33.36,9.15,2389,69.28,62.15
7592,00116060043150,6/15/2016,Cornell University,#63 MRP,B4 D BLK2 barley,7,N9,8.38,91.62,5.2,7.22,0.74,1.16,1.36,31.58,36.26,55.77,54.75,6.02,23.96,56.24,18.85,65.57,11.51,4.82,12.32,2.38,1.36,7.99,0.31,0.26,0.16,1.81,0.11,7.19,29.04,64.96,66.89,28.3,53.85,58.05,59.19,29.58,55.23,55.4,66.29,51.5,26.14,3040,101.08,107.16
7592,00116060043151,6/15/2016,Cornell University,#64 MRP,B3 D BLK2 barley,7,N9,8.16,91.84,5.21,6.62,0.57,1.06,1.18,27.79,34.01,51.63,50.15,5.86,21.33,57.47,18.21,63.69,13.85,4.3,15.44,2.57,1.67,6.29,0.25,0.25,0.15,1.76,0.08,6.62,35.45,65.65,67.66,29.76,55.43,61.84,63.41,34.42,60.53,60.27,71.5,58.38,32.45,3387,112.24,125.42
7592,00116060043152,6/15/2016,Cornell University,#65 MRP,T3 D BLK2 triticale,7,N9,8.5,91.5,5.15,7.72,0.51,1.24,1.42,38.08,43.01,66.62,64.68,6.73,30.63,52.64,22.77,64.8,13.43,4.4,1.92,1.91,1.05,7.99,0.25,0.27,0.15,2.3,0.11,7.72,18.98,62.87,64.56,24.17,49.36,53.9,54.57,24.26,49.47,47.97,60,40.5,15.9,2601,77.3,74.8
7592,00116060043153,6/15/2016,Cornell University,#66 MRP,T4 D BLK2 triticale,7,N9,8.01,91.99,5.17,8.01,0.58,1.28,1.54,40.2,43.21,67.33,65.37,6.47,32.37,50.48,21.8,66.65,11.72,4.58,1.44,2.06,1.03,8.69,0.27,0.28,0.15,2.46,0.12,8.01,17.44,62.82,64.5,23.98,49.17,53.35,53.96,23.6,48.75,45.82,58.26,37.3,12.88,2468,76.22,68.11
7592,00116060043154,6/15/2016,Cornell University,#67 MRP,R3 D BLK2 cereal rye,7,N9,8.03,91.97,5.02,5.43,0.47,0.87,1.21,28.36,46.24,68.64,67.29,8,34.94,48.08,25.61,61.94,15.76,5.63,2.04,1.9,1.18,6.92,0.2,0.24,0.11,1.99,0.07,5.43,19.39,61.87,63.45,22.58,47.65,52.37,52.87,21.1,46.07,45.29,59.28,35.24,10.93,2510,71.74,63.5
7592,00116060043155,6/15/2016,Cornell University,#68 MRP,B2 D BLK2 barley,7,N9,7.7,92.3,5.32,7,0.76,1.12,1.37,31.14,40.8,61.46,60.21,7.03,30.92,48.65,22.34,62.9,10.39,3.36,9.1,2,1.22,7.69,0.29,0.24,0.15,1.85,0.11,6.9,24.25,63.55,65.32,25.96,51.31,55.01,55.81,25.34,50.63,49.06,62.19,41.85,17.16,2704,86.34,77.2
7592,00116060043156,6/15/2016,Cornell University,#69 MRP,R2 D BLK2 cereal rye,7,N9,7.51,92.49,5.11,5.2,0.52,0.83,1.3,26.54,48.61,72.92,71.62,7.98,38.8,45.83,25.42,64.51,13.58,6.17,0.47,1.83,0.98,7.68,0.19,0.25,0.11,2.26,0.08,5.2,14.82,61.15,62.64,20.79,45.73,50.07,50.31,17.69,42.41,40.53,55.17,27.51,3.57,2222,65.27,51.29
7592,00116060043157,6/15/2016,Cornell University,#70 MRP,B1 D BLK2 barley,7,N9,8.13,91.87,5.71,9.6,0.8,1.54,1.97,33.02,41.2,63.97,62.12,5.99,26.46,57.41,16.17,73.97,10.41,7.69,2.9,1.92,0.91,9.26,0.33,0.32,0.17,2.99,0.14,9.6,19.08,63.44,65.19,25.85,51.19,54.27,54.98,25.46,50.76,50.51,60.56,45.25,20.35,2681,82.79,88.02
7592,00116060043158,6/15/2016,Cornell University,#71 MRP,R1 D BLK2 cereal rye,7,N9,7.43,92.57,5.28,6.55,0.58,1.05,1.45,32.67,47.37,71.52,70.23,7.4,36.96,47.37,22.79,67.55,11.47,4.06,0.34,1.84,0.91,7.9,0.19,0.27,0.12,2.47,0.11,6.55,14.86,61.52,63.06,21.83,46.84,51.06,51.41,19.7,44.56,41.96,55.88,30.48,6.41,2284,67.72,56.08
7592,00116060043159,6/15/2016,Cornell University,#72 MRP,R4 D BLK2 cereal rye,7,N9,7.48,92.52,5.15,6.01,0.55,0.96,1.34,32.28,46.98,70.4,69.15,7.8,36.47,47.26,24.34,64.8,13.98,7.34,0.7,1.85,1.04,7.3,0.21,0.26,0.11,2.24,0.09,6.01,16.84,61.65,63.2,22.08,47.11,51.52,51.92,20.12,45.02,43.25,57.41,32.28,8.12,2381,68.92,58.3
7592,00116060043160,6/15/2016,Cornell University,#73 MRP,T2 A BLK2 triticale,7,N9,8.23,91.77,6.08,15.06,0.74,2.41,2.69,36.19,32.96,55.6,54.01,4.01,16.71,69.06,9.24,82.89,10.73,5.3,1.39,2.63,1.52,9.89,0.38,0.4,0.22,3.71,0.2,15.06,21.21,65.98,68.02,31,56.79,60.3,61.7,35.96,62.24,59.74,66.81,61.35,35.15,3179,105.86,135.94
7592,00116060043161,6/15/2016,Cornell University,#74 MRP,T1 A BLK2 triticale,7,N9,8.18,91.82,5.8,11.32,0.74,1.81,2.04,33.57,32.76,53.95,52.4,4.28,17.25,67.08,10.4,80.15,13.87,7.07,3.21,2.64,1.6,8.76,0.37,0.32,0.21,3,0.17,11.32,26.96,66.04,68.09,30.4,56.13,61.26,62.77,35.6,61.84,60.73,68.78,61.11,34.94,3291,109.07,137.82
7592,00116060043162,6/15/2016,Cornell University,#75 MRP,B4 A BLK2 barley,7,N9,8.57,91.43,6.16,13.77,0.83,2.2,2.3,39.07,31.12,51.76,50.28,3.62,13.24,73.67,9.26,81.58,11.67,5.77,3.04,2.77,1.43,10.04,0.45,0.37,0.24,3.37,0.2,13.77,25.78,66.54,68.65,32.1,57.98,61.52,63.06,36.94,63.31,62.74,68.84,65.03,38.49,3344,116.29,158.61
7592,00116060043163,6/15/2016,Cornell University,#76 MRP,B3 A BLK2 barley,7,N9,8.19,91.81,6.16,12.78,0.7,2.04,2.15,33.72,29.72,49.16,47.76,3.79,12.47,73.89,9.4,80.32,14.67,5.88,3.82,2.6,1.69,9.19,0.44,0.33,0.24,3.1,0.19,12.78,29.73,66.98,69.14,32.81,58.76,63.18,64.91,38.71,65.28,64.93,71.54,67.69,40.87,3520,124.36,169.87
7592,00116060043164,6/15/2016,Cornell University,#77 MRP,T3 A BLK2 triticale,7,N9,8.18,91.82,5.9,12.02,0.6,1.92,2.04,33.69,31.14,52.61,51.1,3.97,16.22,68.26,11.33,77.83,14.36,5.59,3.52,2.54,1.65,7.93,0.36,0.31,0.21,2.89,0.17,12.02,28.34,66.54,68.65,31.17,56.97,63.19,64.92,38.44,64.97,62.6,70.71,64.09,37.63,3425,114.25,146.66
7592,00116060043165,6/15/2016,Cornell University,#78 MRP,T4 A BLK2 triticale,7,N9,8.2,91.8,5.98,12.93,0.69,2.07,2.25,34.57,31.6,52.82,51.31,4.02,16.35,68.13,9.69,81.11,13.18,8.31,2.81,2.6,1.61,9.24,0.4,0.35,0.22,3.28,0.18,12.93,26.16,66.4,68.49,31.39,57.21,61.69,63.25,36.86,63.23,61.17,68.83,62.46,36.16,3303,113.11,143.03
7592,00116060043166,6/15/2016,Cornell University,#79 MRP,R3 A BLK2 cereal rye,7,N9,7.65,92.35,5.84,13.04,1,2.09,2.53,37.27,40.38,64.81,61.87,6.19,27.51,55.54,15.29,75.29,6.54,3.05,0.14,2.84,1.44,9.6,0.43,0.35,0.24,2.91,0.2,13.04,15.58,63.69,65.47,26.7,52.1,54.34,55.06,27.06,52.49,50.16,60.75,46.39,21.4,2677,82.38,83.1
7592,00116060043167,6/15/2016,Cornell University,#80 MRP,B2 A BLK2 barley,7,N9,8.1,91.9,6.41,15.08,0.94,2.41,2.68,35.54,31.31,51.5,50.03,3.88,13.63,72.76,7.65,84.71,10.72,6.19,2.18,2.49,1.35,10.44,0.5,0.39,0.25,3.57,0.21,15.08,24.78,66.49,68.59,32.63,58.57,60.68,62.12,36.35,62.66,62.08,68.22,64.67,38.16,3297,116.52,155.57
7592,00116060043168,6/15/2016,Cornell University,#81 MRP,R2 A BLK2 cereal rye,7,N9,7.72,92.28,5.74,11.96,0.8,1.91,2.37,35.95,37.62,62.78,60.97,5.02,24.31,60.13,12.56,79.4,9.51,3.86,0.95,2.84,1.5,9.01,0.36,0.35,0.22,3.09,0.18,11.96,17.93,64.54,66.42,27.13,52.58,57.26,58.31,30.61,56.36,53.43,63,50.78,25.48,2862,88.23,98.23
7592,00116060043169,6/15/2016,Cornell University,#82 MRP,B1 A BLK2 barley,7,N9,8.08,91.92,6.33,11.97,0.99,1.92,2.24,32.92,31.32,49.19,47.79,3.56,11.43,76.08,5.98,87.49,12.79,6.53,2.85,2.62,1.31,10.27,0.49,0.36,0.22,3.63,0.19,11.97,29.9,66.49,68.59,32.53,58.46,61.74,63.3,36.36,62.67,64.29,69.92,66.4,39.72,3430,122,172.29
7592,00116060043170,6/15/2016,Cornell University,#83 MRP,R1 A BLK2 cereal rye,7,N9,7.93,92.07,6.04,13.72,0.89,2.2,2.59,37.46,35.66,60.58,59.31,4.55,21.2,64.26,11.32,80.91,7.88,4.02,0.63,2.96,1.46,10,0.41,0.38,0.25,3.3,0.21,13.72,17.1,65.14,67.09,28.58,54.15,57.49,58.57,31.64,57.48,55.15,63.24,54.11,28.54,2912,93.81,111.4
7592,00116060043171,6/15/2016,Cornell University,#84 MRP,R4 A BLK2 cereal rye,7,N9,7.91,92.09,6.13,14.89,0.9,2.38,2.74,37.81,35.31,59.9,58.91,4.57,20.48,65.24,10.12,82.82,7.6,4.31,0.42,3.04,1.59,9.5,0.42,0.38,0.25,3.29,0.22,14.89,16.85,65.25,67.21,29.26,54.88,58.27,59.44,33.18,59.17,56.43,64.48,56.52,30.76,3000,95.18,116.55
7592,00116060043172,6/15/2016,Cornell University,#85 MRP,T2 B BLK2 triticale,7,N9,8.24,91.76,5.27,10.16,0.86,1.63,1.51,61.32,43.97,68.87,65.27,5.85,29.75,54.42,13.41,79.45,7.72,1.15,0.41,1.89,0.36,10.7,0.31,0.36,0.18,3.12,0.14,10.16,14.02,62.57,64.23,24.12,49.32,51.3,51.68,21.54,46.54,45,55.26,37.01,12.61,2312,73.71,69.65
7592,00116060043173,6/15/2016,Cornell University,#86 MRP,T1 B BLK2 triticale,7,N9,8.3,91.7,4.99,9.3,0.8,1.49,1.39,61.18,41.34,66.62,63.93,5.84,27.61,56.81,14.7,77.01,9.65,4.74,1.7,1.87,0.55,9.12,0.31,0.3,0.18,2.6,0.13,9.3,17.49,63.39,65.14,24.7,49.94,53.5,54.13,24.25,49.45,48.69,58.85,42.32,17.6,2565,79.12,80.95
7592,00116060043174,6/15/2016,Cornell University,#87 MRP,B4 B BLK2 barley,7,N9,8.52,91.48,5.41,12.13,0.78,1.94,1.72,55.56,39.25,63.88,61.09,5.23,24.23,60.34,12,80.36,8.98,2.71,2.08,1.74,0.5,10,0.33,0.35,0.2,3,0.16,12.13,17,64.04,65.86,26.75,52.16,54.55,55.29,26.97,52.4,50.97,59.73,47.1,22.07,2653,84.99,92.84
7592,00116060043175,6/15/2016,Cornell University,#88 MRP,B3 B BLK2 barley,7,N9,8.7,91.3,5.3,9.06,0.61,1.45,1.38,51.32,36.7,59.72,58,4.79,21.48,62.97,11.95,79.4,14.86,3.6,2.88,2.04,1.01,7.91,0.31,0.29,0.17,2.58,0.12,9.06,24.4,64.83,66.74,27.36,52.82,58.86,60.09,31.5,57.33,56.34,65.38,53.71,28.17,3039,93.97,112.46
7592,00116060043176,6/15/2016,Cornell University,#89 MRP,T3 B BLK2 triticale,7,N9,8.35,91.65,4.92,9.53,0.54,1.52,1.2,60.86,40.5,66.43,64.63,5.44,28.12,56.49,17.63,72.72,11.23,7.93,1.11,1.88,0.77,8.17,0.26,0.3,0.16,2.58,0.13,9.53,17.1,63.65,65.43,24.86,50.12,55.38,56.22,27.07,52.5,49.24,59.93,43.29,18.51,2632,80.47,82.41
7592,00116060043177,6/15/2016,Cornell University,#90 MRP,T4 B BLK2 triticale,7,N9,8.63,91.37,4.96,10.52,0.59,1.68,1.26,62.17,38.56,63.84,62.37,4.99,23.73,61.95,12.23,80.39,10.91,6.54,0.96,2.01,0.73,8.53,0.32,0.32,0.18,2.85,0.14,10.52,18.11,64.25,66.1,26.22,51.59,56.35,57.3,28.79,54.38,52.7,61.63,48.97,23.8,2789,85.78,99.08
7592,00116060043178,6/15/2016,Cornell University,#91 MRP,R3 B BLK2 cereal rye,7,N9,7.48,92.52,5.08,8.98,0.76,1.44,1.61,51.89,47.74,73.36,70.06,7.45,36.66,47.67,20.89,70.18,7.45,3.89,0.16,1.93,0.7,8.65,0.26,0.31,0.16,2.63,0.13,8.98,12.22,61.42,62.94,21.95,46.97,49.94,50.16,19.14,43.96,41.21,54.62,30.47,6.4,2205,65.74,52.53
7592,00116060043179,6/15/2016,Cornell University,#92 MRP,B2 B BLK2 barley,7,N9,7.96,92.04,5.52,11.93,0.85,1.91,1.71,56.5,41.5,65.59,62.28,5.9,27.75,55.44,15.33,75.39,8.08,2.31,1.13,1.46,0.36,10.1,0.34,0.35,0.2,2.92,0.16,11.93,16.04,63.34,65.08,26.01,51.36,52.78,53.32,24.42,49.64,47.72,57.77,42.07,17.37,2483,80.25,78.08
7592,00116060043180,6/15/2016,Cornell University,#93 MRP,R2 B BLK2 cereal rye,7,N9,7.69,92.31,5.05,9.53,0.8,1.52,1.59,57.92,46.18,73.05,69.11,6.59,33.95,50.88,19.95,71.13,6.89,2.54,0.47,2.17,0.6,9.5,0.27,0.32,0.17,2.77,0.14,9.53,11.85,61.89,63.47,22.25,47.3,50.55,50.84,20.24,45.14,42.54,54.55,32.84,8.66,2233,67.29,58.04
7592,00116060043181,6/15/2016,Cornell University,#94 MRP,B1 B BLK2 barley,7,N9,9,91,5.31,11.57,0.78,1.85,1.49,62.66,35.63,56.81,55.61,4.22,15.87,71.46,9.65,82.65,11.7,5.4,1.93,2.31,0.74,9.81,0.4,0.36,0.21,3.34,0.16,11.57,22.76,65.15,67.1,29.36,55,58.19,59.35,31.62,57.46,58.92,65.04,58.56,32.62,3083,100,136.91
7592,00116060043182,6/15/2016,Cornell University,#95 MRP,R1 B BLK2 cereal rye,7,N9,7.88,92.12,5.23,10.64,0.81,1.7,1.66,58.74,42.99,69.8,66.47,5.66,29.1,56.22,14.84,77.67,6.37,0.88,0.13,2.47,0.71,8.77,0.28,0.32,0.19,2.79,0.15,10.64,14.07,62.88,64.57,23.92,49.09,53.68,54.33,25.11,50.39,47.67,58.22,41.4,16.74,2520,73.88,74.94
7592,00116060043183,6/15/2016,Cornell University,#96 MRP,R4 B BLK2 cereal rye,7,N9,7.84,92.16,5.21,10.56,0.74,1.69,1.68,53.88,44.03,69.74,67.01,6.36,31.28,53.32,18.45,72.47,7.65,1.43,0.13,2.2,0.82,9.06,0.3,0.33,0.18,2.94,0.16,10.56,13.23,62.56,64.21,23.92,49.09,52.33,52.82,23.26,48.39,45.71,57.1,38.35,13.87,2421,72.8,68.67
7592,00116060043184,6/15/2016,Cornell University,#97 MRP,T4 D BLK3 triticale,7,N9,7.86,92.14,5.16,7.73,0.66,1.24,1.52,40.88,44.76,68.64,67.4,6.88,33.56,50.21,22.88,66.05,11.32,5.39,0.72,1.86,0.87,8.55,0.27,0.28,0.14,2.4,0.11,7.73,15.97,62.33,63.96,23.37,48.51,51.97,52.42,21.48,46.47,44.46,57.07,35.02,10.73,2389,73.3,65.33
7592,00116060043185,6/15/2016,Cornell University,#98 MRP,B1 D BLK3 barley,7,N9,8.36,91.64,5.6,8.36,0.68,1.34,1.77,32.54,41.81,64.32,62.46,6.05,27,56.77,15.49,75.2,12.28,5.46,2.34,1.89,0.9,9.25,0.32,0.31,0.17,2.89,0.12,8.36,19.8,63.25,64.98,25.3,50.59,54.12,54.82,24.76,50,49.97,60.23,43.86,19.04,2654,81.66,86.24
7592,00116060043186,6/15/2016,Cornell University,#99 MRP,T1 D BLK3 triticale,7,N9,8.01,91.99,5.07,6.93,0.58,1.11,1.44,35.93,44.75,69,67.84,6.98,33.25,50.99,20.8,69.34,12.94,6.34,1.39,1.97,1.04,7.31,0.23,0.26,0.13,2.19,0.1,6.93,17.32,62.34,63.97,22.95,48.06,53.15,53.74,22.82,47.91,46.04,58.94,37.12,12.71,2517,72.89,68.07
7592,00116060043187,6/15/2016,Cornell University,#100 MRP,B2 D BLK3 barley,7,N9,8.24,91.76,5.47,8.62,0.75,1.38,1.58,31.9,38.14,57.03,55.61,6.74,25.61,53.95,20.06,63.93,10.92,6.79,10.39,2.13,1.31,8.08,0.33,0.28,0.17,2.02,0.12,8.62,26.96,64.38,66.24,28.27,53.81,56.66,57.64,28.33,53.87,53.84,65.24,49.84,24.6,2952,96.36,98.51
7592,00116060043188,6/15/2016,Cornell University,#101 MRP,B4 D BLK3 barley,7,N9,7.76,92.24,5.57,9.91,0.85,1.59,1.65,36.53,36.06,55.1,53.52,6.21,24.41,54.39,20.35,61.98,9.43,4.13,11.6,2.1,1.24,7.51,0.31,0.28,0.16,1.84,0.14,9.91,28.47,65.03,66.96,29.47,55.12,58.47,59.66,31.27,57.08,55.61,66.97,53.04,27.56,3067,102.76,105
7592,00116060043189,6/15/2016,Cornell University,#102 MRP,R4 D BLK3 cereal rye,7,N9,7.69,92.31,5.12,6.06,0.64,0.97,1.36,36.47,47.87,70.99,68.84,7.82,37.47,45.57,26.29,61.81,12.48,1.81,0.7,1.79,0.88,8.06,0.24,0.26,0.12,2.04,0.1,6.01,16.52,61.37,62.89,21.87,46.89,50.56,50.85,18.72,43.52,41.58,55.92,29.64,5.6,2267,67.61,53.16
7592,00116060043190,6/15/2016,Cornell University,#103 MRP,R1 D BLK3 cereal rye,7,N9,7.27,92.73,5.32,6,0.69,0.96,1.39,31.83,48.29,72.18,71.31,7.56,38.32,46.26,24.27,65.97,10.76,4.83,0.44,1.65,0.75,7.79,0.21,0.26,0.12,2.28,0.1,5.86,14.54,61.24,62.75,21.36,46.35,50.27,50.53,18.25,43.01,40.59,54.92,28,4.03,2210,65.99,52.77
7592,00116060043191,6/15/2016,Cornell University,#104 MRP,T3 D BLK3 triticale,7,N9,8.3,91.7,5.08,7.29,0.53,1.17,1.37,37.86,41.2,64.05,62.94,6.65,29.79,52.67,20.66,67.18,15.73,6.82,2.64,1.96,1.24,7.1,0.26,0.24,0.14,1.94,0.1,7.29,21.8,63.44,65.19,25.05,50.32,55.6,56.46,26.4,51.78,50.04,62.38,43.49,18.7,2755,82.35,81.18
7592,00116060043192,6/15/2016,Cornell University,#105 MRP,B3 D BLK3 barley,7,N9,8.3,91.7,5.3,8.05,0.68,1.29,1.23,33.42,33.51,49.83,48.41,6.1,21.32,55.96,17.84,63.15,10.73,4.89,17.84,2.38,1.54,6.47,0.3,0.27,0.16,1.67,0.1,8.05,35.76,65.81,67.83,30.97,56.75,61.61,63.16,34.68,60.82,60.22,71.61,58.92,32.95,3381,117.32,127.3
7592,00116060043193,6/15/2016,Cornell University,#106 MRP,R3 D BLK3 cereal rye,7,N9,7.83,92.17,5.2,6.7,0.56,1.07,1.35,32.54,47.4,69.68,67.73,8.28,36.51,46.09,26.21,61.3,13.56,5.3,0.94,1.75,1.05,7.32,0.24,0.26,0.12,2.08,0.1,6.7,17.55,61.51,63.05,22.6,47.67,51.25,51.62,20.06,44.94,43.43,57.84,32.92,8.73,2397,69.31,57.33
7592,00116060043194,6/15/2016,Cornell University,#107 MRP,T2 D BLK3 triticale,7,N9,7.73,92.27,5.13,7.22,0.55,1.16,1.43,40.03,49.66,75.64,73.04,7.62,39.18,46.36,22.01,69.87,9.12,3.34,0.2,1.75,0.72,8.21,0.19,0.3,0.11,2.54,0.1,7.22,11.24,60.82,62.28,20.42,45.33,49.39,49.55,17.64,42.36,39.12,53.36,26.21,2.33,2111,61.89,47.75
7592,00116060043195,6/15/2016,Cornell University,#108 MRP,R2 D BLK3 cereal rye,7,N9,7.6,92.4,5.13,5.38,0.56,0.86,1.31,27.14,47.59,71.28,70.41,7.99,36.63,47.98,25.04,64.44,14.39,7.23,0.51,1.83,1.01,7.15,0.2,0.25,0.11,2.14,0.08,5.34,16.36,61.46,62.99,21.52,46.52,50.94,51.27,19,43.81,43.02,57.08,31.61,7.48,2367,67.5,58.51
7592,00116060043196,6/15/2016,Cornell University,#109 MRP,T4 A BLK3 triticale,7,N9,8.62,91.38,6.11,14.1,0.9,2.26,2.58,36.45,34.9,56.73,55.1,4.8,18.96,65.59,10.21,81.47,9.86,4.4,1.32,2.33,1.26,10.09,0.44,0.39,0.24,3.54,0.19,14.1,21.03,65.38,67.35,30.22,55.94,57.95,59.08,32.39,58.31,57.3,65.01,57.39,31.56,3036,101.41,123.17
7592,00116060043197,6/15/2016,Cornell University,#110 MRP,B1 A BLK3 barley,7,N9,8.53,91.47,6.44,14.79,1.04,2.37,2.69,35.5,31.14,49.41,48,3.56,10.54,78.04,8.47,82.35,10.93,6.79,2.75,2.66,1.27,9.88,0.49,0.41,0.22,3.89,0.21,14.79,27.75,66.54,68.65,33.37,59.38,62.13,63.74,38.03,64.52,65.28,70.58,69.01,42.06,3486,121.76,178.04
7592,00116060043198,6/15/2016,Cornell University,#111 MRP,T1 A BLK3 triticale,7,N9,8.39,91.61,5.96,12.62,0.75,2.02,2.22,35.26,34.29,56.67,55.04,4.53,18.83,65.79,12.87,76.62,11.25,5.81,2.26,2.44,1.4,8.51,0.39,0.35,0.21,3.12,0.17,12.62,23.65,65.56,67.56,29.76,55.43,60.16,61.54,34.72,60.87,59.04,67.32,59.25,33.25,3187,102.2,127.2
7592,00116060043199,6/15/2016,Cornell University,#112 MRP,B2 A BLK3 barley,7,N9,8.52,91.48,6.38,16.32,1.01,2.61,2.89,35.36,31.85,52.07,50.58,4.3,13.2,73.9,9.16,81.89,9.63,5.98,2.55,2.43,1.39,9.85,0.53,0.39,0.25,3.4,0.22,16.32,23.75,66.32,68.4,32.8,58.76,60.46,61.88,36.57,62.91,62.95,69.02,66.43,39.75,3357,114.27,158.48
7592,00116060043200,6/15/2016,Cornell University,#113 MRP,B4 A BLK3 barley,7,N9,8.63,91.37,6.25,13.9,0.83,2.22,2.34,35.61,30.4,49.6,48.19,3.99,12.88,73.27,9.54,80.2,12.33,7.53,3.86,2.73,1.53,9.16,0.48,0.36,0.24,3.14,0.2,13.9,28.56,66.77,68.9,32.99,58.96,62.5,64.15,38.24,64.75,64.39,71.04,67.4,40.62,3483,122.35,166.79
7592,00116060043201,6/15/2016,Cornell University,#114 MRP,R4 A BLK3 cereal rye,7,N9,8.07,91.93,6.03,14.37,0.84,2.3,2.71,35.98,35.62,60.21,58.48,4.77,20.11,65.61,11.76,79.89,8.65,4.08,0.86,2.74,1.44,9.13,0.39,0.38,0.23,3.33,0.2,14.37,18.29,65.16,67.11,28.96,54.56,58.29,59.46,33,58.97,56.99,65.02,57.08,31.27,3037,94.33,117.12
7592,00116060043202,6/15/2016,Cornell University,#115 MRP,R1 A BLK3 cereal rye,7,N9,8.84,91.16,6.01,14.41,0.74,2.31,2.66,35.39,35.19,59.51,58.61,4.55,19.31,67.05,11.11,81.04,9.25,4.27,1.38,2.86,1.56,8.9,0.39,0.39,0.24,3.33,0.19,14.41,18.18,65.29,67.25,29.23,54.86,59.08,60.34,34.11,60.2,57.93,65.72,58.46,32.53,3094,96.29,122.86
7592,00116060043203,6/15/2016,Cornell University,#116 MRP,T3 A BLK3 triticale,7,N9,8.61,91.39,6.04,12.68,0.51,2.03,1.98,33.6,29.82,50.35,48.91,4.24,14.68,69.99,11.22,77.06,15.72,8.82,4.48,2.6,1.84,7.46,0.37,0.31,0.22,2.77,0.17,12.68,30.09,66.95,69.1,32.3,58.21,64.16,66,40,66.71,64.83,72.86,67.51,40.72,3577,121.16,159.88
7592,00116060043204,6/15/2016,Cornell University,#117 MRP,B3 A BLK3 barley,7,N9,9.08,90.92,6.25,14.46,0.68,2.31,2.26,34.3,29.18,48.19,46.82,3.75,11.05,76.4,8.11,82.68,13.84,7.7,4.4,2.75,1.74,8.47,0.48,0.35,0.25,3.06,0.19,14.46,29.77,67.14,69.32,33.74,59.79,64.37,66.23,40.92,67.73,66.92,73.31,71.17,43.99,3651,127.72,182.03
7592,00116060043205,6/15/2016,Cornell University,#118 MRP,R3 1 BLK3 cereal rye,7,N9,8.02,91.98,5.88,13.33,0.89,2.13,2.65,33.91,37.57,61.47,59.46,5.98,24.37,59.01,14.23,76.07,8.98,3.63,0.94,2.85,1.64,9.31,0.45,0.34,0.25,2.9,0.2,13.33,17.91,64.56,66.44,28.11,53.63,56.06,56.98,29.58,55.23,53.61,63.4,51.68,26.31,2878,90.14,98.3
7592,00116060043206,6/15/2016,Cornell University,#119 MRP,T2 A BLK3 triticale,7,N9,8.6,91.4,6.07,13.48,0.59,2.16,2.28,34.64,32.23,54.13,52.58,4.11,17.1,67.48,9.32,82.27,12.49,5.37,2.83,2.67,1.68,8.65,0.35,0.37,0.21,3.33,0.19,13.48,24.89,66.2,68.27,31.06,56.85,61.97,63.56,37.51,63.95,61.01,69,62.48,36.18,3309,109.78,138.48
7592,00116060043207,6/15/2016,Cornell University,#120 MRP,R2 A BLK3 cereal rye,7,N9,7.95,92.05,5.87,12.66,0.8,2.03,2.4,36.26,37.39,61.99,60.2,5.06,23.87,60.35,13.66,77.31,8.76,3.73,0.96,2.72,1.42,9.18,0.37,0.36,0.22,3.11,0.19,12.66,17.94,64.61,66.5,27.68,53.17,57.17,58.21,30.79,56.56,53.63,63.04,51.39,26.04,2867,89.89,99.92
7592,00116060043208,6/15/2016,Cornell University,#121 MRP,T4 B BLK3 triticle,7,N9,8.6,91.4,5.12,11.75,0.7,1.88,1.45,62.98,38.64,63.03,60.01,5.05,23.57,60.72,12.87,78.55,9.24,1.74,1.04,2.08,0.66,10.38,0.36,0.35,0.21,3.04,0.16,11.75,17.65,64.23,66.07,26.96,52.39,54.98,55.77,27.44,52.9,51.39,59.99,47.56,22.5,2673,86.6,94.7
7592,00116060043209,6/15/2016,Cornell University,#122 MRP,B1 B BLK3 barley,7,N9,8.66,91.34,5.56,14.58,0.98,2.33,1.87,61.93,32.56,51.48,50.17,4,11.71,76.66,8.45,83.16,11.34,6.12,2.32,2.17,0.59,10.57,0.46,0.38,0.21,3.52,0.19,14.58,24.96,66.1,68.16,32.48,58.4,59.11,60.37,34.03,60.11,62.22,67.08,64.58,38.08,3251,114.77,163.39
7592,00116060043210,6/15/2016,Cornell University,#123 MRP,T1 B BLK3 triticale,7,N9,8.32,91.68,5.02,10.14,0.78,1.62,1.37,60.85,39.43,64.19,62.12,5.56,25.36,59.18,13.14,78.85,10.26,6.85,2.06,1.95,0.66,9.06,0.32,0.31,0.17,2.63,0.14,10.14,18.39,63.98,65.8,25.96,51.3,54.7,55.46,26.29,51.66,50.93,60.44,46.13,21.16,2689,84.34,91.36
7592,00116060043211,6/15/2016,Cornell University,#124 MRP,B2 B BLK3 barley,7,N9,8.52,91.48,5.68,20.09,1,3.21,2.49,59.78,29.58,49.61,45.34,4.12,11.09,75.54,7.61,83.22,9.25,5.96,1.69,2.23,0.86,11.95,0.56,0.43,0.28,3.47,0.25,20.09,23.25,67.02,69.18,35.03,61.2,59.54,60.85,36.96,63.34,62.49,67.52,67.38,40.6,3272,123.55,163.62
7592,00116060043212,6/15/2016,Cornell University,#125 MRP,B4 B BLK3 barley,7,N9,8.63,91.37,5.59,19.32,0.8,3.09,1.92,63.51,31.82,53.8,47.69,3.88,13.68,71.31,7.78,83.69,8.14,2.98,2.14,2.22,0.66,11.75,0.46,0.42,0.27,3.3,0.24,19.32,21.5,66.33,68.41,33.11,59.09,59.25,60.53,36.34,62.66,59.84,65.57,63.3,36.93,3116,110.83,139.47
7592,00116060043213,6/15/2016,Cornell University,#126 MRP,R4 B BLK3 cereal rye,7,N9,8.29,91.71,5.33,15.16,0.71,2.43,1.7,62.2,36.87,60.94,57.54,4.65,21,63.5,12.16,78.87,8.05,1.92,0.31,2.47,0.85,9.85,0.37,0.39,0.22,3.2,0.19,15.16,17.3,64.77,66.68,28.93,54.53,57.21,58.26,31.95,57.83,54.55,62.62,53.84,28.3,2866,91.9,107.17
7592,00116060043214,6/15/2016,Cornell University,#127 MRP,R1 B BLK3 cereal rye,7,N9,7.97,92.03,5.28,12.5,0.77,2,1.61,60.56,40.38,65.55,61.95,5.31,26.41,57.37,13.22,78.66,7.08,1.32,0.46,2.39,0.73,9.51,0.33,0.36,0.21,2.94,0.17,12.5,15.92,63.69,65.47,26.22,51.58,54.91,55.7,27.66,53.14,49.78,59.63,45.5,20.58,2621,81.48,84.02
7592,00116060043215,6/15/2016,Cornell University,#128 MRP,T3 B BLK3 triticale,7,N9,8.41,91.59,5.04,11.35,0.63,1.82,1.27,63.35,36.81,60.41,58.45,4.74,22.88,60.86,11.81,79.79,10.97,4.61,1.8,2.08,0.83,9.01,0.34,0.31,0.19,2.59,0.16,11.35,20.63,64.79,66.7,27.86,53.36,57.5,58.58,30.69,56.45,53.69,62.79,50.83,25.53,2855,92.91,103.31
7592,00116060043216,6/15/2016,Cornell University,#129 MRP,B3 B BLK3 barley,7,N9,8.47,91.53,5.36,10.91,0.6,1.75,1.46,52.89,34.49,57,55.36,4.68,19.9,64.05,10.63,80.8,14.24,6.72,3.12,2.06,1.17,8,0.34,0.29,0.19,2.46,0.15,10.91,25.02,65.51,67.5,29.05,54.66,59.96,61.32,33.78,59.83,58.11,66.91,57.12,31.31,3147,101.46,122.12
7592,00116060043217,6/15/2016,Cornell University,#130 MRP,R3 B BLK3 cereal rye,7,N9,7.21,92.79,5.05,9.49,0.71,1.52,1.63,51.32,46.67,72.48,69.42,7.3,36.56,47.34,20.26,70.82,7.55,4.17,0.74,1.98,0.8,8.66,0.26,0.3,0.15,2.49,0.14,9.49,12.26,61.75,63.31,22.47,47.54,50.54,50.83,20.26,45.16,41.51,55.02,31.21,7.1,2228,67.61,53.26
7592,00116060043218,6/15/2016,Cornell University,#131 MRP,T2 B BLK3 triticale,7,N9,7.94,92.06,5.01,10.36,0.67,1.66,1.25,64.67,40.96,66.27,63.1,5.42,28.46,54.9,10.46,83.42,8.99,4.56,1.08,2.01,0.64,9.72,0.31,0.32,0.18,2.72,0.15,10.36,16.43,63.51,65.27,25.22,50.5,54.06,54.75,25.57,50.88,47.56,58.07,41.1,16.46,2498,79.96,76.72
7592,00116060043219,6/15/2016,Cornell University,#132 MRP,R2 B BLK3 cereal rye,7,N9,7.67,92.33,5.18,9.4,0.78,1.5,1.62,55.32,45.44,71.71,67.5,6.66,33.59,50.24,17.23,74.47,7.02,2.61,0.32,2.23,0.65,9.46,0.3,0.32,0.18,2.7,0.14,9.4,13.61,62.12,63.73,22.73,47.81,51.04,51.39,20.89,45.83,43.23,55.39,33.89,9.65,2281,69.26,58.81
7592,00116060043220,6/15/2016,Cornell University,#133 MRP,T4 C BLK3 triticale,7,N9,7.45,92.55,5.53,8.54,0.63,1.37,1.71,33.61,41.82,66.76,65.72,6.03,31.49,52.08,17.71,73.05,10.65,4.76,1.97,2.09,1.09,7.93,0.24,0.28,0.15,2.38,0.13,8.54,17.43,63.24,64.97,24.4,49.61,54.76,55.53,25.76,51.08,47.33,59.57,39.91,15.34,2568,78.59,73.61
7592,00116060043221,6/15/2016,Cornell University,#134 MRP,B1 C BLK3 barley,7,N9,8.01,91.99,5.8,8.49,0.68,1.36,1.84,28.62,39.43,61.82,60.04,5.34,24.29,59.54,11.94,80.11,12.61,6.89,2.7,2.08,1.14,9.13,0.3,0.31,0.17,2.99,0.13,8.49,22.04,63.98,65.8,26.34,51.72,56.38,57.33,27.92,53.42,52.97,62.57,48.47,23.33,2829,87.5,98.25
7592,00116060043222,6/15/2016,Cornell University,#135 MRP,T1 C BLK3 triticale,7,N9,7.51,92.49,5.25,7.54,0.57,1.21,1.53,37,43.14,68.68,67.81,6.24,32.65,51.85,21.49,68.31,11.54,4.49,1.68,2.09,1.02,7.68,0.22,0.26,0.13,2.21,0.11,7.54,16.48,62.83,64.52,23.29,48.42,53.98,54.66,24.25,49.45,46.15,58.63,37.59,13.15,2505,75.01,69.8
7592,00116060043223,6/15/2016,Cornell University,#136 MRP,B2 C BLK3 barley,7,N9,7.73,92.27,5.71,8.86,0.63,1.42,1.52,30.36,36.16,56.03,54.42,6.13,23.45,56.91,17.56,67.73,14.37,7.45,6.38,2.14,1.47,7.43,0.3,0.25,0.17,2.14,0.13,8.86,28.34,64.99,66.92,28.76,54.34,58.86,60.09,31.44,57.27,56.54,67.46,53.94,28.39,3122,100.75,109.3
7592,00116060043224,6/15/2016,Cornell University,#137 MRP,B4 C BLK3 barley,7,N9,8.3,91.7,5.56,8.04,0.59,1.29,1.39,29.48,35.23,54.47,52.91,6.09,21.56,59.25,17.21,67.47,15.5,8.4,7.35,2.33,1.61,7.15,0.31,0.24,0.18,2.03,0.13,8.04,30.68,65.28,67.24,29.1,54.72,59.81,61.15,32.37,58.28,58.71,69.21,56.75,30.97,3255,104.82,119.64
7592,00116060043225,6/15/2016,Cornell University,#138 MRP,R4 C BLK3 cereal rye,7,N9,6.99,93.01,5.4,6.65,0.57,1.06,1.69,25.41,49.01,75.55,73.36,7.52,39.03,46.8,23.12,68.48,10,4.21,0.43,1.88,0.89,7.93,0.2,0.27,0.13,2.42,0.1,6.65,11.86,61.02,62.5,20.26,45.16,49.98,50.21,18.21,42.96,39.84,54.11,27.12,3.2,2164,62.52,49.21
7592,00116060043226,6/15/2016,Cornell University,#140 MRP,T3 C BLK3 triticale,7,N9,7.76,92.24,5.58,9,0.57,1.44,1.75,30.22,40.23,64.27,62.42,6.14,29.48,52.77,20.22,67.61,11.93,5.27,2.95,2.11,1.27,7.56,0.26,0.27,0.17,2.28,0.13,9,20.5,63.73,65.52,25.53,50.84,56.22,57.15,27.99,53.51,50.09,62.19,44.37,19.52,2744,83.44,80.64
7592,00116060043227,6/15/2016,Cornell University,#141 MRP,B3 C BLK3 barley,7,N9,8.1,91.9,5.55,7.93,0.65,1.27,1.45,28.63,36.24,55.03,53.45,6.22,21.83,59.16,17.87,66.57,14.46,7.2,8.14,2.35,1.51,7.44,0.33,0.24,0.18,2.04,0.12,7.93,30.12,64.96,66.89,28.84,54.43,59,60.25,31.21,57.02,58.04,68.43,55.71,30.02,3204,102.53,117.41
7592,00116060043228,6/15/2016,Cornell University,#142 MRP,R3 C BLK3 cereal rye,7,N9,7.33,92.67,5.22,5.33,0.54,0.85,1.4,18.39,47.72,71.68,70.08,7.91,37.34,46.72,24.62,64.87,13.43,5.19,1.06,1.9,1.08,7.62,0.2,0.24,0.12,2.07,0.08,5.32,16.29,61.42,62.94,21.34,46.32,50.83,51.15,18.83,43.63,42.2,56.51,30.27,6.21,2318,66.97,55.28
7592,00116060043229,6/15/2016,Cornell University,#143 MRP,T2 C BLK3 triticale,7,N9,7.54,92.46,5.47,8.55,0.49,1.37,1.77,30.64,42.75,68.77,67.71,6.1,31.72,53.15,20.28,70.05,10.77,6.91,1.98,2.27,1.24,7.62,0.21,0.28,0.14,2.48,0.13,8.55,15.65,62.95,64.65,23.61,48.76,54.73,55.49,25.8,51.13,47.3,59.46,39.89,15.32,2571,75,72.73
7592,00116060043230,6/15/2016,Cornell University,#144 MRP,R2 C BLK3 cereal rye,7,N9,7.28,92.72,5.31,6.18,0.57,0.99,1.63,24.11,50.26,76.18,73.77,7.9,40.2,45.51,23.61,68,9.79,3.42,0.61,1.81,0.77,8.2,0.2,0.28,0.11,2.6,0.1,6.18,11.71,60.63,62.07,19.85,44.73,48.84,48.94,16.34,40.98,38.42,53.02,24.56,0.74,2080,60.93,45.59
7592,00116060043231,6/15/2016,Cornell University,#145 MRP,B4 B BLK4 barley,7,N9,8.38,91.62,5.31,10.79,0.73,1.73,1.72,52.46,37.99,63.28,61.25,4.95,23.19,62.14,15.27,75.07,9.99,3.24,3.21,2.02,0.74,9.21,0.32,0.31,0.19,2.66,0.15,10.79,18.73,64.42,66.29,26.55,51.94,56.06,56.98,28.45,54.01,52.89,61.55,49.37,24.17,2785,87.36,99.75
7592,00116060043232,6/15/2016,Cornell University,#146 MRP,R3 B BLK4 cereal rye,7,N9,7.98,92.02,5.08,10.06,0.74,1.61,1.73,51.09,45.15,70.98,66.69,7.23,33.53,49.72,21.04,68.45,7.39,1.2,0.21,2.24,0.92,9.12,0.33,0.31,0.19,2.64,0.15,10.06,13.94,62.21,63.83,23.26,48.38,51.16,51.52,21.4,46.38,44.11,56.6,35.62,11.29,2354,70.39,59.63
7592,00116060043233,6/15/2016,Cornell University,#147 MRP,B1 B BLK4 barley,7,N9,9.1,90.9,5.18,10.18,0.74,1.63,1.38,59.72,34.77,56.22,54.61,4.11,15.65,71.34,10.11,81.49,12.93,4.78,3.43,2.46,0.92,9.62,0.4,0.32,0.2,3.08,0.14,10.18,25.05,65.42,67.4,29.13,54.75,59.05,60.31,32.18,58.07,59.7,66.06,59.08,33.09,3148,102.06,139.09
7592,00116060043234,6/15/2016,Cornell University,#148 MRP,B3 B BLK4 barley,7,N9,8.5,91.5,5.22,9.56,0.75,1.53,1.57,50.84,37.62,61.33,59.56,5.23,22.2,62.73,16.03,73.09,13.05,5.47,3.09,1.89,0.84,8.64,0.36,0.28,0.18,2.53,0.13,9.56,21.97,64.54,66.42,26.89,52.32,56.68,57.67,28.74,54.32,54.64,63.4,51.41,26.06,2910,90.54,106.64
7592,00116060043235,6/15/2016,Cornell University,#149 MRP,R1 B BLK4 cereal rye,7,N9,8.42,91.58,4.92,10.32,0.55,1.65,1.47,58.24,42.74,70.43,67.05,5.8,28.79,57.06,14.47,78.42,8.08,2.13,0.85,2.18,0.78,8.67,0.25,0.32,0.17,2.84,0.13,10.32,13.65,62.96,64.66,23.55,48.7,53.7,54.35,25.13,50.4,47.9,58.28,41.62,16.94,2531,73.28,75.98
7592,00116060043236,6/15/2016,Cornell University,#150 MRP,T4 B BLK4 triticale,7,N9,8.8,91.2,4.89,9.72,0.59,1.56,1.3,60.49,39.43,64.61,62,5.19,25.19,59.37,14.67,76.34,10.92,4.99,2.04,2.17,0.83,9.4,0.31,0.32,0.18,2.75,0.13,9.72,18.35,63.98,65.8,25.64,50.96,55.39,56.23,27.14,52.59,50.94,60.36,45.96,21.01,2685,83.89,90.61
7592,00116060043237,6/15/2016,Cornell University,#151 MRP,T2 B BLK4 triticale,7,N9,8.95,91.05,5.03,13.25,0.69,2.12,1.5,65.58,38.86,62.18,58.58,5.13,22.58,61.45,12.93,77.93,8.93,2.92,0.96,2.13,0.67,10.77,0.38,0.38,0.21,3.2,0.17,13.25,17.23,64.15,65.99,27.8,53.3,54.94,55.73,28.07,53.59,52,60.24,49.18,24,2695,87.72,97.58
7592,00116060043238,6/15/2016,Cornell University,#152 MRP,R4 B BLK4 cereal rye,7,N9,7.96,92.04,5.15,10.89,0.71,1.74,1.69,55.1,42.9,69,66.4,6.02,28.61,56.91,18.51,72.12,7.62,1.49,0.12,2.18,0.76,9.04,0.31,0.34,0.18,2.97,0.15,10.89,13.6,62.91,64.6,24.33,49.54,53.04,53.61,24.4,49.62,47.86,58.12,41.82,17.14,2519,74.83,77.52
7592,00116060043239,6/15/2016,Cornell University,#153 MRP,T1 B BLK4 triticale,7,N9,8.61,91.39,4.83,9.81,0.63,1.57,1.29,62.08,40.21,65.46,63.35,5.36,25.83,59.23,16.43,74.06,10.18,4.99,2.2,2.06,0.71,9.2,0.29,0.32,0.17,2.82,0.13,9.81,17.22,63.74,65.53,25.34,50.63,54.73,55.49,26.26,51.62,50.24,59.73,44.93,20.05,2643,81.68,88.64
7592,00116060043240,6/15/2016,Cornell University,#154 MRP,R2 B BLK4 cereal rye,7,N9,7.97,92.03,4.96,11.11,0.79,1.78,1.73,59.23,42.93,68.67,64.73,6.12,29.18,54.92,17.32,73.24,7.07,3.02,0.35,2.47,0.79,9.89,0.33,0.34,0.2,2.91,0.15,11.11,14.21,62.9,64.59,24.52,49.74,52.5,53.01,23.71,48.88,46.93,57.46,40.5,15.89,2459,75.24,72.97
7592,00116060043241,6/15/2016,Cornell University,#155 MRP,T3 B BLK4 triticale,7,N9,8.79,91.21,4.9,11.04,0.49,1.77,1.25,63.77,37.54,62.39,60.81,4.79,23.69,61.04,16.08,73.56,10.93,5.8,1.75,2,0.81,9.09,0.33,0.32,0.18,2.8,0.15,11.04,18.5,64.57,66.45,26.97,52.4,56.79,57.79,29.68,55.34,52.53,61.55,48.96,23.79,2776,88.8,99.19
7592,00116060043242,6/15/2016,Cornell University,#156 MRP,B2 B BLK4 barley,7,N9,8.78,91.22,5.31,11.47,0.66,1.84,1.59,54.75,37.08,60.59,59.24,4.96,21.02,64.52,13.78,76.74,11.09,5.33,2.77,2.01,0.87,9.13,0.36,0.33,0.2,2.86,0.15,11.47,19.88,64.7,66.6,27.83,53.34,56.9,57.91,29.94,55.62,55.09,63.19,52.96,27.49,2911,92.11,111.52
7592,00116060043243,6/15/2016,Cornell University,#157 MRP,B4 C BLK4 barley,7,N9,8.49,91.51,5.67,9.78,0.74,1.56,1.81,32.31,36.01,55.81,54.21,5.96,21.29,60.73,18.93,65.08,13.37,6.73,6.06,2.3,1.4,8.39,0.37,0.27,0.2,2.26,0.15,9.78,27.03,65.03,66.97,29.16,54.78,58.13,59.28,30.82,56.59,57.34,66.95,55.53,29.85,3122,101.42,117.05
7592,00116060043244,6/15/2016,Cornell University,#158 MRP,R3 C BLK4 cereal rye,7,N9,7.53,92.47,5.32,6.32,0.5,1.01,1.49,22.78,49.26,73.9,72.39,8.03,38.01,47.49,25.13,65.29,11.04,4.04,0.64,1.78,0.94,7.06,0.18,0.26,0.11,2.27,0.09,6.32,13.78,60.94,62.41,20.8,45.74,50.42,50.7,18.72,43.52,41.63,55.94,29.84,5.8,2289,63.46,53.88
7592,00116060043245,6/15/2016,Cornell University,#159 MRP,B1 C BLK4 barley,7,N9,8.32,91.68,5.74,8.91,0.65,1.43,1.83,29.85,37.88,59.86,58.14,5.24,20.81,64.21,16.03,72.43,13.58,6.24,3.59,2.29,1.21,8.28,0.29,0.31,0.16,3.02,0.13,8.91,24.29,64.46,66.33,27.25,52.7,58.05,59.19,30.36,56.08,56.94,65.62,54.53,28.93,3065,92.08,115.3
7592,00116060043246,6/15/2016,Cornell University,#160 MRP,B3 C BLK4 barley,7,N9,8.38,91.62,5.44,6.7,0.59,1.07,1.2,25.07,37.31,55.13,53.55,6.55,22.03,58.86,17.77,66.82,15.44,6.2,7.93,2.31,1.48,7.43,0.32,0.25,0.17,2.16,0.1,6.7,31.04,64.64,66.53,28.38,53.93,58.44,59.63,29.95,55.64,57.77,68.25,54.76,29.15,3190,101.12,115.9
7592,00116060043247,6/15/2016,Cornell University,#161 MRP,R1 C BLK4 cereal rye,7,N9,7.64,92.36,5.35,6.6,0.48,1.06,1.65,26.52,48.2,75.57,73.23,7.04,36.47,50.2,20.79,71.61,9.92,3.44,0.21,1.95,0.87,7.99,0.16,0.29,0.12,2.7,0.1,6.6,11.96,61.27,62.78,20.23,45.13,50.76,51.07,19.35,44.18,41.78,54.88,30.22,6.16,2247,63.29,55.69
7592,00116060043248,6/15/2016,Cornell University,#162 MRP,T4 C BLK4 triticale,7,N9,7.87,92.13,5.41,7.71,0.53,1.23,1.65,29.18,41.78,66.04,65.17,6.24,29.71,54.41,17.65,72.92,12.9,5.32,2.36,2.08,1.17,7.74,0.26,0.27,0.15,2.32,0.11,7.71,18.86,63.26,64.99,24.39,49.61,54.95,55.74,25.7,51.02,49.12,60.77,42.28,17.57,2668,79.5,80.16
7592,00116060043249,6/15/2016,Cornell University,#163 MRP,T2 C BLK4 triticale,7,N9,8.03,91.97,5.44,9.21,0.53,1.47,1.79,34.96,42.64,68.18,66.86,6.05,29.77,55.47,18.21,72.76,10.24,5.93,1.73,2.24,1.13,7.59,0.23,0.3,0.14,2.54,0.12,9.21,16,62.99,64.69,24.06,49.25,54.92,55.71,26.34,51.71,48.87,60.26,42.6,17.86,2644,75.97,78.59
7592,00116060043250,6/15/2016,Cornell University,#164 MRP,R4 C BLK4 cereal rye,7,N9,7.65,92.35,5.4,6.74,0.55,1.08,1.66,28.78,49.25,75.36,73.11,7.43,36.68,49.83,22.5,69.22,9.41,1.84,0.36,1.8,0.75,7.74,0.19,0.29,0.11,2.63,0.09,6.74,12.32,60.95,62.42,20.37,45.28,50.22,50.47,18.6,43.38,41.74,55,30.21,6.15,2252,62.28,55.22
7592,00116060043251,6/15/2016,Cornell University,#165 MRP,T1 C BLK4 triticale,7,N9,7.52,92.48,5.39,7.91,0.62,1.27,1.79,32.49,42.81,68.5,66.91,6.24,32.04,52.11,20.21,69.8,11.07,7.64,1.58,2.22,1.11,8.45,0.25,0.28,0.15,2.43,0.12,7.91,16.41,62.93,64.63,23.49,48.63,53.62,54.26,23.91,49.08,46.27,58.39,37.97,13.51,2492,75.36,69.85
7592,00116060043252,6/15/2016,Cornell University,#166 MRP,R2 C BLK4 cereal rye,7,N9,7.31,92.69,5.33,6.56,0.55,1.05,1.69,25,48.96,75.37,73.72,7.43,38.22,48.16,22.16,69.94,9.84,4.85,0.65,2.01,0.87,8.05,0.18,0.29,0.11,2.66,0.1,6.56,11.49,61.04,62.52,20.3,45.21,49.89,50.1,18.04,42.79,40.28,54.07,27.78,3.83,2175,62.56,51.76
7592,00116060043253,6/15/2016,Cornell University,#167 MRP,T3 C BLK4 triticale,7,N9,8.06,91.94,5.44,9.02,0.52,1.44,1.76,33.04,41.42,65.87,64.56,6.1,29.47,54.35,17.81,72.41,11.72,6.97,2.31,2.13,1.17,7.98,0.25,0.29,0.16,2.57,0.13,9.02,18.03,63.36,65.11,24.91,50.16,55.18,56,26.61,52.01,49.18,60.72,42.99,18.23,2664,79.9,79.84
7592,00116060043254,6/15/2016,Cornell University,#168 MRP,B2 C BLK4 barley,7,N9,8.03,91.97,5.83,11.05,0.7,1.77,1.87,33.85,35.69,55.11,53.53,5.94,21.43,59.97,16.39,69.38,12.95,6.98,5.34,2.12,1.38,8.07,0.35,0.3,0.19,2.54,0.15,11.05,26.84,65.13,67.08,29.86,55.54,58.74,59.96,32.2,58.1,57.62,67.49,56.49,30.73,3150,103.25,117.75
7592,00116060043255,6/15/2016,Cornell University,#168B MRP,B2 C BLK4 silage,7,N9,9.23,90.77,6.02,9.69,0.68,1.55,1.25,28.69,25.73,37.06,36.02,4.57,14.51,59.72,11.41,68.32,15.15,8.71,8.48,3.13,2.12,7.13,0.43,0.31,0.19,2.62,0.15,9.69,45.29,68.21,70.51,36.73,63.08,67.71,69.95,43.13,70.2,67.79,78.26,70.36,43.27,3843,172.95,194.44
7592,00116060043256,6/15/2016,Cornell University,#169 MRP,B4 D BLK4 barley,7,N9,7.64,92.36,5.27,6.89,0.73,1.1,1.22,29.03,33.75,50.7,49.25,5.96,22.54,54.23,18.93,61.56,11.36,4.22,16.52,2.42,1.54,7.03,0.27,0.23,0.14,1.31,0.1,6.82,35.51,65.73,67.75,30.24,55.95,60.93,62.4,33.27,59.27,58.61,70.23,56.07,30.35,3276,115.03,119.3
7592,00116060043257,6/15/2016,Cornell University,#170 MRP,R3 D BLK4 cereal rye,7,N9,7.29,92.71,5.11,4.84,0.56,0.77,1.17,23.55,47.67,70.23,69.21,8.31,38.5,44.37,26.76,61.34,14.42,2.1,2.11,1.71,1.1,6.47,0.17,0.21,0.09,1.63,0.08,4.72,18.55,61.43,62.96,21.74,46.75,51.57,51.98,19.63,44.49,42.47,57.89,30.46,6.39,2382,68.63,53.93
7592,00116060043258,6/15/2016,Cornell University,#171 MRP,B1 D BLK4 barley,7,N9,7.95,92.05,5.56,8.67,0.6,1.39,1.64,35.87,38.42,61.29,59.52,5.49,24.52,58.8,14.4,75.81,13.91,6.64,3.7,2.07,1.21,7.96,0.27,0.28,0.16,2.65,0.13,8.67,23.28,64.29,66.14,26.61,52.01,57.56,58.65,29.62,55.28,54.01,64.23,50.1,24.85,2930,89.6,99.28
7592,00116060043259,6/15/2016,Cornell University,#172 MRP,B3 D BLK4 barley,7,N9,7.71,92.29,5.42,7.11,0.77,1.14,1.18,28.97,35.64,53.31,52.19,6.21,24.53,53,18.65,64.27,11.28,6.57,14.42,2.3,1.45,7.15,0.29,0.24,0.15,1.44,0.11,7.02,32.28,65.15,67.1,29.25,54.87,59.39,60.68,31.31,57.12,56.25,68.18,52.72,27.26,3132,106.64,108.01
7592,00116060043260,6/15/2016,Cornell University,#173 MRP,R1 D BLK4 cereal rye,7,N9,7.18,92.82,5.22,5.65,0.58,0.9,1.33,30.27,47.95,72.58,71.07,7.43,39.09,45,22.72,68.03,11.28,6.61,1.24,1.82,0.91,7.51,0.15,0.24,0.11,2.04,0.1,5.63,15.19,61.35,62.87,21.09,46.06,51.1,51.45,19.33,44.17,40.48,55.37,27.65,3.7,2226,65.94,50.54
7592,00116060043261,6/15/2016,Cornell University,#174 MRP,T4 D BLK4 triticale,7,N9,7.73,92.27,5.08,7.26,0.56,1.16,1.41,37.88,43.61,67.63,66.04,6.72,33.38,49.45,20.08,69.59,12.29,7.36,2.32,2.01,1.11,7.84,0.24,0.25,0.14,2.04,0.11,7.26,18.16,62.69,64.36,23.62,48.77,53.67,54.31,23.71,48.87,45.79,58.91,36.9,12.5,2500,75.37,66.55
7592,00116060043262,6/15/2016,Cornell University,#175 MRP,T2 D BLK4 triticale,7,N9,7.57,92.43,5.12,7.99,0.54,1.28,1.58,40.05,46.37,72.06,69.6,6.91,36.67,47.31,20.29,70.85,9.12,3.89,1.43,2.04,0.95,8.37,0.2,0.28,0.13,2.26,0.12,7.99,13.67,61.84,63.41,22.12,47.16,51.69,52.11,21.29,46.27,41.89,55.61,31.1,6.99,2266,68.33,54.44
7592,00116060043263,6/15/2016,Cornell University,#176 MRP,R4 D BLK4 cereal rye,7,N9,7.07,92.93,5.17,5.62,0.53,0.9,1.37,30.6,49.76,75.31,73.49,7.82,40.79,44.5,27.41,62.7,11.68,5.54,0.29,1.77,0.9,7.62,0.17,0.25,0.1,2.29,0.09,5.62,12.74,60.79,62.24,19.99,44.87,49.73,49.93,17.39,42.09,38.6,53.8,24.58,0.75,2119,61.8,45.58
7592,00116060043264,6/15/2016,Cornell University,#177 MRP,T1 D BLK4 triticale,7,N9,7.52,92.48,5.08,7.21,0.65,1.15,1.41,41.89,45.2,69.7,67.48,7.06,36.4,46.06,21.92,67.52,10.94,4.89,1.93,1.84,0.96,7.62,0.22,0.25,0.12,1.92,0.11,7.21,17.14,62.2,63.81,22.77,47.86,52.66,53.19,22.22,47.27,43.18,57.43,32.76,8.57,2370,71.59,56.44
7592,00116060043265,6/15/2016,Cornell University,#178 MRP,R2 D BLK4 cereal rye,7,N9,7.19,92.81,5.21,6.68,0.62,1.07,1.4,34.28,48.07,71.33,69.26,7.87,38.42,44.53,24.32,64.89,11.84,4.14,0.24,1.75,0.9,7.57,0.21,0.27,0.1,2.39,0.11,6.68,15.99,61.31,62.82,21.95,46.98,50.91,51.24,19.52,44.37,41.26,56.12,29.42,5.39,2269,67,51.19
7592,00116060043266,6/15/2016,Cornell University,#179 MRP,T3 D BLK4 triticale,7,N9,7.96,92.04,5.1,7.13,0.56,1.14,1.24,39.55,40.08,62,61,6.67,30.68,49.7,21.07,65.46,15.54,6.63,3.48,1.93,1.32,6.86,0.25,0.21,0.14,1.64,0.11,7.13,23.93,63.78,65.57,25.8,51.13,56.41,57.37,27.42,52.88,49.95,63.16,43.29,18.51,2777,86.74,79.41
7592,00116060043267,6/15/2016,Cornell University,#180 MRP,B2 D BLK4 barley,7,N9,7.98,92.02,5.46,8.53,0.74,1.36,1.45,33.65,35.95,55.04,53.95,6.19,23.56,56.33,18.65,65.43,11.26,5.85,11.83,2.28,1.44,7.24,0.31,0.25,0.16,1.8,0.13,8.53,29.29,65.05,66.99,29.04,54.65,58.92,60.16,31.32,57.13,56.67,67.78,53.98,28.42,3137,102.9,110.72
7592,00116060043268,6/15/2016,Cornell University,#181 MRP,B4 A BLK4 barley,7,N9,8.75,91.25,6.08,12.99,0.76,2.08,2.23,34.87,30.94,51.21,49.75,3.9,13.76,72.34,8.21,83.5,12.15,6.28,4.41,2.81,1.61,9.29,0.43,0.35,0.23,3.2,0.19,12.99,27.59,66.61,68.72,32.06,57.95,62.2,63.81,37.51,63.95,63.4,70.16,65.63,39.03,3420,117.54,158.51
7592,00116060043269,6/15/2016,Cornell University,#182 MRP,R3 A BLK4 cereal rye,7,N9,7.74,92.26,5.73,12.2,0.86,1.95,2.44,34.67,38.27,62.6,60.41,6.09,26.29,56.48,15.68,74.04,8.73,3.21,1.63,3.05,1.75,8.88,0.4,0.32,0.24,2.78,0.2,12.2,18.2,64.34,66.2,27.27,52.73,56.11,57.03,29.17,54.79,52.45,63.15,49.45,24.25,2840,87.95,91.21
7592,00116060043270,6/15/2016,Cornell University,#183 MRP,B1 A BLK4 barley,7,N9,8.88,91.12,6.17,12.18,0.8,1.95,1.99,34.24,28.83,45.34,44.05,3.53,9.66,78.07,6.68,84.84,14.84,7.21,5.76,2.96,1.67,8.91,0.43,0.36,0.21,3.4,0.18,12.18,34.18,67.25,69.44,34.14,60.23,64.76,66.66,40.39,67.15,67.99,74.09,71.66,44.43,3713,136.49,196.86
7592,00116060043271,6/15/2016,Cornell University,#184 MRP,B3 A BLK4 barley,7,N9,8.62,91.38,6.07,12.95,0.63,2.07,2.03,35.37,28.17,47.65,46.29,3.72,13.65,70.51,8.37,81.92,15.72,6.27,5.37,2.61,1.73,8.29,0.44,0.31,0.24,2.91,0.18,12.95,31.77,67.46,69.67,33.46,59.48,64.7,66.6,40.72,67.52,65.16,72.86,68.08,41.23,3580,130.81,168.63
7592,00116060043272,6/15/2016,Cornell University,#185 MRP,R1 A BLK4 cereal rye,7,N9,7.88,92.12,5.84,12.22,0.69,1.96,2.34,35.27,34.18,59.05,57.35,4.37,20.98,63.42,11.95,79.16,10.87,5.07,2.23,2.98,1.69,8.85,0.34,0.34,0.23,3.1,0.19,12.22,21.23,65.6,67.6,28.68,54.26,59.88,61.23,34.23,60.33,57.04,65.89,56.21,30.47,3076,97.99,115.54
7592,00116060043273,6/15/2016,Cornell University,#186 MRP,T4 A BLK4 triticale,7,N9,8.44,91.56,5.86,11.67,0.57,1.87,1.91,34.28,30.49,50.96,49.5,4.08,15.69,68.3,12.26,75.23,15.08,7.36,4.36,2.66,1.77,8.48,0.36,0.32,0.21,3.02,0.17,11.67,29.49,66.74,68.87,31.72,57.57,63.06,64.77,38.15,64.65,62.87,70.89,64.32,37.85,3437,118.68,150.78
7592,00116060043274,6/15/2016,Cornell University,#187 MRP,T2 A BLK4 triticale,7,N9,8.45,91.55,6.06,14.34,0.61,2.29,2.36,35.7,30.95,52.6,51.1,3.92,16.5,67.71,11.4,77.69,12.16,5.64,3.36,2.76,1.77,8.89,0.39,0.35,0.23,3.08,0.2,14.34,25.26,66.6,68.71,31.94,57.82,62.6,64.26,38.67,65.24,61.61,69.54,63.71,37.3,3345,114.51,143.23
7592,00116060043275,6/15/2016,Cornell University,#188 MRP,R4 A BLK4 cereal rye,7,N9,7.99,92.01,6.05,14.03,0.74,2.24,2.61,36.28,33.85,58.52,57.54,4.42,19.62,65.9,10.8,81.23,9.99,4.25,1.41,2.9,1.62,9.36,0.38,0.38,0.23,3.38,0.21,14.03,19.06,65.71,67.72,29.5,55.15,59.21,60.48,34.11,60.2,57.5,65.48,57.69,31.82,3069,99.37,121.52
7592,00116060043276,6/15/2016,Cornell University,#189 MRP,T1 A BLK4 triticale,7,N9,8.37,91.63,5.85,11.7,0.67,1.87,2.02,33.85,31.04,51.4,49.93,4.24,15.64,68.68,12.49,74.98,14.71,6.48,4.37,2.61,1.71,8.44,0.36,0.32,0.21,3.07,0.17,11.7,29.24,66.57,68.68,31.54,57.38,62.56,64.21,37.47,63.91,62.85,70.76,64.29,37.82,3431,116.9,150.33
7592,00116060043277,6/15/2016,Cornell University,#190 MRP,R2 A BLK4 cereal rye,7,N9,8.09,91.91,6.06,14.37,0.84,2.3,2.71,35.63,34.63,58.65,57.65,4.78,20.49,64.46,12.02,79.15,8.74,4.24,1.45,2.94,1.63,9.81,0.44,0.39,0.25,3.38,0.22,14.37,18.25,65.47,67.45,29.57,55.23,58.07,59.21,32.73,58.68,56.41,64.6,56.26,30.52,3001,98.4,117.09
7592,00116060043278,6/15/2016,Cornell University,#191 MRP,T3 A BLK4 triticale,7,N9,8.37,91.63,5.77,10.72,0.49,1.72,1.77,32.37,32.34,54.45,52.89,4.37,17.97,66.02,14.15,73.25,15.23,7.07,4.2,2.54,1.71,7.41,0.31,0.3,0.19,2.85,0.15,10.72,28.04,66.17,68.24,30,55.7,62.62,64.28,37.22,63.63,61.44,70.24,61.87,35.63,3377,108.65,136.5
7592,00116060043279,6/15/2016,Cornell University,#192 MRP,B2 A BLK4 barley,7,N9,8.19,91.81,6.2,14.05,0.74,2.25,2.25,35.44,28.22,47.2,45.86,3.6,13.64,70.26,9.54,79.2,13.34,6.94,4.99,2.64,1.67,8.65,0.44,0.35,0.22,3.34,0.2,14.05,31.02,67.44,69.65,34,60.08,64.55,66.43,40.94,67.76,64.86,72.47,68.13,41.28,3553,131.76,168.8
7592,00116060045932,6/15/2016,Cornell University,JOHNSON DAIRY 1,Blk1,7,N9,7.76,92.24,6.88,22.95,0.8,3.67,3.35,42.27,27.87,49.64,47.96,3.35,11.3,76.44,7.37,84.63,6.94,5.84,0.37,3.11,1.7,10.05,0.45,0.51,0.28,4.19,0.3,22.95,19.69,67.55,69.77,35.94,62.21,63.45,65.21,43.23,70.32,64.89,70.56,72,44.73,3474,126.05,172.81
7592,00116060045933,6/15/2016,Cornell University,JOHNSON DAIRY 2,Blk2,7,N9,8.09,91.91,6.59,21.97,0.7,3.52,3.26,43.51,27.88,50.47,49.58,3.07,10.81,78.2,8.13,83.6,8.18,6.12,1.1,3.27,1.69,9.53,0.39,0.5,0.25,4.08,0.27,21.97,19.49,67.55,69.77,35.29,61.5,64.06,65.89,43.62,70.76,65.48,70.84,72.38,45.07,3504,123.94,176.27
7592,00116060045934,6/15/2016,Cornell University,JOHNSON DAIRY 3,Blk3,7,N9,8.02,91.98,6.89,25.21,0.72,4.03,3.81,42.56,26.71,49.04,47.13,3.02,9.89,79.02,7.29,84.53,6.1,4.6,0.42,3.25,1.72,10.6,0.46,0.54,0.28,4.36,0.31,25.21,18.15,67.91,70.17,36.89,63.27,64.01,65.83,44.87,72.16,65.64,70.67,73.98,46.48,3499,129.32,180.53
7592,00116060045935,6/15/2016,Cornell University,JOHNSON DAIRY 4,Blk4,7,N9,8.27,91.73,6.48,21.98,0.64,3.52,3.16,45.36,27.37,49.25,47.85,2.98,10.69,77.66,8.4,82.45,8.26,6.51,1.74,3.06,1.59,9.48,0.42,0.5,0.25,4.07,0.27,21.98,21.26,67.7,69.94,35.78,62.04,64.67,66.56,44.39,71.63,65.78,71.36,72.79,45.43,3534,127.83,178.37
7592,00116060045936,6/15/2016,Cornell University,JOHNSON DAIRY 9,Blk1,7,N9,8.19,91.81,6.43,18.32,0.62,2.93,2.94,39.3,32.93,57.16,55.52,3.9,16.52,70.24,11.63,79.05,7.68,5.18,0.46,2.94,1.53,8.84,0.34,0.47,0.22,4,0.23,18.32,17.73,65.99,68.03,31.46,57.29,61.37,62.89,38.78,65.35,60.58,67.62,63.98,37.54,3240,102.97,136.65
7592,00116060045937,6/15/2016,Cornell University,JOHNSON DAIRY 10,Blk2,7,N9,7.89,92.11,6.49,19.1,0.64,3.06,3,41.31,31.4,55.45,53.86,3.7,15.93,70.42,10.95,79.67,8.65,5.45,0.24,2.98,1.54,8.99,0.35,0.48,0.23,4.05,0.25,19.1,18.51,66.46,68.56,32.38,58.3,62.05,63.65,39.96,66.66,61.19,68.2,65.18,38.63,3279,107.9,141.33
7592,00116060045938,6/15/2016,Cornell University,JOHNSON DAIRY 11,Blk3,7,N9,8.01,91.99,6.65,21.15,0.69,3.38,3.38,39.76,30.99,54.37,52.81,3.52,14.28,72.96,10.44,80.23,6.57,5.99,0.24,3.04,1.54,9.73,0.4,0.51,0.24,4.25,0.26,21.15,17.15,66.59,68.7,33.49,59.51,62.02,63.61,40.75,67.55,61.97,68.17,67.16,40.4,3296,110.95,149.83
7592,00116060045939,6/15/2016,Cornell University,JOHNSON DAIRY 12,Blk4,7,N9,8.37,91.63,6.37,19.91,0.58,3.19,2.85,45.3,31.5,55.32,54.11,3.57,13.81,74.48,10.81,80.02,7.71,5.12,0.51,2.87,1.34,9.14,0.35,0.5,0.22,4.17,0.24,19.91,17.35,66.43,68.52,32.7,58.65,61.87,63.45,40.08,66.8,62.28,68.16,67.05,40.3,3306,108.26,151.65
7592,00116060045940,6/15/2016,Cornell University,JOHNSON DAIRY 13,Blk1,7,N9,8.01,91.99,6.25,16.48,0.65,2.64,2.82,38.71,35.41,60.27,58.54,4.43,19.97,65.89,13.21,77.43,7.86,4.6,0.14,2.94,1.43,8.82,0.33,0.44,0.22,3.86,0.21,16.48,16.55,65.22,67.18,29.64,55.3,59.41,60.71,35.47,61.69,57.32,65.35,58.51,32.57,3061,94.59,117.78
7592,00116060045941,6/15/2016,Cornell University,JOHNSON DAIRY 14,Blk2,7,N9,8.23,91.77,6.29,17.51,0.61,2.8,2.82,39.12,33.5,58.08,56.41,4.1,17.28,69.37,12.65,77.57,7.86,5.08,0.17,3.03,1.54,8.47,0.34,0.46,0.22,3.96,0.23,17.51,17.89,65.82,67.84,30.83,56.6,61.12,62.61,38.12,64.62,60.21,67.57,63.09,36.74,3231,100.77,132.65
7592,00116060045942,6/15/2016,Cornell University,JOHNSON DAIRY 15,Blk3,7,N9,8.17,91.83,6.5,19.65,0.6,3.14,3.19,39.24,32.84,57.6,55.95,3.77,16.29,70.88,11.22,79.95,6.9,5.37,0.22,3.07,1.53,9.22,0.35,0.49,0.23,4.16,0.24,19.65,15.84,66.01,68.06,31.73,57.59,61.22,62.72,39.16,65.77,60.34,67.06,64.23,37.76,3209,102.1,136.36
7592,00116060045943,6/15/2016,Cornell University,JOHNSON DAIRY 16,Blk4,7,N9,8.2,91.8,6.42,18.66,0.61,2.99,3.09,38.96,33.46,58.33,56.65,3.96,17.51,69.09,11.42,79.84,7.43,5.26,0.11,3.11,1.59,9.12,0.34,0.48,0.22,4.05,0.23,18.66,16.07,65.82,67.85,31.12,56.92,60.81,62.27,38.22,64.73,59.46,66.66,62.55,36.25,3170,100.33,130.57
7592,00116060045944,6/15/2016,Cornell University,JOHNSON DAIRY 17,Blk1,7,N9,7.76,92.24,5.7,12.8,0.75,2.05,2.27,42.73,40.56,65.34,63.53,5.95,26.4,58.44,15.09,76.25,7.82,2.81,0.35,2.8,1.25,8.77,0.31,0.37,0.2,3.28,0.18,12.8,14.92,63.63,65.41,26.4,51.78,55,55.8,27.96,53.47,51.17,61.2,47.78,22.7,2731,81.73,89.04
7592,00116060045945,6/15/2016,Cornell University,JOHNSON DAIRY 18,Blk2,7,N9,7.64,92.36,5.85,14.24,0.79,2.28,2.56,40.03,38.6,63.44,61.68,5.82,24.46,60.34,17.5,71.63,7.36,3.46,0.6,2.96,1.4,8.48,0.33,0.38,0.2,3.36,0.2,14.24,15.76,64.24,66.08,27.64,53.12,56.28,57.22,30.3,56.03,53.56,63.18,52.01,26.61,2876,86.19,98.13
7592,00116060045946,6/15/2016,Cornell University,JOHNSON DAIRY 19,Blk3,7,N9,7.47,92.53,5.73,13.02,0.76,2.08,2.47,40.02,40.79,66.32,64.24,6.06,27.96,56.48,17.39,72.93,7.75,2.93,0.34,2.71,1.29,9.27,0.33,0.38,0.2,3.45,0.19,13.02,13.65,63.56,65.33,26.09,51.45,54.23,54.94,27.01,52.44,49.48,59.92,45.34,20.43,2632,80.15,82.32
7592,00116060045947,6/15/2016,Cornell University,JOHNSON DAIRY 20,Blk4,7,N9,7.39,92.61,5.75,12.73,0.78,2.04,2.46,39.04,40.34,65.88,64.13,5.9,26.97,57.94,17.3,73.02,8.07,3,0.13,2.76,1.31,9.03,0.3,0.37,0.2,3.44,0.19,12.73,14.26,63.7,65.48,26.17,51.53,54.74,55.51,27.57,53.04,50.54,60.65,46.8,21.78,2692,81.1,86.66
7592,00116060045948,6/15/2016,Cornell University,BRABANT.FARM 49,Blk1,7,N9,8.56,91.44,5.55,16.65,0.81,2.66,2.54,47.09,30.97,53.98,52.43,3.82,16.55,68.43,10.73,79.53,12.82,6.65,1.11,3.05,1.59,8.82,0.37,0.48,0.15,3.69,0.2,16.65,22.05,66.6,68.71,32.16,58.06,62.11,63.71,38.92,65.51,61.14,68.77,64.04,37.6,3301,111.46,141.06
7592,00116060045949,6/15/2016,Cornell University,BRABANT.FARM 50,Blk2,7,N9,8.35,91.65,5.86,17.9,0.89,2.86,2.76,45.47,31.3,53.8,51.84,4,15.87,69.39,10.57,79.61,11.44,5.53,0.32,3.02,1.42,9.12,0.4,0.5,0.17,3.89,0.21,17.9,21.48,66.49,68.59,32.64,58.58,61.47,63,38.58,65.14,61.31,68.56,64.81,38.29,3295,111.53,142.79
7592,00116060045950,6/15/2016,Cornell University,BRABANT.FARM 51,Blk3,7,N9,8.23,91.77,5.75,16.29,0.84,2.61,2.51,44.94,32.01,55.03,53.45,3.98,17.85,66.6,11.59,78.32,12.52,7.48,0.1,2.85,1.44,8.63,0.37,0.48,0.16,3.8,0.2,16.29,21.7,66.27,68.35,31.64,57.48,61.5,63.03,37.98,64.46,59.96,68,62.2,35.93,3237,108.09,133.05
7592,00116060045951,6/15/2016,Cornell University,BRABANT.FARM 52,Blk4,7,N9,8.03,91.97,6.07,19.55,0.94,3.13,2.99,45.22,30.55,52.78,51.27,4.08,15.62,69.53,10.21,80.09,10.54,5.75,0.3,2.96,1.45,9.51,0.44,0.52,0.2,4.07,0.24,19.55,20.21,66.72,68.85,33.59,59.62,61.19,62.69,38.91,65.5,61.27,68.37,65.48,38.89,3283,114.56,145.52
7592,00116060045952,6/15/2016,Cornell University,BRABANT.FARM 53,Blk1,7,N9,7.35,92.65,5.35,10.03,0.76,1.6,2.06,37.79,42.77,70.14,69.24,6.05,31.22,54.91,19.64,71.63,10.72,5.03,0.15,2.37,1.1,7.84,0.22,0.34,0.12,2.97,0.13,10.03,12.85,62.95,64.65,23.57,48.72,53.79,54.45,25.04,50.31,47.12,58.62,40.3,15.71,2533,73.68,73.95
7592,00116060045953,6/15/2016,Cornell University,BRABANT.FARM 54,Blk2,7,N9,7.89,92.11,5.58,12.9,0.77,2.06,2.29,41.24,36.7,61.86,60.08,4.54,23.44,60.99,14.49,75.88,12.75,6.61,0.3,2.69,1.41,8.25,0.31,0.4,0.15,3.5,0.16,12.9,18.65,64.83,66.74,27.8,53.3,58.98,60.23,33.29,59.29,54.82,64.36,53.25,27.76,2957,90.7,103.55
7592,00116060045954,6/15/2016,Cornell University,BRABANT.FARM 55,Blk3,7,N9,7.62,92.38,5.58,12.62,0.78,2.02,2.24,42.71,36.24,61.33,59.56,4.37,23.81,60.02,13.59,77.18,13.41,5.4,0.57,2.69,1.42,8.67,0.3,0.39,0.14,3.35,0.17,12.62,18.97,64.96,66.89,27.92,53.43,58.98,60.23,33.17,59.16,54.22,63.89,52.24,26.82,2919,92.18,101.73
7592,00116060045955,6/15/2016,Cornell University,BRABANT.FARM 56,Blk4,7,N9,8.05,91.95,5.47,12.09,0.72,1.93,2.18,41.69,36.72,61.94,60.15,4.58,23.57,60.81,11.98,80.08,13.88,6.39,0.34,2.68,1.4,8.25,0.28,0.39,0.14,3.38,0.15,12.09,19.29,64.82,66.73,27.51,52.99,58.89,60.13,32.84,58.8,54.68,64.28,52.67,27.22,2950,90.68,102.8
7592,00116060045956,6/15/2016,Cornell University,BRABANT.FARM 57,Blk1,7,N9,7.33,92.67,5.52,10.83,0.78,1.73,2.21,36.47,43.09,69.94,68.71,5.91,31.12,54.71,16.55,75.91,9.21,3.24,0.12,2.46,1.1,8.93,0.26,0.36,0.14,3.18,0.14,10.83,11.64,62.85,64.54,23.92,49.1,53.14,53.72,24.5,49.72,46.27,57.43,39.37,14.83,2455,73.77,72.45
7592,00116060045957,6/15/2016,Cornell University,BRABANT.FARM 58,triticale,7,N9,7.43,92.57,5.56,11.15,0.85,1.78,2.22,39.73,42.73,69,67.29,5.88,30.43,54.78,17.88,73.43,9.21,3.25,0.12,2.47,1.04,9.36,0.3,0.36,0.15,3.18,0.15,11.15,12.38,62.96,64.66,24.41,49.62,53.03,53.6,24.46,49.68,46.56,57.48,39.97,15.4,2459,75.01,73.24
7592,00116060045958,6/15/2016,Cornell University,BRABANT.FARM 59,silage,7,N9,7.23,92.77,5.36,10.25,0.82,1.64,2.04,39.12,42.47,69.03,67.03,5.93,30.87,53.95,19.93,70.27,10.56,5.36,0.21,2.36,1.06,8.14,0.25,0.35,0.13,3.13,0.13,10.25,14.56,63.04,64.75,24.09,49.28,54.21,54.92,25.69,51.01,47.44,59.05,40.89,16.26,2552,75.29,73.23
7592,00116060045959,6/15/2016,Cornell University,BRABANT.FARM 60,silage,7,N9,8.17,91.83,5.5,13.53,0.8,2.16,2.35,43.16,33.96,58.08,56.41,4.18,20.58,63.52,12.14,78.48,14.04,6.88,0.05,2.83,1.54,8.81,0.33,0.41,0.15,3.47,0.17,13.53,21.06,65.67,67.68,29.51,55.16,60.22,61.61,35.18,61.38,57.32,66.08,57.19,31.37,3089,100.21,117.43
7592,00116060045960,6/15/2016,Cornell University,VALATIE 61,Blk1,7,N9,8.13,91.87,6.53,24.22,0.35,3.88,3.52,44.26,23.12,45.12,43.84,2.46,12.65,71.15,8.88,79.74,10.24,7.6,1.79,3.04,1.96,7.84,0.45,0.47,0.25,3.55,0.3,24.22,24.66,69.02,71.41,38.13,64.64,69.24,71.65,50.94,79.03,67.14,74.95,75.62,47.94,3720,146.18,181.66
7592,00116060045961,6/15/2016,Cornell University,VALATIE 62,Blk2,7,N9,7.76,92.24,6.79,23.8,0.39,3.81,3.66,40.42,22.61,44.42,43.16,2.24,12.72,70.53,9.85,77.18,11.17,8.3,2.25,3.13,2.06,6.77,0.38,0.48,0.23,3.64,0.29,23.8,26.87,69.17,71.58,38.27,64.79,70.98,73.59,52.81,81.16,68.47,76.85,77.25,49.37,3838,149.21,185.79
7592,00116060045962,6/15/2016,Cornell University,VALATIE 63,Blk3,7,N9,7.85,92.15,6.68,24.1,0.36,3.86,3.52,42.86,21.65,43.59,42.36,2.14,11.65,72.5,8.39,80.19,10.89,7.84,2.33,3.2,2.06,6.85,0.4,0.48,0.23,3.77,0.31,24.1,27.15,69.47,71.91,38.7,65.27,71.31,73.96,53.32,81.75,69.26,77.28,78.44,50.42,3880,153.55,194.67
7592,00116060045963,6/15/2016,Cornell University,VALATIE 64,Blk4,7,N9,8.09,91.91,6.59,22.77,0.36,3.64,3.37,42.38,22.86,44.78,43.51,2.31,11.4,73.8,9.01,79.29,11.4,7.7,2.46,3.16,1.99,6.96,0.4,0.47,0.23,3.7,0.29,22.77,27.14,69.1,71.5,37.81,64.28,70.42,72.97,51.76,79.97,69.04,76.7,77.59,49.67,3852,147.69,192.43
7592,00116060045964,6/15/2016,Cornell University,VALATIE 65,Blk1,7,N9,7.94,92.06,6.49,23.85,0.36,3.82,3.4,44.74,23.66,46.56,45.24,2.36,11.32,74.98,7.46,83.51,10.35,7.56,1.7,3.09,1.85,6.9,0.38,0.48,0.22,3.59,0.29,23.85,24.56,68.85,71.22,37.45,63.88,69.78,72.26,51.42,79.58,68.63,75.91,77.47,49.57,3809,140.94,187.99
7592,00116060045965,6/15/2016,Cornell University,VALATIE 66,Blk2,7,N9,8.23,91.77,6.49,21.03,0.34,3.36,3.24,40.18,24.74,47.54,46.19,2.65,13.65,70.45,10.06,78.22,12.35,7.29,2.04,3.07,1.94,7.07,0.38,0.45,0.22,3.58,0.26,21.03,26.01,68.52,70.85,36.14,62.43,68.85,71.22,49.23,77.08,66.72,74.85,73.71,46.24,3708,136.02,171.92
7592,00116060045966,6/15/2016,Cornell University,VALATIE 67,Blk3,7,N9,8.03,91.97,6.66,22.14,0.31,3.54,3.33,39.93,22.19,45.45,44.16,2.15,10.66,75.86,7.58,82.84,12.56,7.77,2.43,3.3,2.11,5.99,0.38,0.44,0.22,3.47,0.28,22.14,27.93,69.31,71.73,37.33,63.75,71.68,74.37,53.01,81.4,70.59,78.21,79.41,51.27,3964,146.55,198.37
7592,00116060045967,6/15/2016,Cornell University,VALATIE 68,Blk4,7,N9,8.27,91.73,6.6,20.88,0.33,3.34,3.16,39.94,23.3,46.25,44.94,2.44,11.63,74.12,9.14,79.66,12.41,7.31,2.59,3.27,2.05,6.6,0.39,0.44,0.23,3.58,0.27,20.88,27.69,68.96,71.34,36.61,62.96,70.16,72.68,50.73,78.79,69.04,76.72,76.8,48.98,3855,142.05,188.22
7592,00116060045968,6/15/2016,Cornell University,VALATIE 69,Blk1,7,N9,97.69,2.31,6.34,17.4,0.33,2.78,2.95,35.8,27.74,51.85,50.37,3.17,13.14,73.91,10.65,78.86,13.79,6.94,2.54,3.05,1.98,6.28,0.31,0.39,0.2,3.08,0.22,17.4,25.92,67.59,69.82,33.24,59.24,67.45,69.66,46.1,73.54,67.22,74.75,72.84,45.48,3727,120.5,168.74
7592,00116060045969,6/15/2016,Cornell University,VALATIE 70,Blk2,7,N9,8.07,91.93,6.38,18.39,0.2,2.94,2.84,36.87,25.03,49.51,48.1,2.72,13.87,71.16,11.68,75.72,14.13,7.06,3.4,3.37,2.26,5.22,0.3,0.39,0.2,3.09,0.23,18.39,27.87,68.43,70.75,34.51,60.64,70.41,72.96,50.11,78.09,68.36,77.06,74.85,47.26,3856,130.19,171.88
7592,00116060045970,6/15/2016,Cornell University,VALATIE 71,Blk3,7,N9,7.74,92.26,6.46,19.31,0.24,3.09,3.04,37.39,24.37,49.22,47.82,2.63,14.65,69.36,11.63,75.68,13.76,7.17,3.18,3.4,2.27,5.67,0.31,0.39,0.21,3.11,0.24,19.31,26.97,68.64,70.98,34.91,61.08,70.24,72.77,50.27,78.26,67.43,76.36,73.97,46.48,3798,132.25,167.37
7592,00116060045971,6/15/2016,Cornell University,VALATIE 72,Blk4,7,N9,8.32,91.68,6.36,18.97,0.23,3.04,2.83,38.38,24.42,48,46.63,2.86,11.32,75.72,8.19,82.44,13.55,6.92,3.74,3.4,2.22,5.44,0.33,0.39,0.21,3.17,0.24,18.97,28.57,68.62,70.96,35.3,61.5,70.27,72.8,50.16,78.14,70.28,78.02,77.68,49.75,3950,135.43,189.32
7592,00116060045972,6/15/2016,Cornell University,VALATIE  73,Blk1,7,N9,7.9,92.1,6.11,15.9,0.26,2.54,2.68,35.66,29.87,55.35,53.76,3.48,14.21,73.57,10.98,79.58,14.46,6.17,2.42,3.1,1.97,6.18,0.29,0.37,0.19,2.96,0.19,15.9,23.87,66.93,69.08,31.37,57.19,66.03,68.08,43.79,70.94,65.83,73.28,70.3,43.22,3630,110.4,157.16
7592,00116060045973,6/15/2016,Cornell University,VALATIE 74,Blk2,7,N9,7.9,92.1,6.22,17.81,0.15,2.85,2.69,38.63,25.41,50.93,49.48,2.84,11.65,76.46,9.21,81.39,14.31,6.54,3.26,3.41,2.23,5.15,0.29,0.36,0.2,2.92,0.23,17.81,27.02,68.31,70.62,33.74,59.79,69.85,72.33,49.24,77.1,69.81,77.31,76.56,48.77,3910,126.43,181.92
7592,00116060045974,6/15/2016,Cornell University,VALATIE 75,Blk3,7,N9,8.12,91.88,6.14,16.18,0.16,2.59,2.53,37.21,27.99,53.78,52.24,3.29,12.91,75.29,9.97,80.92,14.8,6.07,3.13,3.26,2.13,5.33,0.27,0.36,0.2,2.87,0.2,16.18,25.65,67.51,69.73,32.09,57.98,67.89,70.15,46.23,73.69,68.07,75.55,73.5,46.06,3788,115.99,168.7
7592,00116060045975,6/15/2016,Cornell University,VALATIE 76,Blk4,7,N9,8.44,91.56,6.2,18.71,0.11,2.99,2.65,39.76,24.12,48.66,47.27,2.84,11.32,76.05,8.32,82.4,14.05,6.7,4.26,3.41,2.25,4.99,0.33,0.37,0.22,2.99,0.24,18.71,28.43,68.71,71.06,34.94,61.11,70.69,73.27,50.61,78.66,70.58,78.36,77.99,50.02,3975,134.24,189.19
7592,00116060045976,6/15/2016,Cornell University,VALATIE 77,Blk1,7,N9,7.71,92.29,6.09,14.77,0.26,2.36,2.47,35.48,30.03,55.57,53.98,3.55,15.04,72.14,11.85,78.05,15.03,5.96,2.68,3.03,1.99,5.39,0.26,0.34,0.18,2.79,0.18,14.77,25.34,66.88,69.03,30.92,56.7,66.56,68.67,43.98,71.16,65.93,73.99,69.95,42.9,3665,109.69,154.18
7592,00116060045977,6/15/2016,Cornell University,VALATIE 78,Blk2,7,N9,7.61,92.39,6.3,17.33,0.28,2.77,2.67,37.74,25.69,49.8,48.38,3.11,13.21,72.7,10.53,78.23,14.27,6.63,3.84,3.33,2.16,5.45,0.31,0.34,0.21,2.76,0.22,17.33,28.35,68.22,70.52,34.04,60.12,69.12,71.52,48.12,75.82,68.46,76.71,74.52,46.97,3845,128.7,174.42
7592,00116060045978,6/15/2016,Cornell University,VALATIE 79,Blk3,7,N9,7.99,92.01,6.29,16.66,0.26,2.67,2.48,37.58,25.53,48.89,47.5,3.16,13.54,71.49,11.13,76.57,14.8,6.65,4.46,3.34,2.2,4.97,0.31,0.34,0.21,2.9,0.21,16.66,30.15,68.28,70.58,34.19,60.28,69.75,72.22,48.62,76.39,68.84,77.57,74.76,47.18,3891,131.07,175.42
7592,00116060045979,6/15/2016,Cornell University,VALATIE 80,Blk4,7,N9,8.28,91.72,6.31,17.17,0.15,2.75,2.46,38.21,25.04,48.9,47.51,3.11,11.56,75.67,8.85,81.37,14.69,6.29,4.72,3.44,2.26,5.56,0.32,0.34,0.22,2.84,0.23,17.17,28.96,68.43,70.75,34.35,60.46,69.47,71.91,48.53,76.3,69.82,77.49,76.31,48.55,3916,131.79,186.13
7592,00116060045980,6/15/2016,Cornell University,ALTOBELLI FARM 81,Blk1,7,N9,8.67,91.33,6.52,29.9,0.32,4.78,3.44,53.28,22.28,42.79,39.05,2.04,8.65,77.85,5.29,86.45,6.57,4.95,1.29,3.21,1.47,10.06,0.42,0.6,0.28,4.32,0.33,29.9,21.96,69.28,71.7,40.87,67.68,68.68,71.03,52.49,80.8,67.93,73.79,79.02,50.93,3692,155.28,201.59
7592,00116060045981,6/15/2016,Cornell University,ALTOBELLI FARM 82,blk2,7,N9,8.65,91.35,6.6,29.63,0.37,4.74,3.5,51.67,23.14,44.29,40.96,2.26,8.56,79.1,4.9,88.04,5.99,4.52,0.9,3.18,1.51,9.86,0.41,0.6,0.28,4.55,0.33,29.63,20.54,69.01,71.4,40.19,66.93,67.95,70.22,51.51,79.68,67.91,73.5,78.9,50.82,3682,148.88,199.36
7592,00116060045982,6/15/2016,Cornell University,ALTOBELLI FARM 83,blk3,7,N9,9.17,90.83,6.28,30.11,0.23,4.82,3.09,56.43,22.32,42.71,38.01,2.08,8.65,77.24,4.1,89.21,6.98,5.65,1.6,3.28,1.46,9.69,0.42,0.6,0.27,4.33,0.33,30.11,22.82,69.26,71.68,40.97,67.8,69.26,71.68,53.28,81.7,68.34,74.47,79.66,51.49,3732,155.77,201.13
7592,00116060045983,6/15/2016,Cornell University,ALTOBELLI FARM 84,blk4,7,N9,8.6,91.4,6.69,28.51,0.37,4.56,3.48,49.42,23.1,44.52,43.53,2.2,10.32,76.29,6.43,85.23,6.04,4.56,0.92,3.19,1.55,8.97,0.41,0.59,0.26,4.54,0.33,28.51,19.92,69.02,71.41,39.74,66.42,68.26,70.56,51.43,79.59,67.1,73.33,77.33,49.45,3652,148.42,193.44
7592,00116060045984,6/15/2016,Cornell University,ALTOBELLI FARM 85,blk1,7,N9,8.62,91.38,6.44,26.88,0.34,4.3,3.15,50.97,23.15,44.87,42.9,2.3,10.99,74.38,6.94,83.82,8.26,6.31,1.33,3.15,1.57,8.67,0.39,0.55,0.25,4.11,0.31,26.88,22.13,69.01,71.4,39.1,65.71,68.47,70.8,51.06,79.17,66.99,73.74,76.51,48.72,3665,146.68,187.28
7592,00116060045985,6/15/2016,Cornell University,ALTOBELLI FARM 86,blk2,7,N9,8.71,91.29,6.46,27.05,0.32,4.33,3.32,50.13,24.64,47.35,44.49,2.38,8.91,79.97,6.2,86.06,6.71,6.16,0.8,3.3,1.57,9.26,0.38,0.56,0.26,4.32,0.31,27.05,19.95,68.55,70.88,38.16,64.67,67.39,69.59,49.85,77.8,67.73,73.12,77.57,49.66,3663,136.72,191.92
7592,00116060045986,6/15/2016,Cornell University,ALTOBELLI FARM 87,blk3,7,N9,8.79,91.21,6.44,27.55,0.3,4.41,3.2,51.91,23.62,44.97,42.11,2.53,9.63,77.13,6.5,84.56,7.52,5.94,1.3,3.25,1.57,8.79,0.4,0.56,0.26,4.23,0.31,27.55,22.18,68.86,71.23,39.26,65.89,68.23,70.53,51.05,79.16,68.03,74.28,78.18,50.2,3719,145.92,194.01
7592,00116060045987,6/15/2016,Cornell University,ALTOBELLI FARM 88,blk4,7,N9,8.62,91.38,6.53,24.59,0.31,3.93,3.12,46.85,24.14,46.89,45.56,2.3,10.11,77.81,7.71,83.08,8.86,6.58,1.29,3.16,1.66,7.91,0.38,0.52,0.24,4.12,0.28,24.59,22.4,68.71,71.06,37.56,64,68.59,70.93,50.32,78.32,68.12,74.36,77.08,49.22,3729,139.09,191.23
7592,00116060045988,6/15/2016,Cornell University,ALTOBELLI FARM 93,blk1,7,N9,8.48,91.52,6.25,23.84,0.25,3.81,2.88,48.03,22.13,44.28,43,2.27,11.62,72.98,7.49,82.58,11.53,6.05,3.04,3.39,1.97,7.56,0.36,0.48,0.25,3.63,0.28,23.84,25.51,69.33,71.75,38.35,64.88,70.04,72.54,51.78,79.99,68.12,75.7,76.79,48.97,3782,150.54,190.44
7592,00116060045989,6/15/2016,Cornell University,ALTOBELLI FARM 94,BLK2,7,N9,8.23,91.77,6.45,21.76,0.32,3.48,3.1,40.95,26.09,49.62,48.2,2.76,11.65,75.83,7.91,83.59,10.94,6.62,1.87,3.12,1.9,7.28,0.33,0.47,0.22,3.8,0.26,21.76,22.96,68.11,70.39,35.56,61.79,67.85,70.11,48.33,76.06,67.51,74.32,75.08,47.46,3713,128.65,178.73
7592,00116060045990,6/15/2016,Cornell University,ALTOBELLI FARM 95,blk3,7,N9,8.2,91.8,6.41,22.99,0.29,3.68,3.01,44.63,24.16,46.76,45.43,2.53,9.99,78.01,6.72,85.21,10.62,6.47,2.57,3.3,1.91,7.09,0.33,0.48,0.23,3.78,0.27,22.99,24.59,68.7,71.05,37.1,63.49,69.26,71.68,50.51,78.54,69.38,76,78.13,50.15,3836,139.62,195.12
7592,00116060045991,6/15/2016,Cornell University,ALTOBELLI FARM 96,blk4,7,N9,8.33,91.67,6.38,19.5,0.35,3.12,2.87,40.1,26.97,50.83,49.38,2.94,12.81,74.06,10.17,79.4,11.99,6.31,2.22,3.16,1.89,7.22,0.31,0.45,0.22,3.64,0.24,19.5,23.88,67.83,70.08,34.33,60.44,67.1,69.27,46.51,74.01,66.49,73.65,72.73,45.38,3657,124.2,169.77
7592,00116060045992,6/15/2016,Cornell University,ALTOBELLI FARM 97,blk1,7,N9,8.09,91.91,6.28,19.8,0.3,3.17,2.85,40.86,27.51,52.78,51.27,3.02,12.05,76.5,9.47,81.53,11.55,6.02,1.47,3.17,1.88,6.87,0.31,0.43,0.22,3.41,0.23,19.8,22.03,67.67,69.9,33.66,59.7,66.83,68.97,46.32,73.8,67.03,73.63,73.6,46.15,3673,118.73,171.05
7592,00116060045993,6/15/2016,Cornell University,ALTOBELLI FARM 98,blk2,7,N9,8.49,91.51,6.25,21.12,0.28,3.38,2.83,43.94,27.2,51.76,50.63,3.18,11.65,76.99,8.61,82.99,10.88,5.78,1.96,3.22,1.87,7.25,0.32,0.44,0.23,3.44,0.25,21.12,20.96,67.76,70,34.5,60.62,66.38,68.47,46.32,73.79,66.99,73.37,74.1,46.6,3659,121.77,174.67
7592,00116060045994,6/15/2016,Cornell University,ALTOBELLI FARM 99,blk3,7,N9,8.34,91.66,6.12,19.85,0.23,3.18,2.53,44.69,26.1,50.14,48.71,2.93,11.32,76.76,8.01,83.56,11.81,5.79,2.86,3.19,1.84,6.48,0.32,0.42,0.22,3.4,0.24,19.85,24.65,68.1,70.38,34.73,60.88,68.03,70.31,47.81,75.48,68.27,75.09,75.3,47.66,3769,127.04,181.17
7592,00116060045995,6/15/2016,Cornell University,ALTOBELLI FARM 100,blk4,7,N9,8.31,91.69,6.26,19.38,0.33,3.1,2.67,41.23,25.83,49.82,48.4,2.87,12.65,73.86,9.9,79.55,12.13,6.09,2.66,3.33,1.96,6.69,0.33,0.42,0.23,3.55,0.24,19.38,25.24,68.18,70.47,34.71,60.85,68.07,70.35,47.64,75.28,67.32,74.78,73.82,46.35,3728,128.5,173.82
7592,00116060045997,6/15/2016,Cornell University,PLESSIS 105,blk1,7,N9,8.08,91.92,6.62,19.48,0.59,3.12,3.19,36.7,29.48,54.2,52.65,3.33,14.98,71.55,10.61,79.85,9.24,6.51,1.78,3.02,1.74,8.9,0.36,0.46,0.22,3.79,0.24,19.48,19.42,67.05,69.22,33.01,58.99,63.49,65.25,41.94,68.88,62.53,69.45,67.24,40.47,3368,112.97,148.49
