"","Year","State","Site","Species","Cultivar","GS.Zadoks","Sampling.date","Block","YIELD.Mg.ha","CP","ADF","aNDF","NDFD48","RFQ.x","Account.","Sample.","Date_Processed","Sampled_By","Sampled_For","Description1","Product_Type","Test_Mode","Moisture","Dry_Matter","pH","AD.ICP","ND.ICP_w.oNa2SO3","ND.ICP_w.Na2SO3","SP.CP","aNDFom","Lignin","uNDFom48","uNDFom240","NDFD240","WSC.Sugar.","ESC.Sugar.","Starch","EE.Fat.","TFA.Fat.","Ash","Ca","P","Mg","K","S","Adj_CP","NFC","TDN_ADF","NEL3x_ADF","NEG_ADF","NEM_ADF","TDN_OARDC","NEL3x_OARDC","NEG_OARDC","NEM_OARDC","TDN_Milk2013","NEL3x_Milk2013","NEM_Milk2013","NEG_Milk2013","Milk.Ton_Milk2013","RFV","RFQ.y"
"1",2015,"NY","Musgrave","Barley","Verdant",30,"5/1/15","Blk1",0.332143522,21.98,19.33,32.89,59.69,187.4677047,7592,116060046426,"6/22/2016","Cornell University","MUSGRAVE 701","B1 Date1 Blk1",7,"N9",9.84,90.16,7.1,0.91,3.52,3.37,33.48,31.98,3.55,12.89,9.9,69.04,13.61,9.98,7.35,2.65,2.1,7.65,0.66,0.39,0.31,2.79,0.27,21.98,38.66,70.19,72.71,42.45,69.44,70.5,73.06,51.3,79.44,69.7,79.74,78.16,50.17,3938,208.93,222.05
"2",2015,"NY","Musgrave","Barley","Verdant",31,"5/1/15","Blk2",0.265714817,18.3,20.91,34.56,64.52,191.9908338,7592,116060046427,"6/22/2016","Cornell University","MUSGRAVE 702","B1 Date1 Blk2",7,"N9",8.94,91.06,6.89,0.95,2.93,2.79,33.28,33.6,3.53,11.92,9.64,71.31,16.21,9.11,6.43,2.73,2,8.3,0.63,0.33,0.31,2.68,0.25,18.3,39.59,69.7,72.17,40.55,67.32,68.99,71.38,48.03,75.72,69.24,78.41,75.98,48.25,3892,195.32,219.99
"3",2015,"NY","Musgrave","Barley","Verdant",31,"5/1/15","Blk3",0.392030005,22.36,18.38,32.7,67.57,192.0094841,7592,116060046428,"6/22/2016","Cornell University","MUSGRAVE 703","B1 Date1 Blk3",7,"N9",8.9,91.1,6.94,0.74,3.58,3.5,36.36,31.79,2.63,10.31,7.2,77.35,13.98,9.85,7.07,2.93,2.14,8.65,0.57,0.42,0.28,3.27,0.28,22.36,37.56,70.48,73.04,42.65,69.67,71.26,73.9,52.42,80.72,70.71,79.38,79.67,51.5,3979,212.18,241.01
"4",2015,"NY","Musgrave","Barley","Valor",30,"5/1/15","Blk1",0.086055367,22.03,19.88,33.5,59.96,189.1385612,7592,116060046457,"6/22/2016","Cornell University","MUSGRAVE 733","B2 Date1 Blk1",7,"N9",9.75,90.25,7.1,0.92,3.52,3.34,34.14,32.57,3.62,13.04,10.15,68.84,13.2,9.79,7.28,2.71,2.13,7.35,0.64,0.39,0.3,2.7,0.27,22.03,38.26,70.02,72.52,42.2,69.16,70.53,73.09,51.35,79.5,69.79,79.91,78.29,50.29,3952,203.73,218.99
"5",2015,"NY","Musgrave","Barley","Valor",32,"5/1/15","Blk2",0.143425612,24.5,16.42,30.55,57.42,184.7259476,7592,116060046458,"6/22/2016","Cornell University","MUSGRAVE 734","B2 Date1 Blk2",7,"N9",9.37,90.63,7.07,0.75,3.92,3.69,35.92,29.71,2.62,12.65,9.93,66.58,13.2,10.92,8.16,2.96,2.27,7.34,0.62,0.42,0.3,3.03,0.29,24.5,38.87,71.09,73.71,44.25,71.46,73.41,76.3,55.73,84.52,70.9,81.33,80.82,52.5,4021,231.87,237.6
"6",2015,"NY","Musgrave","Barley","P919",31,"5/1/15","Blk1",0.514822458,21.48,17.76,31.97,64.64,194.7848411,7592,116060046486,"6/22/2016","Cornell University","MUSGRAVE 765","B3 Date1 Blk1",7,"N9",8.91,91.09,6.92,0.63,3.44,3.07,37.34,31.08,2.57,10.99,8.21,73.58,15.35,10.02,7.33,2.97,2.15,7.67,0.54,0.4,0.27,3.11,0.26,21.48,39.69,70.67,73.25,42.68,69.71,72.52,75.31,53.59,82.06,71.19,80.61,79.94,51.74,4035,218.2,241.85
"7",2015,"NY","Musgrave","Barley","P919",31,"5/1/15","Blk2",0.041769564,20.4,19,31.13,48.66,179.425981,7592,116060046487,"6/22/2016","Cornell University","MUSGRAVE 766","B3 Date1 Blk2",7,"N9",10.12,89.88,6.95,0.77,3.26,2.87,35.05,30.27,3.67,15.54,11.32,62.6,16.64,10.33,8.52,2.35,1.92,7.11,0.68,0.37,0.3,2.85,0.24,20.4,42.17,70.29,72.82,42.69,69.71,71.15,73.78,51.49,79.66,68.26,79.83,75.53,47.85,3842,221.15,209.48
"8",2015,"NY","Musgrave","Barley","P919",32,"5/1/15","Blk3",0.398572226,22.73,18.28,34.51,69.24,192.7410096,7592,116060046488,"6/22/2016","Cornell University","MUSGRAVE 767","B3 Date1 Blk3",7,"N9",9.04,90.96,6.79,0.74,3.64,3.2,41.22,33.55,2.55,10.32,7.5,77.65,13.47,9.2,5.84,2.68,1.9,8.46,0.61,0.41,0.29,3.34,0.29,22.73,35.56,70.51,73.07,41.99,68.93,70.7,73.28,51.89,80.12,70.11,78.44,79,50.91,3931,201.41,231.22
"9",2015,"NY","Musgrave","Barley","P919",31,"5/1/15","Blk4",0.084545624,21.2,17.78,30.85,57.83,192.8219518,7592,116060046489,"6/22/2016","Cornell University","MUSGRAVE 768","B3 Date1 Blk4",7,"N9",10.36,89.64,6.84,0.66,3.39,2.96,35.9,30,3.11,12.65,9.52,68.27,15.55,10.05,8.76,2.97,2.25,6.77,0.64,0.37,0.3,2.61,0.25,21.2,41.74,70.66,73.24,43.06,70.13,72.94,75.77,53.96,82.48,71.16,81.8,79.8,51.61,4055,226.31,237.1
"10",2015,"NY","Musgrave","Barley","Thoroughbred",31,"5/1/15","Blk1",0.155503558,20.66,19.71,33.81,61.58,186.6319062,7592,116060046517,"6/22/2016","Cornell University","MUSGRAVE 797","B4 Date1 Blk1",7,"N9",9.86,90.14,6.79,0.72,3.31,3.04,36.54,32.87,3.4,12.63,9.55,70.95,14.58,9.32,8.07,2.76,2.01,8.19,0.62,0.38,0.31,2.82,0.25,20.66,38.31,70.07,72.58,41.63,68.53,69.91,72.4,50.16,78.14,68.98,78.57,76.62,48.82,3879,202.41,217.68
"11",2015,"NY","Musgrave","Barley","Thoroughbred",31,"5/1/15","Blk2",0.359822148,22.36,18.45,33.13,65.14,186.665878,7592,116060046518,"6/22/2016","Cornell University","MUSGRAVE 798","B4 Date1 Blk2",7,"N9",8.96,91.04,6.97,0.75,3.58,3.37,37.84,32.21,2.68,11.23,8.34,74.11,13.78,9.74,6.78,2.86,2.02,8.82,0.59,0.41,0.29,3.23,0.27,22.36,36.96,70.46,73.01,42.46,69.46,70.7,73.28,51.75,79.95,69.6,78.47,78.17,50.18,3901,209.15,229.99
"12",2015,"NY","Musgrave","Barley","Thoroughbred",31,"5/1/15","Blk3",0.082532633,21.17,18.53,31.55,58.38,186.1054238,7592,116060046519,"6/22/2016","Cornell University","MUSGRAVE 799","B4 Date1 Blk3",7,"N9",9.95,90.05,6.79,0.79,3.39,3.04,36.32,30.68,3.3,12.77,9.55,68.87,14.41,9.62,9.6,2.6,1.97,7.91,0.65,0.37,0.32,2.66,0.24,21.17,40.31,70.44,72.99,42.76,69.79,70.87,73.47,51.46,79.63,69.52,79.59,77.57,49.65,3917,219.37,228.01
"13",2015,"NY","Musgrave","Barley","Thoroughbred",31,"5/1/15","Blk4",0.341201981,21,19.22,33.16,66.97,196.8205731,7592,116060046520,"6/22/2016","Cornell University","MUSGRAVE 800","B4 Date1 Blk4",7,"N9",9.46,90.54,6.81,0.63,3.36,3.03,37.81,32.24,2.79,10.65,6.98,78.35,13.88,9.76,8.12,3.09,2.13,7.96,0.56,0.41,0.28,3.06,0.26,21,38.7,70.22,72.75,42.01,68.95,71.51,74.18,52.22,80.49,70.9,79.88,79.36,51.23,4007,207.46,237.65
"14",2015,"NY","Musgrave","Cereal.rye","Huron",31,"5/1/15","Blk1",0.536462112,21.67,21.31,40.04,69.67,193.0299247,7592,116060046548,"6/23/2016","Cornell University","MUSGRAVE 829","R1 Date1 Blk1",7,"N9",8.69,91.31,6.92,0.75,3.47,3.53,35.26,38.91,2.94,11.8,8.81,77.36,12.16,8.55,4.96,3.33,2.21,7.88,0.49,0.42,0.3,3.26,0.27,21.67,31.86,69.58,72.03,39.37,66.01,69.53,71.98,50.11,78.09,69.11,77.53,77.23,49.36,3875,168.14,202.06
"15",2015,"NY","Musgrave","Cereal.rye","Huron",32,"5/1/15","Blk2",0.550553049,19.1,22.57,41.73,69.08,193.8577603,7592,116060046549,"6/23/2016","Cornell University","MUSGRAVE 830","R1 Date1 Blk2",7,"N9",8.82,91.18,6.59,0.7,3.06,2.99,36.81,40.55,3.08,12.54,9.55,76.45,13.42,8.06,5.57,3.26,2.1,7.58,0.48,0.39,0.29,3.09,0.24,19.1,32.66,69.19,71.6,37.84,64.32,68.85,71.22,48.3,76.03,68.31,76.85,75.07,47.45,3827,159.23,192.78
"16",2015,"NY","Musgrave","Cereal.rye","Huron",32,"5/1/15","Blk3",1.283785036,21.65,22.05,42.28,73.9,190.8750165,7592,116060046550,"6/23/2016","Cornell University","MUSGRAVE 831","R1 Date1 Blk3",7,"N9",8.16,91.84,6.69,0.75,3.46,3.2,43.46,41.08,2.84,10.72,6.99,82.98,11.28,7.08,3.8,3.03,1.8,9.12,0.48,0.43,0.29,3.54,0.28,21.65,28.55,69.34,71.77,38.45,64.99,67.28,69.47,47.4,75.01,67.65,74.63,75.22,47.59,3719,157.9,197.55
"17",2015,"NY","Musgrave","Cereal.rye","Huron",31,"5/1/15","Blk4",0.167078256,19.44,21.65,39.36,66.54,196.5071392,7592,116060046551,"6/23/2016","Cornell University","MUSGRAVE 832","R1 Date1 Blk4",7,"N9",9.52,90.48,6.75,0.72,3.11,3.09,34.77,38.25,3.3,12.8,9.71,74.61,13.98,8.53,7.38,3.17,2.04,6.86,0.49,0.39,0.28,2.92,0.24,19.44,35.5,69.47,71.91,38.93,65.52,69.8,72.28,49.55,77.45,69.22,78.47,76.43,48.66,3912,170.3,199.83
"18",2015,"NY","Musgrave","Cereal.rye","Spooner",32,"5/1/15","Blk1",0.485634088,19.89,21.36,39.52,72.27,203.2783677,7592,116060046579,"6/23/2016","Cornell University","MUSGRAVE 861","R2 Date1 Blk1",7,"N9",9.05,90.95,6.78,0.62,3.18,3.09,36.2,38.41,2.92,10.65,8.06,79.02,14.14,8.57,5.98,3.24,2.12,7.39,0.47,0.4,0.28,3.13,0.25,19.89,34.28,69.56,72.01,39.02,65.62,70.07,72.58,50.1,78.07,70.34,78.5,78.14,50.16,3957,170.29,213.3
"19",2015,"NY","Musgrave","Cereal.rye","Spooner",32,"5/1/15","Blk2",0.277289516,21.43,19.91,36.64,67.28,194.0035895,7592,116060046580,"6/23/2016","Cornell University","MUSGRAVE 862","R2 Date1 Blk2",7,"N9",9.06,90.94,6.89,0.67,3.43,3.48,34.39,35.61,2.93,11.65,8.63,75.77,14.12,9.32,6.08,3.32,2.28,7.69,0.53,0.4,0.31,3.05,0.26,21.43,35.47,70.01,72.51,40.69,67.48,70.84,73.44,51.6,79.78,70.13,79.13,78.51,50.48,3961,186.6,216.5
"20",2015,"NY","Musgrave","Cereal.rye","Spooner",32,"5/1/15","Blk3",0.431786578,16.63,21.98,38.56,66.25,199.1110879,7592,116060046581,"6/23/2016","Cornell University","MUSGRAVE 863","R2 Date1 Blk3",7,"N9",9.01,90.99,6.45,0.53,2.66,2.4,38,37.48,3.28,12.65,9.15,75.59,15.24,8.14,6.35,3.34,2.21,6.92,0.47,0.35,0.27,2.78,0.22,16.63,38.16,69.37,71.8,38.35,64.88,70.16,72.68,48.97,76.79,69.46,78.86,75.59,47.91,3935,173.05,203.39
"21",2015,"NY","Musgrave","Cereal.rye","Spooner",31,"5/1/15","Blk4",0.169091247,20.87,18.18,32.21,58.72,192.2764118,7592,116060046582,"6/23/2016","Cornell University","MUSGRAVE 864","R2 Date1 Blk4",7,"N9",9.84,90.16,6.8,0.67,3.34,2.9,36.46,31.32,3.36,12.93,10.52,66.41,13.18,9.51,7.87,3.12,2.24,6.76,0.57,0.38,0.31,2.62,0.24,20.87,40.71,70.55,73.11,42.38,69.37,72.13,74.87,52.89,81.26,70.67,81.22,79.01,50.92,4025,216.11,227.76
"22",2015,"NY","Musgrave","Cereal.rye","Aroostook",32,"5/1/15","Blk1",0.699514386,23.31,22.4,41.85,71.97,191.3222796,7592,116060046609,"6/23/2016","Cornell University","MUSGRAVE 893","R3 Date1 Blk1",7,"N9",8.78,91.22,6.97,0.7,3.73,3.73,36.64,40.67,2.69,11.4,8.66,78.71,10.91,8.63,3.47,3.34,2.13,8.37,0.47,0.47,0.28,3.71,0.28,23.31,28.25,69.24,71.65,39.15,65.77,69.03,71.42,50.18,78.16,68.49,76.22,77.07,49.22,3808,158.96,197.82
"23",2015,"NY","Musgrave","Cereal.rye","Aroostook",32,"5/1/15","Blk2",0.539481599,19.14,23.44,43.16,72.25,203.6031063,7592,116060046610,"6/23/2016","Cornell University","MUSGRAVE 894","R3 Date1 Blk2",7,"N9",9.3,90.7,6.53,0.5,3.06,2.9,37.15,41.94,2.95,11.64,8.46,79.83,14.44,7.99,4.61,3.34,2.2,6.81,0.44,0.4,0.27,3.14,0.23,19.14,31.81,68.92,71.3,37.28,63.7,69.75,72.22,49.49,77.38,69.56,77.77,76.78,48.96,3910,152.23,196.69
"24",2015,"NY","Musgrave","Cereal.rye","Aroostook",32,"5/1/15","Blk3",0.961706469,20.76,23.63,43.42,69.57,186.3717792,7592,116060046611,"6/23/2016","Cornell University","MUSGRAVE 895","R3 Date1 Blk3",7,"N9",8.65,91.35,6.52,0.64,3.32,3.22,40.37,42.19,2.9,12.84,9.77,76.84,12.55,7.93,3.87,3.23,2.01,8.41,0.46,0.43,0.27,3.39,0.25,20.76,28.85,68.86,71.23,37.71,64.17,67.93,70.19,47.88,75.56,66.86,74.9,73.79,46.32,3705,150.82,183.7
"25",2015,"NY","Musgrave","Cereal.rye","Aroostook",32,"5/1/15","Blk4",0.413166411,21.41,22.09,40.94,69.03,197.9307711,7592,116060046612,"6/23/2016","Cornell University","MUSGRAVE 896","R3 Date1 Blk4",7,"N9",9.51,90.49,6.71,0.56,3.43,3.22,37.18,39.78,2.85,12.32,9.28,76.67,13.1,8.66,5.24,3.35,2.18,6.82,0.47,0.42,0.28,3.18,0.25,21.41,32.03,69.34,71.76,38.91,65.5,70.56,73.12,51.31,79.46,69.44,78.27,77.57,49.66,3918,162.83,198.43
"26",2015,"NY","Musgrave","Cereal.rye","LakeviewVNS",31,"5/1/15","Blk1",0.664790291,19.92,20.57,39.13,67.6,198.2625742,7592,116060046640,"6/23/2016","Cornell University","MUSGRAVE 925","R4 Date1 Blk1",7,"N9",8.93,91.07,6.75,0.64,3.19,3.04,36.75,38.03,2.83,12.32,8.58,77.44,15.31,8.52,5.44,3.25,2.14,6.78,0.47,0.38,0.28,3.02,0.24,19.92,35.17,69.8,72.28,39.17,65.79,70.91,73.51,51.1,79.21,69.77,78.92,77.39,49.49,3949,173.44,204.5
"27",2015,"NY","Musgrave","Cereal.rye","LakeviewVNS",31,"5/1/15","Blk2",0.204821838,20.41,20.35,36.51,63.68,193.4263708,7592,116060046641,"6/23/2016","Cornell University","MUSGRAVE 926","R4 Date1 Blk2",7,"N9",9.74,90.26,6.84,0.74,3.27,3.11,34.3,35.49,3.11,12.89,10.36,70.81,14.67,9.41,6.73,3.41,2.23,7.02,0.54,0.39,0.3,2.84,0.24,20.41,36.96,69.87,72.36,40.41,67.17,70.98,73.59,51.33,79.47,69.72,79.48,77.54,49.63,3955,186.31,209.29
"28",2015,"NY","Musgrave","Cereal.rye","LakeviewVNS",32,"5/1/15","Blk3",0.519351688,22.47,20.86,39.46,73.09,203.7318193,7592,116060046642,"6/23/2016","Cornell University","MUSGRAVE 927","R4 Date1 Blk3",7,"N9",9.33,90.67,6.51,0.57,3.6,2.95,45.93,38.35,2.65,10.32,7.47,80.52,12.22,7.87,4.78,3.3,1.89,7.23,0.49,0.44,0.27,3.38,0.27,22.47,32.01,69.71,72.18,39.86,66.56,70.49,73.05,51.62,79.8,70.29,78.22,79.13,51.03,3945,171.21,214.61
"29",2015,"NY","Musgrave","Cereal.rye","LakeviewVNS",31,"5/1/15","Blk4",0.065422209,22.03,19.12,34.77,60.59,190.5768445,7592,116060046643,"6/23/2016","Cornell University","MUSGRAVE 928","R4 Date1 Blk4",7,"N9",10.49,89.51,7,0.75,3.52,3.27,34.32,33.8,3.28,13.32,9.11,73.05,14.85,9.52,7.68,3.05,2.13,6.77,0.6,0.4,0.33,2.8,0.24,22.03,37.54,70.25,72.78,41.66,68.56,71.4,74.06,52.45,80.75,69.87,80.11,78.4,50.38,3970,197.93,213.24
"30",2015,"NY","Musgrave","Triticale","TriCal815",31,"5/1/15","Blk1",1.013037741,18.09,20.83,36.2,71.21,201.9502095,7592,116060046671,"6/23/2016","Cornell University","MUSGRAVE 957","T1 Date1 Blk1",7,"N9",9.02,90.98,6.22,0.55,2.89,2.46,44.11,35.19,2.91,10.13,7.8,77.83,14.08,8.09,5.69,3.1,2.15,8.13,0.53,0.36,0.28,2.84,0.23,18.09,37.9,69.72,72.19,39.81,66.5,70.18,72.7,49.56,77.46,70.48,78.72,77.59,49.67,3964,186.46,227.11
"31",2015,"NY","Musgrave","Triticale","TriCal815",31,"5/1/15","Blk2",0.203815343,16.13,20.66,32.85,53.82,190.9466103,7592,116060046672,"6/23/2016","Cornell University","MUSGRAVE 958","T1 Date1 Blk2",7,"N9",10.3,89.7,6.46,0.72,2.58,2.32,33.48,31.94,4,14.75,11.49,64.03,17.04,9.02,8.09,3.01,2.2,6.55,0.62,0.3,0.32,2.24,0.19,16.13,44.5,69.78,72.25,40.58,67.36,70.86,73.46,49.51,77.4,69.29,80.66,75.15,47.52,3945,206.01,210.59
"32",2015,"NY","Musgrave","Triticale","TriCal815",32,"5/1/15","Blk3",0.720147545,17.41,22.82,39.04,66.66,190.9632678,7592,116060046673,"6/23/2016","Cornell University","MUSGRAVE 959","T1 Date1 Blk3",7,"N9",9.34,90.66,5.8,0.55,2.79,2.09,51.35,37.94,3.13,12.65,9.87,73.99,15.98,7.06,5.17,3.07,1.89,8.16,0.52,0.36,0.26,2.92,0.22,17.41,35.69,69.11,71.51,38.4,64.93,68.57,70.91,47.35,74.95,67.59,76.33,73.36,45.94,3775,169.25,197.44
"33",2015,"NY","Musgrave","Triticale","TriCal815",31,"5/1/15","Blk4",0.237532943,17.26,19.68,33.32,58.88,193.1957395,7592,116060046674,"6/23/2016","Cornell University","MUSGRAVE 960","T1 Date1 Blk4",7,"N9",10.14,89.86,6.48,0.65,2.76,2.52,34.36,32.39,3.43,13.32,9.47,70.76,16.49,8.85,7.89,3.24,2.34,7,0.58,0.32,0.33,2.55,0.21,17.26,42.53,70.08,72.59,40.75,67.55,71.43,74.09,50.67,78.73,70.04,80.6,76.66,48.85,3987,205.31,219.18
"34",2015,"NY","Musgrave","Triticale","TriCal718",31,"5/1/15","Blk1",0.296916178,21.61,18.9,34.54,62.66,184.1883048,7592,116060046700,"6/23/2016","Cornell University","MUSGRAVE 989","T2 Date1 Blk1",7,"N9",9.59,90.41,6.77,0.75,3.46,3.39,33.41,33.58,3,12.54,8.21,75.55,13.95,9.29,7.23,3.28,2.52,8.4,0.64,0.38,0.35,2.71,0.27,21.61,36.28,70.32,72.86,41.62,68.52,70.8,73.39,51.6,79.79,69.43,78.99,77.67,49.74,3915,199.54,217.01
"35",2015,"NY","Musgrave","Triticale","TriCal718",31,"5/1/15","Blk2",0.157013301,20.47,19.54,34.72,59.56,178.8589953,7592,116060046701,"6/23/2016","Cornell University","MUSGRAVE 990","T2 Date1 Blk2",7,"N9",9.76,90.24,6.88,0.75,3.28,3.23,31.27,33.75,3.32,13.65,8.99,73.36,15.03,9.16,7.22,3.03,2.35,8.69,0.68,0.35,0.37,2.6,0.26,20.47,36.97,70.13,72.64,41.19,68.04,69.7,72.17,49.85,77.79,68.08,77.93,75.35,47.69,3820,197.62,206.07
"36",2015,"NY","Musgrave","Triticale","TriCal718",31,"5/1/15","Blk3",0.270747295,17.99,19.77,33.32,57.52,191.9846444,7592,116060046702,"6/23/2016","Cornell University","MUSGRAVE 991","T2 Date1 Blk3",7,"N9",9.73,90.27,6.65,0.69,2.88,2.54,32.63,32.39,3.45,13.76,11.43,64.71,17.75,9.36,7.24,3.04,2.35,6.79,0.62,0.31,0.33,2.32,0.22,17.99,42.02,70.05,72.56,40.99,67.81,71.59,74.27,51.13,79.25,69.91,80.73,76.78,48.96,3983,205.12,216.12
"37",2015,"NY","Musgrave","Triticale","TriCal718",31,"5/1/15","Blk4",0.223442005,21.4,18.02,32.58,56.91,186.3496114,7592,116060046703,"6/23/2016","Cornell University","MUSGRAVE 992","T2 Date1 Blk4",7,"N9",10.07,89.93,6.74,0.63,3.42,3.14,34.58,31.68,3.11,13.65,9.78,69.13,16.56,9.72,7.63,2.95,2.37,7.06,0.65,0.35,0.34,2.37,0.25,21.4,39.63,70.59,73.16,42.38,69.37,72.39,75.16,53.42,81.86,70.03,80.76,78.37,50.36,3980,213.55,220.12
"38",2015,"NY","Musgrave","Triticale","NE426GT",31,"5/1/15","Blk1",0.380958554,20.22,19.43,34.4,63.79,195.2216135,7592,116060046730,"6/23/2016","Cornell University","MUSGRAVE 1021","T3 Date1 Blk1",7,"N9",9.54,90.46,6.72,0.58,3.24,2.87,36.45,33.44,3.19,12.11,9.46,71.71,15.53,9.02,7.67,2.99,2.29,7.22,0.55,0.38,0.3,2.83,0.25,20.22,38.7,70.16,72.68,41.23,68.09,71.44,74.1,51.88,80.1,70.48,80.21,78.48,50.46,4003,199.55,222.9
"39",2015,"NY","Musgrave","Triticale","NE426GT",31,"5/1/15","Blk2",0.13939963,19.9,17.77,30.09,49.86,191.8207778,7592,116060046731,"6/23/2016","Cornell University","MUSGRAVE 1022","T3 Date1 Blk2",7,"N9",10.48,89.52,6.71,0.65,3.18,2.71,33.37,29.26,3.46,14.67,12.2,58.3,17.72,10.31,9.68,2.9,2.31,5.56,0.63,0.34,0.32,2.27,0.23,19.9,44.68,70.67,73.25,42.98,70.04,73.83,76.77,54.49,83.1,71.02,83.09,79.08,50.98,4064,232.16,227.84
"40",2015,"NY","Musgrave","Triticale","NE426GT",32,"5/1/15","Blk3",1.483574396,20.5,19.74,36.13,69.68,193.3796262,7592,116060046732,"6/23/2016","Cornell University","MUSGRAVE 1023","T3 Date1 Blk3",7,"N9",8.74,91.26,6.39,0.58,3.28,2.6,46.54,35.12,2.96,10.65,6.26,82.18,14.7,7.7,5.83,2.77,1.96,8.63,0.54,0.38,0.29,3.08,0.26,20.5,35.39,70.06,72.57,40.6,67.37,69.46,71.9,49.63,77.54,69.33,77.52,77.02,49.17,3875,189.21,221.39
"41",2015,"NY","Musgrave","Triticale","NE426GT",31,"5/1/15","Blk4",0.299935665,19.45,18.58,31.98,56.1,187.9914034,7592,116060046733,"6/23/2016","Cornell University","MUSGRAVE 1024","T3 Date1 Blk4",7,"N9",9.36,90.64,6.79,0.65,3.11,2.82,34.04,31.09,3.29,13.65,11.35,63.49,16.76,9.52,8.68,2.87,2.26,7.14,0.55,0.35,0.3,2.45,0.24,19.45,41.88,70.42,72.97,42.02,68.97,71.93,74.65,52.11,80.37,69.87,80.66,77.34,49.45,3966,216.37,221.78
"42",2015,"NY","Musgrave","Triticale","TriMark099",31,"5/1/15","Blk1",0.329124035,18.28,18.36,31.42,58.59,196.8197671,7592,116060046760,"6/23/2016","Cornell University","MUSGRAVE 1053","T4 Date1 Blk1",7,"N9",9.9,90.1,6.7,0.57,2.92,2.51,33.92,30.55,3.39,12.65,9.24,69.75,18.73,9.14,8.23,3.07,2.36,6.6,0.57,0.34,0.32,2.59,0.22,18.28,43.72,70.48,73.04,41.9,68.82,72.57,75.36,52.45,80.75,71.26,81.97,78.73,50.68,4073,220.91,234.89
"43",2015,"NY","Musgrave","Triticale","TriMark099",31,"5/1/15","Blk2",0.242062173,19.16,18.85,32.71,60.22,198.1138458,7592,116060046761,"6/23/2016","Cornell University","MUSGRAVE 1054","T4 Date1 Blk2",7,"N9",10.01,89.99,6.66,0.66,3.07,2.75,34.24,31.8,3.43,12.65,10.56,66.79,17.67,9.1,7.65,3.14,2.37,6.39,0.6,0.34,0.33,2.58,0.23,19.16,42.03,70.34,72.88,41.62,68.52,72.33,75.09,52.48,80.78,71.31,81.87,79.16,51.05,4080,211.15,229.03
"44",2015,"NY","Musgrave","Triticale","TriMark099",31,"5/1/15","Blk3",0.970764929,20.21,19.85,36.32,71.73,201.4983676,7592,116060046762,"6/23/2016","Cornell University","MUSGRAVE 1055","T4 Date1 Blk3",7,"N9",8.94,91.06,6.41,0.51,3.23,2.77,42.5,35.3,2.75,9.98,7.62,78.41,15.43,8.03,5.15,3.08,2.21,7.94,0.55,0.38,0.3,3.06,0.26,20.21,36.11,70.03,72.53,40.42,67.18,70.85,73.45,51.2,79.33,70.85,79.07,78.97,50.89,3990,187.87,228.87
"45",2015,"NY","Musgrave","Triticale","TriMark099",31,"5/1/15","Blk4",0.106688525,18.03,19.69,34.27,57.32,176.2835988,7592,116060046763,"6/23/2016","Cornell University","MUSGRAVE 1056","T4 Date1 Blk4",7,"N9",9.5,90.5,6.91,0.94,2.88,2.72,29.84,33.32,3.82,14.22,8.22,75.33,15.54,7.71,5.55,2.61,2.22,9,0.74,0.27,0.42,2.16,0.25,18.03,39.15,70.08,72.59,40.59,67.37,68.22,70.52,47.01,74.57,67.15,77.2,73.03,45.65,3754,199.58,202.41
"46",2015,"NY","Musgrave","Barley","Verdant",31,"5/5/15","Blk1",0.384984536,22.38,19.93,35.83,69.42,194.3240742,7592,116060046429,"6/22/2016","Cornell University","MUSGRAVE 705","B1 Date2 Blk1",7,"N9",8.93,91.07,6.78,0.74,3.58,3.37,39.59,34.83,2.64,10.65,7.15,79.47,12.95,9.18,5.86,2.97,1.95,8.3,0.56,0.42,0.27,3.43,0.28,22.38,34.91,70,72.5,41.34,68.2,70.45,73,51.46,79.62,69.92,78.27,78.6,50.57,3921,190.53,223.89
"47",2015,"NY","Musgrave","Barley","Verdant",31,"5/5/15","Blk2",0.442354781,22.55,22.25,42.31,74.09,198.9899209,7592,116060046430,"6/22/2016","Cornell University","MUSGRAVE 706","B1 Date2 Blk2",7,"N9",9.04,90.96,6.86,0.63,3.61,3.56,37.43,41.11,2.79,10.65,7.73,81.2,11.6,8.46,4.88,3.13,1.99,7.82,0.46,0.46,0.28,3.51,0.27,22.55,29.09,69.29,71.71,38.73,65.3,69.12,71.52,50.01,77.98,69.29,76.76,77.84,49.89,3858,157.56,202.53
"48",2015,"NY","Musgrave","Barley","Verdant",31,"5/5/15","Blk3",0.997940308,21.7,22.56,40.2,74.43,195.6252021,7592,116060046431,"6/22/2016","Cornell University","MUSGRAVE 707","B1 Date2 Blk3",7,"N9",8.57,91.43,7.12,0.77,3.47,3.64,36.04,39.07,2.45,9.99,6.58,83.16,10.88,9.21,4.12,3.09,1.85,8.96,0.5,0.46,0.25,4.01,0.28,21.7,31.06,69.19,71.6,39.3,65.94,68.84,71.21,49.27,77.13,68.96,76.07,77.02,49.17,3816,165.33,209.89
"49",2015,"NY","Musgrave","Barley","Verdant",31,"5/5/15","Blk4",0.33465976,21.72,21.12,37.73,68.23,193.5489812,7592,116060046432,"6/22/2016","Cornell University","MUSGRAVE 708","B1 Date2 Blk4",7,"N9",8.87,91.13,6.94,0.7,3.48,3.44,36.83,36.67,2.53,11.65,8.16,77.75,12.86,9.37,4.94,3.05,1.99,7.89,0.53,0.42,0.26,3.37,0.27,21.72,34.17,69.63,72.09,40.33,67.07,70.61,73.18,51.42,79.57,69.34,77.97,77.55,49.64,3893,178.6,210.62
"50",2015,"NY","Musgrave","Barley","Valor",32,"5/5/15","Blk1",0.606916799,26.15,22.22,40.15,74.63,188.8497863,7592,116060046459,"6/22/2016","Cornell University","MUSGRAVE 737","B2 Date2 Blk1",7,"N9",8.76,91.24,6.88,0.66,4.18,3.65,46.12,39.02,2.41,9.9,6.24,84.01,8.13,6.1,2.13,2.53,1.4,9.58,0.58,0.51,0.26,4.09,0.32,26.15,26.5,69.3,71.72,40.75,67.55,67.99,70.26,50.04,78.01,67.67,74.28,77.1,49.24,3702,165.93,206.83
"51",2015,"NY","Musgrave","Barley","Valor",32,"5/5/15","Blk2",0.801170434,25.04,21.86,40.16,72.71,183.8311912,7592,116060046460,"6/22/2016","Cornell University","MUSGRAVE 738","B2 Date2 Blk2",7,"N9",8.44,91.56,7.3,0.78,4.01,4.12,37.9,39.03,2.15,10.65,7.62,80.48,9.15,6.86,2.46,2.9,1.72,9.92,0.55,0.5,0.27,4.15,0.31,25.04,27.41,69.41,71.84,40.39,67.15,68.47,70.8,50.14,78.12,67.4,74.38,76.31,48.54,3694,166.58,202.54
"52",2015,"NY","Musgrave","Barley","Valor",32,"5/5/15","Blk3",2.141822467,26.42,23.11,41.37,78.48,188.7221958,7592,116060046461,"6/22/2016","Cornell University","MUSGRAVE 739","B2 Date2 Blk3",7,"N9",8.89,91.11,7.25,0.84,4.23,3.96,43.15,40.2,2.35,8.65,5.07,87.39,7.3,5.49,1.35,2.64,1.29,10.58,0.58,0.54,0.28,4.54,0.32,26.42,24.47,69.02,71.41,40.34,67.09,66.54,68.65,48.34,76.07,67.34,72.85,76.76,48.95,3636,159.39,208.3
"53",2015,"NY","Musgrave","Barley","Valor",31,"5/5/15","Blk4",0.146948346,22.13,20.4,36.18,66.53,191.556896,7592,116060046462,"6/22/2016","Cornell University","MUSGRAVE 740","B2 Date2 Blk4",7,"N9",9.4,90.6,7.1,0.74,3.54,3.58,34.84,35.17,2.91,11.77,8.72,75.21,12.99,9.75,6.42,2.95,2.02,7.98,0.6,0.4,0.29,2.89,0.27,22.13,35.28,69.86,72.34,41.1,67.94,70.36,72.9,51.27,79.4,69.54,78.45,77.99,50.03,3911,187.9,215.61
"54",2015,"NY","Musgrave","Barley","P919",32,"5/5/15","Blk1",1.499175077,19.09,22.67,39.7,75.38,202.6993617,7592,116060046490,"6/22/2016","Cornell University","MUSGRAVE 769","B3 Date2 Blk1",7,"N9",9.24,90.76,6.79,0.66,3.05,2.84,37.51,38.58,2.35,9.5,6.53,83.07,13.43,8.98,4.96,2.99,1.78,8.55,0.49,0.44,0.23,3.88,0.24,19.09,33.84,69.16,71.56,38.68,65.25,69.32,71.74,48.86,76.66,69.56,76.65,76.73,48.92,3860,166.78,216.2
"55",2015,"NY","Musgrave","Barley","P919",32,"5/5/15","Blk2",0.107695021,23.65,20.47,37.23,70.57,200.5245704,7592,116060046491,"6/22/2016","Cornell University","MUSGRAVE 770","B3 Date2 Blk2",7,"N9",10.17,89.83,6.85,0.64,3.78,3.38,40.13,36.19,2.85,10.65,8.38,76.84,11.88,9.63,6,2.87,1.88,7.28,0.59,0.43,0.27,3.2,0.27,23.65,33.38,69.84,72.32,41.15,68,70.77,73.36,52.37,80.67,70.51,78.93,79.92,51.72,3972,182.09,221
"56",2015,"NY","Musgrave","Barley","P919",32,"5/5/15","Blk3",1.674305298,22.44,21.2,39.01,71.91,193.2314044,7592,116060046492,"6/22/2016","Cornell University","MUSGRAVE 771","B3 Date2 Blk3",7,"N9",8.6,91.4,6.84,0.65,3.59,3.27,41.89,37.91,2.1,10.65,7.05,81.4,11.76,8.94,4.19,2.68,1.62,8.63,0.51,0.45,0.24,3.88,0.27,22.44,31.67,69.61,72.07,40.03,66.75,69.88,72.37,50.84,78.91,68.56,76.13,76.77,48.95,3802,172.84,209.68
"57",2015,"NY","Musgrave","Barley","P919",32,"5/5/15","Blk4",0.239545934,22.94,20.28,36.95,70.76,198.7296138,7592,116060046493,"6/22/2016","Cornell University","MUSGRAVE 772","B3 Date2 Blk4",7,"N9",9.55,90.45,6.8,0.63,3.67,3.35,40.63,35.91,2.63,10.5,7.32,79.62,12.74,9.41,5.06,2.88,1.91,7.72,0.6,0.42,0.29,3.18,0.28,22.94,33.87,69.89,72.38,41.04,67.87,70.81,73.4,52.15,80.41,70.3,78.57,79.35,51.22,3951,184.17,221.53
"58",2015,"NY","Musgrave","Barley","Thoroughbred",32,"5/5/15","Blk1",0.311007116,20.52,23.42,39.92,64.59,183.6141454,7592,116060046521,"6/22/2016","Cornell University","MUSGRAVE 801","B4 Date2 Blk1",7,"N9",9.34,90.66,6.49,0.71,3.28,2.95,44.49,38.8,2.94,13.74,9.68,75.05,12.03,8.74,4.91,2.92,1.56,8.2,0.56,0.42,0.24,3.36,0.25,20.52,32.87,68.92,71.3,39.04,65.65,68.33,70.64,48.2,75.91,66.4,75.28,73.02,45.64,3691,164.87,186.23
"59",2015,"NY","Musgrave","Barley","Thoroughbred",31,"5/5/15","Blk2",0.740780703,25.21,21.87,39.34,69.53,181.0646558,7592,116060046522,"6/22/2016","Cornell University","MUSGRAVE 802","B4 Date2 Blk2",7,"N9",8.67,91.33,7.15,0.82,4.03,4.03,38.91,38.23,2.5,11.65,6.57,82.81,8.97,6.73,3.52,2.95,1.75,9.6,0.57,0.49,0.27,3.93,0.3,25.21,28.24,69.41,71.84,40.78,67.58,68.36,70.67,50.06,78.02,67.15,74.8,76.03,48.3,3698,169.9,199.11
"60",2015,"NY","Musgrave","Barley","Thoroughbred",32,"5/5/15","Blk3",0.930505108,25.76,20.81,38.16,73.98,187.4874789,7592,116060046523,"6/22/2016","Cornell University","MUSGRAVE 803","B4 Date2 Blk3",7,"N9",8.46,91.54,7.17,0.84,4.12,4.03,39.98,37.09,2.45,9.65,5.8,84.36,8.94,6.7,3.36,2.9,1.74,9.89,0.57,0.49,0.28,4.07,0.32,25.76,28.55,69.73,72.2,41.45,68.32,68.45,70.77,50.38,78.39,68.49,75.39,78.07,50.1,3769,176.94,216.42
"61",2015,"NY","Musgrave","Barley","Thoroughbred",32,"5/5/15","Blk4",0.433799569,22.18,21.58,38.54,68.9,190.2456055,7592,116060046524,"6/22/2016","Cornell University","MUSGRAVE 804","B4 Date2 Blk4",7,"N9",9.1,90.9,6.94,0.78,3.55,3.61,37.15,37.46,2.67,11.65,8.69,76.8,11.6,9.61,5.51,2.88,1.76,8.41,0.54,0.43,0.26,3.43,0.26,22.18,32.8,69.5,71.94,40.15,66.88,69.33,71.75,50.03,78,68.45,76.67,76.52,48.74,3814,173.8,205.46
"62",2015,"NY","Musgrave","Cereal.rye","Huron",34,"5/5/15","Blk1",1.063865765,20.98,26.67,49.62,78.19,194.2563499,7592,116060046552,"6/23/2016","Cornell University","MUSGRAVE 833","R1 Date2 Blk1",7,"N9",9.03,90.97,6.52,0.61,3.36,3.08,44.04,48.29,2.93,10.53,7.43,84.61,9.29,6.32,2.78,3.17,1.69,8.84,0.4,0.46,0.26,3.65,0.26,20.98,22.28,67.93,70.19,35.31,61.52,65.38,67.36,44.87,72.16,66.59,72.3,73.48,46.04,3598,127.79,180.72
"63",2015,"NY","Musgrave","Cereal.rye","Huron",33,"5/5/15","Blk2",0.632079187,17.21,26.02,48.02,76.14,202.6239401,7592,116060046553,"6/23/2016","Cornell University","MUSGRAVE 834","R1 Date2 Blk2",7,"N9",8.77,91.23,6.28,0.56,2.75,2.59,40.44,46.65,3.08,11.13,8.3,82.21,13.24,6.92,4.78,3.25,1.89,7.54,0.37,0.39,0.24,3.15,0.21,17.21,28.3,68.12,70.41,34.7,60.85,66.93,69.08,45.27,72.61,67.96,74.77,73.78,46.31,3744,133,184.97
"64",2015,"NY","Musgrave","Cereal.rye","Huron",33,"5/5/15","Blk3",1.854971243,20.48,23.48,45.65,76.98,203.9587622,7592,116060046554,"6/23/2016","Cornell University","MUSGRAVE 835","R1 Date2 Blk3",7,"N9",8.72,91.28,6.48,0.53,3.28,2.9,42.92,44.35,2.69,10.21,7.7,82.64,12.18,6.74,3.95,3.07,1.82,7.71,0.39,0.43,0.25,3.49,0.25,20.48,27.54,68.9,71.28,36.73,63.08,68.19,70.48,48.12,75.83,68.78,75.46,76.26,48.51,3794,143.96,195.4
"65",2015,"NY","Musgrave","Cereal.rye","Huron",32,"5/5/15","Blk4",0.41568265,20.18,26.66,49.62,80.41,206.6572887,7592,116060046555,"6/23/2016","Cornell University","MUSGRAVE 836","R1 Date2 Blk4",7,"N9",9.25,90.75,6.23,0.52,3.23,2.79,48.12,48.09,3.03,9.42,7.22,84.99,9.91,6.04,3.22,3.25,1.64,7.87,0.39,0.44,0.24,3.39,0.25,20.18,24.01,67.93,70.19,35.05,61.23,66.15,68.21,45.53,72.91,68.3,73.85,75.47,47.81,3713,127.81,189.1
"66",2015,"NY","Musgrave","Cereal.rye","Spooner",34,"5/5/15","Blk1",0.90081349,18.87,26.68,49.28,77.75,199.9328821,7592,116060046583,"6/23/2016","Cornell University","MUSGRAVE 865","R2 Date2 Blk1",7,"N9",9.2,90.8,6.08,0.43,3.02,2.52,47.8,47.87,2.81,10.65,8.31,82.64,11.29,6.15,3.51,3.24,1.69,8.09,0.35,0.46,0.23,3.82,0.23,18.87,25,67.92,70.18,34.75,60.9,66.46,68.56,45.42,72.78,67.22,73.3,73.45,46.02,3660,128.85,182.78
"67",2015,"NY","Musgrave","Cereal.rye","Spooner",33,"5/5/15","Blk2",1.03568389,21.43,26.28,48.55,77.61,195.0091467,7592,116060046584,"6/23/2016","Cornell University","MUSGRAVE 866","R2 Date2 Blk2",7,"N9",9.14,90.86,6.16,0.54,3.43,2.81,49.7,47.17,2.78,10.56,7.86,83.34,9.32,6.17,3.05,3.24,1.58,8.66,0.39,0.49,0.24,3.94,0.25,21.43,22.97,68.04,70.32,35.87,62.13,66.02,68.07,45.86,73.27,66.7,72.6,73.81,46.34,3614,131.02,182.9
"68",2015,"NY","Musgrave","Cereal.rye","Spooner",34,"5/5/15","Blk3",1.873088163,18.12,26.63,49.09,79.72,207.095977,7592,116060046585,"6/23/2016","Cornell University","MUSGRAVE 867","R2 Date2 Blk3",7,"N9",9.08,90.92,6,0.42,2.9,2.31,48.68,47.69,3.08,9.67,6.95,85.43,12.72,7.55,3.49,3.06,1.62,7.86,0.37,0.43,0.23,3.59,0.22,18.12,26.02,67.93,70.2,34.58,60.71,66.1,68.16,44.68,71.95,68.11,73.83,74.34,46.81,3707,128.92,189.15
"69",2015,"NY","Musgrave","Cereal.rye","Spooner",33,"5/5/15","Blk4",0.514319211,20.05,23.86,41.46,72.13,193.9619621,7592,116060046586,"6/23/2016","Cornell University","MUSGRAVE 868","R2 Date2 Blk4",7,"N9",8.84,91.16,6.47,0.64,3.21,2.94,44.44,40.29,2.34,11.23,7.8,80.64,11.37,8.5,4.09,3.3,1.77,8.51,0.48,0.44,0.22,3.75,0.25,20.05,31.32,68.79,71.15,38.27,64.79,68.97,71.35,48.82,76.63,67.96,75.5,74.97,47.36,3763,157.52,198.39
"70",2015,"NY","Musgrave","Cereal.rye","Aroostook",33,"5/5/15","Blk1",1.364807925,21.16,25.93,47.65,76.54,189.6909206,7592,116060046613,"6/23/2016","Cornell University","MUSGRAVE 897","R3 Date2 Blk1",7,"N9",8.76,91.24,6.61,0.58,3.39,3.27,39.37,46.29,2.95,10.86,7.82,83.11,10.91,7.19,2.41,3.12,1.91,9.32,0.45,0.47,0.27,3.76,0.26,21.16,23.59,68.15,70.44,36.14,62.44,65.78,67.8,45.47,72.83,66.56,72.69,73.54,46.1,3612,134.2,182.98
"71",2015,"NY","Musgrave","Cereal.rye","Aroostook",34,"5/5/15","Blk2",0.889238792,19.52,28.54,51.55,79.76,199.0532568,7592,116060046614,"6/23/2016","Cornell University","MUSGRAVE 898","R3 Date2 Blk2",7,"N9",9.3,90.7,5.89,0.45,3.12,2.42,50.46,50.29,3.13,10.18,7.24,85.6,10.66,5.42,2.63,3.28,1.62,8.35,0.37,0.46,0.23,3.67,0.22,19.52,21.64,67.34,69.54,34.06,60.14,64.84,66.75,43.69,70.84,66.74,72.05,73.06,45.67,3592,120.42,179.52
"72",2015,"NY","Musgrave","Cereal.rye","Aroostook",34,"5/5/15","Blk3",1.736204772,18.21,28.04,50.01,78.67,196.5308797,7592,116060046615,"6/23/2016","Cornell University","MUSGRAVE 899","R3 Date2 Blk3",7,"N9",9.7,90.3,6.19,0.48,2.91,2.65,43.05,48.58,3.33,10.36,7.79,83.96,11.85,6.22,3.12,3.16,1.81,8.77,0.4,0.43,0.25,3.52,0.22,18.21,24.28,67.49,69.71,34.24,60.34,64.78,66.69,43.08,70.15,66.87,72.54,72.7,45.35,3617,124.76,181.76
"73",2015,"NY","Musgrave","Cereal.rye","Aroostook",33,"5/5/15","Blk4",1.579191471,19.45,26.93,48.86,77.5,199.2785883,7592,116060046616,"6/23/2016","Cornell University","MUSGRAVE 900","R3 Date2 Blk4",7,"N9",9.16,90.84,6.16,0.44,3.11,2.6,45.66,47.47,3.15,10.68,7.36,84.5,11.76,6.21,3.18,3.12,1.78,8.08,0.4,0.44,0.24,3.51,0.23,19.45,24.82,67.84,70.1,35.11,61.29,66.1,68.16,45.22,72.56,67.39,73.59,73.93,46.44,3677,129.52,183.58
"74",2015,"NY","Musgrave","Cereal.rye","LakeviewVNS",34,"5/5/15","Blk1",2.27367338,17.61,27.52,51.3,82.18,208.3033639,7592,116060046644,"6/23/2016","Cornell University","MUSGRAVE 929","R4 Date2 Blk1",7,"N9",9.18,90.82,6.01,0.43,2.82,2.19,49.97,49.83,2.89,8.88,6.24,87.48,12.08,5.12,3.07,3.12,1.53,8.28,0.34,0.43,0.23,3.66,0.21,17.61,23.94,67.66,69.89,33.53,59.56,65.28,67.24,43.46,70.57,67.8,72.61,73.7,46.24,3644,122.37,187.44
"75",2015,"NY","Musgrave","Cereal.rye","LakeviewVNS",33,"5/5/15","Blk2",0.864579652,20.57,24.66,46.87,76.61,197.2922595,7592,116060046645,"6/23/2016","Cornell University","MUSGRAVE 930","R4 Date2 Blk2",7,"N9",8.85,91.15,6.57,0.55,3.29,3.11,40.4,45.54,2.54,10.65,8.36,81.64,11.49,7.52,3.42,3.37,1.98,8.39,0.4,0.45,0.25,3.61,0.25,20.57,25.63,68.55,70.88,36.27,62.57,67.7,69.94,47.57,75.2,67.83,74.35,75.02,47.4,3720,138.3,188.37
"76",2015,"NY","Musgrave","Cereal.rye","LakeviewVNS",33,"5/5/15","Blk3",1.176593263,22.3,23.43,44.8,75.63,194.8513618,7592,116060046646,"6/23/2016","Cornell University","MUSGRAVE 931","R4 Date2 Blk3",7,"N9",9.08,90.92,6.4,0.51,3.57,2.84,48.39,43.53,2.58,10.61,6.69,84.63,11,6.61,3.26,3.09,1.69,8.59,0.44,0.47,0.26,3.79,0.27,22.3,25.73,68.92,71.3,37.64,64.09,67.64,69.87,48.18,75.9,67.5,74.11,75.28,47.64,3698,146.78,192.04
"77",2015,"NY","Musgrave","Cereal.rye","LakeviewVNS",32,"5/5/15","Blk4",0.537468608,22.23,23.92,46.13,76.97,199.4597722,7592,116060046647,"6/23/2016","Cornell University","MUSGRAVE 932","R4 Date2 Blk4",7,"N9",9.14,90.86,6.72,0.6,3.56,3.33,40.94,44.82,2.57,10.32,6.71,85.03,10.14,7.59,3.59,3.3,1.91,8.12,0.43,0.46,0.27,3.62,0.27,22.23,25.25,68.77,71.13,37.09,63.48,68.05,70.33,48.63,76.4,68.38,74.93,76.47,48.68,3760,141.63,192.57
"78",2015,"NY","Musgrave","Triticale","TriCal815",32,"5/5/15","Blk1",1.14589515,17.99,23.31,42.27,74.34,205.579818,7592,116060046675,"6/23/2016","Cornell University","MUSGRAVE 961","T1 Date2 Blk1",7,"N9",8.96,91.04,6.18,0.49,2.88,2.43,43.8,41.08,2.84,10.54,7.87,80.84,15.08,7.32,4.56,2.95,1.89,7.48,0.45,0.37,0.25,3.09,0.22,17.99,32.99,68.96,71.34,37.28,63.69,69.01,71.4,48.13,75.84,69.39,76.91,76.05,48.32,3869,155.74,203.89
"79",2015,"NY","Musgrave","Triticale","TriCal815",32,"5/5/15","Blk2",0.542501085,16.75,23.16,39.34,69.81,200.4914373,7592,116060046676,"6/23/2016","Cornell University","MUSGRAVE 962","T1 Date2 Blk2",7,"N9",8.99,91.01,6.31,0.64,2.68,2.45,39.34,38.23,3.15,11.54,9.21,75.91,15.75,8.12,5.76,3.08,2.02,7.61,0.49,0.35,0.27,2.96,0.21,16.75,36.84,69,71.39,38.07,64.57,69.14,71.54,47.73,75.39,69.26,77.74,75.37,47.71,3890,167.54,206.26
"80",2015,"NY","Musgrave","Triticale","TriCal815",32,"5/5/15","Blk3",2.517748543,17.28,25.68,45.19,73.99,192.3256652,7592,116060046677,"6/23/2016","Cornell University","MUSGRAVE 963","T1 Date2 Blk3",7,"N9",9.23,90.77,5.98,0.57,2.76,2.37,48.9,43.91,2.99,11.42,8.81,79.94,13.28,7.63,3.92,3.01,1.64,8.91,0.47,0.39,0.25,3.27,0.22,17.28,29.63,68.23,70.53,35.87,62.14,66.14,68.2,44.31,71.53,66.51,73.33,71.8,44.55,3636,142.07,185.28
"81",2015,"NY","Musgrave","Triticale","TriCal815",31,"5/5/15","Blk4",0.858540679,18.56,22.16,38.78,72.57,204.2629123,7592,116060046678,"6/23/2016","Cornell University","MUSGRAVE 964","T1 Date2 Blk4",7,"N9",9.58,90.42,5.97,0.53,2.97,2.28,49.19,37.69,2.97,10.34,7.21,80.87,14.52,7.44,5.76,3.08,1.9,7.7,0.51,0.38,0.28,3.06,0.23,18.56,35.43,69.32,71.74,38.89,65.47,69.47,71.91,48.89,76.7,69.88,77.8,76.96,49.12,3914,171.6,215.77
"82",2015,"NY","Musgrave","Triticale","TriCal718",32,"5/5/15","Blk1",0.926982374,22.07,23.79,43.44,74.2,189.7116995,7592,116060046704,"6/23/2016","Cornell University","MUSGRAVE 993","T2 Date2 Blk1",7,"N9",9.08,90.92,6.23,0.49,3.53,2.9,48.39,42.21,2.78,10.89,7.76,81.62,10.06,7.31,3.46,3.06,1.84,9.22,0.5,0.44,0.28,3.53,0.27,22.07,26.56,68.81,71.18,38.12,64.63,67.25,69.44,47.64,75.29,67.13,73.95,74.69,47.12,3677,150.56,192.58
"83",2015,"NY","Musgrave","Triticale","TriCal718",32,"5/5/15","Blk2",0.205325086,20.98,22.17,39.09,69.6,191.6992419,7592,116060046705,"6/23/2016","Cornell University","MUSGRAVE 994","T2 Date2 Blk2",7,"N9",9.31,90.69,6.85,0.71,3.36,3.34,34.27,37.99,3.08,11.55,8.94,76.47,12.45,8.9,5.69,3.09,2.18,8.44,0.54,0.4,0.3,3.03,0.25,20.98,32.75,69.31,71.73,39.54,66.2,68.96,71.34,49.18,77.03,68.84,77.11,76.58,48.79,3848,170.47,205.23
"84",2015,"NY","Musgrave","Triticale","TriCal718",32,"5/5/15","Blk3",0.746819676,19.73,24.25,42.65,76.93,202.6620945,7592,116060046706,"6/23/2016","Cornell University","MUSGRAVE 995","T2 Date2 Blk3",7,"N9",9.64,90.36,5.85,0.46,3.16,2.33,51.8,41.44,3.12,9.56,6.55,84.19,11.93,6.9,4.34,2.97,1.74,8.49,0.53,0.41,0.28,3.17,0.24,19.73,29.93,68.67,71.02,37.68,64.13,67.3,69.49,46.78,74.31,68.78,75.36,75.94,48.22,3787,152.5,205.41
"85",2015,"NY","Musgrave","Triticale","TriCal718",31,"5/5/15","Blk4",0.303961647,24.59,22.18,40.77,72.76,193.113446,7592,116060046707,"6/23/2016","Cornell University","MUSGRAVE 996","T2 Date2 Blk4",7,"N9",10,90,6.16,0.48,3.93,2.96,51.2,39.1,2.89,10.65,7.42,81.02,8.83,7.67,4.4,3.14,1.76,8.39,0.56,0.48,0.29,3.46,0.27,24.59,28.12,69.31,71.73,40.01,66.73,68.73,71.09,50.41,78.42,68.51,75.97,77.61,49.69,3797,163.23,203.36
"86",2015,"NY","Musgrave","Triticale","NE426GT",32,"5/5/15","Blk1",1.661220856,19.55,24.02,45.74,75.14,198.8220832,7592,116060046734,"6/23/2016","Cornell University","MUSGRAVE 1025","T3 Date2 Blk1",7,"N9",8.71,91.29,6.44,0.43,3.13,2.72,43.17,44.44,2.6,11.05,8.13,81.71,12.41,7.01,3.86,2.74,1.73,7.96,0.39,0.42,0.24,3.52,0.24,19.55,28.04,68.74,71.1,36.38,62.7,68.02,70.3,47.59,75.23,67.76,74.68,74.48,46.93,3731,142.56,188.8
"87",2015,"NY","Musgrave","Triticale","NE426GT",32,"5/5/15","Blk2",1.049774827,21.92,22.83,41.43,74.64,196.615883,7592,116060046735,"6/23/2016","Cornell University","MUSGRAVE 1026","T3 Date2 Blk2",7,"N9",9.1,90.9,6.38,0.54,3.51,2.9,45.57,40.26,2.78,10.21,7.19,82.14,11.18,7.73,4.49,2.87,1.8,8.63,0.48,0.45,0.26,3.56,0.26,21.92,29.29,69.11,71.51,38.88,65.46,68.26,70.56,48.77,76.57,68.54,75.58,76.54,48.75,3786,159.88,204.73
"88",2015,"NY","Musgrave","Triticale","NE426GT",32,"5/5/15","Blk3",1.474012689,20.53,23.02,43.32,70.73,197.0694775,7592,116060046736,"6/23/2016","Cornell University","MUSGRAVE 1027","T3 Date2 Blk3",7,"N9",9.64,90.36,6.3,0.41,3.28,2.61,45.3,42.09,2.78,12.32,7.45,82.3,12.44,7.18,4.72,2.82,1.77,7.11,0.45,0.41,0.26,3.31,0.24,20.53,30.11,69.05,71.44,37.67,64.12,69.25,71.66,49.45,77.34,68.02,76.18,75.25,47.61,3796,152.39,189.45
"89",2015,"NY","Musgrave","Triticale","NE426GT",32,"5/5/15","Blk4",0.800163938,19.5,21.86,40.53,73.24,202.4489978,7592,116060046737,"6/23/2016","Cornell University","MUSGRAVE 1028","T3 Date2 Blk4",7,"N9",8.88,91.12,6.55,0.48,3.12,2.83,39.54,39.39,2.78,10.54,7.07,82.05,14.27,8.02,5.58,2.93,2.01,7.69,0.44,0.4,0.27,3.25,0.24,19.5,33.24,69.41,71.84,38.46,65,69.68,72.14,49.54,77.44,69.72,77.5,77.14,49.28,3900,164.91,209.22
"90",2015,"NY","Musgrave","Triticale","TriMark099",32,"5/5/15","Blk1",1.173070529,18.67,23.37,41.95,69.55,191.5982015,7592,116060046764,"6/23/2016","Cornell University","MUSGRAVE 1057","T4 Date2 Blk1",7,"N9",8.86,91.14,6.3,0.54,2.99,2.45,45.31,40.76,2.86,12.41,9.13,77.6,13.69,7.23,4.27,2.88,1.8,8.12,0.46,0.39,0.26,3.34,0.23,18.67,32.1,68.94,71.32,37.63,64.08,68.29,70.6,47.51,75.14,67.27,75.39,73.44,46.01,3737,156.72,189.82
"91",2015,"NY","Musgrave","Triticale","TriMark099",32,"5/5/15","Blk2",0.43581256,18.96,22.77,39.08,69.33,197.0559119,7592,116060046765,"6/23/2016","Cornell University","MUSGRAVE 1058","T4 Date2 Blk2",7,"N9",9.42,90.58,6.41,0.63,3.03,2.65,41.56,37.98,3.19,11.65,9.24,75.67,14.12,8.11,5.42,2.92,1.92,7.79,0.54,0.39,0.29,3.1,0.22,18.96,35,69.13,71.53,38.89,65.48,68.96,71.34,48.4,76.14,68.91,77.34,75.8,48.1,3861,169.35,205.6
"92",2015,"NY","Musgrave","Triticale","TriMark099",32,"5/5/15","Blk3",2.110117858,19.83,24.41,44.5,76.27,195.8590219,7592,116060046766,"6/23/2016","Cornell University","MUSGRAVE 1059","T4 Date2 Blk3",7,"N9",8.49,91.51,6.51,0.58,3.17,2.89,42.97,43.24,2.82,10.26,7.23,83.28,12.05,7.04,2.66,2.88,1.73,8.99,0.46,0.42,0.26,3.6,0.24,19.83,28.1,68.62,70.96,36.97,63.35,66.83,68.97,46.19,73.65,67.61,74.04,74.4,46.86,3697,146.26,194.76
"93",2015,"NY","Musgrave","Triticale","TriMark099",32,"5/5/15","Blk4",0.414676154,20.15,21,38.59,69.26,198.2762409,7592,116060046767,"6/23/2016","Cornell University","MUSGRAVE 1060","T4 Date2 Blk4",7,"N9",9.11,90.89,6.63,0.58,3.22,3,38.46,37.51,2.86,11.53,8.82,76.49,13.88,8.33,5.46,2.98,2.09,7.41,0.51,0.39,0.29,3.11,0.24,20.15,34.84,69.68,72.14,39.47,66.13,70.39,72.93,50.6,78.65,69.75,78.41,77.45,49.55,3929,174.88,210.08
"94",2015,"NY","Musgrave","Barley","Verdant",37,"5/11/15","Blk1",1.294353239,18.68,28.4,49.04,80.06,193.8279553,7592,116060046433,"6/22/2016","Cornell University","MUSGRAVE 709","B1 Date3 Blk1",7,"N9",8.27,91.73,6.9,0.79,2.99,3.36,35.65,47.64,2.42,9.5,6.4,86.57,10.44,7.95,1.6,2.94,1.43,9.75,0.43,0.46,0.21,4.4,0.24,18.68,24.86,67.39,69.59,34.79,60.94,65.11,67.05,43.51,70.63,66.49,71.5,72.35,45.04,3559,126.83,185.32
"95",2015,"NY","Musgrave","Barley","Verdant",37,"5/11/15","Blk2",1.682357262,18.7,29.23,49.2,77.76,185.7120534,7592,116060046434,"6/22/2016","Cornell University","MUSGRAVE 710","B1 Date3 Blk2",7,"N9",8.35,91.65,6.89,0.9,2.99,3.38,36.26,47.8,2.58,10.63,7.5,84.31,9.37,8.12,1.21,2.85,1.25,10.04,0.46,0.48,0.21,4.54,0.24,18.7,24.59,67.13,69.3,34.72,60.86,64.15,65.99,42.26,69.24,65.12,70.42,70.46,43.35,3474,125.08,177.22
"96",2015,"NY","Musgrave","Barley","Verdant",37,"5/11/15","Blk3",1.390473561,16.7,29.66,49.34,82.39,195.1335715,7592,116060046435,"6/22/2016","Cornell University","MUSGRAVE 711","B1 Date3 Blk3",7,"N9",8.64,91.36,6.78,0.9,2.67,3.12,36.65,47.93,2.86,8.44,6.05,87.38,10.37,7.36,1.78,2.95,1.27,10.38,0.47,0.44,0.22,4.21,0.23,16.7,25.84,67,69.16,34.01,60.08,63.19,64.92,40.23,66.97,66.45,70.69,71.44,44.23,3522,123.93,188.96
"97",2015,"NY","Musgrave","Barley","Verdant",37,"5/11/15","Blk4",1.549499853,19.99,28.61,48.57,78.87,187.1484602,7592,116060046436,"6/22/2016","Cornell University","MUSGRAVE 712","B1 Date3 Blk4",7,"N9",8.17,91.83,7.05,0.94,3.2,3.68,35.47,47.19,2.66,9.97,6.84,85.51,8.82,8.15,0.97,2.89,1.32,10.27,0.48,0.47,0.22,4.36,0.26,19.99,23.91,67.32,69.52,35.4,61.62,64.09,65.92,42.71,69.73,65.62,70.7,71.71,44.47,3500,127.54,181.95
"98",2015,"NY","Musgrave","Barley","Valor",39,"5/11/15","Blk1",1.57717848,18.27,27.43,49.1,77.67,192.3674498,7592,116060046463,"6/22/2016","Cornell University","MUSGRAVE 741","B2 Date3 Blk1",7,"N9",8.53,91.47,6.66,0.62,2.92,3.04,36.4,47.7,2.83,10.65,7.8,83.65,11.59,7.26,2.48,2.76,1.59,9.26,0.44,0.44,0.23,3.85,0.23,18.27,25.22,67.68,69.92,34.63,60.77,65.11,67.05,43.43,70.54,66.2,71.92,71.78,44.54,3570,127.73,179.97
"99",2015,"NY","Musgrave","Barley","Valor",39,"5/11/15","Blk2",1.028135174,18.03,27.25,49.02,73.44,184.8320128,7592,116060046464,"6/22/2016","Cornell University","MUSGRAVE 742","B2 Date3 Blk2",7,"N9",8.47,91.53,6.57,0.7,2.88,3.04,38.27,47.62,2.79,12.65,8.61,81.92,11.65,7.42,2.86,2.8,1.47,8.98,0.43,0.43,0.22,3.84,0.22,18.03,25.94,67.75,69.99,34.58,60.71,65.24,67.2,43.45,70.56,64.84,71.49,69.81,42.77,3513,128.52,169.21
"100",2015,"NY","Musgrave","Barley","Valor",37,"5/11/15","Blk3",2.770882167,21.68,27.42,48.82,78.94,187.1144085,7592,116060050100,"6/23/2016","Cornell University","MUSGRAVE 743","B2 Date8 Blk3",7,"N9",8.56,91.44,7.04,0.78,3.47,3.66,36.07,47.43,2.76,9.99,6.88,85.49,8.49,7.93,1.01,2.67,1.46,10.23,0.52,0.48,0.25,4.18,0.26,21.68,21.86,67.69,69.93,35.85,62.12,64.26,66.11,43.69,70.84,65.68,70.76,72.52,45.19,3504,128.8,181.61
"101",2015,"NY","Musgrave","Barley","Valor",37,"5/11/15","Blk4",1.113687293,20.13,25.99,47.18,81.13,202.2409495,7592,116060046465,"6/22/2016","Cornell University","MUSGRAVE 744","B2 Date3 Blk4",7,"N9",8.43,91.57,6.93,0.7,3.22,3.44,35.57,45.84,2.62,8.65,6.43,85.97,11.15,8.11,2.23,2.79,1.64,9.18,0.46,0.45,0.24,3.82,0.25,20.13,25.65,68.13,70.42,35.99,62.27,66.19,68.26,45.48,72.85,68.22,73.45,75.35,47.7,3692,135.17,197.14
"102",2015,"NY","Musgrave","Barley","P919",41,"5/11/15","Blk1",2.249517487,16.25,27.35,49.56,78.11,203.4442437,7592,116060046494,"6/22/2016","Cornell University","MUSGRAVE 773","B3 Date3 Blk1",7,"N9",8.71,91.29,6.4,0.48,2.6,2.57,37.23,48.15,2.89,10.54,7.15,85.15,14.34,6.98,3.74,2.66,1.56,7.88,0.38,0.39,0.21,3.44,0.19,16.25,27.73,67.71,69.95,33.78,59.84,66.19,68.26,43.99,71.18,67.45,73.5,72.65,45.3,3675,126.8,182.92
"103",2015,"NY","Musgrave","Barley","P919",41,"5/11/15","Blk2",1.962163016,16.26,27.63,50.06,78.1,198.2649745,7592,116060046495,"6/22/2016","Cornell University","MUSGRAVE 774","B3 Date3 Blk2",7,"N9",8.86,91.14,6.44,0.47,2.6,2.62,36.16,48.63,2.77,10.65,7.98,83.59,13.67,6.92,3.16,2.68,1.62,8.55,0.39,0.41,0.22,3.74,0.2,16.26,26.56,67.63,69.86,33.59,59.62,65.72,67.73,43.43,70.54,66.71,72.52,71.64,44.41,3612,125.36,180.07
"104",2015,"NY","Musgrave","Barley","P919",39,"5/11/15","Blk3",2.072374276,19.55,25.79,46.8,76.6,199.553779,7592,116060050101,"6/23/2016","Cornell University","MUSGRAVE 775","B3 Date3 Blk3",7,"N9",9.02,90.98,6.77,0.63,3.13,3.08,37.39,45.47,2.69,10.64,7.67,83.13,11.84,7.91,3.4,2.62,1.54,8.13,0.48,0.42,0.24,3.62,0.23,19.55,27.39,68.2,70.49,35.96,62.23,67.05,69.21,46.31,73.78,67.61,74.05,74.26,46.74,3700,136.55,187.81
"105",2015,"NY","Musgrave","Barley","P919",39,"5/11/15","Blk4",1.234466755,16.26,25.42,45.72,74.02,201.5851466,7592,116060046496,"6/22/2016","Cornell University","MUSGRAVE 776","B3 Date3 Blk4",7,"N9",8.78,91.22,6.52,0.51,2.6,2.57,35.92,44.42,2.67,11.54,9.24,79.2,15.68,7.84,4.28,2.81,1.78,7.51,0.41,0.39,0.22,3.3,0.2,16.26,31.6,68.31,70.62,35.32,61.53,68.2,70.5,46.45,73.94,68,75.36,73.41,45.98,3767,140.34,187.39
"106",2015,"NY","Musgrave","Barley","Thoroughbred",39,"5/11/15","Blk1",1.567616772,19.59,27.73,48.99,77.24,187.7840821,7592,116060046525,"6/22/2016","Cornell University","MUSGRAVE 805","B4 Date3 Blk1",7,"N9",8.55,91.45,6.82,0.72,3.13,3.32,36.4,47.59,2.84,10.83,8.09,83,10.16,7.87,1.95,2.9,1.57,9.67,0.47,0.47,0.23,4.03,0.25,19.59,23.9,67.59,69.82,35.11,61.29,64.69,66.59,43.4,70.51,65.69,71.36,71.65,44.41,3531,127.82,178.46
"107",2015,"NY","Musgrave","Barley","Thoroughbred",39,"5/11/15","Blk2",1.31649614,18.27,26.83,47.76,76.16,190.590858,7592,116060046526,"6/22/2016","Cornell University","MUSGRAVE 806","B4 Date3 Blk2",7,"N9",8.61,91.39,6.6,0.69,2.92,3.03,37.77,46.4,2.87,11.06,8.78,81.08,11.86,7.64,3.23,2.92,1.63,9.28,0.44,0.43,0.23,3.7,0.23,18.27,26.45,67.87,70.13,35.16,61.36,65.34,67.31,43.69,70.83,66.15,72.28,71.72,44.48,3583,132.31,180.79
"108",2015,"NY","Musgrave","Barley","Thoroughbred",37,"5/11/15","Blk3",1.303914946,20.19,27.59,48.61,76.15,185.7276685,7592,116060050102,"6/23/2016","Cornell University","MUSGRAVE 807","B4 Date3 Blk3",7,"N9",8.74,91.26,6.86,0.89,3.23,3.45,37.15,47.22,3.2,11.26,8.25,82.53,9.54,7.62,1.87,2.85,1.5,9.62,0.53,0.44,0.26,3.75,0.26,20.19,23.92,67.64,69.87,35.45,61.68,63.97,65.78,42.68,69.7,65.42,71.32,71.52,44.3,3521,129.07,176.76
"109",2015,"NY","Musgrave","Barley","Thoroughbred",37,"5/11/15","Blk4",0.609433037,17.39,27.96,48.63,79.13,202.3940111,7592,116060046527,"6/22/2016","Cornell University","MUSGRAVE 808","B4 Date3 Blk4",7,"N9",8.78,91.22,6.66,0.73,2.78,2.96,35.19,47.24,3.11,9.86,7.21,84.74,11.72,7.77,3.35,2.94,1.62,8.36,0.43,0.41,0.22,3.52,0.23,17.39,27.35,67.52,69.74,34.53,60.66,65.5,67.49,43.49,70.61,67.81,73.59,73.63,46.18,3688,128.52,188.44
"110",2015,"NY","Musgrave","Cereal.rye","Huron",39,"5/11/15","Blk1",2.77692114,16.74,32.92,58.87,71.39,165.5238433,7592,116060046556,"6/23/2016","Cornell University","MUSGRAVE 837","R1 Date3 Blk1",7,"N9",8.76,91.24,6.23,0.44,2.68,2.62,40.08,57.18,3.56,16.36,10.23,82.11,9.38,4.8,1.13,2.83,1.46,8.39,0.3,0.45,0.21,3.91,0.21,16.74,17.85,66,68.04,30.27,55.99,61.95,63.54,38.93,65.52,60.71,67.52,63.46,37.07,3242,100.04,136.05
"111",2015,"NY","Musgrave","Cereal.rye","Huron",39,"5/11/15","Blk2",3.895137662,15.81,33.41,60.1,70.93,162.7438424,7592,116060046557,"6/23/2016","Cornell University","MUSGRAVE 838","R1 Date3 Blk2",7,"N9",8.53,91.47,6.12,0.47,2.53,2.61,40.04,58.37,3.63,16.97,11.42,80.44,9.25,4.78,1.52,2.84,1.37,8.46,0.28,0.43,0.2,3.82,0.19,15.81,17.6,65.84,67.87,29.47,55.12,61.27,62.78,37.64,64.09,59.89,66.72,61.88,35.64,3187,97.47,131.86
"112",2015,"NY","Musgrave","Cereal.rye","Huron",39,"5/11/15","Blk3",4.539294795,17.7,32.56,58.35,73.53,164.3578995,7592,116060050103,"6/23/2016","Cornell University","MUSGRAVE 839","R1 Date3 Blk3",7,"N9",8.69,91.31,6.27,0.54,2.83,2.68,43.95,56.81,3.49,15.04,8.93,84.28,8.21,4.23,0.44,2.81,1.32,9.66,0.35,0.46,0.24,4.02,0.22,17.7,16.19,66.1,68.16,30.78,56.55,60.68,62.12,37.67,64.12,60.36,66.15,63.38,36.99,3169,101.47,140.21
"113",2015,"NY","Musgrave","Cereal.rye","Huron",39,"5/11/15","Blk4",2.363754729,16.63,31.94,57.45,72.42,169.8590907,7592,116060046558,"6/23/2016","Cornell University","MUSGRAVE 840","R1 Date3 Blk4",7,"N9",8.71,91.29,6.22,0.5,2.66,2.68,40.59,55.8,3.46,15.39,11.08,80.14,9.84,5.3,1.56,2.83,1.43,8.68,0.32,0.44,0.22,3.74,0.2,16.63,19.14,66.29,68.37,30.79,56.55,62.13,63.74,39.08,65.69,61.42,67.94,64.41,37.93,3277,103.72,141.78
"114",2015,"NY","Musgrave","Cereal.rye","Spooner",41,"5/11/15","Blk1",2.770378919,17.08,32.69,57.88,72.09,167.3787705,7592,116060050104,"6/23/2016","Cornell University","MUSGRAVE 869","R2 Date3 Blk1",7,"N9",8.85,91.15,6.23,0.52,2.73,2.75,39.34,56.97,3.75,15.9,11.29,80.18,9,5.07,1.37,2.83,1.45,8.61,0.35,0.44,0.21,3.73,0.21,17.08,17.64,66.06,68.11,30.78,56.54,61.39,62.91,38.33,64.85,60.91,67.48,63.89,37.46,3245,101.78,140.26
"115",2015,"NY","Musgrave","Cereal.rye","Spooner",41,"5/11/15","Blk2",2.585183743,16.09,34,60.17,69.97,157.2430165,7592,116060046587,"6/23/2016","Cornell University","MUSGRAVE 870","R2 Date3 Blk2",7,"N9",8.72,91.28,6.08,0.46,2.57,2.52,41.45,58.44,3.64,17.55,10.91,81.33,8.78,4.62,1.07,2.95,1.45,8.68,0.3,0.45,0.21,3.93,0.2,16.09,16.86,65.65,67.66,29.55,55.21,61.1,62.59,37.56,64,59.26,66.29,61.11,34.94,3153,96.28,128.81
"116",2015,"NY","Musgrave","Cereal.rye","Spooner",41,"5/11/15","Blk3",3.982199525,15.92,34.06,60.95,71.77,162.8690276,7592,116060050105,"6/23/2016","Cornell University","MUSGRAVE 871","R2 Date3 Blk3",7,"N9",8.74,91.26,6.01,0.48,2.55,2.56,40.7,59.19,3.94,16.71,11.13,81.2,9.24,4.46,1.03,2.78,1.36,8.34,0.32,0.41,0.21,3.58,0.19,15.92,16.75,65.64,67.64,29.18,54.8,60.57,62,36.8,63.16,60.02,66.63,62.11,35.85,3188,95.25,132
"117",2015,"NY","Musgrave","Cereal.rye","Spooner",41,"5/11/15","Blk4",2.339598836,17.94,30.24,54.69,73.98,181.1661842,7592,116060046588,"6/23/2016","Cornell University","MUSGRAVE 872","R2 Date3 Blk4",7,"N9",8.5,91.5,6.32,0.46,2.87,2.79,39.86,53.12,3.41,13.82,10.98,79.33,10.38,5.65,1.74,2.72,1.53,8.23,0.34,0.44,0.22,3.75,0.22,17.94,20.97,66.82,68.96,32.31,58.22,63.63,65.41,41.53,68.42,63.65,70.13,68.12,41.26,3429,110.93,154.6
"118",2015,"NY","Musgrave","Cereal.rye","Aroostook",53,"5/11/15","Blk1",2.962116315,14.43,38.82,65,63.8,131.1952118,7592,116060046617,"6/23/2016","Cornell University","MUSGRAVE 901","R3 Date3 Blk1",7,"N9",8.25,91.75,5.92,0.6,2.31,2.59,37.35,64,5.26,23.17,14.3,77.66,8.63,3.84,0.58,2.6,1.33,8.76,0.34,0.4,0.22,3.45,0.18,14.43,13.07,64.17,66.01,27.09,52.53,56.37,57.32,30.6,56.35,53.78,62.29,52.41,26.98,2847,84.12,102.61
"119",2015,"NY","Musgrave","Cereal.rye","Aroostook",53,"5/11/15","Blk2",3.846825877,14.83,39.12,65.56,62.34,122.7707111,7592,116060046618,"6/23/2016","Cornell University","MUSGRAVE 902","R3 Date3 Blk2",7,"N9",8.35,91.65,5.83,0.68,2.37,2.64,40.73,62.66,5.53,23.6,12.61,79.88,7.92,3.26,0.45,2.77,1.31,9.33,0.37,0.39,0.23,3.34,0.19,14.83,13.51,64.07,65.9,27.01,52.44,55.67,56.54,29.8,55.48,53.11,61.83,51.61,26.25,2805,82.89,96.86
"120",2015,"NY","Musgrave","Cereal.rye","Aroostook",53,"5/11/15","Blk3",2.538381701,14.91,36.26,62.24,65.77,145.8341961,7592,116060050106,"6/23/2016","Cornell University","MUSGRAVE 903","R3 Date3 Blk3",7,"N9",8.32,91.68,5.98,0.61,2.39,2.59,37.22,60.45,4.86,20.69,14.53,75.96,9.08,4.3,0.52,2.66,1.46,8.27,0.36,0.38,0.23,3.32,0.19,14.91,16.5,64.96,66.89,28.33,53.87,58.68,59.89,33.86,59.92,56.96,65.2,57.29,31.46,3050,90.74,114.45
"121",2015,"NY","Musgrave","Cereal.rye","Aroostook",55,"5/11/15","Blk4",2.814664722,12.98,37.87,63.94,63.65,138.7895496,7592,116060046619,"6/23/2016","Cornell University","MUSGRAVE 904","R3 Date3 Blk4",7,"N9",8.16,91.84,5.8,0.65,2.08,2.41,37.75,63.03,5.26,22.91,13.22,79.03,10.41,5.72,0.15,2.76,1.43,8.49,0.33,0.36,0.21,3.15,0.17,12.98,15.48,64.46,66.33,27.03,52.46,56.9,57.91,30.65,56.4,54.53,63.25,52.86,27.4,2907,86.57,105.22
"122",2015,"NY","Musgrave","Cereal.rye","LakeviewVNS",39,"5/11/15","Blk1",2.523787516,17,31.58,58.01,75.08,180.0203463,7592,116060046648,"6/23/2016","Cornell University","MUSGRAVE 933","R4 Date3 Blk1",7,"N9",8.72,91.28,6.35,0.48,2.72,2.69,38.65,56.34,3.32,14.04,9.24,83.6,10.13,5.17,0.99,2.87,1.51,8.05,0.31,0.43,0.21,3.71,0.2,17,18.79,66.41,68.5,30.69,56.44,62.99,64.69,40.32,67.07,63.06,69.13,66.88,40.15,3372,103.18,149.43
"123",2015,"NY","Musgrave","Cereal.rye","LakeviewVNS",39,"5/11/15","Blk2",2.882603169,15.97,33.93,60.47,70.44,156.3653702,7592,116060046649,"6/23/2016","Cornell University","MUSGRAVE 934","R4 Date3 Blk1",7,"N9",8.5,91.5,6.13,0.49,2.56,2.59,39.76,58.73,3.72,17.36,10.32,82.43,9.44,4.76,0.81,2.77,1.4,9.05,0.32,0.43,0.22,3.8,0.2,15.97,16.44,65.68,67.69,29.39,55.03,60.44,61.85,36.64,62.99,58.96,65.71,60.63,34.51,3119,95.88,128.4
"124",2015,"NY","Musgrave","Cereal.rye","LakeviewVNS",39,"5/11/15","Blk3",5.142688859,18,32.99,58.57,73.91,166.3200168,7592,116060046650,"6/23/2016","Cornell University","MUSGRAVE 935","R4 Date3 Blk3",7,"N9",8.61,91.39,6.35,0.56,2.88,2.71,42.78,56.99,3.73,14.87,9.46,83.4,8.67,4.36,0.14,2.67,1.29,9.26,0.36,0.45,0.23,4.02,0.22,18,16.17,65.97,68.01,30.8,56.56,60.56,61.99,37.62,64.07,60.81,66.61,64.14,37.68,3202,100.43,141.27
"125",2015,"NY","Musgrave","Cereal.rye","LakeviewVNS",39,"5/11/15","Blk4",2.397472329,18.22,30.85,56.35,74.95,177.3134287,7592,116060046651,"6/23/2016","Cornell University","MUSGRAVE 936","R4 Date3 Blk4",7,"N9",8.72,91.28,6.37,0.53,2.92,2.82,40.83,54.73,3.22,13.71,9.48,82.68,9.5,5.57,1.19,2.96,1.59,8.8,0.35,0.45,0.23,3.76,0.22,18.22,18.48,66.63,68.75,31.74,57.6,62.97,64.67,40.8,67.6,62.95,68.92,67.27,40.5,3358,107.11,151.51
"126",2015,"NY","Musgrave","Triticale","TriCal815",37,"5/11/15","Blk1",2.091497691,18.6,29.41,52.54,77.49,189.4401804,7592,116060050108,"6/23/2016","Cornell University","MUSGRAVE 965","T1 Date3 Blk1",7,"N9",8.88,91.12,6.47,0.62,2.98,2.96,39.09,51.04,3.15,11.49,8.58,83.19,9.44,6.43,2.1,2.8,1.52,8.77,0.39,0.45,0.23,3.76,0.22,18.6,22.03,67.07,69.24,33.36,59.38,64,65.82,42.19,69.15,65.3,70.93,70.69,43.56,3505,116.63,169.52
"127",2015,"NY","Musgrave","Triticale","TriCal815",37,"5/11/15","Blk2",0.911381693,16.45,28.11,50.2,75.95,191.1357292,7592,116060050109,"6/23/2016","Cornell University","MUSGRAVE 966","T1 Date3 Blk2",7,"N9",8.63,91.37,6.41,0.65,2.63,2.92,34.71,48.77,3.04,11.73,8.94,81.67,11.96,7.31,3.15,2.85,1.66,8.75,0.41,0.41,0.23,3.54,0.2,16.45,26.29,67.48,69.69,33.59,59.63,64.92,66.84,42.44,69.43,65.81,72.04,70.49,43.38,3566,124.13,173.14
"128",2015,"NY","Musgrave","Triticale","TriCal815",37,"5/11/15","Blk3",1.926935673,16.18,29.45,51.83,76.09,189.6663131,7592,116060050110,"6/23/2016","Cornell University","MUSGRAVE 967","T1 Date3 Blk3",7,"N9",8.71,91.29,6.12,0.61,2.59,2.58,39.68,50.35,3.37,12.04,8.65,82.82,11.61,6.01,2.76,2.72,1.57,8.57,0.4,0.39,0.23,3.38,0.2,16.18,24.91,67.06,69.23,32.86,58.83,63.92,65.73,41.09,67.93,65.25,71.34,69.58,42.57,3522,118.63,168.37
"129",2015,"NY","Musgrave","Triticale","TriCal815",37,"5/11/15","Blk4",1.740230754,15.77,28.16,50.4,74.39,190.9197601,7592,116060046679,"6/23/2016","Cornell University","MUSGRAVE 968","T1 Date3 Blk4",7,"N9",8.52,91.48,6.25,0.54,2.52,2.54,39,48.96,3.24,12.54,9.63,80.33,13.62,6.41,3.02,2.7,1.57,8.28,0.37,0.38,0.22,3.33,0.19,15.77,26.96,67.46,69.67,33.29,59.3,64.88,66.8,42.15,69.11,65.41,72.07,69.63,42.61,3557,123.54,169.07
"130",2015,"NY","Musgrave","Triticale","TriCal718",37,"5/11/15","Blk1",1.487600379,19.12,29.63,52.77,74.07,176.7520098,7592,116060046708,"6/23/2016","Cornell University","MUSGRAVE 997","T2 Date3 Blk1",7,"N9",8.53,91.47,6.56,0.68,3.06,3.28,36.77,51.26,3.55,13.29,9.52,81.43,9.32,6.63,1.73,2.68,1.56,9.37,0.42,0.45,0.24,3.78,0.23,19.12,20.97,67.01,69.17,33.45,59.47,62.73,64.4,40.79,67.59,63.44,69.64,68.34,41.46,3398,115.82,158.01
"131",2015,"NY","Musgrave","Triticale","TriCal718",37,"5/11/15","Blk2",1.399028773,19.1,29.11,52.46,74.78,174.9371591,7592,116060050111,"6/23/2016","Cornell University","MUSGRAVE 998","T2 Date3 Blk2",7,"N9",8.54,91.46,6.62,0.69,3.06,3.32,35.6,50.96,3.15,12.85,8.62,83.08,9.01,6.64,1.63,2.93,1.7,10.12,0.42,0.45,0.26,3.86,0.24,19.1,20.44,67.17,69.35,33.56,59.59,62.94,64.64,41.06,67.89,63.28,69.15,68.12,41.26,3372,117.55,159.98
"132",2015,"NY","Musgrave","Triticale","TriCal718",37,"5/11/15","Blk3",2.117163326,18.98,29.94,54.2,74.51,173.9578971,7592,116060050112,"6/23/2016","Cornell University","MUSGRAVE 999","T2 Date3 Blk3",7,"N9",8.63,91.37,6.39,0.63,3.04,3.06,38.78,52.65,3.26,13.42,9.26,82.41,8.41,6.3,1.42,2.81,1.64,9.71,0.42,0.44,0.25,3.74,0.23,18.98,19.08,66.91,69.06,32.85,58.81,62.6,64.26,40.61,67.39,62.78,68.7,67.36,40.58,3341,112.35,154.84
"133",2015,"NY","Musgrave","Triticale","TriCal718",37,"5/11/15","Blk4",1.220375818,19.89,27.84,50.8,76.88,187.6892681,7592,116060046709,"6/23/2016","Cornell University","MUSGRAVE 1000","T2 Date3 Blk4",7,"N9",8.61,91.39,6.6,0.61,3.18,3.22,38.51,49.35,3.19,11.41,8.63,82.51,9.95,6.65,2.27,2.83,1.71,9.2,0.41,0.44,0.26,3.62,0.24,19.89,22.07,67.56,69.78,34.49,60.61,64.31,66.16,43.12,70.2,65.51,71.33,71.54,44.31,3527,122.96,172.73
"134",2015,"NY","Musgrave","Triticale","NE426GT",37,"5/11/15","Blk1",3.341061879,17.22,31.33,56.53,73.96,176.6528438,7592,116060046738,"6/23/2016","Cornell University","MUSGRAVE 1029","T3 Date3 Blk1",7,"N9",8.63,91.37,6.25,0.47,2.76,2.71,39.2,54.91,3.59,14.3,10.6,80.7,9.99,5.38,1.84,2.46,1.36,8.45,0.35,0.43,0.21,3.68,0.21,17.22,19.77,66.48,68.58,31.34,57.16,62.35,63.98,39.61,66.27,62.54,68.77,66.25,39.58,3341,105.98,148.78
"135",2015,"NY","Musgrave","Triticale","NE426GT",37,"5/11/15","Blk2",2.735151576,18.41,30.1,53.92,73.63,176.2583138,7592,116060050113,"6/23/2016","Cornell University","MUSGRAVE 1030","T3 Date3 Blk2",7,"N9",8.85,91.15,6.48,0.57,2.95,2.96,37.15,52.38,3.31,13.81,9.85,81.2,9.21,6.13,2.05,2.66,1.53,9.04,0.38,0.45,0.22,3.82,0.23,18.41,20.6,66.87,69.01,32.76,58.71,63.14,64.86,41.07,67.9,63.04,69.36,67.47,40.68,3377,113.14,154.04
"136",2015,"NY","Musgrave","Triticale","NE426GT",37,"5/11/15","Blk3",3.34307487,17.87,29.27,53.29,76.8,189.4853694,7592,116060050114,"6/23/2016","Cornell University","MUSGRAVE 1031","T3 Date3 Blk3",7,"N9",8.82,91.18,6.45,0.54,2.86,2.79,37.55,51.76,3.37,12.01,9.79,81.09,10.37,5.82,2.08,2.45,1.48,8.47,0.39,0.41,0.23,3.51,0.22,17.87,22.21,67.12,69.29,32.84,58.8,63.69,65.47,41.53,68.42,64.99,70.8,69.95,42.9,3492,115.29,166.01
"137",2015,"NY","Musgrave","Triticale","NE426GT",37,"5/11/15","Blk4",1.562081047,15.79,28.24,51.42,71.27,184.4706375,7592,116060046739,"6/23/2016","Cornell University","MUSGRAVE 1032","T3 Date3 Blk4",7,"N9",8.79,91.21,6.25,0.43,2.53,2.49,36.67,49.95,3.37,14.35,10.56,78.86,13.47,6.2,3.53,2.69,1.74,7.91,0.36,0.38,0.23,3.33,0.2,15.79,26.1,67.44,69.65,32.9,58.87,65.06,67,42.44,69.44,64.38,71.86,68.22,41.36,3521,120.83,158.75
"138",2015,"NY","Musgrave","Triticale","TriMark099",37,"5/11/15","Blk1",1.556545322,17.42,28.01,51.21,77.93,196.802662,7592,116060046768,"6/23/2016","Cornell University","MUSGRAVE 1061","T4 Date3 Blk1",7,"N9",8.77,91.23,6.34,0.5,2.79,2.7,39.15,49.75,3.12,10.98,8.15,83.62,11.89,6.11,2.4,2.75,1.65,8.35,0.38,0.41,0.24,3.62,0.21,17.42,24.53,67.5,69.72,33.51,59.53,65.02,66.95,43.03,70.09,66.46,72.29,71.79,44.54,3596,121.68,176.18
"139",2015,"NY","Musgrave","Triticale","TriMark099",37,"5/11/15","Blk2",1.259125896,17.57,28.77,51.67,75.35,185.8247543,7592,116060046769,"6/23/2016","Cornell University","MUSGRAVE 1062","T4 Date3 Blk2",7,"N9",8.78,91.22,6.5,0.6,2.81,2.92,36.25,50.19,3.19,12.37,9.77,80.53,10.97,6.55,2.11,2.68,1.57,8.89,0.4,0.43,0.24,3.77,0.21,17.57,23.7,67.27,69.46,33.38,59.4,64.1,65.93,41.9,68.83,64.76,70.91,69.51,42.51,3489,119.58,166.32
"140",2015,"NY","Musgrave","Triticale","TriMark099",37,"5/11/15","Blk3",2.724583373,17.63,30.6,54.29,74.17,172.6316592,7592,116060046770,"6/23/2016","Cornell University","MUSGRAVE 1063","T4 Date3 Blk3",7,"N9",8.9,91.1,6.4,0.64,2.82,2.71,41.18,52.41,3.54,13.54,7.6,85.5,9.35,5.21,1.51,2.67,1.44,9.79,0.42,0.43,0.25,3.82,0.22,17.63,20.44,66.7,68.83,32.36,58.28,61.72,63.28,38.92,65.51,62.35,68.26,66.15,39.5,3310,111.46,152.54
"141",2015,"NY","Musgrave","Triticale","TriMark099",37,"5/11/15","Blk4",1.29636623,16.74,28.49,51.7,76.7,191.1411991,7592,116060046771,"6/23/2016","Cornell University","MUSGRAVE 1064","T4 Date3 Blk4",7,"N9",8.68,91.32,6.3,0.56,2.68,2.76,37.34,50.22,3.25,11.7,8.87,82.34,12.47,8.25,2.56,2.82,1.7,8.69,0.38,0.4,0.23,3.46,0.2,16.74,24.41,67.36,69.56,33.09,59.08,64.32,66.17,41.86,68.78,65.6,71.58,70.32,43.24,3542,119.97,170.44
"142",2015,"NY","Musgrave","Barley","Verdant",37,"5/15/15","Blk1",1.423687913,13.89,27.09,44.08,70.46,190.0878003,7592,116060046437,"6/22/2016","Cornell University","MUSGRAVE 713","B1 Date4 Blk1",7,"N9",8.65,91.35,6.38,0.72,2.22,2.4,34.49,42.83,3.19,12.65,10.32,75.9,15.44,7.82,5.57,2.95,1.65,8.6,0.44,0.36,0.21,3.37,0.19,13.89,34.43,67.79,70.04,35.22,61.41,66.19,68.26,42.92,69.97,66.27,73.99,70.02,42.96,3653,142.96,181.69
"143",2015,"NY","Musgrave","Barley","Verdant",37,"5/15/15","Blk2",2.379858657,15.4,26.93,44.72,81.38,206.9694067,7592,116060046438,"6/22/2016","Cornell University","MUSGRAVE 714","B1 Date4 Blk2",7,"N9",8.22,91.78,6.46,0.71,2.46,2.66,34.74,43.45,2.78,8.09,5.07,88.33,13.76,7.66,4.7,2.97,1.74,9.43,0.43,0.41,0.21,3.89,0.21,15.4,31.64,67.84,70.1,35.43,61.65,66.13,68.19,43.47,70.59,68.94,74.31,74.33,46.8,3749,141.11,207.01
"144",2015,"NY","Musgrave","Barley","Verdant",37,"5/15/15","Blk3",1.709029393,13.32,28.33,45.82,71.5,187.8583942,7592,116060046439,"6/22/2016","Cornell University","MUSGRAVE 715","B1 Date4 Blk3",7,"N9",8.22,91.78,6.39,0.73,2.13,2.34,34.31,44.52,3.11,12.69,9.44,78.8,14.85,7.48,4.96,2.87,1.61,8.87,0.39,0.4,0.19,3.81,0.19,13.32,33.02,67.4,69.61,34.31,60.42,65.5,67.49,41.82,68.74,65.62,72.96,68.87,41.94,3594,135.73,176.83
"145",2015,"NY","Musgrave","Barley","Verdant",37,"5/15/15","Blk4",1.724126826,13.22,26.93,43.84,78.38,208.5432316,7592,116060046440,"6/22/2016","Cornell University","MUSGRAVE 716","B1 Date4 Blk4",7,"N9",8.5,91.5,6.32,0.66,2.12,2.21,33.89,42.6,3.2,9.21,5.79,86.41,14.01,7.68,6.23,3,1.8,8.33,0.4,0.37,0.2,3.45,0.18,13.22,35.26,67.84,70.1,35.08,61.26,66.68,68.8,43.29,70.38,69.35,75.76,73.98,46.48,3823,144.26,206.01
"146",2015,"NY","Musgrave","Barley","Valor",45,"5/15/15","Blk1",2.548949904,13.2,29.7,51.48,72.99,184.0613613,7592,116060046466,"6/22/2016","Cornell University","MUSGRAVE 745","B2 Date4 Blk1",7,"N9",8.42,91.58,6.11,0.65,2.11,2.33,33.94,50.01,4.14,13.51,8.52,82.96,14.48,7.8,4.69,2.6,1.73,8.81,0.4,0.34,0.23,3.13,0.18,13.2,27.58,66.98,69.14,32.01,57.89,62.5,64.15,38.04,64.54,64.19,71.01,66.84,40.11,3479,118.78,161.08
"147",2015,"NY","Musgrave","Barley","Valor",41,"5/15/15","Blk2",2.386904126,14.66,28.61,49.88,75.22,196.2638472,7592,116060046467,"6/22/2016","Cornell University","MUSGRAVE 746","B2 Date4 Blk2",7,"N9",8.14,91.86,6.2,0.68,2.35,2.45,35.2,48.46,3.7,12.01,8.63,82.19,13.48,6.69,4.94,2.8,1.8,8.05,0.38,0.37,0.22,3.23,0.19,14.66,28.48,67.32,69.52,33.13,59.12,64.53,66.41,41.2,68.05,66.43,73.13,70.58,43.46,3632,124.44,174.51
"148",2015,"NY","Musgrave","Barley","Valor",37,"5/15/15","Blk3",3.798514092,16.52,27.92,48.31,77.82,198.0954495,7592,116060046468,"6/22/2016","Cornell University","MUSGRAVE 747","B2 Date4 Blk3",7,"N9",8.6,91.4,6.38,0.64,2.64,2.7,34.62,46.93,3.53,10.41,8.32,82.27,12.41,6.97,4.41,2.88,1.83,8.69,0.44,0.4,0.24,3.48,0.22,16.52,27.73,67.54,69.76,34.36,60.47,64.81,66.72,42.34,69.32,67.34,73.39,72.62,45.28,3666,129.09,185.67
"149",2015,"NY","Musgrave","Barley","Valor",37,"5/15/15","Blk4",1.046755341,16.5,25.31,42.91,74.46,197.6950199,7592,116060046469,"6/22/2016","Cornell University","MUSGRAVE 748","B2 Date4 Blk4",7,"N9",8.41,91.59,6.41,0.79,2.64,2.71,35.45,41.7,3.61,10.65,8.31,80.07,14.79,7.81,5.49,2.91,1.91,8.76,0.49,0.37,0.25,3.18,0.22,16.5,32.84,68.34,70.65,36.52,62.86,66.03,68.08,43.78,70.94,68.15,75.22,73.73,46.26,3761,150.16,198.23
"150",2015,"NY","Musgrave","Barley","P919",55,"5/15/15","Blk1",3.960056623,11.35,30.88,53.13,75.72,193.9209893,7592,116060046497,"6/22/2016","Cornell University","MUSGRAVE 777","B3 Date4 Blk1",7,"N9",8.95,91.05,5.9,0.42,1.82,1.87,31.98,51.61,3.85,12.53,8.65,83.24,15.98,8.78,5.16,2.69,1.67,7.56,0.32,0.34,0.2,3.22,0.14,11.35,28.68,66.62,68.74,30.74,56.51,63.78,65.57,38.99,65.59,65.73,72.24,68.18,41.32,3578,113.6,165.93
"151",2015,"NY","Musgrave","Barley","P919",45,"5/15/15","Blk2",1.949581822,13.52,25.7,44.49,76.36,209.4352768,7592,116060046498,"6/22/2016","Cornell University","MUSGRAVE 778","B3 Date4 Blk2",7,"N9",8.97,91.03,6.14,0.42,2.16,1.97,35.13,43.23,3.18,10.22,7,83.81,15.01,7.41,6.61,3,2.06,7.42,0.35,0.36,0.21,3.17,0.17,13.52,34.74,68.22,70.52,34.92,61.08,67.95,70.22,45.1,72.42,69.56,76.7,74.41,46.87,3870,144.17,200.32
"152",2015,"NY","Musgrave","Barley","P919",45,"5/15/15","Blk3",2.483527696,14.09,27.44,47.84,76.33,201.3686454,7592,116060046499,"6/22/2016","Cornell University","MUSGRAVE 779","B3 Date4 Blk3",7,"N9",8.61,91.39,6.14,0.47,2.25,2.23,35.84,46.48,3.47,11,8.32,82.1,16.46,8.75,5.49,2.7,1.79,8.13,0.39,0.35,0.22,3.11,0.18,14.09,30.74,67.68,69.92,33.77,59.82,65.55,67.54,42.34,69.32,67.42,73.99,71.7,44.46,3695,131.38,184.35
"153",2015,"NY","Musgrave","Barley","P919",45,"5/15/15","Blk4",2.509193331,12.36,26.24,44.75,75.83,205.9142144,7592,116060046500,"6/22/2016","Cornell University","MUSGRAVE 780","B3 Date4 Blk4",7,"N9",8.77,91.23,6.09,0.46,1.98,1.9,33.5,43.48,3.53,10.51,8.15,81.26,18.68,7.1,6.58,2.9,2.01,7.43,0.37,0.32,0.22,2.85,0.16,12.36,35.62,68.05,70.33,34.44,60.56,67.14,69.32,43.61,70.74,69.26,76.47,73.5,46.06,3851,142.23,197.67
"154",2015,"NY","Musgrave","Barley","Thoroughbred",41,"5/15/15","Blk1",2.264111672,14.26,28.07,48.58,75.61,196.1964895,7592,116060046528,"6/22/2016","Cornell University","MUSGRAVE 809","B4 Date4 Blk1",7,"N9",8.86,91.14,6.19,0.53,2.28,2.32,34.64,47.2,3.49,11.51,7.5,84.11,14.1,6.87,5.75,3.03,1.9,8.51,0.38,0.37,0.22,3.23,0.19,14.26,29.45,67.49,69.7,33.52,59.55,65.03,66.97,41.74,68.66,66.68,73.27,70.76,43.63,3643,128.34,178.97
"155",2015,"NY","Musgrave","Barley","Thoroughbred",41,"5/15/15","Blk2",2.166481607,12.42,28.44,48.7,75.65,198.1832755,7592,116060046529,"6/22/2016","Cornell University","MUSGRAVE 810","B4 Date4 Blk2",7,"N9",8.72,91.28,6.01,0.54,1.99,1.98,34.22,47.31,3.49,11.52,7.15,84.89,15.33,6.71,6.24,3,1.88,7.98,0.33,0.36,0.2,3.21,0.17,12.42,31.39,67.38,69.58,32.86,58.82,65.35,67.32,41.38,68.25,67.12,73.87,70.58,43.46,3682,127.29,180.22
"156",2015,"NY","Musgrave","Barley","Thoroughbred",41,"5/15/15","Blk3",3.336532649,17.49,27.25,47.3,76.82,204.5467085,7592,116060046530,"6/22/2016","Cornell University","MUSGRAVE 811","B4 Date4 Blk3",7,"N9",9.42,90.58,6.31,0.5,2.8,2.78,35.85,45.95,3.32,10.65,7.21,84.31,12.44,8.01,5.26,3.28,1.93,7.49,0.39,0.45,0.2,3.73,0.21,17.49,28.92,67.75,69.99,35.1,61.28,66.94,69.09,45.43,72.79,68.61,75.37,74.78,47.19,3787,133.24,189.48
"157",2015,"NY","Musgrave","Barley","Thoroughbred",41,"5/15/15","Blk4",0.791105479,16.17,25.28,43.36,70.76,205.8050549,7592,116060046531,"6/22/2016","Cornell University","MUSGRAVE 812","B4 Date4 Blk4",7,"N9",9.28,90.72,6.27,0.46,2.59,2.48,35.93,42.13,3.28,12.32,8.21,80.51,15.26,8.69,7.12,3.24,2.03,6.29,0.37,0.41,0.18,3.2,0.19,16.17,34.86,68.35,70.66,36.25,62.55,69.32,71.74,47.8,75.46,69.29,77.9,75.16,47.53,3907,148.61,192.22
"158",2015,"NY","Musgrave","Cereal.rye","Huron",50,"5/15/15","Blk1",4.317865781,12.34,35.72,62.04,63.78,146.5416328,7592,116060046559,"6/23/2016","Cornell University","MUSGRAVE 841","R1 Date4 Blk1",7,"N9",7.95,92.05,5.83,0.67,1.97,2.41,35.09,60.25,4.73,21.82,13.53,77.54,10.84,6.06,1.79,2.98,1.66,8.28,0.31,0.36,0.21,3.27,0.17,12.34,18.88,65.12,67.07,27.55,53.03,59.02,60.27,33.17,59.16,56.4,65.3,55.33,29.67,3041,91.37,110.42
"159",2015,"NY","Musgrave","Cereal.rye","Huron",45,"5/15/15","Blk2",3.825186224,12.42,34.37,60.44,66.22,154.9879588,7592,116060046560,"6/23/2016","Cornell University","MUSGRAVE 842","R1 Date4 Blk2",7,"N9",8.3,91.7,5.8,0.6,1.99,2.42,32.93,58.7,4.56,19.83,12.6,78.53,12.43,6.31,2.63,2.93,1.76,8.47,0.33,0.35,0.22,3.19,0.17,12.42,20.07,65.55,67.54,28.2,53.74,59.76,61.1,34.21,60.31,58.16,66.41,57.93,32.05,3132,95.84,120.08
"160",2015,"NY","Musgrave","Cereal.rye","Huron",47,"5/15/15","Blk3",4.709895786,13.38,35.01,60.82,65.99,151.6421585,7592,116060046561,"6/23/2016","Cornell University","MUSGRAVE 843","R1 Date4 Blk3",7,"N9",8.05,91.95,5.99,0.55,2.14,2.48,35.43,59.07,4.58,20.09,12.42,78.97,11.76,5.9,0.9,2.64,1.5,8.66,0.32,0.38,0.21,3.58,0.18,13.38,18.87,65.35,67.32,28.39,53.94,59.21,60.48,33.92,59.99,57.37,65.49,57.2,31.38,3071,94.12,117.58
"161",2015,"NY","Musgrave","Cereal.rye","Huron",45,"5/15/15","Blk4",2.814161474,12.97,32.16,56.88,69.14,171.6500112,7592,116060046562,"6/23/2016","Cornell University","MUSGRAVE 844","R1 Date4 Blk4",7,"N9",8.43,91.57,5.96,0.53,2.08,2.33,34,55.25,4.09,17.05,11.55,79.1,13.78,6.76,2.94,2.99,1.86,7.94,0.31,0.36,0.21,3.21,0.17,12.97,23.31,66.23,68.3,29.8,55.48,62.23,63.85,37.67,64.13,61.52,69.35,62.99,36.64,3344,104.44,137.27
"162",2015,"NY","Musgrave","Cereal.rye","Spooner",55,"5/15/15","Blk1",5.301211904,13.09,36.88,61.89,61.99,141.1373437,7592,116060046589,"6/23/2016","Cornell University","MUSGRAVE 873","R2 Date4 Blk1",7,"N9",7.8,92.2,5.9,0.71,2.09,2.5,34.38,60.11,5.42,22.85,15.79,73.73,10.58,5.79,0.91,2.67,1.52,8.12,0.33,0.37,0.2,3.39,0.18,13.09,18.66,64.76,66.67,27.87,53.38,57.92,59.05,32.02,57.9,55.62,64.98,54.53,28.93,3005,90.49,106.1
"163",2015,"NY","Musgrave","Cereal.rye","Spooner",53,"5/15/15","Blk2",3.285704625,12.18,35.72,60.64,65,151.0563434,7592,116060046590,"6/23/2016","Cornell University","MUSGRAVE 874","R2 Date4 Blk2",7,"N9",8.41,91.59,5.67,0.55,1.95,2.27,34.81,58.89,5.06,20.61,14.81,74.85,12.43,6.14,2.31,2.84,1.65,8.32,0.32,0.35,0.2,3.19,0.16,12.18,20.23,65.12,67.07,28.06,53.58,58.91,60.15,33.01,58.99,57.48,66.06,56.83,31.04,3100,93.74,116.52
"164",2015,"NY","Musgrave","Cereal.rye","Spooner",55,"5/15/15","Blk3",3.905705865,11.93,36.88,63.17,63.23,143.4825767,7592,116060046591,"6/23/2016","Cornell University","MUSGRAVE 875","R2 Date4 Blk3",7,"N9",7.97,92.03,5.71,0.64,1.91,2.33,33.86,61.35,5.31,22.56,14.73,75.99,11.66,5.48,1.54,2.81,1.61,8.03,0.32,0.34,0.2,3.12,0.16,11.93,18.41,64.76,66.67,26.96,52.39,57.94,59.07,31.58,57.42,55.79,64.89,54.26,28.68,3010,88.62,106.94
"165",2015,"NY","Musgrave","Cereal.rye","Spooner",53,"5/15/15","Blk4",2.769875671,12.95,33.79,58.35,65.85,159.7034378,7592,116060046592,"6/23/2016","Cornell University","MUSGRAVE 876","R2 Date4 Blk4",7,"N9",8.22,91.78,5.94,0.63,2.07,2.4,33.13,56.67,4.76,19.35,13.35,76.44,12.89,5.44,2.21,2.84,1.76,8.04,0.33,0.36,0.21,3.25,0.18,12.95,21.98,65.73,67.74,29.21,54.83,60.4,61.81,35.26,61.46,59.29,67.82,59.79,33.74,3220,99.93,124.84
"166",2015,"NY","Musgrave","Cereal.rye","Aroostook",59,"5/15/15","Blk1",5.227737731,12.18,39.78,64.51,56.87,117.8762257,7592,116060046620,"6/23/2016","Cornell University","MUSGRAVE 905","R3 Date4 Blk1",7,"N9",7.85,92.15,5.78,0.85,1.95,2.48,33.09,62.69,6.34,27.04,17.11,72.71,9.35,4.27,0.46,2.67,1.51,9.22,0.38,0.35,0.22,3.07,0.18,12.18,15.88,63.88,65.68,26.53,51.92,54.45,55.18,26.91,52.33,50.84,61.26,47.02,21.99,2721,83.5,87.09
"167",2015,"NY","Musgrave","Cereal.rye","Aroostook",57,"5/15/15","Blk2",5.839183759,13.42,38.69,63.27,59.03,125.1597869,7592,116060046621,"6/23/2016","Cornell University","MUSGRAVE 906","R3 Date4 Blk2",7,"N9",7.78,92.22,5.85,0.93,2.15,2.67,33.68,61.77,6.14,25.31,16.9,72.64,8.65,4.72,0.21,2.82,1.62,8.97,0.42,0.35,0.23,3,0.2,13.42,15.89,64.21,66.05,27.43,52.89,55.4,56.24,28.71,54.29,52.77,62.69,50.48,25.2,2833,86.55,95.28
"168",2015,"NY","Musgrave","Cereal.rye","Aroostook",59,"5/15/15","Blk3",4.38328799,11.69,39,64.09,57.41,122.8351736,7592,116060046622,"6/23/2016","Cornell University","MUSGRAVE 907","R3 Date4 Blk3",7,"N9",7.92,92.08,5.7,0.85,1.87,2.43,32.93,61.84,6.35,26.34,16.85,72.75,10.1,5.28,0.97,2.85,1.63,8.83,0.39,0.32,0.23,2.8,0.18,11.69,17.44,64.11,65.94,26.53,51.92,55.2,56.02,27.7,53.19,52.07,62.52,48.64,23.5,2808,84.83,90.08
"169",2015,"NY","Musgrave","Cereal.rye","Aroostook",57,"5/15/15","Blk4",2.361741738,11.55,36.75,61.72,61.23,138.5610516,7592,116060046623,"6/23/2016","Cornell University","MUSGRAVE 908","R3 Date4 Blk4",7,"N9",7.97,92.03,5.69,0.78,1.85,2.43,31.34,60.49,5.72,23.45,15.05,75.12,12.05,6.66,1.96,2.89,1.78,8.56,0.38,0.32,0.23,2.81,0.17,11.55,19.05,64.81,66.72,27.41,52.88,57.09,58.12,30.23,55.94,55.01,64.56,52.95,27.48,2972,90.64,104.81
"170",2015,"NY","Musgrave","Cereal.rye","LakeviewVNS",53,"5/15/15","Blk1",4.165884957,13.78,35.54,61.37,65.47,146.5522802,7592,116060046652,"6/23/2016","Cornell University","MUSGRAVE 937","R4 Date4 Blk1",7,"N9",8.05,91.95,5.99,0.76,2.2,2.66,34.91,60.39,4.95,20.85,12.63,79.09,9.95,3.94,0.91,2.86,1.58,9.02,0.37,0.37,0.23,3.26,0.19,13.78,16.89,65.18,67.13,28.31,53.85,57.79,58.9,32.13,58.02,56.35,64.49,55.9,30.18,3002,93,114.75
"171",2015,"NY","Musgrave","Cereal.rye","LakeviewVNS",57,"5/15/15","Blk2",3.878027239,11.94,35.43,61.59,62.52,142.5978681,7592,116060046653,"6/23/2016","Cornell University","MUSGRAVE 938","R4 Date4 Blk2",7,"N9",7.59,92.41,5.79,0.73,1.91,2.44,34.25,59.82,4.92,22.42,13.23,77.88,11.88,4.86,1.65,2.99,1.75,8.7,0.34,0.34,0.21,3.11,0.18,11.94,19.23,65.21,67.17,27.59,53.07,58.46,59.65,32.23,58.13,55.75,64.89,54.2,28.63,3004,92.66,107.89
"172",2015,"NY","Musgrave","Cereal.rye","LakeviewVNS",59,"5/15/15","Blk3",4.026485328,14.72,33.85,58.49,66.64,157.0468385,7592,116060046654,"6/23/2016","Cornell University","MUSGRAVE 939","R4 Date4 Blk3",7,"N9",8.01,91.99,6.08,0.71,2.36,2.7,35.87,56.81,4.85,18.95,12.84,77.4,10.86,6.37,1.53,2.83,1.69,8.4,0.39,0.38,0.23,3.22,0.2,14.72,20.08,65.71,67.72,29.74,55.41,59.81,61.15,35.21,61.4,59.18,67.34,60.42,34.31,3195,99.37,125.31
"173",2015,"NY","Musgrave","Cereal.rye","LakeviewVNS",57,"5/15/15","Blk4",2.249517487,12.76,32.66,57.42,68.62,169.3018106,7592,116060046655,"6/23/2016","Cornell University","MUSGRAVE 940","R4 Date4 Blk4",7,"N9",8.36,91.64,5.91,0.54,2.04,2.34,33.93,55.77,4.22,17.5,12.37,77.82,13.94,4.95,2.52,2.89,1.82,7.93,0.33,0.35,0.22,3.21,0.17,12.76,23.06,66.07,68.12,29.52,55.17,61.81,63.38,37.04,63.43,61.05,68.98,62.23,35.95,3316,102.82,134.69
"174",2015,"NY","Musgrave","Triticale","TriCal815",39,"5/15/15","Blk1",2.667213128,14.1,29.6,51.64,70.89,182.3177943,7592,116060046680,"6/23/2016","Cornell University","MUSGRAVE 969","T1 Date4 Blk1",7,"N9",8.25,91.75,6.14,0.55,2.26,2.33,35.67,50.16,3.57,14.6,9.35,81.36,14.1,6,3.68,2.66,1.67,8.26,0.34,0.38,0.21,3.39,0.18,14.1,27.14,67.02,69.18,32.24,58.14,64.01,65.83,40.37,67.13,63.74,71.17,66.6,39.9,3474,118.41,155.62
"175",2015,"NY","Musgrave","Triticale","TriCal815",39,"5/15/15","Blk2",3.057230142,12.29,30.25,51.37,70.32,178.1751585,7592,116060046681,"6/23/2016","Cornell University","MUSGRAVE 970","T1 Date4 Blk2",7,"N9",8.5,91.5,5.97,0.58,1.97,2.09,34.01,49.9,3.74,14.81,12.29,75.37,13.13,6.13,4.4,2.88,1.81,8.62,0.35,0.35,0.21,3.17,0.17,12.29,28.47,66.81,68.95,31.76,57.62,63.47,65.23,38.93,65.53,63.44,70.96,65.39,38.81,3456,118.52,154.8
"176",2015,"NY","Musgrave","Triticale","TriCal815",39,"5/15/15","Blk3",3.337539144,12.4,30.62,52.56,70.78,185.3280024,7592,116060046682,"6/23/2016","Cornell University","MUSGRAVE 971","T1 Date4 Blk3",7,"N9",8.34,91.66,5.96,0.51,1.98,2.09,33.79,51.06,3.9,14.92,10.69,79.06,15.69,7.98,3.88,2.76,1.74,7.36,0.32,0.34,0.19,3.09,0.16,12.4,28.53,66.7,68.83,31.31,57.13,64.11,65.94,39.81,66.5,64.29,72.06,66.62,39.92,3531,114.97,154.84
"177",2015,"NY","Musgrave","Triticale","TriCal815",37,"5/15/15","Blk4",2.128738025,12.64,29.13,50.31,73.01,192.2670957,7592,116060046683,"6/23/2016","Cornell University","MUSGRAVE 972","T1 Date4 Blk4",7,"N9",8.6,91.4,5.99,0.47,2.02,2.02,34.81,48.87,3.85,13.19,9.8,79.95,16.36,6.07,4.74,2.7,1.76,7.67,0.33,0.34,0.21,3.14,0.16,12.64,30.08,67.16,69.34,32.29,58.2,64.56,66.44,40.5,67.27,65.7,72.97,68.71,41.79,3606,122.67,167.23
"178",2015,"NY","Musgrave","Triticale","TriCal718",37,"5/15/15","Blk1",2.334566359,14.99,29.32,50.4,71.28,179.3857791,7592,116060046710,"6/23/2016","Cornell University","MUSGRAVE 1001","T2 Date4 Blk1",7,"N9",8.56,91.44,6.21,0.55,2.4,2.47,34.82,48.96,3.63,14.06,10.79,77.96,13.14,6.21,3.97,2.9,1.88,9.06,0.38,0.39,0.23,3.37,0.2,14.99,26.58,67.1,69.27,33.04,59.02,63.77,65.56,40.46,67.22,63.86,71.06,67.16,40.4,3470,121.88,159.58
"179",2015,"NY","Musgrave","Triticale","TriCal718",37,"5/15/15","Blk2",1.284288284,15.06,27.81,48.64,74.35,193.0265242,7592,116060046711,"6/23/2016","Cornell University","MUSGRAVE 1002","T2 Date4 Blk2",7,"N9",8.81,91.19,6.19,0.57,2.41,2.43,34.06,47.25,3.52,12.12,8.4,82.22,14.41,6.48,4.92,2.95,1.98,8.47,0.38,0.38,0.24,3.26,0.2,15.06,28.67,67.57,69.79,33.76,59.81,65.1,67.04,42.15,69.11,66.34,73.22,70.64,43.52,3631,128.75,175.46
"180",2015,"NY","Musgrave","Triticale","TriCal718",37,"5/15/15","Blk3",1.830815351,14.22,30.23,51.94,69.93,176.322718,7592,116060046712,"6/23/2016","Cornell University","MUSGRAVE 1003","T2 Date4 Blk3",7,"N9",8.35,91.65,6.11,0.55,2.28,2.37,34.25,50.45,3.72,15.17,11.99,76.23,13.57,6.07,3.65,2.76,1.77,8.75,0.36,0.38,0.21,3.31,0.19,14.22,26.18,66.82,68.96,32.16,58.06,63.32,65.06,39.57,66.23,62.9,70.4,65.48,38.89,3417,117.02,151.35
"181",2015,"NY","Musgrave","Triticale","TriCal718",37,"5/15/15","Blk4",1.25359017,14.76,27.41,47.96,74.65,199.0143979,7592,116060046713,"6/23/2016","Cornell University","MUSGRAVE 1004","T2 Date4 Blk4",7,"N9",8.69,91.31,6.18,0.47,2.36,2.27,34.76,46.59,3.64,11.81,9.21,80.23,13.22,6.49,5.07,2.9,2.02,7.84,0.37,0.36,0.23,3.16,0.19,14.76,30.06,67.69,69.93,33.93,60,65.82,67.85,42.96,70.02,67.32,74.41,71.87,44.61,3710,130.91,180.72
"182",2015,"NY","Musgrave","Triticale","NE426GT",41,"5/15/15","Blk1",3.939423465,13.14,33,58.02,67.12,163.3200789,7592,116060046740,"6/23/2016","Cornell University","MUSGRAVE 1033","T3 Date4 Blk1",7,"N9",8.25,91.75,5.99,0.45,2.1,2.22,35.24,56.35,4.14,18.53,13.1,76.75,12.88,6.97,2.57,2.5,1.54,8.15,0.3,0.36,0.19,3.28,0.17,13.14,22.04,65.97,68.01,29.4,55.04,61.31,62.82,36.58,62.92,59.53,67.62,60.2,34.11,3217,101.4,127.71
"183",2015,"NY","Musgrave","Triticale","NE426GT",39,"5/15/15","Blk2",3.051694417,13.82,29.3,50.88,69.01,178.4840326,7592,116060046741,"6/23/2016","Cornell University","MUSGRAVE 1034","T3 Date4 Blk2",7,"N9",8.18,91.82,6.18,0.54,2.21,2.18,34.8,49.43,3.81,15.32,11.73,76.27,12.65,5.72,3.91,2.57,1.77,8.39,0.34,0.36,0.21,3.28,0.19,13.82,27.77,67.11,69.28,32.45,58.38,63.76,65.55,39.96,66.67,63.27,71.14,65.82,39.2,3458,120.89,153.41
"184",2015,"NY","Musgrave","Triticale","NE426GT",41,"5/15/15","Blk3",2.92286299,14.61,29.97,52.81,70.08,181.3151718,7592,116060046742,"6/23/2016","Cornell University","MUSGRAVE 1035","T3 Date4 Blk3",7,"N9",8.51,91.49,6.12,0.42,2.34,2.23,36.28,51.3,3.74,15.35,12.85,74.95,13.63,7.71,3.68,2.42,1.62,7.74,0.32,0.37,0.2,3.35,0.18,14.61,25.96,66.9,69.05,31.95,57.82,63.98,65.8,40.61,67.39,63.34,71.04,66.25,39.59,3460,115.35,150.93
"185",2015,"NY","Musgrave","Triticale","NE426GT",37,"5/15/15","Blk4",2.069354789,12.57,28.25,48.77,72.65,195.2293269,7592,116060046743,"6/23/2016","Cornell University","MUSGRAVE 1036","T3 Date4 Blk4",7,"N9",8.49,91.51,6.11,0.47,2.01,1.88,33.57,47.38,3.89,12.96,10.21,78.45,16.75,7.97,5.04,2.54,1.86,7.36,0.33,0.33,0.21,3,0.17,12.57,31.71,67.43,69.64,32.89,58.86,65.3,67.27,41.41,68.28,66.53,74.11,69.82,42.79,3677,127.56,172.77
"186",2015,"NY","Musgrave","Triticale","TriMark099",39,"5/15/15","Blk1",3.528773293,13.07,30.28,53,70.71,182.1907239,7592,116060046772,"6/23/2016","Cornell University","MUSGRAVE 1065","T4 Date4 Blk1",7,"N9",8.57,91.43,5.94,0.44,2.09,2.11,37.03,51.48,3.76,15.08,12.15,76.4,15.37,7.53,3.4,2.77,1.73,7.86,0.33,0.35,0.21,3.17,0.17,13.07,26.97,66.8,68.94,31.37,57.19,63.82,65.62,39.76,66.45,63.56,71.14,65.9,39.27,3471,114.42,152.22
"187",2015,"NY","Musgrave","Triticale","TriMark099",39,"5/15/15","Blk2",2.556498621,14.69,28.14,49.67,73.66,190.0505537,7592,116060046773,"6/23/2016","Cornell University","MUSGRAVE 1066","T4 Date4 Blk2",7,"N9",8.44,91.56,6.21,0.54,2.35,2.4,35.33,48.25,3.44,12.71,8.36,82.67,14.74,6.05,3.82,2.84,1.89,8.52,0.36,0.38,0.22,3.47,0.19,14.69,28.05,67.47,69.68,33.23,59.23,64.82,66.73,41.65,68.55,65.56,72.48,69.39,42.4,3579,125.65,169.63
"188",2015,"NY","Musgrave","Triticale","TriMark099",41,"5/15/15","Blk3",2.950541617,13.89,30.08,52.47,70.47,177.6373356,7592,116060046774,"6/23/2016","Cornell University","MUSGRAVE 1067","T4 Date4 Blk3",7,"N9",8.29,91.71,6.15,0.55,2.22,2.36,35.13,50.97,3.73,15.05,11.61,77.22,14.25,5.8,3.26,2.64,1.69,8.67,0.35,0.38,0.21,3.42,0.18,13.89,26.14,66.87,69.01,31.86,57.72,63.13,64.85,39.18,65.8,62.89,70.25,65.31,38.74,3412,116.22,151.62
"189",2015,"NY","Musgrave","Triticale","TriMark099",39,"5/15/15","Blk4",1.514775758,13.87,27.81,48.86,74.72,195.8242938,7592,116060046775,"6/23/2016","Cornell University","MUSGRAVE 1068","T4 Date4 Blk4",7,"N9",8.63,91.37,6.15,0.5,2.22,2.23,34.68,47.47,3.64,12,9.6,79.78,16.03,8.11,4.78,2.77,1.91,8.2,0.37,0.34,0.24,3,0.18,13.87,29.78,67.57,69.79,33.28,59.29,65.02,66.95,41.58,68.48,66.56,73.43,70.43,43.33,3647,128.23,176.21
"190",2015,"NY","Musgrave","Barley","Verdant",45,"5/19/15","Blk2",2.069858037,14.25,33.83,56.76,73.77,174.0542087,7592,116060046442,"6/22/2016","Cornell University","MUSGRAVE 718","B1 Date5 Blk2",7,"N9",8.95,91.05,5.61,0.55,2.28,1.78,56.63,55.13,3.6,14.46,10.16,81.57,10.89,6.62,1.15,2.51,0.88,8.99,0.37,0.41,0.18,3.62,0.18,14.25,21.53,65.71,67.72,30.27,55.99,60.75,62.2,36.25,62.55,61.06,66.94,62.82,36.49,3222,102.31,144.78
"191",2015,"NY","Musgrave","Barley","Verdant",45,"5/19/15","Blk3",3.406484087,15.91,34.95,55.34,74.35,154.8986568,7592,116060046443,"6/22/2016","Cornell University","MUSGRAVE 719","B1 Date5 Blk3",7,"N9",9.03,90.97,5.68,0.85,2.55,1.94,62.73,52.43,3.87,13.45,8,84.74,9.06,6.69,1.03,2.31,0.32,11.72,0.47,0.46,0.21,4.08,0.2,15.91,20.56,65.37,67.34,31.38,57.2,57.43,58.5,32.45,58.37,58.97,63.69,60.53,34.41,3016,103.74,143.23
"192",2015,"NY","Musgrave","Barley","Verdant",41,"5/19/15","Blk4",2.645573474,12.63,33.78,56.12,72.54,168.4684347,7592,116060046444,"6/22/2016","Cornell University","MUSGRAVE 720","B1 Date5 Blk4",7,"N9",8.69,91.31,5.46,0.59,2.02,1.52,61.05,54.51,3.47,14.97,9.29,82.96,11.98,6.31,1.14,2.53,0.81,9.85,0.36,0.39,0.18,3.64,0.17,12.63,22.72,65.73,67.74,29.98,55.67,60.08,61.45,34.66,60.8,59.83,65.74,60.34,34.25,3136,103.83,141.22
"193",2015,"NY","Musgrave","Barley","Valor",60,"5/19/15","Blk2",3.021499551,13.98,38.13,63.84,60.45,122.2901938,7592,116060046471,"6/22/2016","Cornell University","MUSGRAVE 750","B2 Date5 Blk2",7,"N9",8.34,91.66,5.8,0.75,2.24,2.16,49.07,60.38,5.28,23.88,13.52,77.61,8.24,4.11,0.58,1.83,0.73,10.15,0.38,0.37,0.22,3.15,0.19,13.98,15.92,64.38,66.24,27.4,52.87,54.99,55.78,28.44,54,51.62,60.36,48.96,23.79,2694,86.28,93.29
"194",2015,"NY","Musgrave","Barley","Valor",60,"5/19/15","Blk3",3.67773463,14.69,36.87,61.94,65.21,136.6963218,7592,116060046472,"6/22/2016","Cornell University","MUSGRAVE 751","B2 Date5 Blk3",7,"N9",8.75,91.25,5.7,0.64,2.35,2.06,51.33,58.76,4.95,20.44,12.9,78.05,9.22,3.39,0.8,1.98,0.74,9.85,0.38,0.39,0.21,3.23,0.18,14.69,17.02,64.77,66.68,28.39,53.94,56.41,57.37,30.71,56.47,54.82,62.39,54.01,28.46,2864,90.5,108.91
"195",2015,"NY","Musgrave","Barley","Valor",60,"5/19/15","Blk4",1.353736474,15.7,32.32,57.31,71.11,163.0507811,7592,116060046473,"6/22/2016","Cornell University","MUSGRAVE 752","B2 Date5 Blk4",7,"N9",8.31,91.69,5.87,0.89,2.51,2.64,45.67,55.66,4.72,16.08,11.29,79.72,10.07,6.34,1.95,2.03,1.07,9.49,0.43,0.34,0.24,3.01,0.21,15.7,19.72,66.17,68.24,30.53,56.27,58.33,59.5,33.58,59.62,59.72,66.16,61.56,35.35,3153,103.24,136.28
"196",2015,"NY","Musgrave","Barley","P919",60,"5/19/15","Blk1",3.150330978,12.07,38.14,62.97,63.26,134.1191201,7592,116060046501,"6/22/2016","Cornell University","MUSGRAVE 781","B3 Date5 Blk1",7,"N9",8.74,91.26,5.46,0.64,1.93,1.74,52.78,60.31,4.89,22.16,13.47,77.67,10.39,5.16,1.35,1.88,0.66,9.67,0.34,0.36,0.19,3.14,0.15,12.07,18.03,64.38,66.24,27.1,52.54,56.01,56.92,29,54.6,53.26,61.4,50.51,25.23,2785,87.64,102.48
"197",2015,"NY","Musgrave","Barley","P919",60,"5/19/15","Blk2",3.342068374,11.09,35.8,61.83,65.46,152.5610026,7592,116060046502,"6/22/2016","Cornell University","MUSGRAVE 782","B3 Date5 Blk2",7,"N9",8.45,91.55,5.54,0.46,1.77,1.64,47.16,60.05,4.42,20.74,14.09,76.54,13.38,6.2,1.85,2.18,1.09,7.81,0.29,0.33,0.17,2.93,0.14,11.09,20.6,65.1,67.04,27.22,52.67,59.37,60.66,33.14,59.13,56.77,65.15,55.25,29.6,3044,91.75,114.17
"198",2015,"NY","Musgrave","Barley","P919",60,"5/19/15","Blk3",3.71598146,12.54,37.93,62.88,63.45,137.6367792,7592,116060046503,"6/22/2016","Cornell University","MUSGRAVE 783","B3 Date5 Blk3",7,"N9",8.76,91.24,5.59,0.49,2.01,1.7,50.8,60.55,4.89,22.13,14.25,76.47,10.58,5.43,0.95,1.89,0.76,9.02,0.34,0.36,0.19,3.14,0.16,12.54,17.83,64.44,66.31,27.29,52.74,56.86,57.87,30.43,56.17,53.96,62.3,51.76,26.38,2845,87.87,103.98
"199",2015,"NY","Musgrave","Barley","P919",55,"5/19/15","Blk4",1.482064653,12.66,33.03,58.08,71.1,177.9921715,7592,116060046504,"6/22/2016","Cornell University","MUSGRAVE 784","B3 Date5 Blk4",7,"N9",8.76,91.24,5.61,0.41,2.03,1.77,47.63,56.41,3.9,16.3,13.37,76.3,13.76,7.91,2.71,2.24,1.18,7.3,0.3,0.34,0.17,2.99,0.15,12.66,23.22,65.96,68,29.22,54.85,62.02,63.61,37.28,63.69,61.49,68.7,62.75,36.43,3316,101.37,138.67
"200",2015,"NY","Musgrave","Barley","Thoroughbred",57,"5/19/15","Blk2",2.739177558,13.9,37.28,63.47,64.38,137.4553453,7592,116060046533,"6/23/2016","Cornell University","MUSGRAVE 814","B4 Date5 Blk2",7,"N9",9.19,90.81,5.56,0.48,2.22,1.93,50.36,60.33,4.64,21.49,12.78,78.82,7.82,3.61,2,2.25,0.95,9.14,0.31,0.39,0.2,3.01,0.18,13.9,16.61,64.65,66.54,27.51,52.98,57.56,58.65,31.97,57.85,54.65,62.76,53.42,27.91,2882,87.7,105.32
"201",2015,"NY","Musgrave","Barley","Thoroughbred",53,"5/19/15","Blk3",2.07589701,16.22,33.9,59.68,69.31,152.8576107,7592,116060046534,"6/23/2016","Cornell University","MUSGRAVE 815","B4 Date5 Blk3",7,"N9",8.97,91.03,5.71,0.51,2.6,2.1,52.53,56.41,4.05,17.31,11.13,80.27,8.84,4.05,1.32,2.34,0.95,9.35,0.34,0.4,0.21,3.34,0.21,16.22,18.17,65.69,67.7,29.77,55.45,59.52,60.83,35.52,61.75,58.37,65.19,59.86,33.81,3077,97.37,125.66
"202",2015,"NY","Musgrave","Barley","Thoroughbred",55,"5/19/15","Blk4",2.589209725,13.49,35.07,62.03,64.79,145.9942558,7592,116060046535,"6/23/2016","Cornell University","MUSGRAVE 816","B4 Date5 Blk4",7,"N9",8.25,91.75,5.68,0.57,2.16,2.03,48.04,60.43,4.18,21.28,14.04,76.77,9.38,4.24,2.26,2.11,0.91,8.88,0.29,0.35,0.18,2.99,0.18,13.49,17.32,65.33,67.3,27.95,53.46,58.44,59.63,32.91,58.87,55.07,63.15,53.84,28.3,2910,92.13,110.05
"203",2015,"NY","Musgrave","Cereal.rye","Huron",57,"5/19/15","Blk1",4.253450068,12.11,42.08,69.78,59.96,113.4214147,7592,116060046563,"6/23/2016","Cornell University","MUSGRAVE 845","R1 Date5 Blk1",7,"N9",8.4,91.6,5.22,0.56,1.94,1.74,55.57,66.43,5.57,26.6,14.95,77.5,7.26,2.05,0.72,2.45,0.84,9.06,0.26,0.36,0.19,3.3,0.16,12.11,12.3,63.16,64.88,24.42,49.64,54.04,54.73,26.41,51.79,49.48,58.83,44.87,19.99,2592,74.83,83.26
"204",2015,"NY","Musgrave","Cereal.rye","Huron",57,"5/19/15","Blk2",5.628826196,12.47,41.93,68.79,59.71,113.3588946,7592,116060046564,"6/23/2016","Cornell University","MUSGRAVE 846","R1 Date5 Blk2",7,"N9",8.3,91.7,5.31,0.73,2,1.92,55.49,65.13,5.59,26.24,14.73,77.38,6.04,1.17,0.63,2.82,0.89,9.18,0.31,0.37,0.21,3.16,0.17,12.47,13.25,63.21,64.94,24.95,50.21,54.19,54.89,26.7,52.1,50.01,59.4,45.85,20.9,2626,75.86,84.49
"205",2015,"NY","Musgrave","Cereal.rye","Huron",57,"5/19/15","Blk3",4.517655142,12.96,41.58,68.54,60.5,115.1062517,7592,116060046565,"6/23/2016","Cornell University","MUSGRAVE 847","R1 Date5 Blk3",7,"N9",8.45,91.55,5.29,0.62,2.07,1.72,58.41,64.88,5.45,25.63,14.44,77.74,6.89,1.09,0.89,2.54,0.76,9.19,0.28,0.38,0.19,3.3,0.16,12.96,12.93,63.32,65.06,25.21,50.49,54.4,55.13,27.25,52.7,50.25,59.35,46.43,21.44,2630,76.66,85.93
"206",2015,"NY","Musgrave","Cereal.rye","Huron",57,"5/19/15","Blk4",3.54286423,11.79,41,68.74,60.6,119.4028959,7592,116060046566,"6/23/2016","Cornell University","MUSGRAVE 848","R1 Date5 Blk4",7,"N9",8.27,91.73,5.27,0.55,1.89,1.8,52.5,65.92,5.34,25.97,14.78,77.58,7.6,1.72,0.22,2.59,0.98,8.91,0.28,0.35,0.19,3.17,0.16,11.79,13.2,63.5,65.26,24.74,49.98,54.9,55.68,27.45,52.92,50.43,59.71,46.17,21.2,2654,77.27,86.88
"207",2015,"NY","Musgrave","Cereal.rye","Spooner",57,"5/19/15","Blk1",2.843349844,13.03,41.49,67.84,59.12,111.004434,7592,116060046593,"6/23/2016","Cornell University","MUSGRAVE 877","R2 Date5 Blk1",7,"N9",8.45,91.55,5.29,0.73,2.08,1.96,52.88,64.39,5.84,26.32,15.99,75.17,7.1,2.05,0.18,2.74,1.01,9.75,0.36,0.38,0.21,3.31,0.18,13.03,12.78,63.35,65.09,25.5,50.81,53.61,54.25,26.17,51.53,49.66,59.07,45.59,20.66,2600,77.63,83.79
"208",2015,"NY","Musgrave","Cereal.rye","Spooner",59,"5/19/15","Blk2",3.996290462,11.18,44.94,71.95,56.8,99.25281485,7592,116060046594,"6/23/2016","Cornell University","MUSGRAVE 878","R2 Date5 Blk2",7,"N9",8.61,91.39,5.11,0.6,1.79,1.69,53.49,68.41,6.29,29.55,17.61,74.26,7.13,2.97,0.24,2.36,0.79,8.97,0.27,0.36,0.17,3.2,0.14,11.18,11.34,62.28,63.9,23.26,48.39,52.26,52.74,23.51,48.66,46.85,57.22,40.4,15.8,2460,69.76,72.8
"209",2015,"NY","Musgrave","Cereal.rye","Spooner",57,"5/19/15","Blk3",5.056633492,11.51,44.59,70.84,56.5,98.6687195,7592,116060046595,"6/23/2016","Cornell University","MUSGRAVE 879","R2 Date5 Blk3",7,"N9",8.68,91.32,5.2,0.67,1.84,1.69,56.13,66.6,6.36,28.97,16.93,74.58,7.07,2.8,0.52,2.37,0.72,9.46,0.3,0.37,0.18,3.3,0.16,11.51,12.4,62.39,64.02,23.8,48.97,52.04,52.5,23.32,48.45,47.05,57.27,40.87,16.24,2461,70.95,73.19
"210",2015,"NY","Musgrave","Cereal.rye","Spooner",55,"5/19/15","Blk4",3.173480375,13.74,40.06,65.81,61.53,120.7298159,7592,116060046596,"6/23/2016","Cornell University","MUSGRAVE 880","R2 Date5 Blk4",7,"N9",8.63,91.37,5.36,0.69,2.2,1.91,55.09,62.88,5.43,24.19,14.56,76.84,7.31,2.38,0.92,2.79,1,9.58,0.35,0.4,0.21,3.39,0.18,13.74,13.71,63.79,65.58,26.54,51.93,54.9,55.68,28.26,53.8,51.7,60.45,48.98,23.81,2709,81.39,93.11
"211",2015,"NY","Musgrave","Cereal.rye","Aroostook",60,"5/19/15","Blk1",4.924279332,11.59,44.99,70.68,51.92,89.38914258,7592,116060046624,"6/23/2016","Cornell University","MUSGRAVE 909","R3 Date5 Blk1",7,"N9",8,92,5.34,0.77,1.85,1.81,50.39,66.45,6.84,31.95,19.18,71.14,6.41,1.2,0.24,2.25,0.89,9.53,0.32,0.34,0.19,2.96,0.17,11.59,12.35,62.26,63.88,23.91,49.08,51.4,51.79,22.43,47.49,44.93,56.56,37.64,13.2,2373,70.97,63.91
"212",2015,"NY","Musgrave","Cereal.rye","Aroostook",60,"5/19/15","Blk2",4.873451308,11.42,45.37,71.14,52.36,89.44183347,7592,116060046625,"6/23/2016","Cornell University","MUSGRAVE 910","R3 Date5 Blk2",7,"N9",8.02,91.98,5.33,0.84,1.83,2.02,47.99,67.26,7.18,32.04,21.07,68.67,6.19,2.46,0.22,2.21,0.81,9.36,0.34,0.34,0.19,2.91,0.16,11.42,12.17,62.14,63.75,23.65,48.81,50.7,51.01,21.32,46.3,44.91,56.47,37.51,13.08,2371,70.17,64.25
"213",2015,"NY","Musgrave","Cereal.rye","Aroostook",60,"5/19/15","Blk3",4.872444812,12.12,44.25,70.14,54.71,98.24223979,7592,116060046626,"6/23/2016","Cornell University","MUSGRAVE 911","R3 Date5 Blk3",7,"N9",8.07,91.93,5.37,0.7,1.94,1.94,47.44,66.39,6.95,30.07,19.58,70.51,7.3,2.48,0.5,2.24,0.97,8.81,0.33,0.35,0.19,3,0.17,12.12,12.65,62.49,64.14,24.29,49.49,52.18,52.66,23.8,48.97,47.27,58.33,41.51,16.85,2513,72.15,71.6
"214",2015,"NY","Musgrave","Cereal.rye","Aroostook",59,"5/19/15","Blk4",2.531336233,10.41,45.21,72.21,52.97,93.30144433,7592,116060046627,"6/23/2016","Cornell University","MUSGRAVE 912","R3 Date5 Blk4",7,"N9",7.92,92.08,5.25,0.72,1.67,1.93,44,69.26,6.94,32.57,21.34,69.19,7.29,2.8,0.41,2.32,1,8.56,0.29,0.32,0.17,2.75,0.15,10.41,11.7,62.2,63.81,22.88,47.98,51.57,51.98,22.15,47.19,45.14,56.96,37.4,12.98,2408,69.08,65.5
"215",2015,"NY","Musgrave","Cereal.rye","LakeviewVNS",57,"5/19/15","Blk1",2.97016828,11.12,42.86,70.73,59.85,111.1670723,7592,116060046656,"6/23/2016","Cornell University","MUSGRAVE 941","R4 Date5 Blk1",7,"N9",8.17,91.83,5.24,0.64,1.78,1.75,52.61,67.9,5.76,27.26,16.75,75.33,7.71,3.56,0.99,2.36,0.81,9.13,0.29,0.35,0.18,3.19,0.15,11.12,11.79,62.92,64.62,23.71,48.87,53.1,53.68,24.62,49.86,48.64,58.01,43.13,18.36,2538,73.15,81.19
"216",2015,"NY","Musgrave","Cereal.rye","LakeviewVNS",59,"5/19/15","Blk2",4.034034044,10.85,44.92,72.51,55.46,94.87908698,7592,116060046657,"6/23/2016","Cornell University","MUSGRAVE 942","R4 Date5 Blk2",7,"N9",8.24,91.76,5.21,0.62,1.74,1.77,52.35,68.26,6.13,30.4,17.36,74.57,6.54,3.96,0.8,2.36,0.78,9.45,0.27,0.35,0.18,3.05,0.14,10.85,11.43,62.29,63.91,22.92,48.02,52.07,52.53,23.08,48.2,45.78,56.4,38.59,14.1,2395,68.95,68.5
"217",2015,"NY","Musgrave","Cereal.rye","LakeviewVNS",57,"5/19/15","Blk3",3.242928565,12.73,42.34,68.59,58.64,108.4267201,7592,116060046658,"6/23/2016","Cornell University","MUSGRAVE 943","R4 Date5 Blk3",7,"N9",8.37,91.63,5.39,0.68,2.04,1.83,55.07,64.84,5.77,26.82,15.66,75.85,7.13,3.49,0.35,2.44,0.76,9.57,0.32,0.38,0.19,3.2,0.17,12.73,12.93,63.09,64.8,25.11,50.38,53.48,54.1,25.86,51.19,49.02,58.53,44.45,19.6,2561,75.86,81.29
"218",2015,"NY","Musgrave","Cereal.rye","LakeviewVNS",57,"5/19/15","Blk4",5.2010656,11.45,44.42,71.39,56.6,97.63971347,7592,116060050107,"6/23/2016","Cornell University","MUSGRAVE 944","R4 Date5 Blk4",7,"N9",8.59,91.41,5.16,0.58,1.83,1.68,57.29,66.27,6.24,28.76,16.16,75.61,7.04,3.38,0.24,2.32,0.7,9.78,0.28,0.36,0.19,3.18,0.14,11.45,12.48,62.44,64.08,23.57,48.72,52.08,52.54,23.4,48.53,46.94,57.01,40.66,16.05,2445,70.72,72.07
"219",2015,"NY","Musgrave","Triticale","TriCal815",49,"5/19/15","Blk1",3.172473879,12.41,38.6,64.37,63.49,134.6679034,7592,116060046684,"6/23/2016","Cornell University","MUSGRAVE 973","T1 Date5 Blk1",7,"N9",8.8,91.2,5.06,0.55,1.99,1.45,60.84,62.15,4.97,22.69,15.16,75.61,9.76,2.48,0.65,2.24,0.64,9.04,0.32,0.37,0.17,3.17,0.15,12.41,16.21,64.24,66.08,26.65,52.05,55.97,56.88,29.14,54.76,52.95,61.21,50.21,24.95,2775,84.82,100.79
"220",2015,"NY","Musgrave","Triticale","TriCal815",45,"5/19/15","Blk2",2.024565738,12.83,36.56,62.35,65.52,149.5346323,7592,116060046685,"6/23/2016","Cornell University","MUSGRAVE 974","T1 Date5 Blk2",7,"N9",8.77,91.23,5.05,0.52,2.05,1.46,59.31,61.49,4.63,21.2,14.85,75.85,10.16,5.15,1.32,2.41,0.91,8.11,0.32,0.37,0.18,3.06,0.16,12.83,17.12,64.86,66.78,27.59,53.07,58.01,59.15,32.07,57.96,55.47,63.59,54.13,28.56,2944,89.93,112.24
"221",2015,"NY","Musgrave","Triticale","TriCal815",49,"5/19/15","Blk3",4.896600705,12.96,39.74,64.65,60.42,121.3979492,7592,116060046686,"6/23/2016","Cornell University","MUSGRAVE 975","T1 Date5 Blk3",7,"N9",9.09,90.91,5.13,0.56,2.07,1.47,63.12,60.44,5.24,23.92,13.36,77.9,8.11,4.56,0.39,2.43,0.63,9.8,0.35,0.39,0.2,3.07,0.16,12.96,16.64,63.88,65.69,26.74,52.14,55.26,56.09,28.43,53.99,51.52,60.36,48.32,23.19,2694,83.54,91.86
"222",2015,"NY","Musgrave","Triticale","TriCal815",47,"5/19/15","Blk4",3.947978677,12.54,37.73,63.11,64.81,142.339646,7592,116060046687,"6/23/2016","Cornell University","MUSGRAVE 976","T1 Date5 Blk4",7,"N9",8.96,91.04,5.05,0.5,2.01,1.34,62.52,61.21,4.77,21.54,15.03,75.45,9.92,4.73,0.92,2.28,0.71,8.69,0.33,0.38,0.17,3.18,0.15,12.54,17.19,64.5,66.38,27.2,52.64,57.02,58.05,30.64,56.39,54.4,62.45,52.41,26.99,2865,87.65,107.03
"223",2015,"NY","Musgrave","Triticale","TriCal718",41,"5/19/15","Blk2",3.698871036,13.79,38.95,63.92,62.24,124.8599184,7592,116060046715,"6/23/2016","Cornell University","MUSGRAVE 1006","T2 Date5 Blk2",7,"N9",9.47,90.53,5.08,0.45,2.21,1.44,64.97,59.8,4.81,22.58,12.24,79.53,8.06,3.98,0.26,2.39,0.71,10.07,0.35,0.4,0.2,3.26,0.17,13.79,16.07,64.13,65.96,27.31,52.77,56.12,57.04,30.01,55.71,52.46,60.73,50.12,24.87,2733,85.34,97.09
"224",2015,"NY","Musgrave","Triticale","TriCal718",43,"5/19/15","Blk3",5.473825886,12.87,40.69,66,61.4,119.8683164,7592,116060046716,"6/23/2016","Cornell University","MUSGRAVE 1007","T2 Date5 Blk3",7,"N9",8.9,91.1,5.02,0.56,2.06,1.4,65.19,62.33,5.21,24.06,13.75,77.94,8.36,3.48,0.32,2.36,0.55,9.79,0.32,0.39,0.19,3.28,0.15,12.87,14.86,63.59,65.36,26.18,51.54,54.66,55.42,27.57,53.05,50.95,59.49,47.42,22.37,2646,80.7,91.43
"225",2015,"NY","Musgrave","Triticale","TriCal718",41,"5/19/15","Blk4",2.883609665,14.04,37.54,62.49,65.32,139.6389355,7592,116060046717,"6/23/2016","Cornell University","MUSGRAVE 1008","T2 Date5 Blk4",7,"N9",9.44,90.56,5.06,0.45,2.25,1.45,63.03,59.78,4.76,20.73,12.97,78.3,8.79,3.52,0.61,2.4,0.8,9.2,0.35,0.39,0.19,3.25,0.17,14.04,16.63,64.57,66.45,27.95,53.46,57.17,58.21,31.53,57.37,54.88,62.65,53.8,28.27,2882,88.8,109.18
"226",2015,"NY","Musgrave","Triticale","NE426GT",53,"5/19/15","Blk1",3.798514092,13.43,37.62,63.23,63.53,133.0334206,7592,116060046744,"6/23/2016","Cornell University","MUSGRAVE 1037","T3 Date5 Blk1",7,"N9",8.91,91.09,5.16,0.44,2.15,1.36,64.78,60.27,4.69,21.98,12.8,78.76,8.71,2.84,0.42,2.06,0.63,9.82,0.32,0.38,0.19,3.25,0.17,13.43,16.21,64.54,66.42,27.45,52.92,56.31,57.25,30.11,55.82,52.98,60.96,50.72,25.42,2759,87.77,101.49
"227",2015,"NY","Musgrave","Triticale","NE426GT",53,"5/19/15","Blk2",3.59469875,11.97,38.19,64.77,63.58,138.0687321,7592,116060046745,"6/23/2016","Cornell University","MUSGRAVE 1038","T3 Date5 Blk2",7,"N9",8.65,91.35,5.04,0.4,1.92,1.33,60.99,63.27,4.57,23.04,14.95,76.37,9.9,4.6,0.54,2.21,0.76,8.47,0.28,0.36,0.16,3.1,0.15,11.97,15.86,64.36,66.22,26.36,51.73,57.16,58.2,30.62,56.38,53.14,61.61,50.3,25.03,2801,84.83,101.31
"228",2015,"NY","Musgrave","Triticale","NE426GT",55,"5/19/15","Blk3",5.177412955,13.11,37.97,63.81,63.85,138.7408926,7592,116060046746,"6/23/2016","Cornell University","MUSGRAVE 1039","T3 Date5 Blk3",7,"N9",8.92,91.08,5.16,0.42,2.1,1.31,62.01,61.63,4.7,22.28,14.2,76.96,9.35,4.14,0.38,2.11,0.7,8.55,0.3,0.37,0.18,3.12,0.16,13.11,16.32,64.43,66.3,27.11,52.55,57.24,58.29,31.22,57.03,53.82,62.16,51.82,26.44,2839,86.45,103.75
"229",2015,"NY","Musgrave","Triticale","NE426GT",55,"5/19/15","Blk4",2.732132089,12.95,36.75,62.61,64.45,142.8148448,7592,116060046747,"6/23/2016","Cornell University","MUSGRAVE 1040","T3 Date5 Blk4",7,"N9",9.1,90.9,5.21,0.4,2.07,1.55,57.14,60.73,4.47,21.59,13.7,77.44,9.58,3.01,1.16,2.34,0.93,8.81,0.32,0.37,0.18,3.06,0.17,12.95,17.13,64.81,66.72,27.53,53.01,58,59.14,32.18,58.07,54.67,62.87,53.02,27.54,2889,89.7,107.77
"230",2015,"NY","Musgrave","Triticale","TriMark099",50,"5/19/15","Blk1",5.309767116,13.04,38.7,64.25,63.93,128.8570995,7592,116060046776,"6/23/2016","Cornell University","MUSGRAVE 1069","T4 Date5 Blk1",7,"N9",9,91,5.27,0.62,2.09,1.5,63.19,59.77,4.64,21.56,11.37,80.98,8.33,3.85,0.43,2.41,0.59,10.35,0.36,0.39,0.21,3.35,0.16,13.04,16.75,64.21,66.05,26.92,52.34,55.8,56.69,29.16,54.77,52.92,60.61,50.44,25.17,2739,85.16,99.98
"231",2015,"NY","Musgrave","Triticale","TriMark099",50,"5/19/15","Blk2",2.904242823,13.01,37.71,64.06,64.02,136.9232632,7592,116060046777,"6/23/2016","Cornell University","MUSGRAVE 1070","T4 Date5 Blk2",7,"N9",9.24,90.76,5.14,0.48,2.08,1.4,61.57,60.68,4.71,21.83,12.8,78.91,9.17,4.37,0.25,2.34,0.78,9.09,0.34,0.38,0.19,3.19,0.16,13.01,16.84,64.51,66.39,26.98,52.4,57.02,58.05,30.85,56.63,53.96,62.12,51.98,26.59,2838,86.28,102.63
"232",2015,"NY","Musgrave","Triticale","TriMark099",50,"5/19/15","Blk3",3.311873509,13.87,36.91,61.48,64.32,134.9737516,7592,116060046778,"6/23/2016","Cornell University","MUSGRAVE 1071","T4 Date5 Blk3",7,"N9",9.2,90.8,5.4,0.53,2.22,1.58,60.42,57.54,4.38,20.53,10.82,81.2,8.42,2.58,0.17,2.34,0.8,10.35,0.38,0.39,0.22,3.25,0.18,13.87,18.02,64.76,66.66,28.29,53.83,57.26,58.31,31.53,57.37,54.38,62.07,53,27.52,2837,90.92,106.78
"233",2015,"NY","Musgrave","Triticale","TriMark099",49,"5/19/15","Blk4",2.033624198,13.1,35.37,60.82,67.08,153.5095484,7592,116060046779,"6/23/2016","Cornell University","MUSGRAVE 1072","T4 Date5 Blk4",7,"N9",9.16,90.84,5.27,0.48,2.1,1.44,59.24,58.32,4.33,19.2,12.78,78.09,10.33,5.04,0.99,2.36,0.9,8.75,0.35,0.36,0.2,3.03,0.17,13.1,19.37,65.23,67.19,28.28,53.82,58.82,60.05,33.28,59.28,56.95,64.5,56.41,30.66,3015,93.69,118.24
"234",2015,"NY","Musgrave","Barley","Verdant",52,"5/24/15","Blk1",3.699374284,11.77,33.63,55.42,72.17,169.3441966,7592,116060046445,"6/22/2016","Cornell University","MUSGRAVE 721","B1 Date6 Blk1",7,"N9",9.1,90.9,5.35,0.63,1.88,1.53,58.62,53.83,3.86,14.98,9.84,81.72,12.62,6.27,2.12,2.49,0.96,9.64,0.4,0.36,0.19,3.42,0.17,11.77,24.33,65.77,67.79,29.98,55.67,59.91,61.26,34.06,60.14,60.37,66.55,60.75,34.62,3185,105.47,143.18
"235",2015,"NY","Musgrave","Barley","Verdant",52,"5/24/15","Blk2",4.296729375,13.15,34.34,56.21,71.92,167.1987065,7592,116060046446,"6/22/2016","Cornell University","MUSGRAVE 722","B1 Date6 Blk2",7,"N9",8.96,91.04,5.37,0.63,2.1,1.62,58.4,54.6,4.03,15.33,11.19,79.51,12.03,6.21,1.41,2.37,0.88,9.64,0.4,0.38,0.19,3.5,0.17,13.15,22.35,65.56,67.55,30.12,55.83,59.36,60.65,33.93,60,59.83,65.98,60.58,34.46,3147,102.62,139.99
"236",2015,"NY","Musgrave","Barley","Verdant",51,"5/24/15","Blk3",3.816127764,13.32,34.52,55.43,70.98,158.3160753,7592,116060046447,"6/22/2016","Cornell University","MUSGRAVE 723","B1 Date6 Blk3",7,"N9",9.17,90.83,5.41,0.65,2.13,1.63,60.59,53.34,3.97,15.48,9.3,82.56,11.05,4.88,1.45,2.41,0.76,10.97,0.43,0.4,0.2,3.66,0.18,13.32,22.24,65.5,67.49,30.48,56.22,58.35,59.53,32.67,58.61,58.49,64.43,58.72,32.77,3040,103.83,136.83
"237",2015,"NY","Musgrave","Barley","Verdant",50,"5/24/15","Blk4",1.842390049,12.43,30.92,51.4,73.86,188.8494248,7592,116060046448,"6/22/2016","Cornell University","MUSGRAVE 724","B1 Date6 Blk4",7,"N9",8.63,91.37,5.5,0.58,1.99,1.71,54.14,49.93,3.7,13.05,7.78,84.42,14.99,6.46,3.37,2.73,1.29,8.22,0.36,0.33,0.17,2.99,0.17,12.43,28.84,66.61,68.72,31.79,57.65,63.19,64.92,38.6,65.16,64.41,71.04,66.77,40.05,3487,117.06,163.7
"238",2015,"NY","Musgrave","Barley","Valor",65,"5/24/15","Blk1",4.31132356,13.47,35.03,58.76,63.97,148.529655,7592,116060046474,"6/22/2016","Cornell University","MUSGRAVE 753","B2 Date6 Blk1",7,"N9",8.83,91.17,5.5,0.51,2.16,1.67,53.01,56.29,4.87,20.28,13.72,75.63,10.96,6.71,3.09,2.07,1.07,8.88,0.35,0.35,0.2,2.9,0.18,13.47,20.96,65.34,67.31,29.23,54.85,58.61,59.82,33.17,59.16,56.63,65.05,56.12,30.39,3026,97.43,115.35
"239",2015,"NY","Musgrave","Barley","Valor",65,"5/24/15","Blk2",5.082802376,10.98,39.77,64.44,57.54,119.9745095,7592,116060046475,"6/22/2016","Cornell University","MUSGRAVE 754","B2 Date6 Blk2",7,"N9",8.2,91.8,5.48,0.68,1.76,1.6,50.09,62.13,5.62,26.38,17.59,71.69,9.82,4.91,2.59,1.75,0.71,9.19,0.31,0.33,0.18,2.71,0.15,10.98,17.59,63.88,65.68,26.15,51.51,54.72,55.48,26.76,52.16,50.13,60.06,45.32,20.41,2650,83.51,86.79
"240",2015,"NY","Musgrave","Barley","Valor",65,"5/24/15","Blk3",5.894541013,12.38,37.91,60.98,60,130.291902,7592,116060046476,"6/22/2016","Cornell University","MUSGRAVE 755","B2 Date6 Blk3",7,"N9",8.62,91.38,5.5,0.68,1.98,1.62,53.63,57.67,5.49,23.07,15.44,73.23,10.21,6,2.59,1.8,0.77,9.61,0.38,0.34,0.2,2.8,0.17,12.38,20.19,64.45,66.32,27.99,53.5,55.92,56.82,29.01,54.61,53.14,62.22,50.49,25.21,2811,90.67,99.15
"241",2015,"NY","Musgrave","Barley","Valor",65,"5/24/15","Blk4",5.089344597,10.85,36.96,61.44,63.12,144.560362,7592,116060046477,"6/22/2016","Cornell University","MUSGRAVE 756","B2 Date6 Blk4",7,"N9",8.59,91.41,5.38,0.6,1.74,1.61,48.02,60.16,5.41,22.19,16.03,73.35,12.24,6.35,3.28,1.96,1.06,8.12,0.31,0.3,0.18,2.7,0.15,10.85,20.42,64.75,66.65,27.29,52.74,57.19,58.23,30.09,55.79,55.27,64.17,52.95,27.48,2962,90.86,108.76
"242",2015,"NY","Musgrave","Barley","P919",69,"5/24/15","Blk1",5.300205408,9.94,38.12,61.5,62.15,138.1445358,7592,116060046505,"6/22/2016","Cornell University","MUSGRAVE 785","B3 Date6 Blk1",7,"N9",8.68,91.32,5.29,0.58,1.59,1.4,50.1,60.34,5.39,22.84,16.8,72.16,13.3,3.32,3.2,1.92,0.87,8.47,0.31,0.32,0.16,2.85,0.13,9.94,20.78,64.39,66.25,26.95,52.38,56.54,57.51,28.81,54.4,54.1,63.08,50.79,25.48,2884,89.49,105.15
"243",2015,"NY","Musgrave","Barley","P919",76,"5/24/15","Blk2",5.320838566,8.56,37.57,61.33,60.21,135.6472147,7592,116060046506,"6/22/2016","Cornell University","MUSGRAVE 786","B3 Date6 Blk2",7,"N9",8.29,91.71,5.26,0.49,1.37,1.23,48.01,59.56,5.13,23.7,17.69,70.3,14.5,6.62,4.01,2.03,1.07,7.56,0.26,0.28,0.15,2.46,0.11,8.56,23.48,64.56,66.44,26.56,51.95,58.35,59.53,30.67,56.43,54.68,64.6,51.03,25.7,2966,90.6,102.75
"244",2015,"NY","Musgrave","Barley","P919",69,"5/24/15","Blk3",4.849295415,10.32,36.97,60.11,61.78,146.1133393,7592,116060046507,"6/22/2016","Cornell University","MUSGRAVE 787","B3 Date6 Blk3",7,"N9",8.42,91.58,5.4,0.6,1.65,1.48,48.06,58.38,5.46,22.31,17.5,70.02,13.65,5.58,3.85,1.85,0.99,7.43,0.3,0.29,0.16,2.53,0.13,10.32,23.36,64.74,66.64,27.63,53.11,58.17,59.33,31.16,56.96,56.05,65.53,53.84,28.3,3039,93.18,109.19
"245",2015,"NY","Musgrave","Barley","P919",65,"5/24/15","Blk4",3.814114773,8.93,35.95,59.95,62.81,144.3897904,7592,116060046508,"6/22/2016","Cornell University","MUSGRAVE 788","B3 Date6 Blk4",7,"N9",8.39,91.61,5.31,0.48,1.43,1.45,45.35,58.22,5.04,21.65,16.37,71.88,16.52,7.89,3.53,2.19,1.26,7.77,0.29,0.27,0.16,2.37,0.12,8.93,24.27,65.05,66.99,27.22,52.67,58.98,60.23,31.7,57.55,56.64,65.87,54.11,28.54,3070,94.4,112.49
"246",2015,"NY","Musgrave","Barley","Thoroughbred",64,"5/24/15","Blk1",3.095476972,11.18,35.32,59.68,65.37,155.7953373,7592,116060046536,"6/23/2016","Cornell University","MUSGRAVE 817","B4 Date6 Blk1",7,"N9",8.99,91.01,5.35,0.47,1.79,1.6,47.76,58.8,4.75,20.36,16.39,72.13,12.41,6.22,4.64,2.19,1.14,7.81,0.28,0.32,0.17,2.63,0.15,11.18,21.67,65.25,67.21,28.1,53.62,59.21,60.48,32.97,58.94,57.33,65.78,56.11,30.38,3084,95.65,119.06
"247",2015,"NY","Musgrave","Barley","Thoroughbred",62,"5/24/15","Blk2",3.804553066,11.15,36.55,61.28,61.82,140.3313854,7592,116060046537,"6/23/2016","Cornell University","MUSGRAVE 818","B4 Date6 Blk2",7,"N9",8.61,91.39,5.35,0.55,1.78,1.67,48.43,59.51,4.94,22.72,15.85,73.37,11.99,6.85,3.26,2.16,1.06,8.59,0.3,0.32,0.17,2.71,0.15,11.15,20.36,64.87,66.79,27.45,52.92,57.76,58.87,31,56.79,54.52,63.61,51.98,26.59,2916,91.82,105.2
"248",2015,"NY","Musgrave","Barley","Thoroughbred",61,"5/24/15","Blk3",4.353093124,12.97,36.51,61.27,63.46,138.1586137,7592,116060046538,"6/23/2016","Cornell University","MUSGRAVE 819","B4 Date6 Blk3",7,"N9",8.87,91.13,5.49,0.61,2.08,1.75,53.66,57.85,4.74,21.14,13.8,76.15,10.05,6.4,2.2,2.06,0.78,9.77,0.34,0.35,0.2,2.97,0.17,12.97,19.38,64.88,66.8,28.07,53.59,57.06,58.09,30.82,56.59,54.51,62.62,52.78,27.32,2865,91.86,106.17
"249",2015,"NY","Musgrave","Barley","Thoroughbred",60,"5/24/15","Blk4",4.205138283,10.3,35.8,60.13,63.88,149.070834,7592,116060046539,"6/23/2016","Cornell University","MUSGRAVE 820","B4 Date6 Blk4",7,"N9",8.88,91.12,5.32,0.46,1.65,1.54,46.6,58.81,4.87,21.24,16.27,72.33,13.32,6.05,4.26,2.24,1.2,7.99,0.28,0.3,0.17,2.57,0.14,10.3,22.24,65.1,67.04,27.61,53.09,58.88,60.12,32.16,58.06,56.54,65.36,54.58,28.98,3045,94.59,113.94
"250",2015,"NY","Musgrave","Cereal.rye","Huron",59,"5/24/15","Blk1",7.412336257,10.33,44.24,70.75,55.48,99.5939127,7592,116060046567,"6/23/2016","Cornell University","MUSGRAVE 849","R1 Date6 Blk1",7,"N9",8.17,91.83,5.08,0.69,1.65,1.68,55.28,67,6.2,29.83,18.34,72.63,6.9,2.95,0.3,2.42,0.74,9.22,0.28,0.33,0.18,2.94,0.14,10.33,13.39,62.49,64.14,23.43,48.57,52.39,52.89,23.25,48.37,46.62,57.27,39.64,15.08,2452,71.74,71.43
"251",2015,"NY","Musgrave","Cereal.rye","Huron",60,"5/24/15","Blk2",6.019346457,10.62,44.51,70.32,54.97,97.0048456,7592,116060046568,"6/23/2016","Cornell University","MUSGRAVE 850","R1 Date6 Blk2",7,"N9",8.11,91.89,5.16,0.65,1.7,1.71,55.84,66.55,6.25,29.97,18.15,72.73,7.38,3.02,0.24,2.33,0.7,9.63,0.28,0.35,0.18,3.1,0.14,10.62,13.21,62.41,64.05,23.7,48.86,52.05,52.51,22.93,48.03,46.14,56.77,39.04,14.52,2415,71.89,70.58
"252",2015,"NY","Musgrave","Cereal.rye","Huron",61,"5/24/15","Blk3",7.305144484,11.25,44.08,70.47,57.49,104.0593817,7592,116060046569,"6/23/2016","Cornell University","MUSGRAVE 851","R1 Date6 Blk3",7,"N9",8.36,91.64,5.08,0.63,1.8,1.6,56.71,66.8,6.28,28.4,17.7,73.5,7.33,3.58,0.27,2.27,0.7,9.05,0.27,0.35,0.18,3.17,0.14,11.25,12.8,62.55,64.2,23.86,49.04,52.5,53.01,23.85,49.03,47.81,57.87,41.91,17.22,2508,71.9,76.16
"253",2015,"NY","Musgrave","Cereal.rye","Huron",60,"5/24/15","Blk4",5.407397181,8.76,44.72,73.13,55.3,96.35519462,7592,116060046570,"6/23/2016","Cornell University","MUSGRAVE 852","R1 Date6 Blk4",7,"N9",8.07,91.93,4.99,0.59,1.4,1.6,49.89,69.48,6.12,31.06,18.37,73.56,8.11,3.13,0.16,2.46,0.92,8.83,0.24,0.3,0.16,2.79,0.12,8.76,12.61,62.35,63.98,21.96,46.98,52.45,52.96,22.68,47.76,45.83,56.84,37.68,13.24,2422,68.73,68.23
"254",2015,"NY","Musgrave","Cereal.rye","Spooner",61,"5/24/15","Blk1",4.623840419,11.16,44.69,70.76,55.13,96.38432934,7592,116060046597,"6/23/2016","Cornell University","MUSGRAVE 881","R2 Date6 Blk1",7,"N9",8.61,91.39,4.97,0.64,1.79,1.66,56.45,66.55,6.63,29.86,19.16,71.21,7.71,1.08,0.71,2.3,0.76,9.48,0.3,0.36,0.18,3.09,0.15,11.16,12.71,62.36,63.99,23.72,48.88,51.68,52.1,22.68,47.76,46.39,57.04,39.69,15.13,2434,71.28,70.29
"255",2015,"NY","Musgrave","Cereal.rye","Spooner",60,"5/24/15","Blk2",6.958406778,9.39,47.21,74.1,52.73,85.38632415,7592,116060046598,"6/23/2016","Cornell University","MUSGRAVE 882","R2 Date6 Blk2",7,"N9",8.36,91.64,4.9,0.68,1.5,1.67,50.91,70.23,7.11,33.2,21.28,69.7,7.74,2.9,0.84,2.28,0.78,8.89,0.26,0.33,0.16,2.83,0.12,9.39,11.38,61.58,63.12,21.8,46.81,50.38,50.65,20.01,44.89,43.79,55.54,34.77,10.49,2314,65.45,61.34
"256",2015,"NY","Musgrave","Cereal.rye","Spooner",61,"5/24/15","Blk3",7.978993235,9.4,46.82,73.22,53.85,89.10864089,7592,116060046599,"6/23/2016","Cornell University","MUSGRAVE 883","R2 Date6 Blk3",7,"N9",8.45,91.55,5.04,0.65,1.5,1.62,51.38,68.99,6.97,31.84,20.54,70.23,8.15,2.74,0.85,2.24,0.73,8.93,0.25,0.33,0.16,2.89,0.12,9.4,12.57,61.69,63.25,22.13,47.17,50.88,51.21,20.73,45.67,44.96,56.28,36.61,12.23,2373,66.66,64.72
"257",2015,"NY","Musgrave","Cereal.rye","Spooner",60,"5/24/15","Blk4",5.880450076,11.06,45.65,71.14,54.75,92.20767686,7592,116060046600,"6/23/2016","Cornell University","MUSGRAVE 884","R2 Date6 Blk4",7,"N9",8.56,91.44,5.09,0.67,1.77,1.69,54.88,66.28,6.76,29.99,18.83,71.59,7.87,3.82,0.3,2.32,0.72,9.72,0.29,0.36,0.18,3.16,0.14,11.06,12.91,62.06,63.66,23.54,48.68,51.25,51.62,22.01,47.04,46.07,56.73,39.14,14.62,2410,69.88,68.52
"258",2015,"NY","Musgrave","Cereal.rye","Aroostook",63,"5/24/15","Blk1",5.547803306,10.01,46.77,71.81,50.89,85.29358383,7592,116060046628,"6/23/2016","Cornell University","MUSGRAVE 913","R3 Date6 Blk1",7,"N9",8.18,91.82,5.05,0.7,1.6,1.69,50.85,67.78,7.41,33.29,21.68,68.01,8.06,3.15,0.21,2.06,0.83,9.01,0.29,0.32,0.17,2.76,0.14,10.01,13.06,61.71,63.27,22.9,48,50.59,50.88,20.59,45.52,44.09,56.28,35.55,11.22,2345,67.93,60.91
"259",2015,"NY","Musgrave","Cereal.rye","Aroostook",65,"5/24/15","Blk2",7.121459052,9.7,47.19,73.04,50.72,82.78520108,7592,116060046629,"6/23/2016","Cornell University","MUSGRAVE 914","R3 Date6 Blk2",7,"N9",8.49,91.51,5.04,0.68,1.55,1.69,49.48,68.69,7.4,33.85,22.61,67.08,8.15,2.36,0.52,2.1,0.81,9.01,0.3,0.33,0.17,2.69,0.13,9.7,12.48,61.59,63.13,22.31,47.36,50.33,50.59,20.08,44.97,43.47,55.76,34.42,10.16,2309,66.29,58.46
"260",2015,"NY","Musgrave","Cereal.rye","Aroostook",62,"5/24/15","Blk3",7.632255528,10.1,45.95,71.28,52.16,91.03238053,7592,116060046630,"6/23/2016","Cornell University","MUSGRAVE 915","R3 Date6 Blk3",7,"N9",8.34,91.66,5.07,0.66,1.62,1.71,48.71,67.05,7.51,32.08,22.24,66.83,9.68,3.32,0.21,2.01,0.85,8.67,0.32,0.32,0.18,2.73,0.13,10.1,14.04,61.96,63.55,23.14,48.26,51.07,51.42,21.33,46.31,45.54,57.44,37.86,13.41,2432,69.15,64.83
"261",2015,"NY","Musgrave","Cereal.rye","Aroostook",63,"5/24/15","Blk4",5.414945898,7.24,48.37,75.14,49.35,76.23899498,7592,116060046631,"6/23/2016","Cornell University","MUSGRAVE 916","R3 Date6 Blk4",7,"N9",8.04,91.96,4.95,0.58,1.16,1.55,41.85,71.53,7.58,36.23,24,66.45,10.05,4.17,0.24,2.05,0.88,8.37,0.23,0.28,0.14,2.44,0.1,7.24,12.53,61.22,62.72,20.63,45.56,49.94,50.16,18.43,43.21,41.83,54.99,30.61,6.53,2246,63.53,53.93
"262",2015,"NY","Musgrave","Cereal.rye","LakeviewVNS",60,"5/24/15","Blk1",8.855147585,9.03,46.79,73.98,52.5,86.49980548,7592,116060046659,"6/23/2016","Cornell University","MUSGRAVE 945","R4 Date6 Blk1",7,"N9",8.08,91.92,4.99,0.68,1.44,1.6,52.05,69.87,6.92,33.19,20.74,70.32,7.71,2.59,0.61,2.2,0.72,8.75,0.26,0.31,0.16,2.7,0.12,9.03,12.23,61.7,63.26,21.71,46.72,50.82,51.14,20.45,45.37,43.91,55.76,34.78,10.49,2326,65.87,60.86
"263",2015,"NY","Musgrave","Cereal.rye","LakeviewVNS",61,"5/24/15","Blk2",6.499948068,9.09,46.39,73.11,52.27,86.79615724,7592,116060046660,"6/23/2016","Cornell University","MUSGRAVE 946","R4 Date6 Blk2",7,"N9",8.1,91.9,5.15,0.66,1.45,1.67,50.17,68.72,6.86,32.8,19.51,71.61,8.19,3.84,0.21,2.22,0.77,9.13,0.28,0.32,0.17,2.83,0.13,9.09,12.96,61.83,63.4,22.09,47.12,50.98,51.32,20.73,45.66,44.14,55.9,35.19,10.88,2333,67.07,61.58
"264",2015,"NY","Musgrave","Cereal.rye","LakeviewVNS",62,"5/24/15","Blk3",6.196489669,10.15,45.57,72.13,54.58,94.35323705,7592,116060046661,"6/23/2016","Cornell University","MUSGRAVE 947","R4 Date6 Blk3",7,"N9",8.1,91.9,5.11,0.66,1.62,1.56,54.88,68.27,6.52,31.01,17.37,74.56,7.65,2.76,0.29,2.25,0.7,8.94,0.27,0.33,0.17,2.9,0.13,10.15,12.5,62.08,63.68,22.83,47.92,51.73,52.15,22.27,47.32,45.63,56.68,38.01,13.55,2405,68.72,67.52
"265",2015,"NY","Musgrave","Cereal.rye","LakeviewVNS",60,"5/24/15","Blk4",5.940839807,11.09,44.04,70.57,55.85,100.6646324,7592,116060046662,"6/23/2016","Cornell University","MUSGRAVE 948","R4 Date6 Blk4",7,"N9",8.4,91.6,5.13,0.63,1.77,1.67,54.28,65.89,6.38,29.09,17.87,72.88,7.87,3.99,0.64,2.27,0.79,9.16,0.3,0.34,0.18,2.92,0.14,11.09,13.74,62.56,64.21,23.78,48.94,52.63,53.16,23.96,49.14,47.47,58.01,41.33,16.67,2503,71.94,72.42
"266",2015,"NY","Musgrave","Triticale","TriCal815",55,"5/24/15","Blk1",7.494365642,11.54,40.35,65.83,60.22,121.7630062,7592,116060046688,"6/23/2016","Cornell University","MUSGRAVE 977","T1 Date6 Blk1",7,"N9",8.88,91.12,4.87,0.54,1.85,1.37,62.39,62.62,5.52,24.91,16.53,73.6,9.61,4.72,1.19,2.25,0.67,9.37,0.3,0.35,0.17,2.98,0.14,11.54,16.17,63.7,65.48,25.79,51.12,54.62,55.37,26.93,52.36,50.84,59.94,46.64,21.64,2665,81.08,89.91
"267",2015,"NY","Musgrave","Triticale","TriCal815",57,"5/24/15","Blk2",5.975563902,9.44,40.46,67.1,60.2,123.7824884,7592,116060046689,"6/23/2016","Cornell University","MUSGRAVE 978","T1 Date6 Blk2",7,"N9",8.78,91.22,4.86,0.48,1.51,1.29,55.51,65.23,5.2,25.96,16.85,74.17,11.04,5.3,1.79,2.38,0.92,8.25,0.24,0.32,0.15,2.77,0.12,9.44,16.45,63.66,65.44,24.57,49.8,55.8,56.69,27.64,53.12,51,60.63,45.93,20.97,2710,79.62,89.58
"268",2015,"NY","Musgrave","Triticale","TriCal815",57,"5/24/15","Blk3",5.316812584,11.36,40.33,65.92,59.69,119.4052045,7592,116060046690,"6/23/2016","Cornell University","MUSGRAVE 979","T1 Date6 Blk3",7,"N9",8.89,91.11,5.02,0.56,1.82,1.33,61.88,62.32,5.29,25.12,15.22,75.58,9.59,6.69,0.63,2.24,0.65,9.68,0.32,0.36,0.19,3.09,0.15,11.36,16.32,63.71,65.49,25.69,51.01,54.71,55.47,26.97,52.4,50.38,59.51,45.87,20.92,2633,81.1,87.87
"269",2015,"NY","Musgrave","Triticale","TriCal815",57,"5/24/15","Blk4",4.31585279,10.89,39.34,65.55,59.87,124.9817087,7592,116060046691,"6/23/2016","Cornell University","MUSGRAVE 980","T1 Date6 Blk4",7,"N9",8.61,91.39,4.99,0.49,1.74,1.39,58.59,62.65,5.1,25.14,15.77,74.83,10.66,6.21,1.16,2.34,0.84,8.95,0.29,0.33,0.17,2.89,0.14,10.89,17.06,64.01,65.83,25.69,51.01,55.96,56.86,28.5,54.06,51.31,60.73,47.06,22.03,2713,82.63,90.76
"270",2015,"NY","Musgrave","Triticale","TriCal718",45,"5/24/15","Blk1",4.315349542,13.12,37.84,62.15,63.35,135.8682002,7592,116060046718,"6/23/2016","Cornell University","MUSGRAVE 1009","T2 Date6 Blk1",7,"N9",9.11,90.89,4.96,0.49,2.1,1.28,64.86,59.21,4.76,21.7,13.51,77.18,9.13,4.35,1.12,2.36,0.84,9.43,0.33,0.38,0.19,3.11,0.16,13.12,17.68,64.47,66.34,27.77,53.26,57.05,58.08,30.94,56.72,54.01,62.28,52.11,26.7,2842,88.9,104.46
"271",2015,"NY","Musgrave","Triticale","TriCal718",50,"5/24/15","Blk2",6.540207889,11.99,40.62,65.32,60.33,119.7699213,7592,116060046719,"6/23/2016","Cornell University","MUSGRAVE 1010","T2 Date6 Blk2",7,"N9",8.95,91.05,4.97,0.52,1.92,1.35,62.72,61.96,5.25,24.58,15.2,75.47,9.44,3.9,0.76,2.21,0.67,9.84,0.31,0.37,0.18,3.17,0.14,11.99,15.89,63.62,65.39,26.15,51.51,54.81,55.58,27.41,52.87,50.72,59.61,46.68,21.67,2645,81.67,90.48
"272",2015,"NY","Musgrave","Triticale","TriCal718",50,"5/24/15","Blk3",3.928855262,11.12,40.56,66.2,60.14,118.8997757,7592,116060046720,"6/23/2016","Cornell University","MUSGRAVE 1011","T2 Date6 Blk3",7,"N9",8.97,91.03,4.97,0.5,1.78,1.35,61.15,62.72,5.15,25,14.73,76.51,9.75,3.88,0.64,2.36,0.75,9.86,0.31,0.36,0.18,3.13,0.14,11.12,15.9,63.63,65.41,25.49,50.8,54.84,55.62,27.07,52.51,50.37,59.36,45.75,20.81,2627,80.4,88.56
"273",2015,"NY","Musgrave","Triticale","TriCal718",50,"5/24/15","Blk4",5.92674887,12.18,39.42,64.56,61.76,129.757453,7592,116060046721,"6/23/2016","Cornell University","MUSGRAVE 1012","T2 Date6 Blk4",7,"N9",8.96,91.04,4.98,0.45,1.95,1.27,62.32,61.87,5.01,23.66,15.14,75.53,9.94,4.24,0.94,2.23,0.81,8.94,0.3,0.36,0.17,3.04,0.15,12.18,16.47,63.98,65.8,26.51,51.9,56.34,57.29,29.6,55.26,52.47,61.32,49.39,24.19,2767,83.9,96.86
"274",2015,"NY","Musgrave","Triticale","NE426GT",57,"5/24/15","Blk1",4.303271596,11.4,39.66,65.59,58.58,121.3541487,7592,116060046748,"6/23/2016","Cornell University","MUSGRAVE 1041","T3 Date6 Blk1",7,"N9",8.68,91.32,5.01,0.46,1.82,1.28,62.19,62.65,5.26,25.95,15.9,74.62,9.96,4.78,0.48,2.06,0.74,9.04,0.3,0.34,0.18,2.88,0.15,11.4,16.45,63.91,65.72,25.83,51.16,55.5,56.35,28.11,53.64,50.38,60.09,45.89,20.94,2661,82.28,87.16
"275",2015,"NY","Musgrave","Triticale","NE426GT",57,"5/24/15","Blk2",5.541764333,10.05,40.33,66.87,57.74,119.2341599,7592,116060046749,"6/23/2016","Cornell University","MUSGRAVE 1042","T3 Date6 Blk2",7,"N9",8.53,91.47,4.95,0.47,1.61,1.31,58.31,64.3,5.41,27.17,17.39,72.95,10.19,4.95,0.99,2.14,0.83,8.37,0.27,0.31,0.16,2.66,0.13,10.05,16.76,63.71,65.49,24.87,50.12,55.52,56.37,27.53,53.01,49.96,60.22,44.63,19.77,2662,79.76,84.11
"276",2015,"NY","Musgrave","Triticale","NE426GT",57,"5/24/15","Blk3",5.152250567,10.88,39.78,66.1,58.75,122.3579652,7592,116060046750,"6/23/2016","Cornell University","MUSGRAVE 1043","T3 Date6 Blk3",7,"N9",8.53,91.47,5.03,0.46,1.74,1.26,60.02,63.12,5.26,26.04,16.37,74.07,10.59,5.49,0.16,2.14,0.82,8.68,0.3,0.33,0.17,2.85,0.15,10.88,16.76,63.88,65.68,25.46,50.77,55.8,56.69,28.29,53.83,50.69,60.52,46.12,21.16,2690,81.7,87.29
"277",2015,"NY","Musgrave","Triticale","NE426GT",57,"5/24/15","Blk4",5.341974972,10.83,40.41,67.01,58.94,121.6909388,7592,116060046751,"6/23/2016","Cornell University","MUSGRAVE 1044","T3 Date6 Blk4",7,"N9",8.72,91.28,5.02,0.44,1.73,1.28,59.1,64.35,5.19,26.42,13.4,79.18,9.8,4.01,0.77,2.24,0.84,8.4,0.27,0.33,0.16,2.82,0.14,10.83,15.86,63.68,65.46,25.08,50.35,55.89,56.79,28.4,53.95,50.48,60.37,45.78,20.83,2682,79.68,86.48
"278",2015,"NY","Musgrave","Triticale","TriMark099",57,"5/24/15","Blk1",5.412932907,11.82,39.48,63.84,60.88,125.3743607,7592,116060046780,"6/23/2016","Cornell University","MUSGRAVE 1073","T4 Date6 Blk1",7,"N9",9.13,90.87,5.09,0.59,1.89,1.35,62.94,60.15,5.09,23.53,14.65,75.64,9.36,4.99,0.7,2.19,0.63,9.77,0.34,0.37,0.19,2.99,0.15,11.82,17.98,63.97,65.78,26.66,52.06,55.53,56.39,28.27,53.81,51.9,60.65,48.37,23.24,2717,84.75,94.3
"279",2015,"NY","Musgrave","Triticale","TriMark099",57,"5/24/15","Blk2",4.521681124,11.34,38.39,64.2,61.81,132.5243308,7592,116060046781,"6/23/2016","Cornell University","MUSGRAVE 1074","T4 Date6 Blk2",7,"N9",8.96,91.04,5.01,0.5,1.81,1.36,59.17,61.11,4.87,23.34,14.53,76.22,10.93,5.42,1.05,2.32,0.89,8.93,0.32,0.34,0.18,2.84,0.14,11.34,18.09,64.3,66.15,26.36,51.74,56.85,57.86,29.89,55.57,53.05,61.94,49.88,24.64,2808,85.51,97.9
"280",2015,"NY","Musgrave","Triticale","TriMark099",57,"5/24/15","Blk3",5.967511938,11.38,39.85,65.06,59.34,118.5811674,7592,116060046782,"6/23/2016","Cornell University","MUSGRAVE 1075","T4 Date6 Blk3",7,"N9",9.02,90.98,5.13,0.54,1.82,1.36,61.6,60.35,5.09,24.54,13.59,77.48,9.63,4.76,0.34,2.21,0.69,10.18,0.34,0.35,0.2,2.95,0.15,11.38,17.76,63.85,65.65,26.04,51.39,55.19,56.01,27.65,53.13,50.77,59.83,46.47,21.48,2651,82.53,88.27
"281",2015,"NY","Musgrave","Triticale","TriMark099",57,"5/24/15","Blk4",3.08239253,10.82,37.99,63.82,62.02,135.1994443,7592,116060046783,"6/23/2016","Cornell University","MUSGRAVE 1076","T4 Date6 Blk4",7,"N9",8.93,91.07,5.06,0.51,1.73,1.39,57.12,61.5,4.8,23.36,14.88,75.8,11.06,5.69,1.36,2.39,0.97,8.63,0.31,0.33,0.18,2.73,0.14,10.82,18.47,64.42,66.29,26.33,51.7,57.23,58.28,30.17,55.88,53.39,62.37,50.16,24.9,2837,86.44,100.04
"282",2015,"NY","Musgrave","Barley","Verdant",71,"5/29/15","Blk1",4.707882795,10.42,33.83,56.66,67.74,164.7892844,7592,116060046449,"6/22/2016","Cornell University","MUSGRAVE 725","B1 Date7 Blk1",7,"N9",8.34,91.66,5.77,0.52,1.67,1.84,34.93,55.03,4.38,17.75,13.73,75.05,15.66,7.64,3.66,2.51,1.46,7.89,0.3,0.32,0.17,3.1,0.14,10.42,26.04,65.71,67.72,29.03,54.63,61.2,62.7,35.23,61.43,60.5,68.56,60.38,34.27,3282,102.8,133.32
"283",2015,"NY","Musgrave","Barley","Verdant",71,"5/29/15","Blk2",5.19200714,10.41,35.81,60.04,64.89,151.1075925,7592,116060046450,"6/22/2016","Cornell University","MUSGRAVE 726","B1 Date7 Blk2",7,"N9",8.08,91.92,5.81,0.6,1.67,1.95,34.97,58.31,4.69,20.47,15.08,74.14,14.05,6.68,2.84,2.31,1.27,8.11,0.3,0.31,0.18,2.87,0.14,10.41,22.85,65.1,67.04,27.68,53.17,59.25,60.53,32.63,58.57,57.39,65.95,55.87,30.16,3092,94.57,116.8
"284",2015,"NY","Musgrave","Barley","Verdant",71,"5/29/15","Blk3",5.588063127,10.28,35.96,58.63,65.58,145.0003334,7592,116060046451,"6/22/2016","Cornell University","MUSGRAVE 727","B1 Date7 Blk3",7,"N9",8.46,91.54,5.88,0.67,1.64,2,35.89,56.94,4.38,19.6,12.11,78.73,13,6.64,2.42,2.45,1.18,9.93,0.37,0.33,0.19,3.23,0.15,10.28,22.67,65.05,66.99,28.21,53.74,58.2,59.36,31.15,56.95,56.46,64.21,54.44,28.85,2985,96.76,118.51
"285",2015,"NY","Musgrave","Barley","Verdant",71,"5/29/15","Blk4",5.331910017,8.63,35.2,57.97,63.85,145.9566998,7592,116060046452,"6/22/2016","Cornell University","MUSGRAVE 728","B1 Date7 Blk4",7,"N9",8.31,91.69,5.69,0.5,1.38,1.62,32.33,56.3,4.77,20.35,14.34,74.53,16.32,7.39,3.86,2.38,1.45,8.3,0.28,0.29,0.17,2.77,0.12,8.63,25.94,65.29,67.25,27.91,53.41,59.71,61.04,32.52,58.45,57.81,66.7,55.7,30,3132,98.65,119.58
"286",2015,"NY","Musgrave","Barley","Valor",81,"5/29/15","Blk1",3.812101782,11.33,33.69,54.88,60.4,154.9467843,7592,116060046478,"6/22/2016","Cornell University","MUSGRAVE 757","B2 Date7 Blk1",7,"N9",7.87,92.13,5.84,0.55,1.81,1.77,35.92,53.31,5.49,21.11,18.07,66.1,13.42,6.79,6.53,2.35,1.64,7.44,0.3,0.29,0.18,2.36,0.16,11.33,27.05,65.75,67.77,30.04,55.74,60.55,61.98,34.79,60.94,58.77,68.85,58.31,32.39,3242,106.38,121.04
"287",2015,"NY","Musgrave","Barley","Valor",82,"5/29/15","Blk2",5.567429969,9.81,38.04,58.95,56.45,133.2221923,7592,116060046479,"6/22/2016","Cornell University","MUSGRAVE 758","B2 Date7 Blk2",7,"N9",8.16,91.84,5.67,0.68,1.57,1.72,32.82,57.25,6.34,24.93,21.2,62.97,11.72,6.15,6.47,2.02,1.27,7.69,0.31,0.29,0.17,2.45,0.13,9.81,24.7,64.41,66.27,27.91,53.42,57.22,58.27,29.64,55.3,54.42,65.32,51.24,25.9,2980,93.73,100.05
"288",2015,"NY","Musgrave","Barley","Valor",82,"5/29/15","Blk3",6.824542873,9.44,36.21,56.39,58.22,140.3274217,7592,116060046480,"6/22/2016","Cornell University","MUSGRAVE 759","B2 Date7 Blk3",7,"N9",8.25,91.75,5.6,0.71,1.51,1.65,32.2,55.22,6.16,23.07,20.13,63.55,12.79,7,8.42,2.21,1.42,7.92,0.33,0.28,0.18,2.2,0.13,9.44,26.65,64.97,66.9,28.81,54.4,57.99,59.13,30.5,56.24,56.19,66.6,53.69,28.16,3078,100.21,110.39
"289",2015,"NY","Musgrave","Barley","Valor",81,"5/29/15","Blk4",5.471812894,8.93,34.43,53.88,59.5,146.9660399,7592,116060046481,"6/22/2016","Cornell University","MUSGRAVE 760","B2 Date7 Blk4",7,"N9",8.68,91.32,5.53,0.53,1.43,1.43,33.59,52.34,5.81,21.2,18.56,64.54,13.81,7.25,9.81,2.3,1.51,7.69,0.32,0.27,0.19,2.18,0.12,8.93,29.96,65.53,67.52,29.63,55.29,59.84,61.19,32.82,58.77,58.43,68.63,56.73,30.95,3220,107.32,120.59
"290",2015,"NY","Musgrave","Barley","P919",83,"5/29/15","Blk1",8.574335335,8.42,35.94,54.84,58.18,139.7607821,7592,116060046509,"6/22/2016","Cornell University","MUSGRAVE 789","B3 Date7 Blk1",7,"N9",8.13,91.87,5.45,0.67,1.35,1.43,33.02,53.27,6.08,22.28,18.02,66.17,14.19,4.03,8.64,2.24,1.38,7.86,0.33,0.29,0.17,2.39,0.12,8.42,29.5,65.06,67,29.08,54.69,58.67,59.88,30.98,56.76,57.11,67.52,54.58,28.97,3137,103.39,114.45
"291",2015,"NY","Musgrave","Barley","P919",83,"5/29/15","Blk2",6.894494312,7.55,33.73,52.57,60.13,151.5386255,7592,116060046510,"6/22/2016","Cornell University","MUSGRAVE 790","B3 Date7 Blk2",7,"N9",8.58,91.42,5.36,0.47,1.21,1.21,29.93,51.07,5.73,20.36,16.75,67.2,15.96,6.33,11.62,2.5,1.69,6.23,0.26,0.26,0.16,2.06,0.09,7.55,33.67,65.74,67.76,29.7,55.37,61.97,63.56,35.03,61.21,60.92,71.56,59.73,33.68,3414,110.68,129.55
"292",2015,"NY","Musgrave","Barley","P919",83,"5/29/15","Blk3",6.332366564,9.15,34.62,53.9,59.45,151.1256906,7592,116060046511,"6/22/2016","Cornell University","MUSGRAVE 791","B3 Date7 Blk3",7,"N9",8,92,5.57,0.55,1.46,1.51,33.33,52.36,5.88,21.23,17.91,65.79,14.6,6.33,9.58,2.34,1.56,7,0.3,0.28,0.16,2.13,0.12,9.15,30.44,65.47,67.45,29.7,55.37,60.47,61.89,33.73,59.78,59.16,69.62,57.9,32.02,3283,107.06,121.96
"293",2015,"NY","Musgrave","Barley","P919",83,"5/29/15","Blk4",2.850395313,8.72,33.86,54.17,60.91,151.191838,7592,116060046512,"6/22/2016","Cornell University","MUSGRAVE 792","B3 Date7 Blk4",7,"N9",7.59,92.41,5.59,0.54,1.4,1.49,32.91,52.62,5.49,20.57,16.55,68.55,16.58,4.71,7.36,2.54,1.69,7.2,0.3,0.25,0.16,2.15,0.12,8.72,30.26,65.7,67.71,29.45,55.09,60.94,62.41,34.17,60.26,59.61,69.72,58.36,32.44,3302,107.59,124.75
"294",2015,"NY","Musgrave","Barley","Thoroughbred",80,"5/29/15","Blk1",2.575118788,11.61,33.79,56.01,62.59,155.8817785,7592,116060046540,"6/23/2016","Cornell University","MUSGRAVE 821","B4 Date7 Blk1",7,"N9",8.25,91.75,5.69,0.57,1.86,1.93,36.61,54.4,5.12,20.35,17.56,67.72,13.41,6.98,5.9,2.46,1.52,7.9,0.3,0.3,0.18,2.46,0.16,11.61,25.5,65.73,67.74,29.68,55.34,60.24,61.63,34.48,60.61,58.63,67.97,58.23,32.32,3203,103.81,121.96
"295",2015,"NY","Musgrave","Barley","Thoroughbred",80,"5/29/15","Blk2",4.510609673,9.4,33.34,53.1,62.5,159.9052375,7592,116060046541,"6/23/2016","Cornell University","MUSGRAVE 822","B4 Date7 Blk2",7,"N9",8.79,91.21,5.5,0.55,1.5,1.54,34.15,51.58,5.34,19.34,15.75,69.46,14.98,8.01,8.56,2.45,1.59,7.01,0.3,0.27,0.18,2.26,0.13,9.4,30.96,65.86,67.89,30.1,55.8,61.56,63.1,35.25,61.45,60.82,70.57,60.38,34.28,3370,110.25,132.04
"296",2015,"NY","Musgrave","Barley","Thoroughbred",80,"5/29/15","Blk3",4.636924861,11.71,34.09,55.16,63.33,157.0313608,7592,116060046542,"6/23/2016","Cornell University","MUSGRAVE 823","B4 Date Blk3",7,"N9",8.64,91.36,5.72,0.6,1.87,1.94,36.29,53.58,5.35,19.65,14.73,72.51,13.56,7,5.95,2.34,1.48,8.2,0.34,0.3,0.19,2.51,0.16,11.71,25.97,65.63,67.63,30.05,55.75,59.75,61.09,33.88,59.94,58.99,68.04,58.78,32.82,3214,105.35,125.78
"297",2015,"NY","Musgrave","Barley","Thoroughbred",81,"5/29/15","Blk4",4.273579978,8.75,31.49,49.49,59.3,157.9753855,7592,116060046543,"6/23/2016","Cornell University","MUSGRAVE 824","B4 Date7 Blk4",7,"N9",8.36,91.64,5.38,0.5,1.4,1.29,35.31,48.08,5.39,19.57,17.15,64.33,14.47,9.99,12.58,2.67,1.8,6.6,0.27,0.27,0.15,2.04,0.12,8.75,35.06,66.44,68.53,31.33,57.15,63.16,64.88,37.07,63.46,61.84,72.55,61.57,35.36,3471,120.76,136.51
"298",2015,"NY","Musgrave","Cereal.rye","Huron",69,"5/29/15","Blk1",7.532612472,8.23,47.6,74.74,51.62,82.06930956,7592,116060046571,"6/23/2016","Cornell University","MUSGRAVE 853","R1 Date7 Blk1",7,"N9",8.03,91.97,5.32,0.51,1.32,1.77,35.6,71.85,6.79,34.76,22.03,69.34,8.37,3.66,0.44,2.23,0.88,8.72,0.2,0.32,0.13,2.95,0.12,8.23,11.09,61.46,62.99,21.13,46.1,50.89,51.22,20.27,45.18,42.66,54.95,32.43,8.27,2266,64.67,58.49
"299",2015,"NY","Musgrave","Cereal.rye","Huron",69,"5/29/15","Blk2",6.908585249,8.43,47.33,73.86,50.59,82.10067419,7592,116060046572,"6/23/2016","Cornell University","MUSGRAVE 854","R1 Date7 Blk2",7,"N9",8.01,91.99,5.39,0.57,1.35,1.79,36.18,70.89,6.85,35.03,21.71,69.38,8.61,1.77,0.42,2.2,0.86,8.7,0.22,0.33,0.14,2.9,0.12,8.43,11.91,61.54,63.08,21.55,46.54,51.01,51.35,20.51,45.43,42.63,55.21,32.47,8.3,2273,65.34,57.68
"300",2015,"NY","Musgrave","Cereal.rye","Huron",70,"5/29/15","Blk3",8.807339048,8.5,47.19,73.49,52.11,87.01842238,7592,116060046573,"6/23/2016","Cornell University","MUSGRAVE 855","R1 Date7 Blk3",7,"N9",8.06,91.94,5.48,0.54,1.36,1.76,34.94,70.97,6.81,33.99,22.4,68.44,8.87,1.76,0.49,2.11,0.81,8.18,0.2,0.32,0.13,2.95,0.12,8.5,12.3,61.59,63.13,21.71,46.72,51.53,51.93,21.28,46.26,43.86,56.11,34.45,10.18,2345,65.88,61.75
"301",2015,"NY","Musgrave","Cereal.rye","Huron",67,"5/29/15","Blk4",4.817087559,7.48,46.57,74.77,51.36,84.17194501,7592,116060046574,"6/23/2016","Cornell University","MUSGRAVE 856","R1 Date7 Blk4",7,"N9",7.59,92.41,5.28,0.53,1.2,1.71,34.36,71.89,6.59,34.97,21.57,70,8.94,4.54,0.45,2.27,0.97,8.24,0.19,0.29,0.14,2.58,0.11,7.48,12.13,61.77,63.34,20.87,45.81,51.72,52.14,21.09,46.05,43.08,55.68,32.73,8.55,2310,65.27,58.55
"302",2015,"NY","Musgrave","Cereal.rye","Spooner",69,"5/29/15","Blk1",10.166108,7.03,50.36,75.76,49.5,73.167509,7592,116060046601,"6/23/2016","Cornell University","MUSGRAVE 885","R2 Date7 Blk1",7,"N9",8.19,91.81,5.23,0.48,1.12,1.46,33.14,73.4,7.76,37.07,26.32,64.14,9.94,1.46,0.24,1.81,0.69,7.66,0.19,0.31,0.1,2.89,0.09,7.03,11.68,60.61,62.04,20.31,45.21,49.66,49.85,17.96,42.71,41.25,54.64,29.57,5.54,2225,60.84,53.83
"303",2015,"NY","Musgrave","Cereal.rye","Spooner",65,"5/29/15","Blk2",5.277559259,6.49,50.77,78.09,48.03,65.89306211,7592,116060046602,"6/23/2016","Cornell University","MUSGRAVE 886","R2 Date7 Blk2",7,"N9",7.8,92.2,5.21,0.48,1.04,1.59,28.04,75.3,7.71,39.13,26.57,64.71,10.46,4.73,0.37,1.89,0.78,8.05,0.18,0.31,0.11,2.74,0.09,6.49,9.97,60.48,61.9,19.2,44.03,48.93,49.04,16.66,41.31,39.11,53.01,25.83,1.96,2105,58.91,47.78
"304",2015,"NY","Musgrave","Cereal.rye","Spooner",69,"5/29/15","Blk3",8.808848791,7.26,49.73,75.56,48.69,71.79905497,7592,116060046603,"6/23/2016","Cornell University","MUSGRAVE 887","R2 Date7 Blk3",7,"N9",8.22,91.78,5.28,0.5,1.16,1.59,33.2,72.31,7.57,37.1,24.7,65.84,9.82,2.48,0.22,1.95,0.74,8.41,0.21,0.32,0.12,2.81,0.1,7.26,11.87,60.8,62.25,20.47,45.39,49.62,49.8,18.01,42.75,40.81,54.16,28.98,4.98,2186,61.83,51.79
"305",2015,"NY","Musgrave","Cereal.rye","Spooner",63,"5/29/15","Blk4",7.375095923,8.09,48.25,74.2,50.44,81.51261701,7592,116060046604,"6/23/2016","Cornell University","MUSGRAVE 888","R2 Date7 Blk4",7,"N9",7.75,92.25,5.41,0.55,1.29,1.68,32.39,72.54,7.33,35.95,25.06,65.45,9.95,4.13,0.28,1.94,0.84,7.92,0.2,0.33,0.11,2.98,0.11,8.09,11.29,61.25,62.76,21.31,46.29,50.5,50.78,19.64,44.5,42.29,55.26,31.77,7.64,2274,64.44,57.81
"306",2015,"NY","Musgrave","Cereal.rye","Aroostook",71,"5/29/15","Blk2",7.933700936,6.97,48.35,72.1,48.78,82.47558523,7592,116060046633,"6/23/2016","Cornell University","MUSGRAVE 918","R3 Date7 Blk2",7,"N9",7.97,92.03,5.22,0.52,1.12,1.39,31.56,70.5,7.99,36.11,25.62,63.66,12.7,6.3,0.28,1.77,0.94,6.95,0.22,0.29,0.12,2.38,0.09,6.97,15.03,61.23,62.73,21.75,46.76,51.12,51.47,20.01,44.89,43.49,57.3,33.14,8.94,2390,65.94,58.79
"307",2015,"NY","Musgrave","Cereal.rye","Aroostook",71,"5/29/15","Blk3",9.164644957,8.18,47.5,71.1,50.6,87.90593861,7592,116060046634,"6/23/2016","Cornell University","MUSGRAVE 919","R3 Date7 Blk3",7,"N9",8.23,91.77,5.33,0.5,1.31,1.54,34.11,69.09,7.73,34.13,26.45,61.72,12.09,4.38,0.29,1.85,0.92,7.66,0.25,0.3,0.13,2.56,0.1,8.18,14.69,61.49,63.02,22.56,47.64,51.3,51.68,20.84,45.78,44.62,57.5,35.5,11.18,2420,67.99,63.31
"308",2015,"NY","Musgrave","Cereal.rye","Aroostook",71,"5/29/15","Blk4",4.901129935,5.99,49.08,74.76,48.34,74.17129109,7592,116060046635,"6/23/2016","Cornell University","MUSGRAVE 920","R3 Date7 Blk4",7,"N9",7.58,92.42,5.21,0.5,0.96,1.43,24.71,72.72,7.85,37.57,24.3,66.58,12.86,4.65,0.35,1.93,0.99,7.33,0.18,0.27,0.11,2.39,0.08,5.99,13.4,61,62.48,20.35,45.26,50.36,50.63,18.49,43.27,41.7,55.69,29.8,5.75,2281,63.24,53.85
"309",2015,"NY","Musgrave","Cereal.rye","LakeviewVNS",69,"5/29/15","Blk1",8.693101806,7.13,48.99,75.85,50.63,77.85358767,7592,116060046663,"6/23/2016","Cornell University","MUSGRAVE 949","R4 Date7 Blk1",7,"N9",7.86,92.14,5.29,0.53,1.14,1.61,31.98,73.36,7.27,36.22,25.36,65.43,9.58,4.82,0.54,1.97,0.77,7.75,0.19,0.3,0.11,2.72,0.09,7.13,11.6,61.03,62.51,20.31,45.21,50.42,50.7,19.08,43.9,42.02,55.02,30.86,6.77,2261,62.15,56
"310",2015,"NY","Musgrave","Cereal.rye","LakeviewVNS",71,"5/29/15","Blk2",5.990158087,7.44,48.91,74.95,48.46,73.83613619,7592,116060046664,"6/23/2016","Cornell University","MUSGRAVE 950","R4 Date7 Blk2",7,"N9",7.66,92.34,5.27,0.53,1.19,1.58,38.98,71.94,7.2,37.08,25.01,65.23,9.85,4.68,0.29,1.89,0.7,8.5,0.22,0.3,0.12,2.71,0.1,7.44,12,61.05,62.53,20.77,45.71,50.13,50.37,18.8,43.6,40.75,54.1,28.96,4.96,2180,63.01,52.14
"311",2015,"NY","Musgrave","Cereal.rye","LakeviewVNS",69,"5/29/15","Blk3",9.611528968,8.26,47.95,74.02,50.54,81.90213488,7592,116060046665,"6/23/2016","Cornell University","MUSGRAVE 951","R4 Date7 Blk3",7,"N9",7.76,92.24,5.46,0.52,1.32,1.72,33.54,71.02,7.13,35.13,23.04,67.56,9.75,5.87,0.32,2.03,0.89,8.18,0.22,0.32,0.12,2.82,0.11,8.26,12.37,61.35,62.87,21.43,46.42,51.12,51.47,20.61,45.53,43.04,55.84,33.04,8.85,2313,64.74,58.18
"312",2015,"NY","Musgrave","Cereal.rye","LakeviewVNS",69,"5/29/15","Blk4",7.685599791,7.72,48.99,75.66,49.85,76.10758461,7592,116060046666,"6/23/2016","Cornell University","MUSGRAVE 952","R4 Date7 Blk4",7,"N9",7.77,92.23,5.38,0.49,1.24,1.72,31.22,72.84,7.24,36.53,24.14,66.86,9.85,3.54,0.32,2.01,0.85,8.23,0.19,0.32,0.12,2.82,0.1,7.72,11.08,61.03,62.51,20.59,45.51,50.33,50.59,19.26,44.09,41.53,54.62,30.37,6.3,2227,62.54,54.25
"313",2015,"NY","Musgrave","Triticale","TriCal815",63,"5/29/15","Blk1",5.565416978,8.05,42.98,69.47,54.2,106.1344022,7592,116060046692,"6/23/2016","Cornell University","MUSGRAVE 981","T1 Date7 Blk1",7,"N9",7.89,92.11,5.11,0.48,1.29,1.47,40.25,67.46,6.11,30.9,21.96,67.45,10.23,4.68,1.6,2.1,0.99,7.26,0.21,0.3,0.13,2.6,0.1,8.05,16.71,62.88,64.57,23.16,48.28,54.75,55.52,25.59,50.9,47.91,59.78,40.57,15.96,2602,74.32,74.07
"314",2015,"NY","Musgrave","Triticale","TriCal815",61,"5/29/15","Blk2",6.297139221,9.51,41.93,68.34,57.02,116.5248157,7592,116060046693,"6/23/2016","Cornell University","MUSGRAVE 982","T1 Date7 Blk2",7,"N9",8.13,91.87,5.32,0.46,1.52,1.71,38.17,67.48,5.96,29,20.64,69.41,11.47,5.84,1.57,2.18,1.06,7.45,0.23,0.31,0.15,2.71,0.12,9.51,15.21,63.21,64.94,24.1,49.29,55,55.8,26.61,52.01,49.36,60.3,43.48,18.69,2661,76.73,81.8
"315",2015,"NY","Musgrave","Triticale","TriCal815",63,"5/29/15","Blk3",8.214513186,9.72,42.34,67.41,54.86,108.3734843,7592,116060046694,"6/23/2016","Cornell University","MUSGRAVE 983","T1 Date7 Blk3",7,"N9",8.02,91.98,5.44,0.59,1.56,1.8,37.55,65.69,6.03,29.65,18.92,71.2,10.13,5.79,1.04,2.19,1,8.6,0.29,0.33,0.16,2.9,0.14,9.72,15.79,63.09,64.8,24.54,49.77,54.1,54.79,25.4,50.69,48.01,59.14,41.51,16.84,2567,77.16,77.27
"316",2015,"NY","Musgrave","Triticale","TriCal718",59,"5/29/15","Blk1",5.672105503,9.53,43.67,71.16,55.33,105.653386,7592,116060046722,"6/23/2016","Cornell University","MUSGRAVE 1013","T2 Date7 Blk1",7,"N9",7.97,92.03,5.43,0.46,1.52,1.72,36.62,70.09,6.08,31.31,20.92,70.15,9.74,4.65,1.04,2.13,1,7.62,0.2,0.33,0.13,2.84,0.12,9.53,12.48,62.67,64.34,23,48.1,53.82,54.48,25,50.26,46.83,58.27,39.61,15.06,2515,71.9,73.28
"317",2015,"NY","Musgrave","Triticale","TriCal718",59,"5/29/15","Blk2",9.141998808,9.24,44.88,71.62,52.44,94.60444838,7592,116060046723,"6/23/2016","Cornell University","MUSGRAVE 1014","T2 Date7 Blk2",7,"N9",7.83,92.17,5.29,0.5,1.48,1.64,40.8,69.8,6.22,33.2,21.21,69.61,8.91,3.33,0.65,2.2,0.93,8.32,0.21,0.32,0.13,2.75,0.12,9.24,12.35,62.3,63.92,22.72,47.8,52.83,53.38,23.48,48.62,44.6,56.69,35.98,11.64,2386,70.25,65.46
"318",2015,"NY","Musgrave","Triticale","TriCal718",59,"5/29/15","Blk3",11.46700346,9.59,44.93,71.13,52.86,95.87032814,7592,116060046724,"6/23/2016","Cornell University","MUSGRAVE 1015","T2 Date7 Blk3",7,"N9",8.21,91.79,5.34,0.53,1.53,1.69,40.04,68.9,6.44,32.48,20.81,69.8,8.78,3.24,0.77,2.15,0.93,8.35,0.24,0.33,0.14,2.87,0.13,9.59,12.92,62.28,63.9,23.04,48.15,52.7,53.23,23.44,48.58,45.31,57.22,37.26,12.85,2424,70.61,66.93
"319",2015,"NY","Musgrave","Triticale","NE426GT",65,"5/29/15","Blk1",7.29709252,10.44,41.17,66.69,56.38,112.8899384,7592,116060046752,"6/23/2016","Cornell University","MUSGRAVE 1045","T3 Date7 Blk1",7,"N9",8.33,91.67,5.59,0.58,1.67,1.9,36.69,64.42,5.76,28.1,16.37,74.59,9.84,4.93,1.17,2.13,1.01,9.05,0.3,0.33,0.18,2.85,0.14,10.44,15.98,63.44,65.2,25.07,50.34,54.52,55.26,26.31,51.68,49.05,59.54,43.44,18.65,2606,79.3,81.2
"320",2015,"NY","Musgrave","Triticale","NE426GT",60,"5/29/15","Blk2",7.028861464,8.94,42.52,68.63,53.88,106.1430844,7592,116060046753,"6/23/2016","Cornell University","MUSGRAVE 1046","T3 Date7 Blk2",7,"N9",8.15,91.85,5.37,0.51,1.43,1.68,36.02,66.35,6.18,30.6,20.58,68.98,11.29,6.7,1.49,2.13,1.07,7.98,0.26,0.3,0.17,2.55,0.12,8.94,16.34,63.02,64.73,23.79,48.96,54.4,55.13,25.5,50.81,47.81,59.51,40.84,16.21,2581,75.67,73.94
"321",2015,"NY","Musgrave","Triticale","NE426GT",63,"5/29/15","Blk3",8.472679287,9.18,41.14,66.59,55.11,116.2577881,7592,116060046754,"6/23/2016","Cornell University","MUSGRAVE 1047","T3 Date7 Blk3",7,"N9",7.96,92.04,5.48,0.5,1.47,1.63,34.97,64.67,6.02,29.03,19.23,70.26,12.62,5.07,1.44,1.98,1.11,7.32,0.25,0.29,0.16,2.45,0.12,9.18,18.35,63.45,65.21,24.69,49.93,55.84,56.73,27.58,53.06,50.01,61.53,44.31,19.47,2723,79.33,81.29
"322",2015,"NY","Musgrave","Triticale","NE426GT",65,"5/29/15","Blk4",6.846685775,8.35,41.99,68.18,54.11,110.0557535,7592,116060046755,"6/23/2016","Cornell University","MUSGRAVE 1048","T3 Date7 Blk4",7,"N9",7.79,92.21,5.38,0.46,1.34,1.58,33.65,67.1,6.2,30.79,21.1,68.55,10.8,4.65,1.56,2.01,1.14,7.16,0.2,0.28,0.14,2.48,0.11,8.35,16.83,63.19,64.92,23.77,48.94,55.05,55.85,26.16,51.52,48.38,60.35,41.45,16.79,2638,76.66,76.53
"323",2015,"NY","Musgrave","Triticale","TriMark099",67,"5/29/15","Blk1",7.506946836,9.61,41.66,67.76,55.79,113.1394543,7592,116060046784,"6/23/2016","Cornell University","MUSGRAVE 1077","T4 Date7 Blk1",7,"N9",7.8,92.2,5.54,0.54,1.54,1.76,36.11,66.86,5.75,29.56,19.48,70.86,11.08,4.98,0.93,2.1,1.03,7.99,0.24,0.33,0.15,2.84,0.13,9.61,15.27,63.29,65.03,24.36,49.57,54.88,55.66,26.45,51.83,48.49,59.6,42.2,17.49,2605,77.45,79.28
"324",2015,"NY","Musgrave","Triticale","TriMark099",60,"5/29/15","Blk2",4.426064049,9.25,40.45,66.13,58.84,124.5779706,7592,116060046785,"6/23/2016","Cornell University","MUSGRAVE 1078","T4 Date7 Blk2",7,"N9",8.46,91.54,5.42,0.47,1.48,1.65,35.78,65.26,5.54,26.86,18.94,70.98,10.65,5.38,1.75,2.25,1.17,7.61,0.27,0.31,0.16,2.68,0.12,9.25,17.36,63.67,65.45,24.89,50.15,56.27,57.21,28.21,53.74,51.4,61.76,46.46,21.47,2771,80.52,90
"325",2015,"NY","Musgrave","Triticale","TriMark099",67,"5/29/15","Blk3",7.231167063,10.68,40.83,65.35,56.48,114.3045467,7592,116060046786,"6/23/2016","Cornell University","MUSGRAVE 1079","T4 Date7 Blk3",7,"N9",8.45,91.55,5.67,0.62,1.71,1.91,39.23,63.08,5.7,27.45,16.48,73.87,9.66,5.18,0.86,2.1,0.93,9.34,0.34,0.34,0.18,2.9,0.14,10.68,16.88,63.54,65.31,25.69,51.01,54.59,55.34,26.48,51.87,49.41,59.7,44.1,19.27,2617,81.43,83.34
"326",2015,"NY","Musgrave","Triticale","TriMark099",65,"5/29/15","Blk4",5.728469252,10.14,39.4,64.65,59.49,131.5782056,7592,116060046787,"6/23/2016","Cornell University","MUSGRAVE 1080","T4 Date7 Blk4",7,"N9",8.57,91.43,5.51,0.46,1.62,1.76,34.42,63.64,5.51,25.78,16.82,73.57,12.02,6.59,2.57,2.29,1.28,7.4,0.26,0.31,0.16,2.63,0.13,10.14,18.3,63.99,65.81,25.78,51.1,57.18,58.22,29.85,55.52,52.89,63.15,49.12,23.94,2866,83.93,94.94
"327",2015,"NY","Musgrave","Barley","Verdant",73,"6/3/15","Blk1",6.214606588,8.3,37.4,60.26,60.17,132.7011232,7592,116060046453,"6/22/2016","Cornell University","MUSGRAVE 729","B1 Date8 Blk1",7,"N9",7.97,92.03,5.76,0.53,1.33,1.67,27.11,58.53,5.21,23.31,16.79,71.31,14.71,6.39,3.7,2.31,1.39,8.33,0.27,0.28,0.16,2.72,0.12,8.3,24.12,64.6,66.49,26.88,52.3,58.22,59.38,30.4,56.13,55.03,64.84,51.45,26.1,2981,92.2,105.05
"328",2015,"NY","Musgrave","Barley","Verdant",71,"6/3/15","Blk2",5.188987653,7.66,38,60.83,58.97,126.9853723,7592,116060046454,"6/22/2016","Cornell University","MUSGRAVE 730","B1 Date8 Blk2",7,"N9",7.97,92.03,5.7,0.58,1.23,1.5,28.59,59.08,5.24,24.24,16.69,71.75,14.38,6.25,3.83,2.25,1.31,8.28,0.27,0.27,0.17,2.7,0.12,7.66,24.17,64.42,66.29,26.45,51.83,57.85,58.97,29.59,55.24,54.1,64.22,49.77,24.55,2931,90.56,100.39
"329",2015,"NY","Musgrave","Barley","Verdant",75,"6/3/15","Blk3",6.434525859,8.68,38.17,60.6,59.89,130.5917455,7592,116060046455,"6/22/2016","Cornell University","MUSGRAVE 731","B1 Date8 Blk3",7,"N9",8.12,91.88,5.81,0.65,1.39,1.78,29.03,58.86,5.3,23.61,17.51,70.25,13.51,6.58,3.52,2.17,1.18,8.71,0.32,0.3,0.17,2.83,0.13,8.68,23.35,64.37,66.23,26.89,52.31,57.27,58.32,29.21,54.83,54.14,63.79,50.3,25.04,2911,90.82,102.52
"330",2015,"NY","Musgrave","Barley","Verdant",73,"6/3/15","Blk4",6.770695363,8.58,35.88,56.36,62.18,146.6461367,7592,116060046456,"6/22/2016","Cornell University","MUSGRAVE 732","B1 Date8 Blk4",7,"N9",8.18,91.82,5.8,0.61,1.37,1.55,29.25,54.74,5.23,20.7,16.71,69.47,15.23,8.87,4.5,2.43,1.47,7.82,0.33,0.26,0.18,2.36,0.13,8.58,27.94,65.08,67.02,28.54,54.1,59.78,61.12,32.54,58.47,58.28,67.77,56.36,30.61,3187,100.64,120.31
"331",2015,"NY","Musgrave","Barley","Valor",83,"6/3/15","Blk1",7.432466167,8.27,33.71,50.79,54.76,144.4680882,7592,116060046482,"6/22/2016","Cornell University","MUSGRAVE 761","B2 Date8 Blk1",7,"N9",8.19,91.81,5.47,0.56,1.32,1.34,27.69,49.34,5.97,22.32,19.29,60.9,10.82,6.59,16.11,2.42,1.64,6.77,0.26,0.28,0.14,1.92,0.1,8.27,34.32,65.74,67.76,30.66,56.41,61.51,63.05,34.7,60.84,59.13,70.74,57.47,31.62,3314,114.6,120.92
"332",2015,"NY","Musgrave","Barley","Valor",82,"6/3/15","Blk2",6.664510086,9.59,35.71,54.5,55.76,140.3137867,7592,116060046483,"6/22/2016","Cornell University","MUSGRAVE 762","B2 Date8 Blk2",7,"N9",7.83,92.17,5.59,0.78,1.53,1.71,30.14,52.94,6.3,23.42,19.61,62.96,9.78,4.32,12.59,2.21,1.42,7.65,0.31,0.28,0.16,2.09,0.12,9.59,29.11,65.13,67.08,29.62,55.28,58.69,59.9,31.46,57.29,56.62,67.67,54.39,28.8,3125,104.17,109.91
"333",2015,"NY","Musgrave","Barley","Valor",83,"6/3/15","Blk3",5.900579986,8.49,33.45,50.84,56.28,146.6913007,7592,116060046484,"6/22/2016","Cornell University","MUSGRAVE 763","B2 Date8 Blk3",7,"N9",8.13,91.87,5.45,0.64,1.36,1.43,29.56,49.86,6.15,21.8,18.54,62.82,10.04,6.27,16.84,2.5,1.64,7.08,0.27,0.28,0.16,1.88,0.11,8.49,33.36,65.82,67.85,30.71,56.47,60.73,62.18,33.74,59.79,59.18,70.35,57.64,31.78,3303,114.96,123.88
"334",2015,"NY","Musgrave","Barley","Valor",81,"6/3/15","Blk4",5.542267581,11.39,31.99,50.04,58.7,160.8683181,7592,116060046485,"6/22/2016","Cornell University","MUSGRAVE 764","B2 Date8 Blk4",7,"N9",8.36,91.64,5.75,0.67,1.82,1.83,32.48,49.18,5.7,20.31,16.65,66.14,11.51,7.13,12.69,2.57,1.75,7.29,0.33,0.29,0.18,2.02,0.15,11.39,31.22,66.28,68.36,32,57.88,61.65,63.2,36.18,62.48,60.46,71,60.77,34.63,3366,119.03,131.98
"335",2015,"NY","Musgrave","Barley","P919",85,"6/3/15","Blk1",8.406753831,8.09,35.06,52.94,58.19,147.1097305,7592,116060046513,"6/22/2016","Cornell University","MUSGRAVE 793","B3 Date8 Blk1",7,"N9",8.04,91.96,5.41,0.67,1.29,1.39,29.05,51.42,6.17,21.5,19.32,62.43,11.5,4,14.08,2.4,1.5,6.75,0.29,0.27,0.15,1.98,0.1,8.09,32.63,65.33,67.3,29.74,55.41,60.32,61.72,33.01,58.99,59.29,70.11,57.6,31.74,3304,108.38,122.29
"336",2015,"NY","Musgrave","Barley","P919",85,"6/3/15","Blk2",5.006811964,7.63,33.92,52.18,55.32,139.3215281,7592,116060046514,"6/22/2016","Cornell University","MUSGRAVE 794","B3 Date8 Blk2",7,"N9",8.28,91.72,5.42,0.55,1.22,1.28,27.52,50.69,5.87,22.65,19.94,60.66,13.33,5.7,13.32,2.6,1.73,6.93,0.28,0.26,0.16,2.08,0.1,7.63,33.3,65.68,67.69,29.88,55.56,61.17,62.67,34,60.07,58.58,70.1,56.39,30.64,3278,111.4,117.67
"337",2015,"NY","Musgrave","Barley","P919",85,"6/3/15","Blk3",9.831951487,8.97,34.04,50.95,56.25,147.3469858,7592,116060046515,"6/22/2016","Cornell University","MUSGRAVE 795","B3 Date8 Blk3",7,"N9",8.12,91.88,5.51,0.65,1.44,1.46,30.88,49.49,5.94,21.65,18.32,62.98,11.29,6.37,14.65,2.33,1.46,7.3,0.31,0.3,0.15,2.14,0.11,8.97,33.24,65.64,67.65,30.83,56.6,60.72,62.17,33.92,59.99,58.93,69.94,57.46,31.62,3276,114.12,122.37
"338",2015,"NY","Musgrave","Barley","P919",85,"6/3/15","Blk4",5.453695975,7.91,33.66,50.96,56.26,147.1945116,7592,116060046516,"6/22/2016","Cornell University","MUSGRAVE 796","B3 Date8 Blk4",7,"N9",8.29,91.71,5.52,0.52,1.27,1.2,27.18,49.5,6.09,21.65,18.67,62.28,14.53,6.7,12.72,2.6,1.8,6.41,0.3,0.24,0.16,1.91,0.11,7.91,34.58,65.76,67.78,30.46,56.19,61.82,63.39,34.99,61.16,60.12,71.6,58.74,32.79,3383,114.18,124.74
"339",2015,"NY","Musgrave","Barley","Thoroughbred",81,"6/3/15","Blk1",4.702850317,8.34,32.09,50.5,57.87,153.4441254,7592,116060046544,"6/23/2016","Cornell University","MUSGRAVE 825","B4 Date8 Blk1",7,"N9",8.35,91.65,5.37,0.54,1.33,1.35,29.86,49.06,5.45,20.67,17.32,64.7,12.7,5.88,15.23,2.75,1.78,6.27,0.24,0.26,0.15,1.81,0.11,8.34,34.9,66.25,68.32,30.79,56.56,63.04,64.75,36.72,63.08,61.14,72.28,60.4,34.3,3441,117.89,130.67
"340",2015,"NY","Musgrave","Barley","Thoroughbred",81,"6/3/15","Blk2",7.262368425,9.18,33.52,51.77,57.84,149.6116409,7592,116060046545,"6/23/2016","Cornell University","MUSGRAVE 826","B4 Date8 Blk2",7,"N9",8.02,91.98,5.57,0.66,1.47,1.51,30.28,50.29,5.8,21.2,18.21,63.79,11.91,4.87,12.06,2.5,1.65,7.36,0.3,0.27,0.16,2.05,0.13,9.18,32.03,65.81,67.83,30.57,56.32,60.85,62.31,34.2,60.29,59.32,70.04,58.14,32.24,3297,112.92,124.13
"341",2015,"NY","Musgrave","Barley","Thoroughbred",81,"6/3/15","Blk3",6.317772379,9.53,32.09,49.27,56.86,153.4262715,7592,116060046546,"6/23/2016","Cornell University","MUSGRAVE 827","B4 Date8 Blk3",7,"N9",8.05,91.95,5.54,0.73,1.52,1.61,32.11,47.87,5.82,20.65,18.21,61.96,11.58,9.95,14.5,2.51,1.63,7.28,0.32,0.27,0.17,1.89,0.13,9.53,34.3,66.25,68.32,31.68,57.53,61.58,63.12,35.26,61.46,60.28,71.19,59.68,33.64,3362,120.87,130.05
"342",2015,"NY","Musgrave","Barley","Thoroughbred",81,"6/3/15","Blk4",5.543274076,8.28,31.55,48.62,56.51,148.3736119,7592,116060046547,"6/23/2016","Cornell University","MUSGRAVE 828","B4 Date8 Blk4",7,"N9",8.29,91.71,5.47,0.57,1.32,1.33,29.71,47.23,5.73,20.54,17.32,63.33,12.86,4.89,15.22,2.75,1.85,7.21,0.3,0.26,0.16,1.84,0.12,8.28,35.76,66.42,68.51,31.53,57.37,62.31,63.94,35.75,62,60.73,71.84,59.79,33.74,3401,123.16,131.87
"343",2015,"NY","Musgrave","Cereal.rye","Huron",71,"6/3/15","Blk1",9.960782914,6.48,48.57,74.32,48.65,76.72919532,7592,116060046575,"6/23/2016","Cornell University","MUSGRAVE 857","R1 Date8 Blk1",7,"N9",7.98,92.02,5.29,0.48,1.04,1.51,26.23,72.1,7.54,37.02,25.31,64.9,10.93,5.76,0.61,1.95,0.92,7.5,0.16,0.28,0.11,2.54,0.09,6.48,13.51,61.16,62.65,20.7,45.63,50.82,51.14,19.38,44.22,42.01,55.76,30.54,6.46,2289,63.73,54.86
"344",2015,"NY","Musgrave","Cereal.rye","Huron",71,"6/3/15","Blk2",8.055990142,5.96,48.77,75.77,49.56,74.94795123,7592,116060046576,"6/23/2016","Cornell University","MUSGRAVE 858","R1 Date8 Blk2",7,"N9",7.89,92.11,5.26,0.44,0.95,1.48,22.65,73.49,7.32,37.07,24.95,66.05,10.98,4.65,0.62,1.99,0.97,7.54,0.14,0.27,0.11,2.54,0.09,5.96,12.52,61.09,62.58,19.94,44.81,50.79,51.11,19.12,43.94,41.76,55.31,29.87,5.82,2269,62.35,54.46
"345",2015,"NY","Musgrave","Cereal.rye","Huron",71,"6/3/15","Blk3",9.909451642,8.89,46.27,71.81,50.59,86.49319082,7592,116060046577,"6/23/2016","Cornell University","MUSGRAVE 859","R1 Date8 Blk3",7,"N9",7.83,92.17,5.61,0.59,1.42,1.82,34.31,68.99,6.88,34.09,21.7,68.55,8.48,3.83,0.14,2.07,0.9,8.84,0.24,0.32,0.14,2.96,0.14,8.89,13.2,61.86,63.44,22.53,47.6,51.43,51.82,21.31,46.29,43.62,56.07,34.27,10.01,2328,68.43,60.71
"346",2015,"NY","Musgrave","Cereal.rye","Huron",69,"6/3/15","Blk4",8.154626703,5.4,48.57,75.22,49.62,74.05895289,7592,116060046578,"6/23/2016","Cornell University","MUSGRAVE 860","R1 Date8 Blk4",7,"N9",7.95,92.05,5.31,0.42,0.86,1.49,17.22,72.83,7.25,36.69,24.09,66.92,11.68,5.62,0.84,2.05,0.98,7.68,0.14,0.26,0.11,2.37,0.08,5.4,13.6,61.16,62.65,19.95,44.83,50.99,51.33,19.14,43.96,42.08,55.54,30.12,6.06,2284,63.33,55.49
"347",2015,"NY","Musgrave","Cereal.rye","Spooner",69,"6/3/15","Blk2",9.755457828,6.74,48.08,72.34,49.56,81.69093447,7592,116060046606,"6/23/2016","Cornell University","MUSGRAVE 890","R2 Date8 Blk2",7,"N9",7.99,92.01,5.29,0.56,1.08,1.55,25.07,70.76,7.72,35.69,27.34,61.36,12.02,6.6,0.62,2.04,0.98,7.58,0.21,0.29,0.11,2.45,0.09,6.74,14.49,61.31,62.82,21.57,46.56,50.87,51.2,19.54,44.39,43.31,56.68,32.74,8.56,2357,66.21,59.53
"348",2015,"NY","Musgrave","Cereal.rye","Spooner",71,"6/3/15","Blk3",8.735877866,6.29,48.61,74,49.38,76.8578516,7592,116060046607,"6/23/2016","Cornell University","MUSGRAVE 891","R2 Date8 Blk3",7,"N9",7.76,92.24,5.29,0.52,1.01,1.54,24.32,72.3,7.69,36.6,23.41,67.62,11.98,4.19,0.31,1.83,0.84,7.82,0.2,0.28,0.11,2.5,0.09,6.29,13.29,61.15,62.64,20.76,45.7,50.09,50.33,18.21,42.97,41.93,55.31,30.3,6.24,2267,64.08,56.37
"349",2015,"NY","Musgrave","Cereal.rye","Spooner",67,"6/3/15","Blk4",9.432372766,6.05,49,74.21,46.78,70.69627876,7592,116060046608,"6/23/2016","Cornell University","MUSGRAVE 892","R2 Date8 Blk4",7,"N9",7.47,92.53,5.35,0.55,0.97,1.52,21.32,72.15,7.86,38.4,27.26,62.22,11.89,6.16,0.13,1.9,0.95,8.06,0.19,0.28,0.11,2.49,0.09,6.05,13.31,61.02,62.5,20.58,45.51,49.73,49.93,17.58,42.3,40.43,54.63,27.78,3.83,2197,63.71,50.94
"350",2015,"NY","Musgrave","Cereal.rye","Aroostook",73,"6/3/15","Blk1",7.856704029,6.43,47,69.68,47.59,81.72660453,7592,116060046636,"6/23/2016","Cornell University","MUSGRAVE 921","R3 Date8 Blk1",7,"N9",8.02,91.98,5.29,0.54,1.03,1.42,23.64,67.35,7.99,35.3,25.48,62.17,13.77,4.62,1.4,1.95,1.14,7.96,0.25,0.27,0.13,2.25,0.09,6.43,17.54,61.64,63.19,22.51,47.58,51.31,51.69,20.03,44.91,44,57.75,33.69,9.46,2406,69.72,59.59
"351",2015,"NY","Musgrave","Cereal.rye","Aroostook",72,"6/3/15","Blk2",10.53750485,6.68,45.67,67.37,49.76,93.02436323,7592,116060046637,"6/23/2016","Cornell University","MUSGRAVE 922","R3 Date8 Blk2",7,"N9",8.34,91.66,5.26,0.51,1.07,1.36,25.6,65.71,7.9,33.01,25.49,61.21,12.62,5.97,1.82,2.04,1.23,7.33,0.26,0.27,0.14,2.2,0.09,6.68,19.41,62.05,63.65,23.52,48.67,52.68,53.21,22.1,47.14,46.78,60.03,38.18,13.71,2575,73.57,68.67
"352",2015,"NY","Musgrave","Cereal.rye","Aroostook",73,"6/3/15","Blk3",9.670912204,7.56,45.79,67.81,50.53,96.42542357,7592,116060046638,"6/23/2016","Cornell University","MUSGRAVE 923","R3 Date8 Blk3",7,"N9",8.1,91.9,5.4,0.52,1.21,1.45,28.17,66.44,7.88,32.87,27.7,58.31,13.96,5,1.17,1.9,1.13,7.09,0.25,0.28,0.13,2.33,0.1,7.56,18.23,62.02,63.61,23.65,48.8,52.63,53.16,22.43,47.49,46.89,59.96,38.76,14.26,2578,73.04,69.64
"353",2015,"NY","Musgrave","Cereal.rye","Aroostook",73,"6/3/15","Blk4",8.120909103,5.84,46.8,70.09,49.3,84.82038578,7592,116060046639,"6/23/2016","Cornell University","MUSGRAVE 924","R3 Date8 Blk4",7,"N9",7.71,92.29,5.27,0.47,0.93,1.34,19.52,68.6,7.89,34.78,28.12,59.01,14.49,5.69,1.54,2.07,1.24,7.27,0.19,0.25,0.12,2.17,0.08,5.84,17.39,61.7,63.26,22.15,47.19,51.91,52.35,20.65,45.58,44.96,58.54,34.93,10.64,2475,69.51,62.95
"354",2015,"NY","Musgrave","Cereal.rye","LakeviewVNS",71,"6/3/15","Blk1",7.171783828,6.69,48.01,74.07,49.53,79.53004742,7592,116060046667,"6/23/2016","Cornell University","MUSGRAVE 953","R4 Date8 Blk1",7,"N9",7.78,92.22,5.35,0.49,1.07,1.51,27.5,71.6,7.53,36.14,25.19,64.82,11.83,6.87,0.03,1.97,0.97,7.64,0.2,0.28,0.12,2.49,0.09,6.69,13.61,61.33,62.84,20.87,45.82,50.9,51.23,19.59,44.44,42.72,56.13,31.77,7.63,2322,64.67,56.81
"355",2015,"NY","Musgrave","Cereal.rye","LakeviewVNS",71,"6/3/15","Blk2",7.487320173,6.83,47.99,73.91,49.24,78.10263518,7592,116060046668,"6/23/2016","Cornell University","MUSGRAVE 954","R4 Date8 Blk2",7,"N9",7.76,92.24,5.31,0.51,1.09,1.62,24.45,71.53,7.39,36.31,25.97,63.69,11.33,6.55,0.75,2.03,1.01,8.14,0.2,0.29,0.12,2.52,0.09,6.83,13.11,61.33,62.85,20.97,45.93,50.71,51.02,19.37,44.21,42.21,55.55,31.03,6.93,2281,64.7,55.81
"356",2015,"NY","Musgrave","Cereal.rye","LakeviewVNS",70,"6/3/15","Blk3",6.437545346,7.87,46.58,71.31,50.64,88.28003337,7592,116060046669,"6/23/2016","Cornell University","MUSGRAVE 955","R4 Date8 Blk3",7,"N9",7.72,92.28,5.55,0.52,1.26,1.71,27.45,69.23,7.3,34.17,24.88,64.06,11.89,4.55,0.24,1.99,1.01,7.98,0.22,0.3,0.12,2.7,0.11,7.87,14.62,61.77,63.34,22.37,47.43,51.72,52.14,21.28,46.26,44.47,57.27,35.12,10.82,2406,68.52,62.68
"357",2015,"NY","Musgrave","Cereal.rye","LakeviewVNS",69,"6/3/15","Blk4",9.788168932,6.23,48.24,73.84,48.72,77.2660934,7592,116060046670,"6/23/2016","Cornell University","MUSGRAVE 956","R4 Date8 Blk4",7,"N9",7.56,92.44,5.38,0.45,1,1.52,21.03,71.76,7.56,36.8,23.24,67.61,12.67,4.24,0.04,1.91,1.02,7.56,0.16,0.28,0.11,2.53,0.09,6.23,13.95,61.26,62.77,20.79,45.73,50.99,51.33,19.52,44.37,42.33,56.07,30.93,6.84,2310,64.85,55.68
"358",2015,"NY","Musgrave","Triticale","TriCal815",67,"6/3/15","Blk1",6.251343675,9.42,41.82,66.73,55.14,112.5122487,7592,116060046696,"6/23/2016","Cornell University","MUSGRAVE 985","T1 Date8 Blk1",7,"N9",7.92,92.08,5.43,0.59,1.51,1.87,31.85,65.78,6.22,29.51,21.39,67.48,11.16,6.27,1.99,2.14,1.14,8.05,0.28,0.3,0.15,2.54,0.13,9.42,16.48,63.24,64.97,24.71,49.95,54.49,55.23,25.81,51.14,48.86,60.16,42.69,17.95,2635,78.59,79.93
"359",2015,"NY","Musgrave","Triticale","TriCal815",67,"6/3/15","Blk2",5.157283044,7.84,43.39,69.07,53.25,101.5982307,7592,116060046697,"6/23/2016","Cornell University","MUSGRAVE 986","T1 Date8 Blk2",7,"N9",8.1,91.9,5.29,0.49,1.25,1.71,27.04,67.81,6.37,31.7,22.05,67.48,11.82,5.09,2.66,2.24,1.16,7.85,0.2,0.29,0.13,2.53,0.11,7.84,16.05,62.75,64.43,23.24,48.37,53.92,54.59,24.36,49.57,46.98,59.02,39.05,14.53,2544,74.32,72.22
"360",2015,"NY","Musgrave","Triticale","TriCal815",67,"6/3/15","Blk3",8.745942821,6.91,44.38,69.15,51.84,95.95460943,7592,116060046698,"6/23/2016","Cornell University","MUSGRAVE 987","T1 Date8 Blk3",7,"N9",7.91,92.09,5.27,0.52,1.11,1.53,27.5,68.21,6.82,32.85,20.59,69.81,12.68,4.73,2.06,2.03,1.06,7.63,0.21,0.27,0.13,2.37,0.1,6.91,16.72,62.45,64.09,22.88,47.98,53.09,53.67,22.76,47.85,46.05,58.6,37.13,12.72,2503,73.28,69.26
"361",2015,"NY","Musgrave","Triticale","TriCal815",65,"6/3/15","Blk4",6.871848163,7.6,43.86,69.58,52.75,98.90413558,7592,116060046699,"6/23/2016","Cornell University","MUSGRAVE 988","T1 Date8 Blk4",7,"N9",7.98,92.02,5.29,0.5,1.22,1.67,28.95,68.27,6.45,32.26,21.91,67.91,11.65,4.82,2.13,2.25,1.12,7.82,0.21,0.29,0.13,2.5,0.1,7.6,15.86,62.61,64.27,22.95,48.05,53.61,54.25,23.81,48.98,46.43,58.64,38.07,13.61,2515,72.97,70.12
"362",2015,"NY","Musgrave","Triticale","TriCal718",63,"6/3/15","Blk1",7.989561438,9.53,44.52,70.91,52.74,97.59619798,7592,116060046726,"6/23/2016","Cornell University","MUSGRAVE 1017","T2 Date8 Blk1",7,"N9",8.37,91.63,5.41,0.46,1.52,1.89,32.11,68.3,6.46,32.28,21.12,69.08,9.26,4.77,1.86,2.32,1.14,8.1,0.2,0.32,0.13,2.69,0.12,9.53,13.82,62.41,64.05,23.09,48.21,53.48,54.1,24.54,49.77,46.19,58.28,38.62,14.12,2491,71.03,67.72
"363",2015,"NY","Musgrave","Triticale","TriCal718",65,"6/3/15","Blk2",8.027808268,7.66,46.01,73,50.68,87.30717143,7592,116060046727,"6/23/2016","Cornell University","MUSGRAVE 1018","T2 Date8 Blk2",7,"N9",7.62,92.38,5.36,0.51,1.23,1.73,27.94,71.29,6.72,35.16,22.29,68.73,10.03,5.45,1.22,2.16,1.08,7.92,0.17,0.29,0.12,2.54,0.11,7.66,12.78,61.95,63.53,21.63,46.63,52.16,52.63,21.82,46.83,43.48,56.42,33.47,9.25,2352,67.46,60.3
"364",2015,"NY","Musgrave","Triticale","TriCal718",65,"6/3/15","Blk3",4.903142926,9.16,45.61,72.57,51.23,89.44058775,7592,116060046728,"6/23/2016","Cornell University","MUSGRAVE 1019","T2 Date8 Blk3",7,"N9",7.8,92.2,5.5,0.53,1.47,1.89,32.42,70.5,6.46,34.38,22.07,68.7,8.62,3.6,0.96,2.14,0.96,8.44,0.21,0.32,0.13,2.73,0.12,9.16,11.83,62.07,63.67,22.32,47.37,52.2,52.68,22.55,47.62,43.6,56.07,34.38,10.11,2334,68.26,61.44
"365",2015,"NY","Musgrave","Triticale","TriCal718",65,"6/3/15","Blk4",10.06646494,8.47,44.92,71.55,52.02,93.89787882,7592,116060046729,"6/23/2016","Cornell University","MUSGRAVE 1020","T2 Date8 Blk4",7,"N9",7.8,92.2,5.4,0.47,1.36,1.73,32.35,69.9,6.59,33.54,23.06,67.01,10.47,6.77,1.3,2.11,1.03,8.11,0.2,0.3,0.12,2.62,0.11,8.47,13.22,62.29,63.91,22.48,47.55,52.59,53.11,22.8,47.89,44.73,57.08,35.82,11.48,2407,70.21,65.23
"366",2015,"NY","Musgrave","Triticale","NE426GT",67,"6/3/15","Blk1",10.82033009,7.94,42.92,67.44,51.26,99.88113749,7592,116060046756,"6/23/2016","Cornell University","MUSGRAVE 1049","T3 Date8 Blk1",7,"N9",7.94,92.06,5.42,0.53,1.27,1.6,30.73,65.27,6.66,31.81,22.42,65.65,12.82,4.8,1.8,1.98,1.11,8.14,0.26,0.27,0.16,2.27,0.12,7.94,18.14,62.91,64.6,23.92,49.1,53.8,54.46,24.21,49.41,46.95,59.37,39.03,14.51,2547,76.54,70.46
"367",2015,"NY","Musgrave","Triticale","NE426GT",67,"6/3/15","Blk2",7.094283673,9.39,42.92,67.91,52.03,101.2205582,7592,116060046757,"6/23/2016","Cornell University","MUSGRAVE 1050","T3 Date8 Blk2",7,"N9",8.16,91.84,5.43,0.56,1.5,1.8,33.12,65.96,6.41,31.64,21.8,66.95,10.77,4.17,1.74,2,1.08,8.6,0.28,0.3,0.16,2.55,0.13,9.39,15.77,62.91,64.6,24.24,49.45,53.54,54.17,24.51,49.73,46.51,58.53,39.05,14.53,2501,76.11,70.64
"368",2015,"NY","Musgrave","Triticale","NE426GT",67,"6/3/15","Blk3",4.778840729,10.49,41.5,66.81,53.99,107.0272744,7592,116060046758,"6/23/2016","Cornell University","MUSGRAVE 1051","T3 Date8 Blk3",7,"N9",8.04,91.96,5.63,0.57,1.68,1.89,36.89,64.34,6.04,29.6,19.68,69.41,10.24,4.86,0.88,1.95,0.97,9.21,0.3,0.32,0.17,2.77,0.15,10.49,15.88,63.34,65.08,25.05,50.32,53.9,54.57,25.49,50.79,47.67,58.77,41.36,16.7,2535,78.93,75.49
"369",2015,"NY","Musgrave","Triticale","NE426GT",67,"6/3/15","Blk4",6.979039936,8.56,40.76,64.68,54.89,116.3793641,7592,116060046759,"6/23/2016","Cornell University","MUSGRAVE 1052","T3 Date8 Blk4",7,"N9",8.24,91.76,5.54,0.49,1.37,1.65,27.69,63.42,6.35,28.61,21.33,66.37,13.78,6.34,2.56,2.11,1.3,7.67,0.26,0.27,0.17,2.32,0.12,8.56,19.7,63.57,65.34,25.23,50.51,55.58,56.44,26.97,52.4,50.49,62.01,44.78,19.9,2752,82.4,84.02
"370",2015,"NY","Musgrave","Triticale","TriMark099",65,"6/3/15","Blk1",5.218679271,8.39,42.05,67.03,54.29,108.6355835,7592,116060046788,"6/23/2016","Cornell University","MUSGRAVE 1081","T4 Date8 Blk1",7,"N9",7.91,92.09,5.45,0.54,1.34,1.69,31.23,66.15,6.18,30.24,18.65,71.81,12.41,5.1,1.98,2.02,1.08,8.02,0.25,0.29,0.15,2.49,0.12,8.39,17.05,63.17,64.89,24.25,49.45,54.39,55.12,25.22,50.51,48.14,59.71,41.08,16.44,2598,77.9,77.51
"371",2015,"NY","Musgrave","Triticale","TriMark099",65,"6/3/15","Blk2",6.499948068,8.33,43.39,68.3,52.05,99.07787152,7592,116060046789,"6/23/2016","Cornell University","MUSGRAVE 1082","T4 Date8 Blk2",7,"N9",7.83,92.17,5.39,0.62,1.33,1.73,33.73,66.92,6.4,32.09,21.98,67.15,11.23,5.96,1.33,2.01,0.98,8.48,0.27,0.29,0.15,2.56,0.12,8.33,16.02,62.75,64.43,23.71,48.87,53.17,53.76,23.46,48.61,45.99,58.06,37.73,13.28,2471,75.18,70.02
"372",2015,"NY","Musgrave","Triticale","TriMark099",65,"6/3/15","Blk3",9.818363798,8.92,42.73,66.97,53.45,104.9371107,7592,116060046790,"6/23/2016","Cornell University","MUSGRAVE 1083","T4 Date8 Blk3",7,"N9",8.42,91.58,5.49,0.54,1.43,1.6,34.53,64.77,6.34,30.15,20.52,68.32,10.9,4.92,1.34,2,1.07,8.57,0.3,0.31,0.16,2.65,0.13,8.92,17.27,62.96,64.66,24.44,49.66,53.97,54.65,24.9,50.15,47.83,59.4,40.86,16.23,2570,77.16,75.02
"373",2015,"NY","Musgrave","Triticale","TriMark099",65,"6/3/15","Blk4",6.770695363,7.77,41.28,65.43,54.83,112.4906391,7592,116060046791,"6/23/2016","Cornell University","MUSGRAVE 1084","T4 Date8 Blk4",7,"N9",8.58,91.42,5.46,0.46,1.24,1.54,27.28,63.91,6.23,28.87,20.57,67.81,13.63,5.3,3.2,2.2,1.28,7.71,0.24,0.27,0.16,2.28,0.11,7.77,19.87,63.41,65.16,24.66,49.9,55.55,56.41,26.58,51.97,50.12,61.67,43.83,19.02,2730,80.49,82.45
"374",2015,"MD","Beltsville","Barley","Verdant",31,"4/17/15","Blk1",0.208495547,14.67,25.65,37.71,64.42,197.7629057,7592,116060046049,"6/16/2016","Cornell University","BARC 201","B1 Date 1 Blk1",7,"N9",9.71,90.29,6.53,0.86,2.35,2.1,35.24,36.65,3.9,13.04,10.14,72.33,15.99,9.18,6.71,3.11,1.84,7.12,0.54,0.35,0.24,2.71,0.19,14.67,40.82,68.24,70.54,38.07,64.57,68.31,70.62,45.78,73.19,68.64,78.16,73.62,46.17,3876,169.9,201.75
"375",2015,"MD","Beltsville","Barley","Verdant",31,"4/17/15","Blk2",0.224297527,17.01,24.22,38.21,66.24,190.3528663,7592,116060046050,"6/16/2016","Cornell University","BARC 202","B1 Date1 Blk2",7,"N9",9.46,90.54,6.68,0.9,2.72,2.76,32.63,37.14,3.39,12.54,10.05,72.94,13.29,9.25,7.62,3.24,1.94,8.43,0.56,0.38,0.26,3.04,0.22,17.01,37.24,68.68,71.03,38.61,65.17,67.97,70.24,46.31,73.78,67.94,76.73,73.67,46.21,3798,170.46,200.72
"376",2015,"MD","Beltsville","Barley","Verdant",30,"4/17/15","Blk3",0.305974638,15.7,26.26,39.46,71.19,199.906151,7592,116060046051,"6/16/2016","Cornell University","BARC 203","B1 Date1 Blk3",7,"N9",9.62,90.38,6.65,0.9,2.51,2.54,33.76,38.35,3.6,11.05,8.22,78.57,13.61,9.1,6.85,3.22,1.74,8.19,0.52,0.39,0.23,3.16,0.2,15.7,37.56,68.05,70.33,37.67,64.13,67.2,69.38,44.82,72.1,68.8,76.75,74.27,46.74,3836,161.28,207.07
"377",2015,"MD","Beltsville","Barley","Verdant",30,"4/17/15","Blk4",0.130190196,21.08,22.68,38.38,73.46,199.1416237,7592,116060046052,"6/16/2016","Cornell University","BARC 204","B1 Date1 Blk4",7,"N9",9.35,90.65,6.87,0.82,3.37,3.44,34.54,37.3,2.75,9.9,7.72,79.3,11.01,9.84,7.01,3.46,2.13,8.56,0.54,0.44,0.25,3.53,0.26,21.08,33.37,69.16,71.56,39.86,66.56,69.43,71.87,49.72,77.64,70.05,77.68,78.25,50.25,3913,172.83,219.44
"378",2015,"MD","Beltsville","Barley","Valor",30,"4/17/15","Blk2",0.033365326,13.94,30.7,49.4,66.89,181.4230788,7592,116060046081,"6/16/2016","Cornell University","BARC 233","B2 Date1 Blk2",7,"N9",9.63,90.37,6.28,0.71,2.23,2.32,31.92,47.99,4.55,15.89,12.08,74.83,13.35,7.15,6.69,2.26,1.4,7.3,0.43,0.36,0.22,2.74,0.16,13.94,30.69,66.68,68.8,33.09,59.07,63.46,65.22,39.52,66.18,63.77,72.36,66.55,39.85,3521,122.4,154.18
"379",2015,"MD","Beltsville","Barley","Valor",31,"4/17/15","Blk3",0.100498578,18.6,24.95,40.65,67.19,190.3967768,7592,116060046082,"6/16/2016","Cornell University","BARC 234","B2 Date1 Blk3",7,"N9",9.45,90.55,6.83,0.86,2.98,2.98,34.41,39.5,3.31,12.96,9.97,74.76,12.54,9.33,6.23,2.97,1.78,7.91,0.52,0.42,0.24,3.23,0.23,18.6,34.19,68.46,70.78,38.12,64.62,67.87,70.13,46.83,74.36,67.51,76.17,73.74,46.27,3769,158.84,191.07
"380",2015,"MD","Beltsville","Barley","Valor",31,"4/17/15","Blk4",0.158623694,16.53,24.73,38.46,64.58,193.4051464,7592,116060046083,"6/16/2016","Cornell University","BARC 235","B2 Date1 Blk4",7,"N9",9.47,90.53,6.7,0.81,2.64,2.43,35.63,37.38,3.48,13.24,10.8,71.11,13.95,9.23,7.33,3.01,1.79,7.46,0.5,0.4,0.23,3.18,0.21,16.53,38.27,68.52,70.85,38.36,64.89,68.53,70.86,46.82,74.35,68.01,77.33,73.55,46.11,3823,168.43,197.24
"381",2015,"MD","Beltsville","Barley","P919",31,"4/17/15","Blk1",0.150622055,16.56,25.95,41.72,71.93,202.6980691,7592,116060046114,"6/16/2016","Cornell University","BARC 267","B3 Date1 Blk1",7,"N9",9.29,90.71,6.63,0.75,2.65,2.55,36.05,40.54,3.33,11.38,8.21,79.75,14.24,8.66,5.18,3.18,1.82,7.4,0.47,0.41,0.22,3.23,0.21,16.56,35.23,68.14,70.43,37.04,63.42,68.05,70.33,46.27,73.74,68.97,76.97,74.87,47.28,3856,153.33,200.12
"382",2015,"MD","Beltsville","Barley","P919",31,"4/17/15","Blk3",0.675710767,13.71,25.44,40.55,71.68,198.2476621,7592,116060046113,"6/16/2016","Cornell University","BARC 266","B3 Date1 Blk3",7,"N9",8.8,91.2,6.57,0.65,2.19,2.03,36.47,39.41,3.09,11.16,8.77,77.75,16.92,8.3,5.21,3.08,1.79,8.38,0.42,0.39,0.2,3.52,0.19,13.71,37.74,68.3,70.61,36.58,62.92,67.68,69.92,44.72,71.99,68.28,76.06,72.73,45.37,3795,158.51,202.18
"383",2015,"MD","Beltsville","Barley","P919",30,"4/17/15","Blk4",0.1460425,23.6,21.81,38.4,71.46,191.3296218,7592,116060046115,"6/16/2016","Cornell University","BARC 268","B3 Date1 Blk4",7,"N9",9.36,90.64,7.02,0.8,3.78,3.87,35.51,37.32,2.63,10.65,7.74,79.26,10.15,7.6,5.76,3.14,2.01,8.86,0.58,0.47,0.27,3.64,0.28,23.6,31.08,69.43,71.86,40.65,67.43,69.38,71.81,50.65,78.7,69.1,76.87,78.01,50.05,3846,174.48,212.47
"384",2015,"MD","Beltsville","Barley","Thoroughbred",31,"4/17/15","Blk1",0.222133561,14.09,26.64,39.72,70.05,208.8246831,7592,116060046147,"6/17/2016","Cornell University","BARC 299","B4 Date1 Blk1",7,"N9",9.59,90.41,6.57,0.74,2.25,2.1,34.42,38.6,3.84,11.56,8.54,77.88,15.29,9.03,7.55,3.24,1.76,6.58,0.43,0.39,0.2,3.03,0.18,14.09,40.07,67.93,70.2,37.06,63.45,68.37,70.68,45.68,73.07,69.87,78.57,75.04,47.43,3945,159.54,207.06
"385",2015,"MD","Beltsville","Barley","Thoroughbred",30,"4/17/15","Blk2",0.25152323,16.65,25.46,39.41,69.61,203.4573902,7592,116060046148,"6/17/2016","Cornell University","BARC 300","B4 Date1 Blk2",7,"N9",9.6,90.4,6.73,0.75,2.66,2.69,34.35,38.3,3.49,11.64,8,79.11,13.36,9.3,7.59,3.19,1.77,7.1,0.47,0.42,0.22,3.24,0.2,16.65,37.87,68.29,70.6,38.01,64.5,68.72,71.07,47.12,74.69,69.48,78.07,75.6,47.92,3910,162.77,206.16
"386",2015,"MD","Beltsville","Barley","Thoroughbred",31,"4/17/15","Blk3",0.486439285,13.95,27.06,41.93,73.89,201.1069009,7592,116060046144,"6/17/2016","Cornell University","BARC 297","B4 Date1 Blk3",7,"N9",9.19,90.81,6.42,0.79,2.23,2.25,34.27,40.75,3.54,10.64,7.9,80.61,14.77,8.73,6.87,3.25,1.77,8.43,0.44,0.38,0.2,3.34,0.19,13.95,36.35,67.8,70.05,36.1,62.39,66.4,68.49,43.18,70.26,68.44,75.74,73.04,45.65,3791,150.36,201.71
"387",2015,"MD","Beltsville","Barley","Thoroughbred",31,"4/17/15","Blk4",0.181622117,22.24,23.21,39.9,71.22,190.0441787,7592,116060046146,"6/17/2016","Cornell University","BARC 298","B4 Date1 Blk4",7,"N9",9.46,90.54,6.97,0.81,3.56,3.62,35.57,38.78,2.82,11.16,8.36,78.44,10.65,9.68,5.32,3.24,1.97,8.92,0.56,0.46,0.26,3.63,0.27,22.24,30.71,68.99,71.38,39.61,66.27,68.43,70.75,48.98,76.81,68.3,76.01,76.37,48.6,3789,165.25,203.66
"388",2015,"MD","Beltsville","Cereal.rye","Huron",31,"4/17/15","Blk2",0.278396661,17.22,26.1,48.12,75.08,206.3390493,7592,116060046179,"6/17/2016","Cornell University","BARC 332","R1 Date1 Blk2",7,"N9",9.11,90.89,6.4,0.59,2.76,2.78,35.83,46.75,3.3,11.65,9.44,79.81,12.8,7.13,6.19,3.58,2.07,6.58,0.34,0.39,0.22,3.08,0.21,17.22,29.16,68.1,70.38,34.67,60.81,67.7,69.94,46.21,73.66,68.78,76.22,74.9,47.3,3830,132.36,184.29
"389",2015,"MD","Beltsville","Cereal.rye","Huron",32,"4/17/15","Blk3",0.367169566,17.3,27.69,50.43,76.44,204.7479042,7592,116060046178,"6/17/2016","Cornell University","BARC 331","R1 Date1 Blk3",7,"N9",9,91,6.34,0.57,2.77,2.77,37.75,48.99,3.28,11.54,9.24,81.14,11.78,6.74,4.76,3.74,2.05,6.76,0.32,0.4,0.21,3.1,0.22,17.3,26.67,67.6,69.83,33.77,59.82,66.92,69.07,45.31,72.65,68.24,75.16,74.2,46.68,3771,124.22,179.21
"390",2015,"MD","Beltsville","Cereal.rye","Huron",30,"4/17/15","Blk4",0.438228149,17.74,26.46,48.83,76.26,208.5094124,7592,116060046177,"6/17/2016","Cornell University","BARC 330","R1 Date1 Blk4",7,"N9",9.05,90.95,6.48,0.61,2.84,2.83,35.46,47.44,3.13,11.26,8.91,81.22,11.8,6.92,5.44,3.62,2.09,6.48,0.32,0.4,0.21,3.24,0.22,17.74,28.08,67.99,70.26,34.56,60.69,67.92,70.18,46.68,74.2,69.06,76.24,75.51,47.84,3839,130.23,185.5
"391",2015,"MD","Beltsville","Cereal.rye","Spooner",32,"4/17/15","Blk1",1.131300964,14.06,28,49.87,73.21,195.3505319,7592,116060046208,"6/17/2016","Cornell University","BARC 363","R2 Date1 Blk1",7,"N9",8.33,91.67,6.21,0.62,2.25,2.17,37.7,48.45,3.52,12.98,10.01,79.34,14.3,5.6,4.36,3.29,1.95,7.52,0.32,0.35,0.21,3.01,0.2,14.06,29.19,67.51,69.73,32.94,58.91,65.51,67.5,42.22,69.18,66.31,73.68,70.17,43.09,3653,125.34,170.28
"392",2015,"MD","Beltsville","Cereal.rye","Spooner",32,"4/17/15","Blk2",0.389362792,13.94,26.99,48.32,73.97,204.3599342,7592,116060046209,"6/17/2016","Cornell University","BARC 364","R2 Date1 Blk2",7,"N9",8.25,91.75,6.18,0.61,2.23,2.15,35.8,46.94,3.33,12.22,9.32,80.14,15.21,8.2,5.33,3.29,1.98,6.74,0.3,0.35,0.19,2.88,0.19,13.94,31.55,67.83,70.08,33.52,59.54,67.06,69.23,44.09,71.28,67.97,75.55,72.4,45.09,3779,130.48,179.89
"393",2015,"MD","Beltsville","Cereal.rye","Spooner",32,"4/17/15","Blk3",0.836196478,15.06,27.84,49.89,74.13,196.7332293,7592,116060046207,"6/17/2016","Cornell University","BARC 362","R2 Date1 Blk3",7,"N9",8.47,91.53,6.42,0.69,2.41,2.24,37.05,48.47,3.51,12.54,9.08,81.27,13.29,7.51,4,3.25,1.97,7.57,0.36,0.35,0.22,2.91,0.22,15.06,28.17,67.56,69.78,33.26,59.26,65.46,67.44,42.53,69.53,66.59,73.74,70.99,43.83,3663,125.56,172.92
"394",2015,"MD","Beltsville","Cereal.rye","Spooner",31,"4/17/15","Blk4",0.525390661,14.33,28.5,49.47,71.87,186.2986722,7592,116060046206,"6/17/2016","Cornell University","BARC 361","R2 Date1 Blk4",7,"N9",8.03,91.97,6.43,0.8,2.29,2.18,36.01,48.06,3.54,13.52,10.34,78.49,13.56,7.72,3.6,3.14,1.86,8.51,0.38,0.35,0.22,2.87,0.21,14.33,28.42,67.36,69.56,33.18,59.18,64.31,66.16,40.74,67.54,64.87,72.17,68.29,41.41,3546,125.64,165.29
"395",2015,"MD","Beltsville","Cereal.rye","Aroostook",33,"4/17/15","Blk1",1.274323978,12.34,30.71,53,70.47,186.101227,7592,116060046238,"6/17/2016","Cornell University","BARC 394","R3 Date1 Blk1",7,"N9",8.46,91.54,5.94,0.34,1.97,1.94,34.68,51.48,3.91,15.2,10.48,79.64,16.19,9.67,3.94,3.12,1.95,7,0.25,0.36,0.17,3.12,0.16,12.34,28.17,66.68,68.8,31.12,56.92,64.73,66.63,40.66,67.45,64.54,72.56,66.97,40.23,3561,113.84,153.75
"396",2015,"MD","Beltsville","Cereal.rye","Aroostook",33,"4/17/15","Blk2",1.993213403,12.7,32.08,54.48,70.2,185.6838472,7592,116060046239,"6/17/2016","Cornell University","BARC 395","R3 Date1 Blk2",7,"N9",9.02,90.98,5.8,0.31,2.03,1.91,36.3,52.92,4.27,15.77,11.51,78.25,14.85,7.36,4.16,3.12,1.88,6.56,0.26,0.36,0.17,3.06,0.16,12.7,26.85,66.25,68.32,30.65,56.4,64.1,65.93,40.03,66.74,64.15,72.29,66.58,39.88,3541,108.99,149.24
"397",2015,"MD","Beltsville","Cereal.rye","Aroostook",33,"4/17/15","Blk3",1.617287326,12.23,32.88,56.4,69.48,177.3712979,7592,116060046240,"6/17/2016","Cornell University","BARC 396","R3 Date1 Blk3",7,"N9",8.61,91.39,5.9,0.34,1.96,1.95,34.67,54.78,4.24,16.72,11.15,79.65,12.79,4.98,3.29,2.91,1.76,7.07,0.25,0.37,0.17,3.27,0.16,12.23,25.11,66,68.05,29.74,55.41,62.94,64.64,38.35,64.88,62.47,70.49,64,37.56,3420,104.5,140.95
"398",2015,"MD","Beltsville","Cereal.rye","Aroostook",32,"4/17/15","Blk4",0.739975506,14.36,28.17,50.05,74.99,200.7826475,7592,116060046237,"6/17/2016","Cornell University","BARC 393","R3 Date1 Blk4",7,"N9",8.73,91.27,6.14,0.44,2.3,2.28,35.1,48.62,3.63,12.16,9.4,80.67,12.62,6.29,4.66,3.28,2.11,7.3,0.3,0.38,0.2,3.18,0.19,14.36,28.89,67.46,69.67,32.97,58.94,65.93,67.97,42.95,70.01,67.34,74.46,71.73,44.49,3716,124.58,175.54
"399",2015,"MD","Beltsville","Cereal.rye","LakeviewVNS",33,"4/17/15","Blk1",1.161042907,15.19,28.32,52.08,78.73,209.3491727,7592,116060046269,"6/22/2016","Cornell University","BARC 425","R4 Date1 Blk1",7,"N9",8.59,91.41,6.17,0.45,2.43,2.23,39.63,50.59,3.23,10.76,8.21,83.77,13.64,7.76,3.92,3.33,1.89,6.99,0.28,0.4,0.19,3.34,0.2,15.19,26.57,67.41,69.62,32.44,58.36,66.1,68.16,43.48,70.6,68.05,74.2,73.03,45.65,3724,119.17,179.46
"400",2015,"MD","Beltsville","Cereal.rye","LakeviewVNS",30,"4/17/15","Blk2",0.628757751,14.46,27.91,50.5,75.66,208.2804385,7592,116060046271,"6/22/2016","Cornell University","BARC 427","R4 Date1 Blk2",7,"N9",8.68,91.32,6.13,0.46,2.31,2.17,37.07,49.06,3.21,11.94,9.54,80.55,14.96,8.56,4.88,3.39,1.98,6.36,0.27,0.38,0.18,3.13,0.18,14.46,29.31,67.54,69.76,32.82,58.78,67.24,69.43,44.59,71.84,68.15,75.35,72.87,45.51,3778,123.91,177.82
"401",2015,"MD","Beltsville","Cereal.rye","LakeviewVNS",33,"4/17/15","Blk3",1.365059549,16.24,27.43,51.31,78.57,208.0405652,7592,116060046272,"6/22/2016","Cornell University","BARC 428","R4 Date1 Blk3",7,"N9",8.36,91.64,6.29,0.49,2.6,2.53,38.36,49.84,2.96,10.68,7.71,84.53,13.18,6.32,3.56,3.4,1.92,7.09,0.29,0.41,0.19,3.42,0.21,16.24,26.44,67.68,69.92,33.08,59.07,66.78,68.91,44.74,72.01,68.23,74.46,73.74,46.27,3740,122.5,181.31
"402",2015,"MD","Beltsville","Cereal.rye","LakeviewVNS",31,"4/17/15","Blk4",0.335163008,17.26,26.93,49.55,74.12,202.6212969,7592,116060046270,"6/22/2016","Cornell University","BARC 426","R4 Date1 Blk4",7,"N9",9.07,90.93,6.44,0.57,2.76,2.68,36.15,48.14,3.1,12.46,9.98,79.27,12.67,7.08,4.79,3.54,2.03,6.45,0.33,0.4,0.21,3.15,0.21,17.26,27.8,67.84,70.1,34.12,60.21,67.73,69.97,46.27,73.74,67.94,75.5,73.78,46.31,3777,127.42,176.47
"403",2015,"MD","Beltsville","Triticale","TriCal815",31,"4/17/15","Blk1",0.779027532,13.23,27.58,44.81,74.18,206.7830764,7592,116060046300,"6/22/2016","Cornell University","BARC 457","T1 Date1 Blk1",7,"N9",9.07,90.93,6.05,0.58,2.12,1.97,39.3,43.54,3.56,11.24,8.14,81.3,16.1,9.18,5.47,3.33,1.89,7.05,0.38,0.36,0.21,3.04,0.17,13.23,35.26,67.64,69.87,34.69,60.84,67.2,69.38,43.97,71.15,68.89,76.49,73.36,45.94,3841,140.07,193.27
"404",2015,"MD","Beltsville","Triticale","TriCal815",32,"4/17/15","Blk2",0.684618253,15.19,26.76,44.74,75.78,209.8346973,7592,116060046301,"6/22/2016","Cornell University","BARC 458","T1 Date1 Blk2",7,"N9",8.95,91.05,6.31,0.63,2.43,2.45,37.33,43.47,3.52,10.53,7.21,83.41,14.86,7.46,5.32,3.36,1.9,7.18,0.38,0.39,0.23,3.23,0.2,15.19,33.71,67.89,70.15,35.37,61.59,67.29,69.48,44.86,72.15,69.42,76.67,74.91,47.31,3864,141.38,197.85
"405",2015,"MD","Beltsville","Triticale","TriCal815",31,"4/17/15","Blk3",0.410046275,16.02,26.14,43.12,74.87,204.5897535,7592,116060046302,"6/22/2016","Cornell University","BARC 459","T1 Date1 Blk3",7,"N9",8.87,91.13,6.43,0.71,2.56,2.65,35.71,41.9,3.38,10.53,7.54,82,12.02,7.79,5.39,3.36,1.93,7.82,0.42,0.4,0.23,3.38,0.21,16.02,33.98,68.09,70.37,36.29,62.59,67.36,69.56,45.25,72.58,69.15,76.47,74.89,47.29,3845,147.71,200.54
"406",2015,"MD","Beltsville","Triticale","TriCal815",31,"4/17/15","Blk4",0.363344883,14.78,26.16,42.02,71.42,202.1691233,7592,116060046303,"6/22/2016","Cornell University","BARC 460","T1 Date1 Blk4",7,"N9",8.9,91.1,6.37,0.77,2.36,2.4,33.9,40.83,3.62,11.67,9.24,77.37,15.27,7.94,6.39,3.27,1.97,7.49,0.44,0.36,0.23,3.03,0.19,14.78,36.33,68.08,70.36,36.34,62.65,67.49,69.7,44.88,72.17,68.82,76.96,73.92,46.44,3852,151.91,197.35
"407",2015,"MD","Beltsville","Triticale","TriCal718",31,"4/17/15","Blk1",0.74475636,15.48,28.76,48.88,73.99,194.6683731,7592,116060046332,"6/22/2016","Cornell University","BARC 489","T2 Date1 Blk1",7,"N9",8.51,91.49,6.29,0.6,2.48,2.5,36.82,47.49,3.41,12.35,7.21,84.82,12.43,7.79,4.15,3.26,1.91,7.84,0.35,0.41,0.21,3.41,0.2,15.48,28.78,67.28,69.47,33.81,59.86,65.75,67.77,43.1,70.18,66.66,73.79,71.25,44.07,3666,126.3,175
"408",2015,"MD","Beltsville","Triticale","TriCal718",30,"4/17/15","Blk2",0.424237862,17.15,27.27,46.36,77.09,208.1267364,7592,116060046333,"6/22/2016","Cornell University","BARC 490","T2 Date1 Blk2",7,"N9",8.77,91.23,6.42,0.63,2.74,2.81,36.68,45.04,3.32,10.32,7.65,83.02,12.32,7.47,4.4,3.34,1.94,7.25,0.39,0.41,0.23,3.33,0.22,17.15,30.43,67.74,69.98,35.35,61.57,67.29,69.48,45.66,73.05,69.3,76.17,75.58,47.9,3840,135.84,194.63
"409",2015,"MD","Beltsville","Triticale","TriCal718",31,"4/17/15","Blk3",0.515778629,16.23,27.31,46.67,76.51,203.3685482,7592,116060046334,"6/22/2016","Cornell University","BARC 491","T2 Date1 Blk3",7,"N9",8.6,91.4,6.33,0.6,2.6,2.68,36.91,45.34,3.24,10.65,7.32,83.86,13.08,7.6,4.71,3.4,1.97,7.8,0.36,0.4,0.21,3.31,0.21,16.23,30.34,67.73,69.97,34.93,61.09,66.82,68.96,44.73,72,68.49,75.28,74.09,46.58,3779,134.74,190.74
"410",2015,"MD","Beltsville","Triticale","TriCal718",30,"4/17/15","Blk4",0.18650362,21.62,23.16,40.78,71.99,199.0603621,7592,116060046335,"6/22/2016","Cornell University","BARC 492","T2 Date2 Blk4",7,"N9",8.87,91.13,6.81,0.74,3.46,3.67,34.55,39.63,2.77,11.1,7.36,81.43,10.49,9.22,5.66,3.48,2.22,7.62,0.45,0.46,0.25,3.57,0.26,21.62,31.58,69,71.39,39.04,65.65,69.93,72.42,50.57,78.61,69.81,77.91,78.16,50.17,3917,161.49,205.3
"411",2015,"MD","Beltsville","Triticale","NE426GT",32,"4/17/15","Blk1",0.731520944,13.49,27.17,46.53,76.44,204.4230587,7592,116060046366,"6/22/2016","Cornell University","BARC 524","T3 Date1 Blk1",7,"N9",9.08,90.92,6.23,0.54,2.16,2.18,33.21,45.21,3.4,10.65,8.06,82.17,15.61,7.16,5.34,3.11,1.89,7.89,0.37,0.37,0.23,3.13,0.18,13.49,32.7,67.76,70.01,34.1,60.18,66.28,68.36,42.96,70.02,68.29,75.06,72.64,45.3,3764,135.46,190.33
"412",2015,"MD","Beltsville","Triticale","NE426GT",32,"4/17/15","Blk2",0.437624252,14.52,27.49,48.02,78.44,213.0170551,7592,116060046363,"6/22/2016","Cornell University","BARC 521","T3 Date1 Blk2",7,"N9",8.94,91.06,6.1,0.48,2.32,2.21,39.33,46.65,3.25,10.06,7.32,84.31,14.64,8.73,4.97,3.2,1.88,7.13,0.34,0.38,0.22,3.12,0.19,14.52,31.03,67.67,69.9,33.82,59.88,66.96,69.11,44.25,71.46,69.17,75.66,74.29,46.76,3817,130.79,192.41
"413",2015,"MD","Beltsville","Triticale","NE426GT",32,"4/17/15","Blk3",0.495497744,14.5,27.55,48.23,79.26,212.5443292,7592,116060046364,"6/22/2016","Cornell University","BARC 522","T3 Date1 Blk3",7,"N9",9.04,90.96,6.14,0.5,2.32,2.25,39.45,46.86,3.23,9.72,7.32,84.38,14.63,8.75,4.78,3.24,1.84,7.46,0.34,0.38,0.21,3.11,0.19,14.5,30.59,67.65,69.88,33.73,59.78,66.55,68.66,43.73,70.88,69.04,75.22,74.1,46.59,3794,130.17,192.94
"414",2015,"MD","Beltsville","Triticale","NE426GT",31,"4/17/15","Blk4",0.544564401,16.96,25.83,45.7,76.71,202.6146784,7592,116060046365,"6/22/2016","Cornell University","BARC 523","T3 Date1 Blk4",7,"N9",8.56,91.44,6.47,0.62,2.71,2.81,35.67,44.4,2.88,10.34,7.07,84.08,13.15,7.96,4.6,3.18,1.92,8.18,0.38,0.4,0.23,3.41,0.22,16.96,30.35,68.18,70.47,35.56,61.79,67.3,69.49,45.6,72.98,68.48,75.15,74.37,46.84,3772,140.23,193.98
"415",2015,"MD","Beltsville","Triticale","TriMark099",31,"4/17/15","Blk1",0.504002632,16.14,25.54,43.81,74.75,210.3648572,7592,116060046398,"6/22/2016","Cornell University","BARC 556","T4 Date1 Blk1",7,"N9",9.03,90.97,6.48,0.6,2.58,2.55,34.51,42.57,3.15,10.75,8.56,79.89,14.35,7.89,5.7,3.23,1.97,6.82,0.37,0.4,0.23,3.4,0.2,16.14,34.05,68.27,70.57,36.05,62.33,68.68,71.03,46.95,74.5,69.84,77.49,75.89,48.18,3910,146.56,200.21
"416",2015,"MD","Beltsville","Triticale","TriMark099",32,"4/17/15","Blk2",0.344322117,17.12,24.81,41.56,73.31,210.3870278,7592,116060046395,"6/22/2016","Cornell University","BARC 553","T4 Date1 Blk2",7,"N9",9.23,90.77,6.42,0.68,2.74,2.74,34.99,40.39,3.32,10.78,8.48,79,13.61,8.19,6.91,3.44,2.1,6.7,0.39,0.41,0.23,3.28,0.2,17.12,35.43,68.5,70.83,37.28,63.69,69.27,71.69,48.03,75.72,70.52,78.65,77.23,49.36,3974,155.86,207.58
"417",2015,"MD","Beltsville","Triticale","TriMark099",32,"4/17/15","Blk3",0.516583826,20.21,25.38,43.79,79.18,204.2592552,7592,116060046396,"6/22/2016","Cornell University","BARC 554","T4 Date1 Blk3",7,"N9",9.15,90.85,6.47,0.69,3.23,3.1,42.55,42.55,3,8.86,6.55,84.61,10.31,7.68,4.08,3.48,1.86,8.72,0.45,0.47,0.26,3.85,0.25,20.21,28.76,68.32,70.63,37.37,63.79,67.07,69.24,46.6,74.1,69.27,75.38,76.82,48.99,3803,146.83,206.82
"418",2015,"MD","Beltsville","Triticale","TriMark099",31,"4/17/15","Blk4",0.279101208,20.71,22.84,40.26,72.78,199.5269126,7592,116060046397,"6/22/2016","Cornell University","BARC 555","T4 Date1 Blk4",7,"N9",9.08,90.92,6.67,0.73,3.31,3.33,37.52,39.13,2.91,10.65,7.32,81.29,12.04,8.59,5.3,3.28,2.05,7.98,0.5,0.44,0.28,3.49,0.25,20.71,32.46,69.1,71.5,38.96,65.56,69.17,71.58,49.31,77.18,69.59,77.39,77.47,49.57,3889,164.27,208.46
"419",2015,"MD","Beltsville","Barley","Verdant",30,"4/21/15","Blk1",0.54486635,12.75,26.99,41.69,68.06,193.3739458,7592,116060046053,"6/16/2016","Cornell University","BARC 205","B1 Date2 Blk1",7,"N9",9.17,90.83,6.4,0.67,2.04,2.07,34.2,40.51,3.24,12.94,10.26,74.67,16.54,8.6,6.29,3.45,1.83,7.65,0.38,0.38,0.19,3.4,0.17,12.75,38.33,67.83,70.08,35.81,62.06,67.85,70.11,44.53,71.78,67.55,76.21,71.31,44.11,3778,151.52,189.06
"420",2015,"MD","Beltsville","Barley","Verdant",30,"4/21/15","Blk2",0.268080082,12.78,26.15,38.79,69.63,200.7868214,7592,116060046054,"6/16/2016","Cornell University","BARC 206","B1 Date2 Blk2",7,"N9",9.58,90.42,6.42,0.75,2.04,1.99,31.22,37.7,3.78,11.45,8.12,78.46,16.16,8.6,8.64,3.26,1.87,7.6,0.47,0.35,0.22,2.9,0.17,12.78,41.04,68.08,70.36,37.01,63.4,67.8,70.05,44.45,71.68,69.27,77.79,73.69,46.22,3892,164.15,208.63
"421",2015,"MD","Beltsville","Barley","Verdant",33,"4/21/15","Blk3",0.713806623,12.15,27.3,42.2,69.15,193.4047157,7592,116060046055,"6/16/2016","Cornell University","BARC 207","B1 Date2 Blk3",7,"N9",8.82,91.18,6.34,0.66,1.94,2.04,33.5,41.01,3.05,12.65,10.36,74.74,17.35,8.32,5.83,3.28,1.78,7.69,0.37,0.36,0.18,3.31,0.17,12.15,38.41,67.73,69.97,35.4,61.62,67.92,70.18,44.37,71.6,67.59,76.01,71.11,43.94,3774,148.89,189.61
"422",2015,"MD","Beltsville","Barley","Verdant",30,"4/21/15","Blk4",0.527202353,17.33,24.26,39.65,67.17,187.3487486,7592,116060046056,"6/16/2016","Cornell University","BARC 208","B1 Date2 Blk4",7,"N9",8.54,91.46,6.57,0.76,2.77,3.06,31.62,38.53,2.39,12.65,9.94,74.2,13.08,9.52,7.3,3.61,2.13,8.79,0.43,0.43,0.2,3.76,0.22,17.33,35.28,68.66,71.01,38.13,64.63,69.37,71.8,48.19,75.9,67.58,76.14,73.33,45.91,3767,164.42,195.02
"423",2015,"MD","Beltsville","Barley","Valor",31,"4/21/15","Blk1",0.662173403,11.12,26.15,42.38,65.49,187.7178986,7592,116060046085,"6/16/2016","Cornell University","BARC 237","B2 Date2 Blk1",7,"N9",9.04,90.96,6.2,0.49,1.78,1.53,33.54,41.18,3.42,14.21,11.27,72.63,15.95,7.68,6.61,3.05,1.91,6.73,0.36,0.35,0.2,2.91,0.16,11.12,39.59,68.08,70.36,34.99,61.16,68.38,70.7,44.6,71.86,67.28,76.75,70.25,43.17,3793,150.34,181.19
"424",2015,"MD","Beltsville","Barley","Valor",31,"4/21/15","Blk2",0.343265297,13.12,26.06,41.27,73.37,208.3128328,7592,116060046086,"6/16/2016","Cornell University","BARC 238","B2 Date2 Blk2",7,"N9",9.67,90.33,6.43,0.62,2.1,1.99,33,40.11,3.43,10.68,7.39,81.58,16.36,8.44,7.73,3.1,1.76,7.16,0.42,0.38,0.21,3.05,0.16,13.12,38.84,68.11,70.4,36.09,62.38,68.09,70.37,45,72.3,69.7,77.56,74.4,46.86,3904,154.75,206.74
"425",2015,"MD","Beltsville","Barley","Valor",34,"4/21/15","Blk3",0.753663845,13.16,26.07,43.95,70.21,197.0848146,7592,116060046087,"6/16/2016","Cornell University","BARC 239","B2 Date2 Blk3",7,"N9",8.78,91.22,6.23,0.51,2.11,2.01,38.22,42.7,2.82,12.72,9.92,76.77,17.66,7.66,5.47,3.14,1.81,7.29,0.33,0.38,0.19,3.31,0.17,13.16,36.05,68.11,70.39,35.02,61.2,68.45,70.77,45.5,72.87,67.59,75.87,71.55,44.32,3772,145.16,185.1
"426",2015,"MD","Beltsville","Barley","Valor",30,"4/21/15","Blk4",0.558554689,11.85,26.72,41.46,75.87,202.9875299,7592,116060046088,"6/16/2016","Cornell University","BARC 240","B2 Date2 Blk4",7,"N9",8.87,91.13,6.29,0.67,1.9,1.83,31.81,40.29,3.48,9.72,7.64,81.04,16.89,8.19,7.55,3.16,1.88,8.3,0.4,0.37,0.19,3.23,0.17,11.85,38.51,67.91,70.17,35.61,61.84,66.86,69,42.95,70.01,69.43,76.51,73.52,46.07,3854,152.54,209.75
"427",2015,"MD","Beltsville","Barley","P919",33,"4/21/15","Blk1",0.556441048,12.2,26.78,42.75,77.44,205.4326853,7592,116060046119,"6/16/2016","Cornell University","BARC 272","B3 Date2 Blk1",7,"N9",8.89,91.11,6.39,0.61,1.95,1.89,34.75,41.54,3.3,9.37,5.9,85.8,15.06,7.98,5.39,3.01,1.75,8.36,0.41,0.37,0.2,3.31,0.17,12.2,37.04,67.89,70.15,35.19,61.38,66.67,68.79,42.88,69.93,69.27,75.9,73.43,46,3825,148.21,207.71
"428",2015,"MD","Beltsville","Barley","P919",31,"4/21/15","Blk2",0.555635852,11.3,25.46,39.51,73.41,206.687433,7592,116060046116,"6/16/2016","Cornell University","BARC 269","B3 Date2 Blk2",7,"N9",9.32,90.68,6.3,0.52,1.81,1.54,32.04,38.4,3.51,10.21,7.24,81.15,17.5,8.35,6.77,3.1,2,6.92,0.4,0.35,0.21,2.99,0.16,11.3,41.92,68.29,70.6,36.22,62.52,68.94,71.32,45.35,72.69,70.81,78.95,75.17,47.54,3994,162.77,217.37
"429",2015,"MD","Beltsville","Barley","P919",39,"4/21/15","Blk3",1.545121598,11.48,26.29,44.52,70.78,190.635503,7592,116060046117,"6/16/2016","Cornell University","BARC 270","B3 Date2 Blk3",7,"N9",8.76,91.24,5.98,0.45,1.84,1.79,36.32,43.26,2.81,12.64,9.69,77.6,19.51,9.02,5.52,2.85,1.75,7.71,0.38,0.34,0.21,3.07,0.16,11.48,36.59,68.04,70.32,34.25,60.34,67.81,70.06,44.05,71.24,67.06,75.06,70.09,43.03,3724,143.2,182.96
"430",2015,"MD","Beltsville","Barley","P919",32,"4/21/15","Blk4",0.247547573,15.59,24.13,38.43,63.75,189.3571854,7592,116060046118,"6/16/2016","Cornell University","BARC 271","B3 Date2 Blk4",7,"N9",9.22,90.78,6.45,0.66,2.49,2.47,32.39,37.35,3.1,13.54,10.18,72.74,16.01,9.18,8.25,3.36,2.11,7.99,0.46,0.39,0.22,3.3,0.2,15.59,38.43,68.71,71.06,38.08,64.57,69.17,71.58,47.3,74.9,67.72,77.14,72.78,45.42,3804,169.54,195.09
"431",2015,"MD","Beltsville","Barley","Thoroughbred",33,"4/21/15","Blk1",0.505210426,11.47,27.12,41.64,68.73,197.4642837,7592,116060046152,"6/17/2016","Cornell University","BARC 304","B4 Date2 Blk1",7,"N9",9.49,90.51,6.28,0.57,1.84,1.72,31.56,40.46,3.85,12.65,9.54,76.42,15.85,8.28,7.75,3.13,1.83,6.75,0.38,0.35,0.19,2.82,0.15,11.47,40.21,67.78,70.03,35.41,61.63,67.76,70.01,43.94,71.12,68.57,77.43,72.17,44.88,3862,151.3,193.21
"432",2015,"MD","Beltsville","Barley","Thoroughbred",32,"4/21/15","Blk2",0.559158586,11.41,26.64,42.21,69.19,195.3034292,7592,116060046149,"6/17/2016","Cornell University","BARC 301","B4 Date2 Blk2",7,"N9",9.41,90.59,6.25,0.52,1.83,1.8,32.87,41.02,3.68,12.64,7.64,81.37,16.31,9.8,6.85,3.17,1.88,7,0.38,0.35,0.21,2.93,0.15,11.41,39.49,67.93,70.2,35.15,61.34,67.76,70.01,43.94,71.12,68.33,77.02,71.82,44.57,3839,150.04,191.66
"433",2015,"MD","Beltsville","Barley","Thoroughbred",39,"4/21/15","Blk3",1.017818595,10.99,27.77,44.18,73.03,194.369009,7592,116060046150,"6/17/2016","Cornell University","BARC 302","B4 Date2 Blk3",7,"N9",8.85,91.15,5.99,0.59,1.76,1.82,34.12,42.93,3.6,11.58,8.99,79.06,16.45,7.79,6.49,3.09,1.77,7.87,0.38,0.33,0.19,3.03,0.15,10.99,37.26,67.58,69.81,34.22,60.32,66.27,68.35,41.89,68.82,67.85,75.4,70.97,43.81,3763,141.84,190.73
"434",2015,"MD","Beltsville","Barley","Thoroughbred",30,"4/21/15","Blk3",0.23370826,19.62,23.07,39.27,70.29,186.5923246,7592,116060046151,"6/17/2016","Cornell University","BARC 303","B4 Date2 Blk3",7,"N9",9.13,90.87,6.68,0.76,3.14,3.45,33.84,38.17,2.65,11.34,8.04,78.94,12.13,9.31,6.83,3.43,2.08,9.63,0.51,0.43,0.25,3.57,0.24,19.62,32.95,69.03,71.42,39.02,65.62,68.28,70.58,47.8,75.46,67.79,75.52,74.57,47.01,3750,168.25,203.04
"435",2015,"MD","Beltsville","Cereal.rye","Huron",37,"4/21/15","Blk1",0.694532234,14.07,28.37,51.3,75.02,207.3629294,7592,116060046183,"6/17/2016","Cornell University","BARC 336","R1 Date2 Blk1",7,"N9",8.62,91.38,6.07,0.42,2.25,2.23,34.83,49.83,3.21,12.45,9.56,80.81,15.26,6.29,4.82,3.54,2.09,6.1,0.25,0.37,0.18,3.07,0.18,14.07,29.14,67.4,69.6,32.38,58.29,67.47,69.68,44.74,72.01,68.05,75.49,72.58,45.24,3782,121.17,174.02
"436",2015,"MD","Beltsville","Cereal.rye","Huron",37,"4/21/15","Blk2",0.818683456,13.52,27.21,48.8,74.73,208.4069173,7592,116060046182,"6/17/2016","Cornell University","BARC 335","R1 DAte2 Blk2",7,"N9",8.93,91.07,6.11,0.42,2.16,2.07,34.69,47.41,3.45,11.98,9.32,80.34,16.52,6.46,5.96,3.28,2.06,6.29,0.28,0.35,0.19,3.07,0.18,13.52,31.79,67.76,70,33.18,59.18,67.45,69.66,44.49,71.73,68.59,76.17,73.09,45.7,3824,129.1,181.78
"437",2015,"MD","Beltsville","Cereal.rye","Huron",34,"4/21/15","Blk3",0.910878446,13.08,29.08,51.62,76.57,210.0923966,7592,116060046180,"6/17/2016","Cornell University","BARC 333","R1 Date2 Blk3",7,"N9",8.83,91.17,5.92,0.36,2.09,1.97,36.54,50.14,3.44,11.75,9.56,80.93,15.91,6.07,4.91,3.25,1.94,6.17,0.25,0.37,0.18,3.08,0.16,13.08,29.64,67.18,69.36,31.92,57.8,66.71,68.84,43.42,70.53,68.24,75.23,72.41,45.09,3776,119.15,176.85
"438",2015,"MD","Beltsville","Cereal.rye","Huron",32,"4/21/15","Blk4",0.883099169,13.53,28.66,51.51,76.24,204.1289627,7592,116060046181,"6/17/2016","Cornell University","BARC 334","R1 Date2 Blk4",7,"N9",8.72,91.28,6.01,0.42,2.16,2.15,35.25,50.04,3.36,11.89,9.21,81.59,15.35,8.14,4.96,3.48,2.06,6.99,0.25,0.37,0.18,3.15,0.18,13.53,28.53,67.31,69.5,32.11,58,66.21,68.28,42.96,70.02,67.53,74.37,71.64,44.4,3719,120.24,175.01
"439",2015,"MD","Beltsville","Cereal.rye","Spooner",36,"4/21/15","Blk1",2.418608735,12.16,30.28,53.21,72.49,193.1513739,7592,116060046212,"6/17/2016","Cornell University","BARC 367","R2 Date2 Blk1",7,"N9",8.33,91.67,5.97,0.45,1.95,1.93,35.2,51.69,3.77,14.22,10.8,79.11,15.67,7.51,3.79,3.02,1.79,6.62,0.26,0.35,0.17,3.19,0.16,12.16,28.67,66.8,68.94,30.98,56.77,64.95,66.88,40.8,67.6,65.45,73.06,68.15,41.29,3608,114.42,159.22
"440",2015,"MD","Beltsville","Cereal.rye","Spooner",46,"4/21/15","Blk2",1.367475138,12.11,29.14,51.43,75.46,199.5425156,7592,116060046213,"6/17/2016","Cornell University","BARC 368","R2 Date2 Blk2",7,"N9",9.04,90.96,5.92,0.42,1.94,1.9,34.52,49.96,3.67,12.26,8.81,82.37,16.51,8.72,4.88,3.23,1.93,7.14,0.3,0.35,0.19,3.03,0.16,12.11,29.76,67.16,69.34,31.67,57.51,65.29,67.25,41.23,68.08,66.93,73.85,70.2,43.12,3680,119.57,172.26
"441",2015,"MD","Beltsville","Cereal.rye","Spooner",37,"4/21/15","Blk3",1.932370749,13.59,30.71,54.64,70.06,178.0010038,7592,116060046210,"6/17/2016","Cornell University","BARC 365","R2 Date2 Blk3",7,"N9",8.18,91.82,5.97,0.52,2.17,2.12,40.62,53.07,3.57,15.89,10.84,79.57,13.36,6.88,3.03,3.13,1.73,7.91,0.28,0.38,0.19,3.35,0.19,13.59,24.82,66.68,68.8,30.9,56.67,63.58,65.35,39.63,66.3,62.57,70.2,64.73,38.22,3405,110.82,145.27
"442",2015,"MD","Beltsville","Cereal.rye","Spooner",33,"4/21/15","Blk4",1.395254415,10.98,28.93,49.77,73.07,193.3164715,7592,116060046211,"6/17/2016","Cornell University","BARC 366","R2 Date2 Blk4",7,"N9",8.41,91.59,5.93,0.47,1.76,1.74,33.52,48.35,3.71,13.02,10.14,79.03,15.74,8.95,4.9,3.07,1.94,7.04,0.27,0.32,0.18,2.9,0.15,10.98,32.43,67.23,69.41,31.97,57.84,65.67,67.68,41.21,68.05,66.74,74.33,69.44,42.45,3694,123.97,171.36
"443",2015,"MD","Beltsville","Cereal.rye","Aroostook",53,"4/21/15","Blk1",2.626148111,11.25,35.3,59.48,64.79,157.4793434,7592,116060046243,"6/17/2016","Cornell University","BARC 399","R3 Date2 Blk1",7,"N9",8.63,91.37,5.73,0.56,1.8,2.08,31.38,57.77,5.11,20.34,15.07,73.91,13.41,6.54,3.27,3.11,1.85,7.3,0.29,0.33,0.18,2.84,0.15,11.25,22.91,65.26,67.22,28.19,53.73,60.31,61.71,34.44,60.56,59.1,68.2,58.76,32.81,3236,96.15,120.83
"444",2015,"MD","Beltsville","Cereal.rye","Aroostook",41,"4/21/15","Blk2",2.051388844,10.63,35.77,60.57,64.32,152.6883998,7592,116060046244,"6/17/2016","Cornell University","BARC 400","R3 Date2 Blk2",7,"N9",8.19,91.81,5.64,0.43,1.7,2.01,31.89,58.83,4.84,20.99,15.72,73.28,14.53,6.33,2.65,2.96,1.71,7.48,0.26,0.34,0.17,3.03,0.14,10.63,22.36,65.12,67.06,27.55,53.03,60.21,61.6,34.1,60.19,58.05,67.14,56.96,31.16,3164,93.69,116.4
"445",2015,"MD","Beltsville","Cereal.rye","Aroostook",50,"4/21/15","Blk3",2.638075083,11.64,36.27,62,63.41,149.3328825,7592,116060046242,"6/17/2016","Cornell University","BARC 398","R3 Date2 Blk3",7,"N9",7.88,92.12,5.74,0.5,1.86,2.19,32.82,60.21,4.82,22.03,15.49,74.27,12.64,6.15,1.86,2.88,1.64,7.41,0.25,0.34,0.16,3.11,0.15,11.64,20.29,64.95,66.88,27.33,52.79,59.82,61.16,34,60.07,57.01,66.31,55.9,30.19,3103,91.21,110.93
"446",2015,"MD","Beltsville","Cereal.rye","Aroostook",37,"4/21/15","Blk4",1.963219837,12.36,33.6,57.42,67.8,169.8261695,7592,116060046241,"6/17/2016","Cornell University","BARC 397","R3 Date2 Blk4",7,"N9",8.92,91.08,5.83,0.5,1.98,2.23,30.83,55.77,4.64,17.96,11.81,78.82,13.8,6.65,3.9,3.11,1.88,7.32,0.28,0.35,0.18,2.94,0.16,12.36,23.9,65.78,67.8,29.38,55.02,61.79,63.36,36.87,63.24,61.34,69.71,62.47,36.17,3357,101.63,133.99
"447",2015,"MD","Beltsville","Cereal.rye","LakeviewVNS",41,"4/21/15","Blk1",2.272364936,14.85,30.36,55.06,74.38,188.7714124,7592,116060046274,"6/22/2016","Cornell University","BARC 430","R4 Date2 Blk1",7,"N9",8.46,91.54,6.09,0.46,2.38,2.37,37.04,53.48,3.43,13.7,10.32,80.7,13.01,7.45,2.92,3.3,1.88,7.69,0.27,0.41,0.18,3.38,0.19,14.85,23.47,66.79,68.92,31.14,56.94,64.27,66.12,41.07,67.9,64.62,71.34,68.16,41.3,3510,110.27,157.08
"448",2015,"MD","Beltsville","Cereal.rye","LakeviewVNS",39,"4/21/15","Blk2",1.295862982,11.85,29.23,51.4,74.64,200.5394424,7592,116060046275,"6/22/2016","Cornell University","BARC 431","R4 Date2 Blk2",7,"N9",8.65,91.35,5.95,0.37,1.9,1.75,35.11,49.93,3.62,12.66,10.26,79.45,14.52,8.78,4.53,3.02,1.93,6.6,0.26,0.35,0.17,3.01,0.15,11.85,30.44,67.13,69.3,31.6,57.44,65.93,67.97,41.94,68.87,67.11,74.4,70.33,43.24,3709,119.44,171.32
"449",2015,"MD","Beltsville","Cereal.rye","LakeviewVNS",37,"4/21/15","Blk3",2.413978855,14.37,29.72,53.91,76.27,198.8771457,7592,116060046276,"6/22/2016","Cornell University","BARC 432","R4 Date2 Blk3",7,"N9",8.59,91.41,6.06,0.42,2.3,2.25,37.16,52.37,3.3,12.43,8.31,84.13,13.76,6.59,3.37,3.25,1.9,7.27,0.26,0.4,0.18,3.42,0.19,14.37,25.34,66.98,69.14,31.44,57.27,65.24,67.2,42.11,69.06,66.22,72.72,70.18,43.11,3612,113.66,166.73
"450",2015,"MD","Beltsville","Cereal.rye","LakeviewVNS",32,"4/21/15","Blk4",1.071364156,13.69,28.61,51.29,77.86,206.226603,7592,116060046273,"6/22/2016","Cornell University","BARC 429","R4 Date2 Blk4",7,"N9",8.71,91.29,5.99,0.44,2.19,2.16,35.5,49.82,3.21,11.03,8.47,83,15.21,7.12,4.58,3.42,2.05,7.35,0.28,0.38,0.18,3.24,0.18,13.69,28.25,67.32,69.52,32.26,58.16,66.15,68.21,42.95,70,67.87,74.24,72.16,44.87,3721,120.83,179.16
"451",2015,"MD","Beltsville","Triticale","TriCal815",33,"4/21/15","Blk1",1.222288159,12.03,29.03,48.72,76.08,200.3269479,7592,116060046304,"6/22/2016","Cornell University","BARC 461","T1 Date2 Blk1",7,"N9",8.74,91.26,6.07,0.51,1.92,2.08,32.92,47.33,3.5,11.32,8.1,82.89,14.21,6.6,5.19,3.27,1.89,7.71,0.31,0.37,0.19,3.25,0.17,12.03,32.12,67.19,69.37,32.73,58.68,65.66,67.67,41.61,68.51,67.6,74.37,71.08,43.91,3717,126.41,182.07
"452",2015,"MD","Beltsville","Triticale","TriCal815",34,"4/21/15","Blk2",0.786324625,12.04,28.5,47.53,74.64,205.3180879,7592,116060046305,"6/22/2016","Cornell University","BARC 462","T1 Date2 Blk2",7,"N9",9.06,90.94,5.93,0.5,1.93,1.93,35.8,46.18,3.61,11.71,8.3,82.03,17.17,6.71,5.42,3.29,1.92,6.65,0.32,0.35,0.2,3.04,0.16,12.04,34.14,67.36,69.56,33.21,59.21,66.85,68.99,43.09,70.17,68.52,76.03,72.35,45.04,3815,130.3,184.88
"453",2015,"MD","Beltsville","Triticale","TriCal815",34,"4/21/15","Blk3",0.948823327,13.13,28.77,48.33,76.19,201.3628697,7592,116060046306,"6/22/2016","Cornell University","BARC 463","T1 Date2 Blk3",7,"N9",8.61,91.39,6.05,0.61,2.1,2.25,36.63,46.95,3.43,11.18,8.25,82.43,15.31,6.71,4.72,3.24,1.83,7.9,0.34,0.36,0.2,3.13,0.17,13.13,31.44,67.27,69.46,33.24,59.24,65.59,67.59,41.92,68.86,67.53,74.21,71.44,44.23,3708,127.83,182.93
"454",2015,"MD","Beltsville","Triticale","TriCal815",32,"4/21/15","Blk4",0.722261185,12.78,28.25,47.06,69.55,186.3642321,7592,116060046307,"6/22/2016","Cornell University","BARC 464","T1 Date2 Blk4",7,"N9",8.67,91.33,6.12,0.67,2.04,2.29,32.71,45.72,3.34,13.92,11.79,74.21,15.38,7.23,5.79,3.18,1.77,8.07,0.36,0.36,0.2,3.22,0.17,12.78,32.95,67.43,69.64,33.65,59.69,65.78,67.8,41.99,68.93,65.44,73.47,68.4,41.51,3613,132.22,168.8
"455",2015,"MD","Beltsville","Triticale","TriCal718",32,"4/21/15","Blk1",0.98395002,12.56,29.68,50.38,73.85,197.2138985,7592,116060046336,"6/22/2016","Cornell University","BARC 493","T2 Date2 Blk1",7,"N9",8.67,91.33,5.98,0.46,2.01,2.08,34.71,48.94,3.59,12.8,8.24,83.16,15.66,6.31,4.04,3.1,1.83,7.18,0.31,0.37,0.2,3.18,0.16,12.56,30.57,66.99,69.15,32.24,58.15,65.57,67.57,41.74,68.65,66.59,73.88,69.9,42.86,3670,121.36,170.67
"456",2015,"MD","Beltsville","Triticale","TriCal718",32,"4/21/15","Blk2",0.796842503,12.45,29.11,48.8,72.6,195.145371,7592,116060046337,"6/22/2016","Cornell University","BARC 494","T2 Date 2 Blk2",7,"N9",8.66,91.34,6.11,0.48,1.99,2.04,32.53,47.41,3.61,12.99,11.47,75.81,15.78,6.5,4.76,3.18,1.99,7.33,0.31,0.36,0.2,3.15,0.17,12.45,31.86,67.17,69.35,32.84,58.8,65.98,68.02,42.2,69.17,66.75,74.41,70.09,43.03,3696,126.28,173.25
"457",2015,"MD","Beltsville","Triticale","TriCal718",33,"4/21/15","Blk3",0.891201458,13.73,29.32,50.07,73.05,190.1589252,7592,116060046338,"6/22/2016","Cornell University","BARC 495","T2 Date 2 Blk3",7,"N9",8.46,91.54,5.92,0.51,2.2,2.27,38.53,48.64,3.28,13.11,8.21,83.12,13.94,8.4,3.8,3.26,1.81,8.17,0.33,0.38,0.2,3.28,0.18,13.73,28.92,67.1,69.27,32.75,58.7,65.21,67.17,41.75,68.67,65.42,72.54,68.79,41.86,3578,122.9,167.6
"458",2015,"MD","Beltsville","Triticale","TriCal718",30,"4/21/15","Blk4",0.774498303,15.6,25.97,44.32,73.2,196.0153218,7592,116060046339,"6/22/2016","Cornell University","BARC 496","T2 Date 2 Blk4",7,"N9",8.29,91.71,6.33,0.61,2.5,2.78,32.76,43.06,3.03,11.54,8.8,79.56,14.45,8.89,5.46,3.25,1.97,8.45,0.42,0.38,0.24,3.22,0.21,15.6,32.7,68.14,70.43,35.66,61.9,67.19,69.37,44.92,72.21,67.67,75.04,72.7,45.35,3741,144.26,189.4
"459",2015,"MD","Beltsville","Triticale","NE426GT",33,"4/21/15","Blk1",1.416189521,12.78,29.64,49.93,75.65,202.7488145,7592,116060046367,"6/22/2016","Cornell University","BARC 525","T3 Date2 Blk1",7,"N9",9.56,90.44,5.96,0.51,2.04,1.87,35.68,48.51,3.92,11.81,9.15,81.14,14.85,8.19,5.06,3.06,1.86,7.14,0.33,0.36,0.21,3.12,0.17,12.78,30.58,67,69.16,32.5,58.43,65.1,67.04,41.22,68.08,67.41,74.34,71.14,43.96,3713,122.44,177.79
"460",2015,"MD","Beltsville","Triticale","NE426GT",31,"4/21/15","Blk2",0.971419151,12.15,28.04,48.48,75.86,206.8929346,7592,116060046368,"6/22/2016","Cornell University","BARC 526","T3 Date2 Blk2",7,"N9",8.88,91.12,6.03,0.43,1.94,1.93,32.26,47.1,3.41,11.37,8.21,82.57,15.15,6.55,5.1,3.07,1.93,6.7,0.28,0.35,0.2,3.03,0.16,12.15,33.05,67.49,69.71,32.87,58.83,66.97,69.13,43.32,70.42,68.58,75.76,72.48,45.15,3806,128.92,184.41
"461",2015,"MD","Beltsville","Triticale","NE426GT",33,"4/21/15","Blk3",1.045547546,12.21,28.86,49.12,75.78,200.2543969,7592,116060046369,"6/22/2016","Cornell University","BARC 527","T3 Date2 Blk3",7,"N9",8.94,91.06,5.9,0.44,1.95,1.94,35.46,47.72,3.56,11.56,8.64,81.89,14.76,6.33,4.92,3.08,1.88,7.59,0.32,0.35,0.2,2.99,0.17,12.21,31.54,67.24,69.43,32.62,58.56,65.6,67.6,41.64,68.54,67.39,74.22,70.87,43.72,3706,125.63,179.88
"462",2015,"MD","Beltsville","Triticale","NE426GT",33,"4/21/15","Blk4",0.63464575,12.53,28.26,47.43,74.05,198.8610244,7592,116060046370,"6/22/2016","Cornell University","BARC 528","T3 Date2 Blk4",7,"N9",8.97,91.03,6.06,0.56,2,2.04,31.76,46.08,3.5,11.96,9.17,80.1,14.24,8.99,5.79,3.16,1.95,7.56,0.33,0.35,0.21,3.01,0.17,12.53,32.92,67.43,69.64,33.41,59.42,66.18,68.25,42.44,69.43,67.51,74.85,71.18,43.99,3734,131.19,181.56
"463",2015,"MD","Beltsville","Triticale","TriMark099",31,"4/21/15","Blk1",0.974740586,12.99,28.07,47.62,74.45,195.7678577,7592,116060046402,"6/22/2016","Cornell University","BARC 560","T4 Date2 Blk1",7,"N9",8.52,91.48,6.1,0.62,2.08,2.22,33.18,46.26,3.47,11.82,8.61,81.39,13.57,6.45,5.13,3.1,1.89,8.24,0.35,0.36,0.22,3.14,0.18,12.99,31.84,67.49,69.7,33.49,59.52,65.43,67.41,41.67,68.57,66.89,73.88,70.51,43.4,3675,130.94,180.13
"464",2015,"MD","Beltsville","Triticale","TriMark099",32,"4/21/15","Blk2",0.94021779,12.36,27.41,46.95,75.84,205.36608,7592,116060046399,"6/22/2016","Cornell University","BARC 557","T4 Date2 Blk2",7,"N9",8.82,91.18,6.03,0.42,1.98,2.01,33.09,45.61,3.36,11.02,8.54,81.28,14.37,6.72,5.54,3.12,1.94,7.22,0.36,0.34,0.23,3.09,0.17,12.36,33.88,67.69,69.93,33.55,59.58,67.02,69.18,43.47,70.59,68.64,75.76,72.65,45.31,3805,134.05,188.88
"465",2015,"MD","Beltsville","Triticale","TriMark099",33,"4/21/15","Blk3",0.933977518,16.71,26.89,46.65,78.33,201.2074414,7592,116060046400,"6/22/2016","Cornell University","BARC 558","T4 Date2 Blk3",7,"N9",8.63,91.37,6.2,0.59,2.67,2.76,37.94,45.32,3.05,9.82,6.67,85.28,11.57,6.95,4.36,3.34,1.91,8.75,0.4,0.42,0.24,3.55,0.22,16.71,29.07,67.85,70.11,35.09,61.27,66.19,68.26,44.16,71.36,68.13,74.22,73.79,46.32,3723,135.37,193.22
"466",2015,"MD","Beltsville","Triticale","TriMark099",31,"4/21/15","Blk4",0.795936657,15.41,25.75,44.3,75.95,204.2668433,7592,116060046401,"6/22/2016","Cornell University","BARC 559","T4 Date2 Blk4",7,"N9",8.55,91.45,6.34,0.59,2.47,2.7,32.97,43.04,3.1,10.35,8,81.41,13.15,7.23,5.61,3.16,1.97,8.14,0.4,0.38,0.25,3.33,0.2,15.41,33.14,68.2,70.5,35.61,61.85,67.38,69.58,45.08,72.39,68.86,75.83,74.24,46.72,3811,144.62,197.98
"467",2015,"MD","Beltsville","Barley","Verdant",32,"4/27/15","Blk1",0.598864834,10.11,27.47,37.54,65.09,186.5133611,7592,116060046057,"6/16/2016","Cornell University","BARC 209","B1 Date3 Blk1",7,"N9",9.35,90.65,6.21,0.77,1.62,1.3,31.36,36.49,4.52,12.74,10.06,72.43,15.03,8.88,7.19,3.23,1.92,7.59,0.46,0.34,0.2,2.81,0.15,10.11,44.19,67.67,69.91,36.65,63,66.87,69.01,42.2,69.17,68.4,77.75,71.36,44.16,3854,167.44,203.83
"468",2015,"MD","Beltsville","Barley","Verdant",32,"4/27/15","Blk2",0.910878446,11.31,26.88,38.78,69.28,192.0532988,7592,116060046059,"6/16/2016","Cornell University","BARC 211","B1 Date3 Blk2",7,"N9",9.05,90.95,6.34,0.73,1.81,1.69,31.83,37.69,3.92,11.58,8.41,77.69,18.88,8.66,6.51,3.39,1.93,8.29,0.44,0.34,0.2,2.91,0.16,11.31,41.47,67.85,70.11,36.53,62.86,66.89,69.04,42.74,69.77,68.52,76.9,72.03,44.76,3832,162.79,205.94
"469",2015,"MD","Beltsville","Barley","Verdant",32,"4/27/15","Blk3",1.011527998,10.59,27.08,40.78,71.44,193.8889576,7592,116060046060,"6/16/2016","Cornell University","BARC 212","B1 Date3 Blk3",7,"N9",9.23,90.77,6.11,0.68,1.69,1.64,33.24,39.63,3.74,11.32,9.5,76.03,18.37,8.1,6.08,3.15,1.78,7.8,0.43,0.32,0.2,2.84,0.15,10.59,40.84,67.79,70.04,35.48,61.71,66.92,69.07,42.5,69.5,68.68,76.72,71.94,44.67,3836,154.52,202.22
"470",2015,"MD","Beltsville","Barley","Verdant",32,"4/27/15","Blk4",0.508280238,13.83,26.54,38.69,66.49,186.3641557,7592,116060046058,"6/16/2016","Cornell University","BARC 210","B1 Date3 Blk4",7,"N9",9.26,90.74,6.34,0.85,2.21,2.19,32.83,37.6,3.69,12.6,8.15,78.32,16.15,9.04,6.54,3.45,2,9.23,0.52,0.38,0.22,3.3,0.19,13.83,38.53,67.96,70.23,37.39,63.81,66.49,68.59,43.23,70.32,67,75.53,71.03,43.87,3722,163.96,196.79
"471",2015,"MD","Beltsville","Barley","Valor",33,"4/27/15","Blk1",1.348703997,8.63,27.74,42.67,67.87,173.0465248,7592,116060046090,"6/16/2016","Cornell University","BARC 243","B2 Date3 Blk1",7,"N9",8.85,91.15,5.9,0.86,1.38,1.34,30.71,41.46,5.08,13.32,10.18,75.45,16.65,8.56,6.25,2.81,1.9,8.04,0.47,0.26,0.25,2.28,0.15,8.63,40.31,67.59,69.82,34.05,60.13,63.96,65.77,37.89,64.36,66.67,75.28,68.33,41.45,3717,146.58,183.21
"472",2015,"MD","Beltsville","Barley","Valor",33,"4/27/15","Blk2",0.759904118,9.63,26.26,37.63,65.46,182.9527407,7592,116060046089,"6/16/2016","Cornell University","BARC 242","B2 Date3 Blk2",7,"N9",9.15,90.85,6.06,0.8,1.54,1.25,30.32,36.57,4.79,12.63,9.65,73.61,15.81,8.12,7.9,3.08,2.04,7.59,0.45,0.31,0.21,2.56,0.15,9.63,44.42,68.05,70.33,36.46,62.78,66.55,68.66,41.6,68.5,68.61,77.96,71.46,44.25,3871,169.24,204.56
"473",2015,"MD","Beltsville","Barley","Valor",33,"4/27/15","Blk4",0.98636561,10.33,27.48,44.68,68.12,180.5763954,7592,116060046091,"6/16/2016","Cornell University","BARC 244","B2 Date3 Blk4",7,"N9",8.76,91.24,5.92,0.72,1.65,1.6,33.59,43.41,4.33,13.84,10.89,74.91,18.88,6.16,6.18,2.88,1.94,7.85,0.42,0.3,0.24,2.77,0.16,10.33,37.07,67.67,69.91,33.79,59.85,64.97,66.9,39.95,66.66,66.17,74.73,68.38,41.5,3683,140.73,175.57
"474",2015,"MD","Beltsville","Barley","P919",33,"4/27/15","Blk1",1.328574086,10.65,26.12,42.09,73.96,196.9777744,7592,116060046120,"6/16/2016","Cornell University","BARC 273","B3 Date3 Blk1",7,"N9",9.5,90.5,5.96,0.57,1.7,1.49,34.27,40.9,3.67,10.65,7.65,81.3,15.35,7.13,6.66,3.05,1.94,7.72,0.44,0.31,0.24,2.69,0.15,10.65,39.28,68.09,70.37,34.96,61.13,67.01,69.17,42.69,69.72,69.18,76.79,72.66,45.32,3859,151.45,203.48
"475",2015,"MD","Beltsville","Barley","P919",33,"4/27/15","Blk2",1.469483459,10.55,26.5,40.28,64.56,179.7570903,7592,116060046121,"6/16/2016","Cornell University","BARC 274","B3 Date3 Blk2",7,"N9",9.23,90.77,6.13,0.6,1.69,1.39,34.6,39.14,4.08,13.87,10.97,71.97,15.96,7.68,6.62,3.13,1.96,7.95,0.43,0.33,0.22,2.8,0.16,10.55,40.79,67.97,70.24,35.67,61.91,66.63,68.75,42.16,69.12,66.75,76.03,69.27,42.29,3739,157.69,186
"476",2015,"MD","Beltsville","Barley","P919",33,"4/27/15","Blk3",0.885716058,9.22,26.45,41.03,70.73,184.9136482,7592,116060046122,"6/16/2016","Cornell University","BARC 275","B3 DAte3 Blk3",7,"N9",9.06,90.94,5.93,0.6,1.48,1.19,32.32,39.87,4.04,11.67,9.23,76.85,17.24,7.26,6.93,2.93,1.88,7.68,0.43,0.3,0.23,2.66,0.14,9.22,41.54,67.99,70.26,34.92,61.08,66.56,68.67,41.52,68.41,68.48,76.72,71.1,43.92,3831,154.6,199.4
"477",2015,"MD","Beltsville","Barley","P919",33,"4/27/15","Blk4",0.447890506,12.63,24.59,37.01,64.83,190.906633,7592,116060046123,"6/16/2016","Cornell University","BARC 276","B3 Date3 Blk4",7,"N9",9.4,90.6,6.28,0.59,2.02,1.71,33.1,35.97,3.66,12.65,9.21,74.4,19.64,9.03,7.25,3.24,2.16,7.97,0.48,0.34,0.22,2.94,0.18,12.63,41.98,68.56,70.9,37.69,64.15,68.58,70.92,45.43,72.79,68.54,77.88,72.65,45.3,3861,175.16,206.22
"478",2015,"MD","Beltsville","Barley","Thoroughbred",34,"4/27/15","Blk1",1.680847518,11.44,27.49,46.87,78.09,211.2266209,7592,116060046156,"6/17/2016","Cornell University","BARC 308","B4 Date3 Blk1",7,"N9",9.7,90.3,5.8,0.45,1.83,1.72,36.98,45.54,3.74,9.98,7.24,84.1,15.58,6.26,6.75,3.28,1.99,6.82,0.38,0.32,0.24,2.65,0.16,11.44,34.93,67.67,69.9,33.28,59.28,66.72,68.85,42.72,69.74,69.85,76.66,73.93,46.44,3879,133.93,196.93
"479",2015,"MD","Beltsville","Barley","Thoroughbred",33,"4/27/15","Blk2",0.603897312,10.22,26.82,39.53,61.87,184.2481506,7592,116060046153,"6/17/2016","Cornell University","BARC 305","B4 Date3 Blk2",7,"N9",9.51,90.49,6.19,0.63,1.64,1.29,31.31,38.42,4.52,14.65,11.19,70.87,17.72,9.44,7.37,3.03,1.88,6.45,0.42,0.32,0.21,2.52,0.14,10.22,43.32,67.87,70.13,35.86,62.13,67.5,69.72,43.08,70.15,67.62,77.86,70.32,43.24,3835,160.27,186.94
"480",2015,"MD","Beltsville","Barley","Thoroughbred",33,"4/27/15","Blk3",1.746269727,10.13,27.58,44.23,70.2,186.4116388,7592,116060046154,"6/17/2016","Cornell University","BARC 306","B4 Date3 Blk3",7,"N9",8.99,91.01,5.89,0.51,1.62,1.5,32.18,42.98,4.07,12.81,9.23,78.52,16.9,7.1,6.92,3.12,2.02,7.58,0.36,0.3,0.2,2.74,0.15,10.13,37.79,67.64,69.87,33.91,59.98,66.07,68.12,41.34,68.2,67.38,75.67,69.98,42.92,3759,141.63,183.67
"481",2015,"MD","Beltsville","Barley","Thoroughbred",33,"4/27/15","Blk4",0.468020417,14.88,25.26,38.03,71.19,193.9306616,7592,116060046155,"6/17/2016","Cornell University","BARC 307","B4 Date3 Blk4",7,"N9",9.25,90.75,6.45,0.76,2.38,2.41,32.93,36.96,3.7,10.65,8.24,77.71,15.22,8.92,7.97,3.32,2.01,9.53,0.52,0.38,0.23,3.19,0.2,14.88,38.03,68.36,70.67,38.01,64.5,66.57,68.68,43.8,70.96,68.36,76.04,73.34,45.92,3791,169.56,211.89
"482",2015,"MD","Beltsville","Cereal.rye","Huron",34,"4/27/15","Blk1",1.846919279,12.31,28.94,50.76,73.84,195.8530489,7592,116060046187,"6/17/2016","Cornell University","BARC 340","R1 Date3 Blk1",7,"N9",8.66,91.34,6.03,0.44,1.97,1.87,34.28,49.31,3.7,12.9,9.65,80.43,14.51,5.73,4.48,3.21,2.04,7.26,0.28,0.35,0.19,3.1,0.17,12.31,29.95,67.22,69.4,32,57.88,65.41,67.39,41.46,68.34,66.55,73.87,69.76,42.73,3670,121.4,170.17
"483",2015,"MD","Beltsville","Cereal.rye","Huron",34,"4/27/15","Blk2",1.816724414,10.88,29.33,48.99,71.32,190.10283,7592,116060046184,"6/17/2016","Cornell University","BARC 337","R1 Date3 Blk2",7,"N9",8.8,91.2,5.88,0.49,1.74,1.64,33.73,47.59,4.17,13.65,10.79,77.33,15.05,6,5.58,3.17,2.02,7.03,0.3,0.32,0.18,2.8,0.15,10.88,33.12,67.1,69.27,32.25,58.15,65.18,67.13,40.55,67.33,66.46,74.5,69.01,42.06,3692,125.44,169.48
"484",2015,"MD","Beltsville","Cereal.rye","Huron",33,"4/27/15","Blk3",1.821756891,12.25,31.92,55.23,69.49,179.3759037,7592,116060046185,"6/17/2016","Cornell University","BARC 338","R1 Date3 Blk3",7,"N9",8.52,91.48,5.86,0.53,1.96,1.95,38.94,53.65,4.04,16.37,11.06,79.38,14.02,8.22,3.86,3.1,1.71,7.11,0.27,0.35,0.18,3.06,0.16,12.25,26.23,66.3,68.38,30.21,55.92,63.28,65.02,38.69,65.26,62.85,70.88,64.54,38.04,3445,107.71,143.69
"485",2015,"MD","Beltsville","Cereal.rye","Huron",37,"4/27/15","Blk4",1.78149707,11.36,29.81,50.81,70.95,185.7374245,7592,116060046186,"6/17/2016","Cornell University","BARC 339","R1 Date3 Blk4",7,"N9",8.71,91.29,5.87,0.47,1.82,1.74,34.86,49.36,4.03,14.34,10.75,78.22,14.85,5.53,5.05,3.18,1.97,7.44,0.29,0.32,0.19,2.81,0.16,11.36,30.61,66.96,69.11,31.67,57.52,64.5,66.38,39.9,66.6,65.15,73.02,67.4,40.62,3594,120.16,161.06
"486",2015,"MD","Beltsville","Cereal.rye","Spooner",39,"4/27/15","Blk1",2.631985785,10.89,31.36,53.51,68.97,180.1199916,7592,116060046216,"6/17/2016","Cornell University","BARC 371","R2 Date3 Blk1",7,"N9",8.54,91.46,5.79,0.46,1.74,1.72,36.46,51.98,4.08,16.13,11,78.84,16.53,8.05,4.05,3.03,1.82,6.8,0.28,0.32,0.18,2.86,0.15,10.89,29.23,66.47,68.57,30.45,56.18,64.11,65.94,39.21,65.83,63.75,72.13,65.22,38.65,3522,111.95,148.47
"487",2015,"MD","Beltsville","Cereal.rye","Spooner",37,"4/27/15","Blk2",1.716074862,10.81,30.62,51.84,69.38,180.4279719,7592,116060046217,"6/17/2016","Cornell University","BARC 372","R2 Date3 Blk2",7,"N9",8.51,91.49,5.86,0.5,1.73,1.69,34.51,50.36,4.25,15.42,10.56,79.03,15.11,5.25,4.54,3.11,1.94,7.25,0.28,0.32,0.18,2.85,0.16,10.81,30.33,66.7,68.83,31.07,56.86,63.94,65.75,38.95,65.55,64.29,72.54,65.95,39.31,3551,116.48,153.85
"488",2015,"MD","Beltsville","Cereal.rye","Spooner",39,"4/27/15","Blk3",1.977763697,11.95,31.53,54.21,68.84,175.1270415,7592,116060046214,"6/17/2016","Cornell University","BARC 369","R2 Date3 Blk3",7,"N9",8.92,91.08,5.9,0.5,1.91,1.97,34.64,52.66,4.11,16.41,12.33,76.59,15.07,8.06,3.97,3.17,1.87,7.77,0.31,0.35,0.19,3.02,0.17,11.95,26.72,66.42,68.51,30.51,56.26,63.02,64.73,38.26,64.78,62.57,70.64,64.02,37.58,3425,110.23,144.35
"489",2015,"MD","Beltsville","Cereal.rye","Spooner",37,"4/27/15","Blk4",2.325004651,10.59,31.35,53.19,67.14,169.9454303,7592,116060046215,"6/17/2016","Cornell University","BARC 370","R2 Date3 Blk4",7,"N9",8.57,91.43,5.79,0.46,1.69,1.7,34.94,51.67,4.26,16.98,10.82,79.06,16.68,8.02,4.57,3.04,1.87,7.73,0.29,0.31,0.18,2.82,0.16,10.59,28.84,66.48,68.58,30.48,56.21,63.04,64.75,37.73,64.19,62.29,70.81,63.04,36.69,3423,112.96,142.65
"490",2015,"MD","Beltsville","Cereal.rye","Aroostook",57,"4/27/15","Blk1",2.39042686,9.53,38.32,63.16,57.15,125.3126664,7592,116060046247,"6/17/2016","Cornell University","BARC 403","R3 Date3 Blk1",7,"N9",7.65,92.35,5.56,0.75,1.52,2,32.53,62.13,6,26.62,16.45,73.52,11.99,6.92,2.07,2.88,1.69,8.25,0.31,0.29,0.19,2.58,0.16,9.53,19.4,64.32,66.18,26.16,51.51,56.24,57.18,28.19,53.73,52.32,63.11,48.02,22.92,2843,86.97,92.28
"491",2015,"MD","Beltsville","Cereal.rye","Aroostook",57,"4/27/15","Blk2",3.391889902,8.92,38.91,63.98,58.21,126.5877206,7592,116060046248,"6/17/2016","Cornell University","BARC 404","R3 Date3 Blk2",7,"N9",7.91,92.09,5.49,0.73,1.43,1.95,27.02,62.88,6.03,26.28,16.34,74.01,12.94,6.01,2.23,2.93,1.8,7.77,0.25,0.29,0.16,2.64,0.14,8.92,19.58,64.14,65.97,25.62,50.94,56.57,57.54,28.39,53.94,53.06,63.79,48.85,23.69,2897,85.39,94.23
"492",2015,"MD","Beltsville","Cereal.rye","Aroostook",57,"4/27/15","Blk3",2.24448501,9.95,39.39,65.22,56.85,121.2537929,7592,116060046245,"6/17/2016","Cornell University","BARC 401","R3 Date3 Blk3",7,"N9",7.7,92.3,5.55,0.77,1.59,2.19,31.46,63.29,6.23,27.31,16.51,73.91,10.99,6.71,1.64,2.92,1.69,8.26,0.3,0.3,0.19,2.76,0.16,9.95,18,63.99,65.81,25.49,50.79,55.57,56.43,27.47,52.94,51.64,62.52,47.19,22.15,2803,83.04,87.45
"493",2015,"MD","Beltsville","Cereal.rye","Aroostook",57,"4/27/15","Blk4",1.771432115,10.99,36.11,60.5,61.42,140.8941694,7592,116060046246,"6/17/2016","Cornell University","BARC 402","R3 Date3 Blk4",7,"N9",7.99,92.01,5.61,0.76,1.76,2.34,29.94,58.76,5.39,22.67,14.55,75.24,12.74,5.99,2.45,3.1,1.87,8.58,0.32,0.32,0.19,2.88,0.16,10.99,21.14,65.01,66.94,27.71,53.2,58.19,59.35,31.46,57.29,56.01,65.55,54.17,28.6,3037,93.27,107.94
"494",2015,"MD","Beltsville","Cereal.rye","LakeviewVNS",41,"4/27/15","Blk1",2.938966918,12.19,32.98,57.47,69.63,171.5826193,7592,116060046278,"6/22/2016","Cornell University","BARC 434","R4 Date3 Blk1",7,"N9",8.62,91.38,5.82,0.47,1.95,2.01,37.08,55.82,4.14,16.95,10.45,81.28,13.87,5.6,2.95,3.09,1.73,7.87,0.29,0.36,0.18,3.12,0.16,12.19,23.4,65.97,68.01,29.31,54.94,61.86,63.44,36.89,63.26,61.31,68.97,62.33,36.05,3323,102.41,136.63
"495",2015,"MD","Beltsville","Cereal.rye","LakeviewVNS",41,"4/27/15","Blk2",1.273216833,11.53,28.84,49.66,73.3,197.0546363,7592,116060046280,"6/22/2016","Cornell University","BARC 436","R4 Date3 Blk2",7,"N9",9.11,90.89,5.95,0.45,1.84,1.66,34.69,48.24,3.97,12.88,10.53,78.17,15.17,6.02,5.25,3.18,2.07,6.82,0.31,0.33,0.19,2.84,0.16,11.53,32,67.25,69.44,32.18,58.08,65.65,67.66,41.43,68.3,67.18,74.85,70.3,43.21,3729,124.62,173.03
"496",2015,"MD","Beltsville","Cereal.rye","LakeviewVNS",39,"4/27/15","Blk3",2.989291694,12.67,32.74,57.05,69.99,175.6778068,7592,116060046279,"6/22/2016","Cornell University","BARC 435","R4 Date3 Blk3",7,"N9",8.51,91.49,5.75,0.51,2.03,1.97,41.04,55.41,4.03,16.63,11.18,79.82,13.12,6.69,3.1,3.03,1.64,7.48,0.29,0.36,0.18,3.04,0.17,12.67,23.77,66.05,68.1,29.63,55.29,62.39,64.03,37.74,64.2,61.87,69.54,63.33,36.95,3362,103.21,139.43
"497",2015,"MD","Beltsville","Cereal.rye","LakeviewVNS",33,"4/27/15","Blk4",0.946105789,13.88,29.33,50.52,74.04,194.9939107,7592,116060046277,"6/22/2016","Cornell University","BARC 433","R4 Date3 Blk4",7,"N9",8.8,91.2,6.03,0.52,2.22,2.13,36.89,49.08,3.79,12.74,9.24,81.17,15.13,8.29,4.34,3.24,1.98,7.69,0.35,0.38,0.2,3.12,0.19,13.88,28.5,67.1,69.27,32.63,58.57,64.85,66.76,41.36,68.23,66.24,73.35,70,42.94,3637,121.86,169.94
"498",2015,"MD","Beltsville","Triticale","TriCal815",34,"4/27/15","Blk1",2.01299104,11.01,30.46,50.04,72.43,190.0712961,7592,116060046309,"6/22/2016","Cornell University","BARC 466","T1 Date3 Blk1",7,"N9",9.17,90.83,5.62,0.58,1.76,1.65,38.96,48.61,4.11,13.4,9.7,80.05,14.66,5.63,4.99,3.12,1.81,7.34,0.33,0.33,0.2,2.88,0.15,11.01,31.88,66.75,68.88,31.86,57.72,64.33,66.19,39.48,66.13,65.91,73.47,68.29,41.42,3634,121.25,167.6
"499",2015,"MD","Beltsville","Triticale","TriCal815",33,"4/27/15","Blk2",1.776464593,11.52,29.59,48.48,74.37,202.0137141,7592,116060046310,"6/22/2016","Cornell University","BARC 467","T1 Date3 Blk2",7,"N9",8.92,91.08,5.96,0.54,1.84,1.81,32.73,47.1,3.99,12.07,9.24,80.38,14.16,6.54,5.12,3.23,1.95,6.72,0.32,0.35,0.19,2.98,0.16,11.52,33.52,67.02,69.18,32.65,58.59,65.84,67.87,41.61,68.51,68.03,75.53,71.45,44.24,3780,126.6,180.32
"500",2015,"MD","Beltsville","Triticale","TriCal815",33,"4/27/15","Blk3",1.78149707,11.81,30.23,49.85,72.37,188.555856,7592,116060046311,"6/22/2016","Cornell University","BARC 468","T1 Date3 Blk3",7,"N9",8.84,91.16,5.76,0.62,1.89,1.84,38.95,48.43,3.93,13.38,9.24,80.92,15.63,7.91,4.68,3.15,1.79,7.89,0.36,0.34,0.2,3.01,0.16,11.81,30.92,66.82,68.96,32.2,58.1,64.14,65.97,39.55,66.21,65.43,72.81,67.96,41.13,3591,122.09,166.93
"501",2015,"MD","Beltsville","Triticale","TriCal815",33,"4/27/15","Blk4",1.051787818,11.08,30.38,49.05,72.42,184.6533134,7592,116060046308,"6/22/2016","Cornell University","BARC 465","T1 Date3 Blk4",7,"N9",9,91,5.72,0.64,1.77,1.74,38.63,47.65,4.12,13.14,9.21,80.67,15.88,6,4.83,3.19,1.82,8.43,0.38,0.34,0.21,3.06,0.16,11.08,31.76,66.78,68.91,32.29,58.2,63.5,65.26,38.43,64.96,65.26,72.51,67.42,40.63,3572,123.89,168.66
"502",2015,"MD","Beltsville","Triticale","TriCal718",34,"4/27/15","Blk1",2.425654203,11.09,30.56,50.74,69.59,180.9509566,7592,116060046340,"6/22/2016","Cornell University","BARC 497","T2 Date3 Blk1",7,"N9",8.68,91.32,5.83,0.41,1.77,1.75,35.26,49.29,4.04,14.99,11.78,76.1,16.93,7.59,4.3,2.97,1.83,7.62,0.33,0.34,0.2,3.05,0.16,11.09,30.92,66.72,68.85,31.62,57.46,64.22,66.06,39.46,66.11,64.33,72.39,66.13,39.47,3543,119.08,157.13
"503",2015,"MD","Beltsville","Triticale","TriCal718",33,"4/27/15","Blk2",1.736204772,11.15,29.94,47.84,69.54,185.5448011,7592,116060046342,"6/22/2016","Cornell University","BARC 499","T2 Date3 Blk2",7,"N9",8.52,91.48,6.01,0.54,1.78,1.75,31.39,46.48,4.12,14.16,9.93,78.64,16.89,8.61,4.87,3.06,1.93,7.52,0.32,0.35,0.19,3.05,0.16,11.15,33.67,66.91,69.06,32.79,58.75,64.97,66.9,40.38,67.13,65.7,73.96,68.08,41.22,3644,127.6,167.53
"504",2015,"MD","Beltsville","Triticale","TriCal718",33,"4/27/15","Blk3",2.325004651,13.08,30.31,50.06,70.29,178.9617279,7592,116060046343,"6/22/2016","Cornell University","BARC 500","T2 Date3 Blk3",7,"N9",8.62,91.38,6.03,0.59,2.09,2.18,35.09,48.63,3.83,14.45,11.52,76.31,14.1,6.4,3.75,3.12,1.83,8.88,0.36,0.39,0.2,3.39,0.18,13.08,28.76,66.79,68.93,32.55,58.48,63.48,65.24,39.27,65.9,63.72,71.21,66.13,39.48,3472,121.47,158.44
"505",2015,"MD","Beltsville","Triticale","TriCal718",33,"4/27/15","Blk4",0.86055367,13.04,28.18,45.66,74.1,196.6663639,7592,116060046341,"6/22/2016","Cornell University","BARC 498","T2 Date3 Blk4",7,"N9",8.93,91.07,6.14,0.56,2.09,2.12,32.44,44.36,3.68,11.49,7.7,82.64,15.97,7.17,5.18,3.35,2.07,8.36,0.38,0.36,0.22,3.18,0.18,13.04,33.29,67.46,69.67,34.29,60.39,65.76,67.78,42.14,69.1,67.55,74.75,71.46,44.24,3728,136.49,187.02
"506",2015,"MD","Beltsville","Triticale","NE426GT",34,"4/27/15","Blk1",1.731172294,10.63,29.52,48.7,71.11,185.5236943,7592,116060046371,"6/22/2016","Cornell University","BARC 529","T3 Date3 Blk1",7,"N9",8.81,91.19,5.88,0.49,1.7,1.6,34.52,47.31,3.99,13.67,9.77,79.35,14.48,7.92,4.9,2.85,1.84,7.62,0.34,0.32,0.21,2.78,0.16,10.63,33.2,67.05,69.21,32.27,58.18,64.74,66.64,39.88,66.58,65.69,73.52,67.83,41,3627,125.67,168.16
"507",2015,"MD","Beltsville","Triticale","NE426GT",34,"4/27/15","Blk2",2.234420054,10.93,29.87,48.21,69.81,187.6053715,7592,116060046372,"6/22/2016","Cornell University","BARC 530","T3 Date3 Blk2",7,"N9",8.95,91.05,5.94,0.53,1.75,1.6,32.94,46.84,4.28,14.14,10.48,77.63,14.52,6.56,5.16,2.97,1.87,7.1,0.33,0.33,0.2,2.81,0.15,10.93,33.86,66.93,69.08,32.57,58.5,64.92,66.84,40.21,66.95,65.94,74.25,68.3,41.43,3665,126.68,167.7
"508",2015,"MD","Beltsville","Triticale","NE426GT",33,"4/27/15","Blk3",1.972731219,11.62,31.15,51.07,68.45,175.4634361,7592,116060046373,"6/22/2016","Cornell University","BARC 531","T3 Date3 Blk3",7,"N9",8.86,91.14,5.81,0.58,1.86,1.82,36.57,49.61,4.16,15.65,12.63,74.54,15.52,7.79,4.46,2.91,1.75,8.22,0.35,0.34,0.2,2.96,0.16,11.62,29.62,66.53,68.64,31.65,57.5,63.09,64.8,38.16,64.67,63.08,71.14,64.59,38.09,3454,117.74,151.31
"509",2015,"MD","Beltsville","Triticale","NE426GT",33,"4/27/15","Blk4",0.865586147,11.11,29.36,47.63,71.8,189.5591128,7592,116060046374,"6/22/2016","Cornell University","BARC 532","T3 Date3 Blk4",7,"N9",8.77,91.23,5.95,0.59,1.78,1.79,31.68,46.27,3.99,13.05,10.55,77.2,14.35,6.67,5.09,3.03,1.88,7.69,0.35,0.33,0.2,2.81,0.16,11.11,33.84,67.09,69.26,32.86,58.82,64.97,66.9,40.33,67.08,66.4,74.13,69.02,42.07,3672,128.99,174.29
"510",2015,"MD","Beltsville","Triticale","TriMark099",34,"4/27/15","Blk1",1.902276533,12.07,30.09,49.83,70.38,184.136733,7592,116060046403,"6/22/2016","Cornell University","BARC 561","T4 Date3 Blk1",7,"N9",8.89,91.11,5.7,0.62,1.93,1.64,43.16,48.41,4.02,14.34,10.78,77.73,12.21,5.22,4.54,2.96,1.72,7.94,0.36,0.34,0.21,2.93,0.17,12.07,30.5,66.87,69.01,32.3,58.21,63.81,65.61,39.24,65.87,64.46,72.21,66.72,40.01,3538,122.29,160.81
"511",2015,"MD","Beltsville","Triticale","TriMark099",33,"4/27/15","Blk2",1.117210027,11.45,28.75,46.6,66.03,179.2278605,7592,116060046404,"6/22/2016","Cornell University","BARC 562","T4 Date3 Blk2",7,"N9",8.82,91.18,5.92,0.66,1.83,1.81,35.46,45.28,4.14,15.38,10.92,75.88,17.22,9.55,5.11,2.98,1.85,7.69,0.38,0.33,0.2,2.85,0.16,11.45,34.54,67.28,69.47,33.39,59.4,64.92,66.84,40.37,67.12,64.72,73.64,66.83,40.1,3597,133,162.35
"512",2015,"MD","Beltsville","Triticale","TriMark099",33,"4/27/15","Blk3",0.769969073,14.83,27.64,46.16,71.91,193.7955897,7592,116060046405,"6/22/2016","Cornell University","BARC 563","T4 Date3 Blk3",7,"N9",8.52,91.48,6.07,0.69,2.37,2.36,39.51,44.85,3.51,12.6,9.25,79.38,14.33,8.92,4.28,3.2,1.87,8.02,0.4,0.38,0.22,3.17,0.19,14.83,31.79,67.62,69.85,34.67,60.81,65.95,67.99,43.04,70.1,66.71,74.33,71.04,43.88,3685,135.78,179.13
"513",2015,"MD","Beltsville","Triticale","TriMark099",33,"4/27/15","Blk4",1.076950206,12.73,28.15,45.79,72.94,191.8893486,7592,116060046406,"6/22/2016","Cornell University","BARC 564","T4 Date3 Blk4",7,"N9",8.51,91.49,6.05,0.68,2.04,2.01,35.66,44.49,3.78,12.04,9.21,79.3,14.22,6.71,4.7,3.13,1.96,8.62,0.39,0.35,0.21,3.13,0.18,12.73,33.21,67.47,69.68,34.13,60.22,65,66.93,41.01,67.83,66.69,73.98,70.13,43.06,3670,136.02,182.27
"514",2015,"MD","Beltsville","Barley","Verdant",41,"5/1/15","Blk1",1.097080117,11.25,27.76,43.65,71.33,197.9802176,7592,116060046062,"6/16/2016","Cornell University","BARC 214","B1 Date4 Blk1",7,"N9",9.81,90.19,5.77,0.6,1.8,1.54,42.04,42.41,3.64,12.16,8.05,81.02,16.49,7.99,5.59,3.16,1.76,7.01,0.44,0.33,0.21,2.78,0.15,11.25,38.11,67.58,69.81,34.52,60.64,67.09,69.26,43.02,70.08,68.2,76.37,71.56,44.34,3813,143.41,189.95
"515",2015,"MD","Beltsville","Barley","Verdant",47,"5/1/15","Blk2",1.232957012,9.67,26.7,41.43,68.58,181.4901133,7592,116060046063,"6/16/2016","Cornell University","BARC 215","B1 Date4 Blk2",7,"N9",9.09,90.91,5.71,0.58,1.55,1.44,38.78,40.26,3.57,12.65,8.34,79.28,18.2,9.92,6.03,3.18,1.93,7.94,0.4,0.29,0.2,2.62,0.14,9.67,40.64,67.92,70.18,34.91,61.07,67.09,69.26,42.38,69.37,67.54,76.09,69.98,42.93,3774,153.09,191.06
"516",2015,"MD","Beltsville","Barley","Verdant",47,"5/1/15","Blk3",1.570133011,9.9,29.1,42.88,69.21,190.2974043,7592,116060046064,"6/16/2016","Cornell University","BARC 216","B1 Date4 Blk3",7,"N9",9.64,90.36,6.02,0.78,1.58,1.42,32.73,41.67,4.62,12.83,9.94,76.15,19.31,9.48,6.22,2.98,1.79,7.01,0.42,0.32,0.2,2.75,0.14,9.9,40.05,67.17,69.35,34.38,60.49,65.57,67.57,40.48,67.25,67.86,76.49,70.52,43.41,3805,143.76,187.8
"517",2015,"MD","Beltsville","Barley","Verdant",37,"5/1/15","Blk4",0.77500155,11.4,27.11,40.21,71.44,192.6056177,7592,116060046061,"6/16/2016","Cornell University","BARC 213","B1 Date4 Blk4",7,"N9",9.01,90.99,6.02,0.71,1.82,1.78,36.67,39.08,3.6,11.16,7.94,79.68,19.29,8.01,5.86,3.3,1.86,8.6,0.45,0.32,0.2,2.85,0.16,11.4,39.84,67.78,70.03,35.96,62.24,66.64,68.76,42.47,69.47,68.23,76.05,71.67,44.44,3793,156.58,203.11
"518",2015,"MD","Beltsville","Barley","Valor",50,"5/1/15","Blk1",1.232957012,9.92,29.26,49.92,76.99,196.1678706,7592,116060046092,"6/16/2016","Cornell University","BARC 245","B2 Date4 Blk1",7,"N9",8.96,91.04,5.38,0.83,1.59,1.61,44.05,48.5,4.75,11.16,8.54,82.39,17.49,8.25,5.41,2.52,1.59,7.45,0.4,0.27,0.25,2.39,0.15,9.92,33.15,67.12,69.29,31.55,57.38,62.67,64.34,36.77,63.13,67.34,73.8,69.8,42.76,3687,123,179.86
"519",2015,"MD","Beltsville","Barley","Valor",47,"5/1/15","Blk2",1.38393134,10.15,28.93,46.58,72.05,188.5742752,7592,116060046094,"6/16/2016","Cornell University","BARC 247","R3 Date4 Blk2",7,"N9",8.89,91.11,5.75,0.78,1.62,1.53,36.95,45.26,4.75,12.65,9.72,78.52,14.1,5.71,5.72,2.71,1.74,7.57,0.45,0.28,0.25,2.44,0.16,10.15,35.81,67.23,69.41,32.97,58.94,63.73,65.52,38.26,64.77,66.78,74.49,69.13,42.17,3697,132.72,178.6
"520",2015,"MD","Beltsville","Barley","Valor",47,"5/1/15","Blk3",2.330037129,10.32,31.35,51.45,72.43,179.1321236,7592,116060046095,"6/16/2016","Cornell University","BARC 248","B2 Date4 Blk3",7,"N9",8.98,91.02,5.72,0.91,1.65,1.84,35.27,49.98,5.02,13.78,11.23,77.53,15.31,5.01,5.1,2.68,1.67,8.5,0.41,0.3,0.24,2.75,0.16,10.32,30.37,66.48,68.58,31.07,56.86,60.87,62.33,34.59,60.72,64.17,71.22,65.55,38.96,3489,116.46,160.49
"521",2015,"MD","Beltsville","Barley","Valor",45,"5/1/15","Blk4",2.007958562,10.39,30.82,48.95,67.09,171.7331394,7592,116060046093,"6/16/2016","Cornell University","BARC 246","B2 Date4 Blk4",7,"N9",8.77,91.23,5.82,0.61,1.66,1.52,35.32,47.55,4.34,15.65,11.18,76.49,13.22,5.9,4.93,2.84,1.79,8.32,0.37,0.3,0.2,2.59,0.16,10.39,32.47,66.64,68.76,32.1,57.99,63.2,64.93,37.77,64.24,63.33,71.74,64.42,37.93,3482,123.24,155.03
"522",2015,"MD","Beltsville","Barley","P919",47,"5/1/15","Blk1",1.575165489,10.44,28.46,45.39,72.59,193.4921992,7592,116060046124,"6/16/2016","Cornell University","BARC 277","B3 Date4 Blk1",7,"N9",9.68,90.32,6.02,0.65,1.67,1.41,32.28,44.1,4.23,12.09,9.24,79.05,18.27,9.73,6.16,3.08,1.98,7.37,0.4,0.31,0.22,2.69,0.15,10.44,36.52,67.37,69.57,33.54,59.57,65.47,67.46,40.65,67.43,67.85,75.67,70.75,43.62,3777,136.56,185.79
"523",2015,"MD","Beltsville","Barley","P919",47,"5/1/15","Blk2",1.323541609,9.51,27.13,43.34,72.12,194.3819582,7592,116060046125,"6/16/2016","Cornell University","BARC 278","B4 Date4 Blk2",7,"N9",9.21,90.79,5.79,0.53,1.52,1.23,34.17,42.11,4.05,11.74,9.24,78.06,18.53,6.65,6.63,2.88,1.94,6.6,0.39,0.29,0.22,2.5,0.14,9.51,40.07,67.78,70.03,34.06,60.15,67.11,69.28,42.36,69.34,69.16,77.43,72.15,44.87,3887,145.52,195.06
"524",2015,"MD","Beltsville","Barley","P919",49,"5/1/15","Blk3",2.878577187,8.73,29.46,48.03,72.72,177.2876224,7592,116060046126,"6/16/2016","Cornell University","BARC 279","B3 Date4 Blk3",7,"N9",8.93,91.07,5.73,0.58,1.4,1.33,32.65,46.66,4.22,12.73,8.61,81.55,17.23,5.75,5.91,2.72,1.81,8.26,0.37,0.29,0.21,2.68,0.14,8.73,34.87,67.06,69.23,31.91,57.78,63.68,65.46,37.7,64.16,65.87,73.18,67.25,40.48,3617,127.81,173.52
"525",2015,"MD","Beltsville","Barley","P919",41,"5/1/15","Blk4",1.746269727,11.39,26.54,42.55,73.23,197.8580238,7592,116060046127,"6/16/2016","Cornell University","BARC 280","B3 Date4 Blk3",7,"N9",9.47,90.53,5.83,0.58,1.82,1.52,38.63,41.35,3.59,11.07,7.66,81.48,16.69,6.95,6.4,3.11,1.97,7.79,0.44,0.31,0.23,2.74,0.16,11.39,38.02,67.96,70.23,35.02,61.2,66.99,69.15,42.97,70.02,68.71,76.4,72.34,45.03,3829,149.15,199.19
"526",2015,"MD","Beltsville","Barley","Thoroughbred",50,"5/1/15","Blk1",2.506173845,12.29,31.27,52.58,73.92,190.1112446,7592,116060046157,"6/17/2016","Cornell University","BARC 309","B4 Date4 Blk1",7,"N9",9.33,90.67,5.76,0.54,1.97,1.79,41.42,51.08,4.15,13.32,8.65,83.07,14.45,7.31,4.24,2.85,1.58,7.77,0.34,0.36,0.21,3.08,0.16,12.29,28.07,66.5,68.6,31.28,57.1,62.97,64.67,38.3,64.82,64.82,71.65,67.31,40.53,3527,114.07,162.09
"527",2015,"MD","Beltsville","Barley","Thoroughbred",41,"5/1/15","Blk2",1.610392832,10.37,28.36,46.61,62.72,174.7061679,7592,116060046158,"6/17/2016","Cornell University","BARC 310","B4 Date4 Blk2",7,"N9",9.28,90.72,5.8,0.5,1.66,1.47,35.29,45.28,4.27,16.88,13.45,70.3,15.86,6.62,6.65,3.19,2.03,6.64,0.33,0.31,0.2,2.53,0.15,10.37,36.15,67.4,69.6,33.03,59.01,66.02,68.07,41.38,68.25,64.7,74.74,66.34,39.67,3641,133.1,156.54
"528",2015,"MD","Beltsville","Barley","Thoroughbred",47,"5/1/15","Blk3",2.24448501,11.32,31.45,53.74,73.51,183.9954111,7592,116060046159,"6/17/2016","Cornell University","BARC 311","B4 Date4 Blk3",7,"N9",9.52,90.48,5.55,0.56,1.81,1.67,43.55,52.2,3.88,13.83,11.27,78.41,12.81,7.02,5.03,2.91,1.5,8.11,0.34,0.33,0.2,2.93,0.15,11.32,27.54,66.44,68.54,30.49,56.22,62.6,64.26,37.4,63.83,63.79,70.51,65.45,38.86,3450,111.33,156.61
"529",2015,"MD","Beltsville","Barley","Thoroughbred",47,"5/1/15","Blk4",0.915910923,12.29,27.22,40.71,68.02,186.8723916,7592,116060046160,"6/17/2016","Cornell University","BARC 312","B4 Date4 Blk4",7,"N9",9.12,90.88,6.2,0.72,1.97,1.85,33.6,39.56,4.03,12.65,9.24,76.64,14.46,8.07,6.2,3.3,1.97,8.77,0.48,0.34,0.22,2.93,0.18,12.29,38.26,67.76,70,36.07,62.35,65.82,67.85,41.82,68.75,66.94,75.31,70.29,43.2,3720,154.82,191.33
"530",2015,"MD","Beltsville","Cereal.rye","Huron",38,"5/1/15","Blk1",2.148867935,12.43,35.16,60.51,67.15,159.8548182,7592,116060046191,"6/17/2016","Cornell University","BARC 344","R1 Date4 Blk1",7,"N9",8.83,91.17,5.58,0.59,1.99,1.95,45.45,59.63,4.44,19.59,13.25,77.78,11.73,5.54,2.71,2.72,1.28,7.78,0.27,0.36,0.18,3.08,0.16,12.43,19.83,65.29,67.26,28.18,53.71,59.67,61,34.08,60.16,58.07,66.08,57.77,31.9,3118,94.41,122.01
"531",2015,"MD","Beltsville","Cereal.rye","Huron",47,"5/1/15","Blk2",2.546433666,10.7,31.4,53.48,69.97,182.4032363,7592,116060046188,"6/17/2016","Cornell University","BARC 341","R1 Date4 Blk2",7,"N9",9.1,90.9,5.73,0.44,1.71,1.68,35.7,51.95,4.25,15.6,11.91,77.07,13.64,5.34,5.23,3.04,1.79,6.75,0.3,0.3,0.19,2.6,0.14,10.7,29.49,66.46,68.56,30.38,56.11,63.86,65.66,38.82,65.4,64.17,72.32,65.73,39.11,3542,111.9,151.32
"532",2015,"MD","Beltsville","Cereal.rye","Huron",47,"5/1/15","Blk3",2.742700292,11.56,31.86,55.09,69.43,178.5539154,7592,116060046189,"6/17/2016","Cornell University","BARC 342","R1 Date4 Blk3",7,"N9",9.01,90.99,5.68,0.46,1.85,1.77,40.48,53.51,4.19,16.36,12.8,76.08,15.57,7.7,4.04,3.06,1.76,7.11,0.28,0.34,0.19,2.85,0.15,11.56,26.83,66.32,68.4,30.04,55.73,63.14,64.86,38.26,64.78,62.9,70.97,64.32,37.84,3450,108.29,144.36
"533",2015,"MD","Beltsville","Cereal.rye","Huron",47,"5/1/15","Blk4",1.333606564,8.85,28.14,42.62,65.39,170.7494859,7592,116060046190,"6/17/2016","Cornell University","BARC 343","R1 Date4 Blk4",7,"N9",8.96,91.04,5.89,0.83,1.42,1.36,26.33,41.41,5.29,14.33,10.84,73.82,17.03,8.66,6.67,2.95,2.06,7.96,0.46,0.26,0.23,2.36,0.15,8.85,40.08,67.47,69.68,34.15,60.24,63.99,65.81,38.04,64.54,66.16,75.32,67.73,40.91,3700,146.42,177.29
"534",2015,"MD","Beltsville","Cereal.rye","Spooner",47,"5/1/15","Blk1",3.16542841,11,36.35,61.47,64.64,150.1181375,7592,116060046221,"6/17/2016","Cornell University","BARC 376","R2 Date4 Blk1",7,"N9",9.12,90.88,5.45,0.52,1.76,1.74,44.73,59.76,4.89,21.13,14.4,75.9,10.51,5.29,2.6,2.77,1.33,7.87,0.29,0.34,0.18,2.88,0.15,11,20.78,64.94,66.86,27.31,52.77,58.85,60.08,32.41,58.33,56.79,65.48,55.27,29.61,3059,91.57,113.45
"535",2015,"MD","Beltsville","Cereal.rye","Spooner",47,"5/1/15","Blk2",2.340102084,10.17,33.12,55.68,65.94,164.4236888,7592,116060046218,"6/17/2016","Cornell University","BARC 373","R2 Date4 Blk2",7,"N9",8.48,91.52,5.73,0.5,1.63,1.74,35.79,54.08,4.57,18.42,12.6,76.7,15.68,6.77,4.24,2.91,1.69,7.36,0.27,0.31,0.17,2.76,0.14,10.17,27.44,65.93,67.97,29.34,54.97,61.94,63.52,36.11,62.4,60.92,69.73,60.88,34.73,3344,105.66,132.99
"536",2015,"MD","Beltsville","Cereal.rye","Spooner",47,"5/1/15","Blk3",2.687343038,12.06,34.63,59.43,65.45,157.4674497,7592,116060046219,"6/17/2016","Cornell University","BARC 374","R2 Date4 Blk3",7,"N9",8.47,91.53,5.7,0.54,1.93,2.01,41.21,57.72,4.46,19.94,10.86,81.19,12.82,6.09,2.35,2.97,1.54,7.84,0.27,0.36,0.17,3.06,0.16,12.06,21.85,65.47,67.45,28.49,54.05,60.5,61.92,35.03,61.21,58.44,67.04,58.16,32.25,3166,96.96,120.83
"537",2015,"MD","Beltsville","Cereal.rye","Spooner",41,"5/1/15","Blk4",1.580197966,11.5,31.37,52.1,70.05,175.9260295,7592,116060046220,"6/17/2016","Cornell University","BARC 375","R2 Date4 Blk4",7,"N9",8.71,91.29,5.51,0.68,1.84,1.76,45.39,50.61,4.03,15.16,12.84,74.63,13.01,5,3.89,2.99,1.54,8.48,0.34,0.34,0.19,2.99,0.16,11.5,28.63,66.47,68.57,31.19,57,62.38,64.01,37.14,63.54,62.75,70.23,64.06,37.61,3407,114.93,151.29
"538",2015,"MD","Beltsville","Cereal.rye","Aroostook",57,"5/1/15","Blk1",2.969161784,9.78,43.57,69.77,52.34,97.99524645,7592,116060046251,"6/17/2016","Cornell University","BARC 407","R3 Date4 Blk1",7,"N9",8.14,91.86,5.37,0.85,1.56,1.87,42.13,65.93,6.75,31.42,18.5,71.94,7.99,3.42,1.02,2.68,1.25,8.75,0.31,0.32,0.18,2.41,0.15,9.78,15.16,62.7,64.37,23.64,48.8,52.79,53.33,23.52,48.66,46.76,58.69,39.64,15.09,2514,73.28,68.19
"539",2015,"MD","Beltsville","Cereal.rye","Aroostook",57,"5/1/15","Blk2",3.955527394,9.29,44.32,70.69,51.97,94.96951188,7592,116060046252,"6/17/2016","Cornell University","BARC 408","R3 Date4 Blk2",7,"N9",8.08,91.92,5.33,0.83,1.49,1.85,41.55,67.02,6.83,32.19,19.35,71.13,8.26,6.58,0.75,2.59,1.19,8.63,0.29,0.31,0.17,2.38,0.14,9.29,14.72,62.47,64.11,23.11,48.23,52.4,52.9,22.75,47.84,46.02,58.14,38.25,13.78,2475,71.65,65.72
"540",2015,"MD","Beltsville","Cereal.rye","Aroostook",55,"5/1/15","Blk3",2.702440471,9.61,42.83,68.51,53.31,104.163095,7592,116060046249,"6/17/2016","Cornell University","BARC 405","R3 Date4 Blk3",7,"N9",7.81,92.19,5.52,0.9,1.54,2,35.59,65.95,6.74,30.79,19.82,69.95,8.42,2.26,1.24,2.75,1.38,8.31,0.33,0.31,0.18,2.41,0.15,9.61,15.75,62.93,64.63,24.07,49.25,53.37,53.98,24.22,49.43,47.92,59.77,41.36,16.7,2593,75.34,73.27
"541",2015,"MD","Beltsville","Cereal.rye","Aroostook",53,"5/1/15","Blk4",3.547896708,10.66,42.93,68.48,52.95,100.456141,7592,116060046250,"6/17/2016","Cornell University","BARC 406","R3 Date4 Blk4",7,"N9",8.18,91.82,5.57,0.86,1.71,2.06,37.71,64.64,6.72,30.41,17.07,73.59,7.54,3.9,0.81,2.83,1.41,9.18,0.34,0.34,0.19,2.75,0.17,10.66,15.17,62.9,64.59,24.45,49.67,53.05,53.62,24.29,49.49,47.62,59.22,41.4,16.74,2554,75.24,71.38
"542",2015,"MD","Beltsville","Cereal.rye","LakeviewVNS",49,"5/1/15","Blk1",3.658611215,11.98,35.76,62.19,65.02,147.7571074,7592,116060046283,"6/22/2016","Cornell University","BARC 439","R4 Date4 Blk1",7,"N9",8.26,91.74,5.66,0.59,1.92,1.96,44.41,60.26,4.67,21.08,12.45,79.34,11.01,5.03,1.79,2.85,1.39,8.57,0.3,0.35,0.19,3,0.17,11.98,18.76,65.12,67.06,27.38,52.84,58.46,59.65,32.3,58.21,56.18,64.53,54.82,29.2,3001,91.32,111.87
"543",2015,"MD","Beltsville","Cereal.rye","LakeviewVNS",47,"5/1/15","Blk2",1.836854324,12.52,35.92,61.84,65.97,152.2686419,7592,116060046281,"6/22/2016","Cornell University","BARC 437","R4 Date4 Blk2",7,"N9",8.68,91.32,5.74,0.59,2,2.11,41.77,59.92,4.61,20.39,12.64,78.91,11.22,7.64,1.73,2.88,1.43,8.15,0.29,0.36,0.19,2.99,0.16,12.52,19.09,65.06,67,27.69,53.17,59.17,60.44,33.47,59.49,57.28,65.54,56.67,30.89,3074,91.62,116.03
"544",2015,"MD","Beltsville","Cereal.rye","LakeviewVNS",47,"5/1/15","Blk2",3.175493366,11.24,33.39,57.59,67.97,169.3521846,7592,116060046284,"6/22/2016","Cornell University","BARC 440","R4 Date4 Blk2",7,"N9",8.8,91.2,5.65,0.47,1.8,1.71,41.46,55.94,4.34,17.92,13.53,75.81,14.74,7.29,3.71,2.93,1.65,7.28,0.29,0.32,0.19,2.76,0.15,11.24,24.6,65.84,67.87,28.94,54.53,61.87,63.45,36.49,62.82,60.94,69.19,61.38,35.18,3325,101.4,132.86
"545",2015,"MD","Beltsville","Cereal.rye","LakeviewVNS",47,"5/1/15","Blk4",0.946105789,11.5,31.24,51.09,69.78,177.3735622,7592,116060046282,"6/22/2016","Cornell University","BARC 438","R4 Date4 Blk4",7,"N9",8.93,91.07,5.72,0.55,1.84,1.78,40.17,49.63,4.23,15,12.59,74.63,15.9,7.37,4.14,3.03,1.78,8.36,0.38,0.34,0.22,2.81,0.17,11.5,29.51,66.51,68.61,31.6,57.44,62.89,64.58,37.87,64.34,63.47,71.2,65.09,38.54,3468,117.61,154.78
"546",2015,"MD","Beltsville","Triticale","TriCal815",35,"5/1/15","Blk1",2.531336233,11.97,33.61,55.18,68.64,170.3377546,7592,116060046313,"6/22/2016","Cornell University","BARC 470","T1 Date4 Blk1",7,"N9",9.32,90.68,5.69,0.79,1.92,2.05,40.27,53.6,4.52,16.81,12.55,76.59,13.51,6.95,3.36,2.94,1.51,8.08,0.36,0.35,0.21,2.98,0.16,11.97,25.89,65.78,67.8,30.14,55.85,61.04,62.52,35.57,61.8,61.38,69.21,62.32,36.04,3331,105.51,139.29
"547",2015,"MD","Beltsville","Triticale","TriCal815",39,"5/1/15","Blk3",2.41055677,11.54,34.04,55.71,69.21,166.1473202,7592,116060046314,"6/22/2016","Cornell University","BARC 471","T1 Date4 Blk3",7,"N9",9.23,90.77,5.5,0.83,1.85,1.97,43.07,54.11,4.64,16.66,12.2,77.45,14.11,6.34,3.16,2.65,1.31,8.81,0.37,0.35,0.2,2.98,0.14,11.54,25.2,65.64,67.65,29.78,55.46,59.67,61,33.56,59.6,60.44,67.78,60.77,34.63,3243,103.97,137.63
"548",2015,"MD","Beltsville","Triticale","TriCal815",40,"5/1/15","Blk4",2.470946502,12.18,33.34,57.7,67.43,168.2938786,7592,116060046312,"6/22/2016","Cornell University","BARC 469","T1 Date4 Blk4",7,"N9",8.55,91.45,5.66,0.53,1.95,1.87,41.95,56.04,4.22,18.25,13.29,76.28,13.86,6.38,2.83,2.91,1.64,7.39,0.28,0.34,0.17,2.81,0.16,12.18,23.62,65.86,67.89,29.22,54.84,61.92,63.5,36.92,63.29,60.56,68.89,61.25,35.07,3301,101.47,130.87
"549",2015,"MD","Beltsville","Triticale","TriCal718",41,"5/1/15","Blk1",2.380361905,11.59,35.59,57.19,63.78,148.8779516,7592,116060046345,"6/22/2016","Cornell University","BARC 502","T2 Date4 Blk1",7,"N9",8.62,91.38,5.72,0.88,1.85,2.25,38.4,55.55,5.1,20.12,12.76,77.03,13.37,6.32,2.23,2.58,1.34,9.13,0.36,0.35,0.2,3.11,0.16,11.59,23.64,65.17,67.12,29.22,54.85,58.26,59.43,31.72,57.57,57.33,65.87,56.32,30.57,3078,99.6,119.4
"550",2015,"MD","Beltsville","Triticale","TriCal815",37,"5/1/15","Blk2",1.821756891,10.54,31.18,50.46,70.09,184.1928102,7592,116060046315,"6/22/2016","Cornell University","BARC 472","T2 Date4 Blk2",7,"N9",8.81,91.19,5.78,0.55,1.69,1.66,35.39,49.02,4.33,14.66,10.35,78.89,16.88,8.7,4.4,2.96,1.79,7.1,0.33,0.32,0.2,2.83,0.15,10.54,32.21,66.52,68.63,31.54,57.37,64.1,65.93,39,65.6,65.09,73.22,66.94,40.21,3601,119.2,160.63
"551",2015,"MD","Beltsville","Triticale","TriCal718",37,"5/1/15","Blk2",1.972731219,11.21,31.39,51.84,69.32,180.1719197,7592,116060046346,"6/22/2016","Cornell University","BARC 503","T2 Date4 Blk2",7,"N9",9.03,90.97,5.66,0.55,1.79,1.79,38.63,50.36,4.2,15.45,12.89,74.4,16.35,8.41,3.99,3.01,1.75,7.44,0.31,0.34,0.19,2.87,0.15,11.21,30.03,66.46,68.56,31.2,57.01,63.59,65.36,38.64,65.2,63.87,71.98,65.52,38.93,3515,115.41,152.91
"552",2015,"MD","Beltsville","Triticale","TriCal718",38,"5/1/15","Blk3",2.289777308,12.77,32.09,53.01,69.88,178.4296676,7592,116060046347,"6/22/2016","Cornell University","BARC 504","T2 Date4 Blk3",7,"N9",9.45,90.55,5.71,0.54,2.04,1.91,40.33,51.49,4.04,15.51,11.76,77.16,13.53,7.32,3.98,2.99,1.63,7.96,0.35,0.37,0.2,3.2,0.16,12.77,27.06,66.25,68.32,31.27,57.08,62.95,64.65,38.48,65.02,62.94,70.63,64.88,38.36,3432,111.95,149.59
"553",2015,"MD","Beltsville","Triticale","TriCal718",38,"5/1/15","Blk4",1.464450982,12.74,29.07,47.52,72.12,190.4295684,7592,116060046344,"6/22/2016","Cornell University","BARC 501","T4 Date4 Blk4",7,"N9",9.07,90.93,5.95,0.63,2.04,1.94,36.97,46.17,4.03,12.87,9.24,79.99,15.69,7.3,4.79,3.04,1.86,8.22,0.38,0.35,0.21,3.02,0.17,12.74,31.95,67.18,69.36,33.44,59.46,64.42,66.29,40.3,67.04,65.98,73.43,69.15,42.18,3629,129.93,173.88
"554",2015,"MD","Beltsville","Triticale","NE426GT",36,"5/1/15","Blk1",1.736204772,11.21,32.37,53.9,68.14,176.6043169,7592,116060046375,"6/22/2016","Cornell University","BARC 533","T3 Date4 Blk1",7,"N9",9.22,90.78,5.64,0.59,1.79,1.7,38.72,52.36,4.39,16.68,10.64,79.68,15.36,8.16,3.9,2.84,1.62,7.05,0.3,0.34,0.18,2.79,0.15,11.21,28.46,66.16,68.22,30.38,56.11,62.86,64.55,37.68,64.13,62.74,71.13,63.92,37.48,3451,110.08,143.98
"555",2015,"MD","Beltsville","Triticale","NE426GT",39,"5/1/15","Blk2",2.868512232,10.68,31.46,52.5,70.76,184.2598458,7592,116060046377,"6/22/2016","Cornell University","BARC 535","T3 Date4 Blk2",7,"N9",9.38,90.62,5.57,0.51,1.71,1.63,37.73,51,4.25,14.91,11.06,78.31,12.85,5.45,4.49,2.89,1.7,6.97,0.32,0.32,0.19,2.73,0.14,10.68,30.28,66.44,68.54,30.78,56.54,63.71,65.5,38.59,65.14,64.54,72.44,66.22,39.56,3555,114.3,155.5
"556",2015,"MD","Beltsville","Triticale","NE426GT",47,"5/1/15","Blk3",2.375329427,11.16,32.16,53.57,68.72,172.5439427,7592,116060046378,"6/22/2016","Cornell University","BARC 536","T3 Date4 Blk3",7,"N9",9.03,90.97,5.63,0.54,1.79,1.79,38.17,52.04,4.23,16.28,10.2,80.4,12.49,5.02,4.01,2.83,1.6,8.05,0.34,0.33,0.2,2.83,0.15,11.16,27.94,66.23,68.3,30.51,56.25,62.29,63.91,36.95,63.33,62.15,70.07,63.06,36.7,3387,110.87,144.46
"557",2015,"MD","Beltsville","Triticale","NE426GT",41,"5/1/15","Blk4",2.405524293,10.55,33.71,56.49,66.19,165.8153753,7592,116060046376,"6/22/2016","Cornell University","BARC 534","T3 Date4 Blk4",7,"N9",8.85,91.15,5.67,0.47,1.69,1.66,36.59,54.87,4.51,18.55,11.61,78.84,15.58,7.81,4.04,2.94,1.74,7.15,0.29,0.33,0.18,2.88,0.15,10.55,26.35,65.74,67.76,29.14,54.76,62.1,63.7,36.49,62.82,60.88,69.69,61,34.84,3343,102.94,131.55
"558",2015,"MD","Beltsville","Triticale","TriMark099",41,"5/1/15","Blk1",2.028088473,11.77,31.42,52,69.77,176.9275354,7592,116060046407,"6/22/2016","Cornell University","BARC 565","T4 Date4 Blk1",7,"N9",8.74,91.26,5.42,0.68,1.88,1.72,48.94,50.51,4.06,15.27,12.45,75.35,15.87,7.61,3.21,2.72,1.43,8.3,0.34,0.34,0.19,2.94,0.15,11.77,28.71,66.45,68.55,31.34,57.15,62.39,64.03,37.27,63.68,62.7,70.26,64.09,37.64,3407,115.36,151.07
"559",2015,"MD","Beltsville","Triticale","TriMark099",41,"5/1/15","Blk2",2.194160234,11.59,33.53,55.87,67.26,164.3773558,7592,116060046408,"6/22/2016","Cornell University","BARC 566","T4 Date4 Blk2",7,"N9",8.68,91.32,5.35,0.77,1.85,1.78,49.7,54.27,4.5,17.77,13.17,75.73,14.33,7.8,2.66,2.53,1.22,8.35,0.32,0.35,0.19,3.01,0.14,11.59,25.35,65.81,67.83,29.74,55.41,60.2,61.59,34.31,60.41,59.8,67.72,59.88,33.82,3224,104.63,132.74
"560",2015,"MD","Beltsville","Triticale","TriMark099",40,"5/1/15","Blk3",1.746269727,12.12,29.07,46.32,69.13,187.1701805,7592,116060046409,"6/22/2016","Cornell University","BARC 567","T4 Date4 Blk3",7,"N9",8.64,91.36,6.09,0.68,1.94,1.96,31.85,45,4.11,13.89,10.55,76.56,14.04,6.83,4.76,2.99,1.89,7.8,0.37,0.34,0.2,3.04,0.17,12.12,34.15,67.18,69.36,33.72,59.76,65.02,66.95,40.77,67.57,65.9,74.18,68.76,41.84,3655,133.01,171.44
"561",2015,"MD","Beltsville","Triticale","TriMark099",38,"5/1/15","Blk4",1.313476654,12.26,29.87,51.25,70.09,182.4880495,7592,116060046410,"6/22/2016","Cornell University","BARC 568","T4 Date4 Blk4",7,"N9",8.69,91.31,5.9,0.55,1.96,1.91,36.7,49.79,3.83,14.89,12.37,75.16,13.79,8.78,4.4,3.23,1.97,7.84,0.33,0.33,0.2,2.81,0.17,12.26,29.05,66.93,69.08,31.8,57.66,64.29,66.14,39.98,66.69,64.28,72.18,66.57,39.87,3533,119.05,156.65
"562",2015,"MD","Beltsville","Barley","Verdant",49,"5/5/15","Blk1",2.03312095,10.27,28.74,44.09,73.86,198.7716203,7592,116060046065,"6/16/2016","Cornell University","BARC 217","B1 Date5 Blk1",7,"N9",9.25,90.75,5.95,0.56,1.64,1.45,33.69,42.84,4.14,11.2,8.21,80.84,19.34,8.88,6.04,3.16,1.99,7.18,0.38,0.33,0.2,2.89,0.15,10.27,38.17,67.28,69.47,34.02,60.1,66.29,68.37,41.64,68.54,68.99,76.71,72.25,44.95,3853,140.24,195.22
"563",2015,"MD","Beltsville","Barley","Verdant",49,"5/5/15","Blk2",1.932471398,8.63,30.24,43.21,65.33,171.3002373,7592,116060046066,"6/16/2016","Cornell University","BARC 218","B1 Date5 Blk2",7,"N9",9.08,90.92,5.89,0.92,1.38,1.44,28.62,41.99,5.05,14.56,10.68,74.57,19.63,7.21,5.9,2.96,1.84,7.87,0.45,0.29,0.21,2.67,0.13,8.54,40.11,66.82,68.96,33.83,59.89,63.9,65.71,37.78,64.25,65.75,74.86,67.04,40.3,3670,140.81,174.1
"564",2015,"MD","Beltsville","Barley","Verdant",45,"5/5/15","Blk3",1.660717608,10.57,29.49,44.82,67.94,181.155538,7592,116060046067,"6/16/2016","Cornell University","BARC 219","B1 Date5 Blk3",7,"N9",9.28,90.72,5.99,0.7,1.69,1.61,33.3,43.55,4.12,13.96,11.68,73.18,14.66,7,5.85,3.16,1.84,8.06,0.42,0.32,0.21,2.89,0.16,10.57,36.59,67.05,69.22,33.82,59.88,64.96,66.89,40.04,66.75,65.72,74.19,67.84,41.01,3647,136.97,173.88
"565",2015,"MD","Beltsville","Barley","Verdant",40,"5/5/15","Blk4",1.298379221,10.04,28.62,40.67,70.52,187.3316378,7592,116060046068,"6/16/2016","Cornell University","BARC 220","B1 Date5 Blk4",7,"N9",9.24,90.76,6.1,0.78,1.61,1.51,31.77,39.52,4.2,11.65,9.18,76.77,16.16,7.99,6.25,3.29,1.87,8.41,0.46,0.32,0.2,2.93,0.15,10.04,40.67,67.32,69.51,35.34,61.55,65.6,67.6,40.58,67.36,67.93,75.97,70.67,43.55,3781,152.33,198.76
"566",2015,"MD","Beltsville","Barley","Valor",62,"5/5/15","Blk1",1.766399638,9.48,34.05,56.62,66.87,163.7312047,7592,116060046096,"6/16/2016","Cornell University","BARC 249","B2 Date5 Blk1",7,"N9",8.55,91.45,5.69,0.78,1.52,1.75,32.91,54.99,5.26,18.22,13.36,75.7,14.12,6.2,4.82,2.54,1.58,7.23,0.31,0.28,0.21,2.55,0.14,9.48,27.47,65.64,67.65,28.74,54.32,60.25,61.64,33.48,59.51,60.94,69.51,60.6,34.48,3337,102.52,132.92
"567",2015,"MD","Beltsville","Barley","Valor",60,"5/5/15","Blk2",2.335069606,9.47,33.98,56.07,66.47,159.9272984,7592,116060046097,"6/16/2016","Cornell University","BARC 250","B2 Date5 Blk2",7,"N9",8.77,91.23,5.68,0.7,1.52,1.8,31.05,54.46,5.12,18.26,11.82,78.3,14.43,6.66,5.15,2.57,1.62,7.88,0.33,0.28,0.21,2.49,0.14,9.47,27.37,65.66,67.67,28.95,54.55,60.14,61.52,33.37,59.38,60.44,68.92,59.88,33.82,3296,103.57,132.24
"568",2015,"MD","Beltsville","Barley","Valor",63,"5/5/15","Blk3",2.672245606,9.73,35.82,58.57,64.49,150.7921286,7592,116060046098,"6/16/2016","Cornell University","BARC 251","B2 Date5 Blk3",7,"N9",8.54,91.46,5.81,0.96,1.56,1.94,29.8,56.89,5.79,20.2,13.17,76.85,11.49,6.04,4.22,2.48,1.53,8.1,0.35,0.29,0.22,2.72,0.15,9.73,24.69,65.1,67.04,28.04,53.56,57.82,58.94,30.3,56.02,58.21,67.02,56.77,30.99,3157,96.94,120.01
"569",2015,"MD","Beltsville","Barley","Valor",62,"5/5/15","Blk4",2.01299104,8.88,33.68,55.24,65.45,155.6223267,7592,116060046099,"6/16/2016","Cornell University","BARC 252","B2 Date5 Blk4",7,"N9",8.88,91.12,5.69,0.73,1.42,1.7,28.15,53.66,5.41,18.54,11.9,77.82,15.51,7.69,5.48,2.56,1.7,8.06,0.34,0.26,0.22,2.36,0.14,8.88,28.4,65.75,67.77,29.09,54.7,59.77,61.11,32.63,58.57,60.27,68.99,59.38,33.37,3292,105.4,131.5
"570",2015,"MD","Beltsville","Barley","P919",60,"5/5/15","Blk1",2.304874741,9.81,35.82,58.2,64.36,151.0443787,7592,116060046128,"6/16/2016","Cornell University","BARC 281","B3 DAte5 Blk1",7,"N9",8.59,91.41,5.9,0.62,1.57,1.75,31.7,56.53,4.72,20.15,13,77,12.97,6.65,3.85,2.56,1.47,8.13,0.27,0.34,0.18,3.06,0.14,9.81,24.81,65.1,67.04,28.21,53.74,59.84,61.19,33.15,59.14,58.12,66.92,56.68,30.9,3150,97.41,120.31
"571",2015,"MD","Beltsville","Barley","P919",62,"5/5/15","Blk2",1.414126206,9.45,31.28,50.53,70.91,184.7979449,7592,116060046129,"6/16/2016","Cornell University","BARC 282","B3 Date5 Blk2",7,"N9",9.14,90.86,5.86,0.51,1.51,1.38,30.37,49.09,4.73,14.28,10.61,78.39,14.41,5.95,6.09,2.86,1.9,6.66,0.3,0.31,0.19,2.61,0.14,9.45,33.28,66.5,68.6,31.15,56.95,63.95,65.76,38.38,64.91,65.88,74.03,67.58,40.78,3659,118.56,163.88
"572",2015,"MD","Beltsville","Barley","P919",63,"5/5/15","Blk3",2.475978979,8.32,37.18,60.66,63.11,141.5847528,7592,116060046130,"6/16/2016","Cornell University","BARC 283","B3 Date5 Blk3",7,"N9",9.01,90.99,5.63,0.39,1.33,1.4,30.41,58.91,5.08,21.73,14.84,74.81,14.82,7.03,4.67,2.39,1.43,7.74,0.22,0.31,0.16,2.77,0.11,8.32,24,64.68,66.57,26.73,52.14,59.03,60.28,31.55,57.38,56.7,65.94,53.92,28.37,3077,92,111.76
"573",2015,"MD","Beltsville","Barley","P919",59,"5/5/15","Blk4",2.89367462,9.74,31.32,50.69,71.04,177.6300856,7592,116060046131,"6/16/2016","Cornell University","BARC 284","B3 Date5 Blk4",7,"N9",9.22,90.78,5.77,0.54,1.56,1.58,30.49,49.24,4.4,14.26,10.82,78.03,14.39,5.86,6.15,2.84,1.81,8.03,0.35,0.3,0.2,2.71,0.14,9.74,31.76,66.49,68.59,31.18,56.98,63.01,64.72,37.28,63.69,64.48,72.09,65.75,39.13,3535,118.5,160.14
"574",2015,"MD","Beltsville","Barley","Thoroughbred",62,"5/5/15","Blk1",4.020949602,10.27,39.27,65.75,62.14,131.2298336,7592,116060046161,"6/17/2016","Cornell University","BARC 313","B4 Date5 Blk1",7,"N9",8.62,91.38,5.87,0.74,1.64,2.24,30.67,63.95,5.45,24.21,14.4,77.48,10.78,5.45,2.35,2.19,1.14,8.53,0.26,0.32,0.19,3.02,0.14,10.27,17.35,64.03,65.85,25.39,50.69,55.74,56.62,27.82,53.32,53.02,62.07,49.36,24.16,2819,82.72,97.14
"575",2015,"MD","Beltsville","Barley","Thoroughbred",60,"5/5/15","Blk3",2.440751636,10.7,35.76,63.07,63.76,143.7506684,7592,116060046162,"6/17/2016","Cornell University","BARC 315","B4 Date5 Blk3",7,"N9",8.82,91.18,5.58,0.46,1.71,1.89,38.79,61.03,4.26,22.12,13.36,78.11,11.25,5.96,4.57,2.57,1.35,8.35,0.22,0.31,0.18,2.71,0.14,10.7,19.46,65.12,67.06,26.58,51.98,59.21,60.48,32.79,58.75,55.43,64.19,53.14,27.65,2969,89.9,107.33
"576",2015,"MD","Beltsville","Barley","Thoroughbred",49,"5/5/15","Blk4",2.340102084,10.45,29.99,47.36,72.25,183.1743799,7592,116060046163,"6/17/2016","Cornell University","BARC 316","B4 Date5 Blk4",7,"N9",8.85,91.15,6.01,0.61,1.67,1.71,30.43,46.01,4.23,12.77,9.31,79.77,16.59,8.51,5.57,3.17,1.97,8.62,0.37,0.31,0.2,2.8,0.16,10.45,33.66,66.89,69.04,32.75,58.71,63.8,65.6,38.58,65.13,65.86,73.23,67.99,41.15,3617,128.54,174.2
"577",2015,"MD","Beltsville","Cereal.rye","Huron",49,"5/5/15","Blk1",2.148867935,10.9,36.34,62.45,63.59,149.4430512,7592,116060046192,"6/17/2016","Cornell University","BARC 345","R1 Date5 Blk1",7,"N9",8.36,91.64,5.53,0.51,1.74,1.82,42.66,60.65,4.66,22.08,14.45,76.17,11.75,5.3,3.04,3.07,1.56,7.23,0.21,0.33,0.17,2.87,0.15,10.9,20.48,64.94,66.86,26.89,52.32,59.92,61.27,33.79,59.84,56.83,66.11,55.3,29.64,3091,90.18,110.31
"578",2015,"MD","Beltsville","Cereal.rye","Huron",53,"5/5/15","Blk3",4.136696587,10.66,36.9,63.36,62.8,144.1108375,7592,116060046193,"6/17/2016","Cornell University","BARC 347","R1 Date5 Blk3",7,"N9",8.12,91.88,5.71,0.58,1.71,2.05,35.55,61.53,4.72,22.89,15.26,75.2,11.6,5.81,2.71,3.05,1.57,7.5,0.23,0.33,0.17,2.82,0.15,10.66,19.79,64.76,66.67,26.47,51.85,59.29,60.57,32.84,58.8,55.91,65.32,53.84,28.3,3034,88.13,106.1
"579",2015,"MD","Beltsville","Cereal.rye","Spooner",57,"5/5/15","Blk2",3.175493366,9.66,38.05,63.68,59.96,131.5271337,7592,116060046222,"6/17/2016","Cornell University","BARC 378","R2 Date5 Blk2",7,"N9",7.82,92.18,5.54,0.75,1.55,2.05,34.37,62.69,5.6,25.1,16.74,73.3,11.23,5.32,2.44,3.09,1.58,8.14,0.3,0.29,0.18,2.58,0.16,9.66,18.98,64.41,66.27,26,51.35,56.7,57.69,28.86,54.46,53.4,63.4,49.68,24.46,2886,86.36,97.59
"580",2015,"MD","Beltsville","Cereal.rye","Spooner",57,"5/5/15","Blk3",3.719000946,10.13,40.04,67.05,59.16,124.4855112,7592,116060046223,"6/17/2016","Cornell University","BARC 379","R2 Date5 Blk3",7,"N9",8.08,91.92,5.56,0.72,1.62,2.18,33.37,64.89,5.86,26.5,15.8,75.65,10.02,6.54,1.67,2.95,1.49,7.9,0.24,0.32,0.17,2.82,0.15,10.13,16.77,63.8,65.59,24.82,50.07,55.85,56.74,27.94,53.45,52.07,62.35,47.91,22.82,2812,80.08,89.69
"581",2015,"MD","Beltsville","Cereal.rye","Spooner",55,"5/5/15","Blk4",3.447247156,10.52,37.66,62.51,59.19,131.6429563,7592,116060046224,"6/17/2016","Cornell University","BARC 380","R2 Date5 Blk4",7,"N9",8.3,91.7,5.58,0.65,1.68,1.98,38.88,60.37,5.25,24.64,15.36,74.56,10.85,6.41,2.75,3.24,1.65,8.48,0.3,0.32,0.18,2.72,0.16,10.52,19.96,64.52,66.4,26.75,52.15,57.79,58.9,30.76,56.52,53.86,63.95,50.77,25.47,2915,88.65,98.01
"582",2015,"MD","Beltsville","Cereal.rye","Aroostook",59,"5/5/15","Blk1",4.428580288,8.57,46.08,72.57,50.09,87.13225094,7592,116060046253,"6/17/2016","Cornell University","BARC 409","R3 Date5 Blk1",7,"N9",7.7,92.3,5.24,0.91,1.37,1.98,32.67,68.87,7.49,34.37,20.85,69.73,6.43,3.14,1.75,2.96,1.45,8.13,0.26,0.29,0.15,2.26,0.14,8.49,13.96,61.93,63.51,22.11,47.15,51.59,52,21.27,46.24,44.88,57.94,36.15,11.79,2444,67.79,60.43
"583",2015,"MD","Beltsville","Cereal.rye","Aroostook",59,"5/5/15","Blk2",4.936860526,8.02,47.14,73.37,49.33,81.88635506,7592,116060046254,"6/17/2016","Cornell University","BARC 410","R3 Date5 Blk2",7,"N9",7.52,92.48,5.3,0.84,1.28,1.92,30.55,70.14,7.56,35.54,22.35,68.14,6.96,1.27,1.27,2.65,1.24,8.27,0.25,0.29,0.14,2.36,0.13,7.96,13.25,61.6,63.14,21.6,46.6,50.77,51.08,19.86,44.74,43.33,56.58,33.42,9.21,2349,66.34,57.25
"584",2015,"MD","Beltsville","Cereal.rye","Aroostook",59,"5/5/15","Blk3",4.785886198,8.1,45.93,71.69,50.02,88.06319911,7592,116060046255,"6/17/2016","Cornell University","BARC 411","R3 Date5 Blk3",7,"N9",7.34,92.66,5.32,0.92,1.3,2.01,29.63,68.57,7.6,34.27,21.43,68.75,7.08,2.32,1.61,2.77,1.38,8.06,0.27,0.28,0.15,2.2,0.13,7.92,14.9,61.97,63.56,22.29,47.34,51.5,51.9,20.9,45.85,45.04,58.11,36.16,11.8,2454,68.77,61.71
"585",2015,"MD","Beltsville","Cereal.rye","Aroostook",59,"5/5/15","Blk4",4.660074258,9.15,46.93,73.33,48.66,79.43658395,7592,116060046256,"6/17/2016","Cornell University","BARC 412","R3 Date5 Blk4",7,"N9",7.59,92.41,5.43,0.91,1.46,2.13,32.79,68.8,7.41,35.32,21.2,69.19,5.51,1.36,0.96,2.67,1.2,9.16,0.28,0.31,0.15,2.43,0.14,9.15,12.82,61.67,63.22,22.01,47.04,50.48,50.76,19.95,44.83,42.9,55.93,33.28,9.08,2300,66.54,54.91
"586",2015,"MD","Beltsville","Cereal.rye","LakeviewVNS",57,"5/5/15","Blk1",4.267541005,10.14,41.04,68.57,59.87,122.233881,7592,116060046285,"6/22/2016","Cornell University","BARC 441","R4 Date5 Blk1",7,"N9",7.9,92.1,5.56,0.76,1.62,2.14,34.71,66.76,5.87,26.79,16.06,75.94,8.76,2.47,1.28,2.96,1.42,7.96,0.27,0.32,0.17,2.84,0.15,10.14,14.86,63.48,65.24,24.23,49.43,55.09,55.9,26.89,52.31,51.34,61.37,46.81,21.8,2755,77.23,88.32
"587",2015,"MD","Beltsville","Cereal.rye","LakeviewVNS",57,"5/5/15","Blk3",4.020949602,10.93,41.69,69.17,56.84,109.2253046,7592,116060046286,"6/22/2016","Cornell University","BARC 443","R4 Date5 Blk3",7,"N9",8.17,91.83,5.52,0.79,1.75,2.16,41.17,64.88,5.97,28,15.32,76.39,7.27,3.88,1,3.04,1.33,9.19,0.31,0.34,0.19,2.78,0.16,10.93,14.83,63.28,65.02,24.26,49.47,54.15,54.85,25.94,51.29,49.4,59.83,44.23,19.39,2629,75.66,78.41
"588",2015,"MD","Beltsville","Cereal.rye","LakeviewVNS",57,"5/5/15","Blk4",2.742700292,11.16,36.74,62.08,62.1,142.6164988,7592,116060046287,"6/22/2016","Cornell University","BARC 444","R4 Date5 Blk4",7,"N9",8.09,91.91,5.69,0.68,1.79,2.09,36.83,60.29,5.09,22.85,15.12,74.92,10.71,4.97,2.36,3.33,1.78,7.97,0.32,0.32,0.19,2.72,0.17,11.16,19.89,64.81,66.72,27.14,52.58,58.74,59.96,32.29,58.19,55.95,65.47,54.15,28.58,3038,90.19,106.8
"589",2015,"MD","Beltsville","Triticale","TriCal815",49,"5/5/15","Blk1",3.044648948,10.07,34.74,56.52,63.93,153.8732732,7592,116060046316,"6/22/2016","Cornell University","BARC 473","T1 Date5 Blk1",7,"N9",8.78,91.22,5.55,0.59,1.61,1.74,37.04,54.9,4.6,19.8,14.49,73.61,14.06,6.73,3.82,2.94,1.61,8.09,0.31,0.32,0.18,2.79,0.14,10.07,26.07,65.43,67.41,28.97,54.58,60.74,62.19,34.47,60.59,58.88,67.88,57.9,32.02,3208,101.63,123.92
"590",2015,"MD","Beltsville","Triticale","TriCal815",49,"5/5/15","Blk2",2.123705547,10.2,35.24,57.13,66.44,164.5778703,7592,116060046317,"6/22/2016","Cornell University","BARC 474","T1 Date5 Blk2",7,"N9",8.81,91.19,5.75,0.7,1.63,1.96,32.35,55.49,5.1,18.62,12.79,76.95,14.68,7.96,3.4,2.74,1.54,7.03,0.29,0.33,0.17,2.87,0.13,10.2,26.7,65.28,67.24,28.76,54.34,60.67,62.11,34.37,60.48,60.74,69.44,60.63,34.5,3329,100.03,130.85
"591",2015,"MD","Beltsville","Triticale","TriCal815",48,"5/5/15","Blk3",3.66867617,10.26,35.36,57.97,63.82,150.112874,7592,116060046318,"6/22/2016","Cornell University","BARC 475","T1 Date5 Blk3",7,"N9",8.52,91.48,5.51,0.6,1.64,1.81,38.21,56.3,4.62,20.37,14.73,73.84,13.65,6.48,3.17,2.8,1.5,8.39,0.32,0.32,0.18,2.83,0.14,10.26,24.36,65.24,67.2,28.46,54.02,59.9,61.25,33.43,59.45,57.78,66.64,56.38,30.63,3128,98.45,118.95
"592",2015,"MD","Beltsville","Triticale","TriCal815",49,"5/5/15","Blk4",2.234420054,10.21,33.42,54.57,66.33,164.1426264,7592,116060046319,"6/22/2016","Cornell University","BARC 476","T1 Date5 Blk4",7,"N9",8.82,91.18,5.4,0.61,1.63,1.62,41.63,53.01,4.45,17.85,14.56,72.53,14.79,7.87,4.52,2.94,1.61,7.86,0.32,0.31,0.18,2.69,0.14,10.21,27.93,65.83,67.86,29.78,55.46,61.7,63.26,35.76,62.02,60.91,69.44,60.89,34.74,3328,107.22,135.57
"593",2015,"MD","Beltsville","Triticale","TriCal718",48,"5/5/15","Blk1",2.727602859,9.18,34.52,54.96,64.5,158.4135745,7592,116060046348,"6/22/2016","Cornell University","BARC 505","T2 Date5 Blk1",7,"N9",9.01,90.99,5.66,0.47,1.47,1.59,31.7,53.38,4.8,18.95,15.42,71.11,16.66,8.13,3.86,2.94,1.74,7.42,0.29,0.31,0.18,2.65,0.13,9.18,28.87,65.5,67.49,29.3,54.93,61.75,63.31,35.46,61.68,60.61,69.79,60.01,33.94,3336,104.79,131.38
"594",2015,"MD","Beltsville","Triticale","TriCal718",48,"5/5/15","Blk2",2.279712353,10.66,34.79,55.87,65.21,161.1986342,7592,116060046349,"6/22/2016","Cornell University","BARC 506","T2 Date5 Blk2",7,"N9",8.9,91.1,5.82,0.54,1.71,1.89,31.33,54.27,4.72,18.88,14.08,74.06,14.45,7.23,3.21,2.92,1.67,7.66,0.28,0.36,0.18,2.99,0.15,10.66,26.63,65.41,67.39,29.43,55.07,61.33,62.84,35.52,61.75,60.25,69.12,60.14,34.06,3299,103,129.89
"595",2015,"MD","Beltsville","Triticale","TriCal718",47,"5/5/15","Blk4",2.395459338,12.07,34.12,55.65,66.05,159.7104798,7592,116060046350,"6/22/2016","Cornell University","BARC 508","T2 Date5 Blk4",7,"N9",8.5,91.5,5.92,0.67,1.93,2.17,34.63,54.05,4.38,18.35,13.09,75.78,13.34,6.24,2.35,2.87,1.61,8.74,0.33,0.36,0.19,3.24,0.17,12.07,24.7,65.62,67.62,29.99,55.68,60.78,62.23,35.34,61.55,59.62,67.87,59.87,33.81,3225,104.35,130.33
"596",2015,"MD","Beltsville","Triticale","NE426GT",50,"5/5/15","Blk1",3.210720709,9.67,35.21,58.3,62.82,150.4984636,7592,116060046379,"6/22/2016","Cornell University","BARC 537","T3 Date5 Blk1",7,"N9",8.77,91.23,5.49,0.47,1.55,1.61,37.75,56.62,4.8,21.05,15.16,73.23,15.09,7.17,3.59,2.74,1.58,7.53,0.28,0.3,0.18,2.61,0.14,9.67,25.21,65.29,67.25,28.13,53.66,60.53,61.95,34.07,60.15,58.06,67.51,56.54,30.77,3176,98.16,117.8
"597",2015,"MD","Beltsville","Triticale","NE426GT",50,"5/5/15","Blk2",3.432149723,9.82,35.18,58.52,65.17,159.136765,7592,116060046380,"6/22/2016","Cornell University","BARC 538","T3 Date5 Blk2",7,"N9",9.12,90.88,5.41,0.51,1.57,1.63,37.88,56.84,4.78,19.8,14.85,73.87,14.43,7.23,3.88,2.88,1.59,6.95,0.27,0.31,0.18,2.64,0.13,9.82,25.43,65.29,67.26,28.09,53.61,61.04,62.52,34.78,60.94,59.59,68.63,58.81,32.85,3267,97.72,123.86
"598",2015,"MD","Beltsville","Triticale","NE426GT",49,"5/5/15","Blk3",3.512669365,10.5,35.53,58.7,63.64,150.9137392,7592,116060046381,"6/22/2016","Cornell University","BARC 539","T3 Date5 Blk3",7,"N9",9.06,90.94,5.5,0.56,1.68,1.8,38.1,57.01,4.77,20.73,14.69,74.23,13.54,6.35,3.49,2.81,1.5,8.02,0.3,0.32,0.18,2.7,0.14,10.5,23.77,65.19,67.14,28.24,53.78,59.86,61.21,33.5,59.53,57.71,66.73,56.4,30.65,3132,96.81,117.39
"599",2015,"MD","Beltsville","Triticale","NE426GT",49,"5/5/15","Blk4",2.823219934,9.4,33.57,54.69,64.29,156.2640055,7592,116060046382,"6/22/2016","Cornell University","BARC 540","T3 Date5 Blk4",7,"N9",8.92,91.08,5.57,0.51,1.5,1.6,33.83,53.12,4.56,18.97,15.27,71.25,16.16,8.11,4.71,2.76,1.64,7.97,0.31,0.29,0.19,2.46,0.13,9.4,28.47,65.79,67.81,29.46,55.11,61.51,63.05,35.22,61.42,59.98,68.99,59.19,33.19,3283,106.53,130.01
"600",2015,"MD","Beltsville","Triticale","TriMark099",49,"5/5/15","Blk2",2.088478204,10.65,34.02,55.66,64.45,160.1021064,7592,116060046411,"6/22/2016","Cornell University","BARC 570","T4 Date5 Blk2",7,"N9",8.74,91.26,5.58,0.61,1.7,1.84,35.59,54.06,4.87,19.22,14.35,73.46,10.91,6.82,4.01,2.97,1.75,7.68,0.3,0.32,0.18,2.68,0.15,10.65,26.7,65.65,67.66,29.51,55.15,61.14,62.63,35.23,61.43,60.08,69.16,59.89,33.83,3295,104.48,128.8
"601",2015,"MD","Beltsville","Triticale","TriMark099",49,"5/5/15","Blk3",2.209257666,11.43,34.71,56.87,65.67,155.6880636,7592,116060046412,"6/22/2016","Cornell University","BARC 571","T4 Date5 Blk3",7,"N9",9.04,90.96,5.56,0.73,1.83,1.99,39.72,55.67,4.76,19.11,12.48,77.58,12.66,6.23,3.38,2.79,1.47,8.84,0.34,0.34,0.19,2.91,0.15,11.43,23.58,65.44,67.42,29.28,54.91,59.3,60.58,33.1,59.08,58.42,66.64,57.84,31.96,3142,101.18,125.93
"602",2015,"MD","Beltsville","Triticale","TriMark099",48,"5/5/15","Blk4",2.325004651,13.35,31.27,51.86,69.99,181.2175227,7592,116060046413,"6/22/2016","Cornell University","BARC 572","T4 Date5 Blk4",7,"N9",9,91,5.88,0.64,2.14,2.11,37.6,50.38,4.28,15.12,12.68,74.83,13.32,7.64,3.69,2.94,1.76,7.9,0.38,0.35,0.2,3.05,0.17,13.35,27.72,66.5,68.6,31.91,57.78,63.04,64.75,38.8,65.38,63.71,71.49,66.23,39.57,3488,115.57,153.76
"603",2015,"MD","Beltsville","Barley","Verdant",59,"5/11/15","Blk1",4.078319847,8.49,34.61,55.52,67.16,160.6055722,7592,116060046069,"6/16/2016","Cornell University","BARC 221","B1 Date6 Blk1",7,"N9",8.55,91.45,5.79,0.48,1.36,1.48,28.62,53.93,4.48,17.71,11.2,79.23,16.28,5.26,4.13,2.8,1.66,7.5,0.26,0.31,0.16,2.85,0.12,8.49,28.9,65.47,67.45,28.84,54.43,61.88,63.46,35.32,61.52,61.29,69.77,60.67,34.54,3356,103.71,136.26
"604",2015,"MD","Beltsville","Barley","Verdant",60,"5/11/15","Blk2",3.022002799,8.64,32.84,51.35,69.93,173.7270537,7592,116060046070,"6/16/2016","Cornell University","BARC 222","B1 Date6 Blk2",7,"N9",8.62,91.38,5.87,0.55,1.38,1.44,28.7,49.88,4.36,15,11.51,76.92,17.28,8,4.83,2.88,1.72,7.4,0.32,0.3,0.18,2.73,0.13,8.64,32.8,66.01,68.06,30.55,56.29,63.32,65.06,37.21,63.61,64.29,72.31,65,38.46,3541,114.86,156.23
"605",2015,"MD","Beltsville","Barley","Verdant",59,"5/11/15","Blk3",3.735608122,9.27,33.99,54.46,67.45,160.1403298,7592,116060046071,"6/16/2016","Cornell University","BARC 223","B1 Date6 Blk3",7,"N9",8.53,91.47,5.87,0.54,1.48,1.69,28.91,52.9,4.32,17.22,12.89,75.63,15.43,7.44,4.39,2.85,1.65,8.52,0.31,0.32,0.18,2.9,0.14,9.27,28.35,65.66,67.67,29.52,55.18,61.43,62.96,35.04,61.22,60.91,68.99,60.46,34.35,3308,106.45,137.96
"606",2015,"MD","Beltsville","Barley","Verdant",55,"5/11/15","Blk4",2.981742978,8.13,31.34,46.91,71.15,175.7964489,7592,116060046072,"6/16/2016","Cornell University","BARC 224","B1 Date6 Blk4",7,"N9",8.71,91.29,5.86,0.61,1.3,1.29,26.94,45.58,4.32,13.15,10.32,77.36,15.91,6.63,5.67,3.06,1.85,7.9,0.35,0.3,0.17,2.72,0.13,8.13,36.83,66.48,68.58,32.16,58.06,64.19,66.03,38.07,64.57,66.15,73.99,67.38,40.6,3658,127.98,174.66
"607",2015,"MD","Beltsville","Barley","Valor",70,"5/11/15","Blk1",2.939470166,7.4,38,58.81,58.89,137.8731758,7592,116060046100,"6/16/2016","Cornell University","BARC 253","B2 Date6 Blk1",7,"N9",8.46,91.54,5.54,0.4,1.18,1.18,27.57,57.12,6.12,23.48,17.91,68.64,14.27,6.83,7.04,2.37,1.56,6.32,0.18,0.27,0.13,2.25,0.1,7.4,27.78,64.42,66.29,27.15,52.59,59.38,60.67,31.61,57.46,57.12,68.02,54.14,28.57,3175,93.78,108.73
"608",2015,"MD","Beltsville","Barley","Valor",65,"5/11/15","Blk2",2.692375516,8.96,37.16,60.41,60.25,138.0333215,7592,116060046101,"6/16/2016","Cornell University","BARC 254","B2 Date6 Blk2",7,"N9",8.25,91.75,5.76,0.49,1.43,1.59,30.02,58.67,5.15,23.32,14.55,75.2,13.1,6.3,4.42,2.5,1.52,7.66,0.22,0.29,0.16,2.49,0.13,8.96,23.78,64.68,66.58,27.06,52.49,59.13,60.39,31.91,57.78,55.73,65.78,52.81,27.35,3042,92.48,105.83
"609",2015,"MD","Beltsville","Barley","Valor",70,"5/11/15","Blk3",4.771292013,8.53,37.69,59.79,57.19,128.6695318,7592,116060046102,"6/16/2016","Cornell University","BARC 255","B2 Date6 Blk3",7,"N9",8.1,91.9,5.68,0.59,1.36,1.52,29.89,58.07,5.72,24.86,15.88,72.65,11.84,3.98,5.81,2.46,1.5,8.14,0.26,0.28,0.17,2.4,0.13,8.53,24.28,64.51,66.39,27.15,52.59,57.77,58.88,29.87,55.55,54.12,64.81,50.23,24.97,2953,92.77,99.4
"610",2015,"MD","Beltsville","Barley","Valor",65,"5/11/15","Blk4",2.386904126,8.7,35.83,57.19,59.37,140.7801232,7592,116060046103,"6/16/2016","Cornell University","BARC 256","B2 Date6 Blk4",7,"N9",8.15,91.85,5.7,0.51,1.39,1.43,30.57,55.55,5.48,22.57,15.39,72.3,13.97,6.33,5.92,2.53,1.66,7.64,0.23,0.27,0.16,2.27,0.13,8.7,26.88,65.09,67.03,28.23,53.77,59.63,60.95,32.46,58.39,57.01,67.34,54.57,28.97,3136,99.29,111.88
"611",2015,"MD","Beltsville","Barley","P919",70,"5/11/15","Blk1",4.699830831,9.64,39.92,64.91,58.2,125.075628,7592,116060046132,"6/16/2016","Cornell University","BARC 285","B3 Date6 Blk1",7,"N9",8.18,91.82,5.67,0.52,1.54,1.9,31.95,63.04,5.11,26.35,16.8,73.35,10.96,5.95,2.26,2.61,1.34,7.86,0.22,0.34,0.14,2.95,0.13,9.64,19.02,63.83,65.63,25.5,50.81,57.59,58.68,30.15,55.85,52.27,62.77,47.97,22.87,2831,82.89,91.11
"612",2015,"MD","Beltsville","Barley","P919",70,"5/11/15","Blk2",2.919843504,7.95,35.1,53.75,64.74,161.1806187,7592,116060046133,"6/16/2016","Cornell University","BARC 286","B3 Date6 Blk2",7,"N9",9.1,90.9,5.68,0.52,1.27,1.26,27.04,52.21,5.6,18.41,14.85,71.56,16.94,8.02,5.5,2.65,1.74,6.42,0.29,0.27,0.17,2.35,0.11,7.95,31.94,65.32,67.29,29.36,55,61.66,63.21,34.78,60.94,62.14,71.64,61.64,35.42,3457,106.42,137.05
"613",2015,"MD","Beltsville","Barley","P919",70,"5/11/15","Blk3",3.629926093,7.35,37.8,57.94,58.38,132.0503946,7592,116060046134,"6/16/2016","Cornell University","BARC 287","B3 Date6 Blk3",7,"N9",8.29,91.71,5.49,0.43,1.18,1.19,27.76,56.27,5.91,23.42,16.56,70.57,14.35,6.85,6.79,2.45,1.57,7.55,0.2,0.28,0.14,2.42,0.1,7.35,27.45,64.49,66.36,27.49,52.96,58.73,59.95,30.71,56.47,56.14,66.75,52.67,27.22,3089,95.4,107.78
"614",2015,"MD","Beltsville","Barley","P919",69,"5/11/15","Blk4",2.774404901,7.25,37.39,58.3,61.16,140.212301,7592,116060046135,"6/16/2016","Cornell University","BARC 288","B3 Date6 Blk4",7,"N9",8.51,91.49,5.6,0.41,1.16,1.24,24.97,56.62,5.74,21.99,15.36,72.87,16.86,7.27,4.9,2.38,1.58,6.91,0.23,0.27,0.15,2.48,0.1,7.25,27.88,64.61,66.5,27.31,52.77,59.56,60.87,31.78,57.64,57.87,67.99,55.17,29.52,3193,95.45,114.56
"615",2015,"MD","Beltsville","Barley","Thoroughbred",71,"5/11/15","Blk1",4.586096837,8.34,39.67,64.59,56.72,122.209177,7592,116060046164,"6/17/2016","Cornell University","BARC 317","B4 Date6 Blk1",7,"N9",7.95,92.05,5.48,0.52,1.33,1.67,30.46,62.73,5.41,27.15,18.37,70.72,12.58,5.46,2.62,2.64,1.39,7.35,0.19,0.3,0.13,2.64,0.12,8.34,20.86,63.9,65.71,25.19,50.47,57.66,58.76,29.66,55.33,52.21,63.34,47.27,22.22,2854,83.63,89.28
"616",2015,"MD","Beltsville","Barley","Thoroughbred",69,"5/11/15","Blk2",2.342115075,9.08,34.86,57.2,61.52,152.1136319,7592,116060046165,"6/17/2016","Cornell University","BARC 318","B4 Date6 Blk2",7,"N9",8.37,91.63,5.71,0.47,1.45,1.6,28.52,55.56,5.25,21.38,17.92,67.75,14.77,6.71,5.25,2.72,1.73,6.64,0.22,0.27,0.16,2.24,0.13,9.08,27.59,65.39,67.37,28.37,53.92,61.15,62.64,34.64,60.78,59.07,69.23,57.75,31.88,3276,100.51,119.17
"617",2015,"MD","Beltsville","Barley","Thoroughbred",69,"5/11/15","Blk3",3.605266953,8.99,37.25,60.5,58,131.5690368,7592,116060046166,"6/17/2016","Cornell University","BARC 319","B4 Date6 Blk3",7,"N9",8.35,91.65,5.56,0.5,1.44,1.61,31.37,58.76,5.29,24.68,18.3,68.86,12.23,4.29,5.19,2.56,1.52,8,0.22,0.28,0.14,2.41,0.13,8.99,23.34,64.66,66.55,27.04,52.47,58.54,59.74,31.14,56.94,54.33,64.87,50.74,25.44,2964,91.91,100
"618",2015,"MD","Beltsville","Barley","Thoroughbred",69,"5/11/15","Blk4",3.746176325,9.5,35.93,59.49,62.62,145.5017872,7592,116060046167,"6/17/2016","Cornell University","BARC 320","B4 Date6 Blk4",7,"N9",8.4,91.6,5.78,0.52,1.52,1.78,28.63,57.78,4.83,21.6,15.77,72.71,13.35,6.69,4.26,2.69,1.58,7.93,0.24,0.29,0.16,2.59,0.14,9.5,23.99,65.06,67,27.59,53.07,59.74,61.07,32.95,58.92,57.12,66.48,55.09,29.45,3107,95.38,113.66
"619",2015,"MD","Beltsville","Cereal.rye","Huron",60,"5/11/15","Blk1",5.302721647,9.86,41.59,69.21,56.11,110.544026,7592,116060046194,"6/17/2016","Cornell University","BARC 349","R1 Date6 Blk1",7,"N9",7.75,92.25,5.52,0.65,1.58,2.15,34.18,65.78,5.7,28.87,14.34,78.2,7.74,2.41,2,3.39,1.57,8.43,0.23,0.32,0.16,2.81,0.16,9.86,15.51,63.31,65.05,23.88,49.06,55.49,56.34,27.37,52.83,49.64,60.69,44.11,19.28,2678,75.77,78.34
"620",2015,"MD","Beltsville","Cereal.rye","Huron",60,"5/11/15","Blk2",3.252993521,8.53,41.55,68.9,56.37,110.7056721,7592,116060046195,"6/17/2016","Cornell University","BARC 350","R1 Date6 Blk2",7,"N9",7.87,92.13,5.48,0.57,1.36,1.93,30.01,66.61,5.75,29.06,15.5,76.73,10.25,5.66,2.31,2.89,1.4,8.17,0.21,0.29,0.15,2.59,0.13,8.53,16.22,63.33,65.07,23.54,48.69,55.22,56.04,26.43,51.81,49.34,60.37,43.01,18.25,2660,76.25,79.26
"621",2015,"MD","Beltsville","Cereal.rye","Huron",59,"5/11/15","Blk3",6.029411413,9.61,41.19,68.57,57.91,118.7542272,7592,116060046196,"6/17/2016","Cornell University","BARC 351","R1 Date6 Blk3",7,"N9",8.2,91.8,5.44,0.59,1.54,2.01,34.03,65.32,5.74,27.49,16.36,74.95,8.93,4.34,2.71,3.28,1.57,7.61,0.21,0.31,0.15,2.69,0.14,9.61,16.9,63.44,65.19,24.04,49.23,56.38,57.33,28.5,54.05,51.54,62.33,46.87,21.86,2800,77.07,84.3
"622",2015,"MD","Beltsville","Cereal.rye","Huron",60,"5/11/15","Blk4",4.540301291,9.39,41.52,68.84,56.76,115.8497836,7592,116060046197,"6/17/2016","Cornell University","BARC 352","R1 Date6 Blk4",7,"N9",7.79,92.21,5.47,0.6,1.5,1.93,35.46,66.63,5.67,28.81,18.24,72.62,8.3,2.54,2.86,3.13,1.46,7.45,0.18,0.3,0.13,2.66,0.14,9.39,16,63.34,65.08,23.88,49.05,56.1,57.02,28.01,53.52,50.26,61.43,44.83,19.95,2731,76.29,81.18
"623",2015,"MD","Beltsville","Cereal.rye","Spooner",65,"5/11/15","Blk1",6.425970647,8.5,44.22,71.77,53.11,97.48791262,7592,116060046225,"6/17/2016","Cornell University","BARC 381","R2 Date6 Blk1",7,"N9",7.58,92.42,5.35,0.59,1.36,1.94,32,68.65,6.44,32.19,19.38,71.77,8.29,3.69,1.69,3.04,1.4,7.94,0.18,0.31,0.13,2.78,0.13,8.5,14.45,62.5,64.15,22.39,47.45,53.73,54.38,24.37,49.58,46.74,58.9,39.01,14.49,2535,70.49,67.84
"624",2015,"MD","Beltsville","Cereal.rye","Spooner",65,"5/11/15","Blk2",5.538241599,8.6,44.33,72.07,54.06,100.2243654,7592,116060046226,"6/17/2016","Cornell University","BARC 382","R2 Date6 Blk2",7,"N9",7.68,92.32,5.34,0.56,1.38,1.93,30.7,69.42,6.39,31.89,20.26,70.82,8.12,4.98,1.65,2.94,1.38,7.55,0.17,0.3,0.12,2.77,0.13,8.6,13.98,62.47,64.11,22.31,47.36,53.97,54.65,24.76,50.01,47.18,59.2,39.74,15.18,2563,70.39,69.84
"625",2015,"MD","Beltsville","Cereal.rye","Spooner",67,"5/11/15","Blk3",6.079232941,9.5,44.1,71.82,52.91,96.60815811,7592,116060046228,"6/17/2016","Cornell University","BARC 383","R2 Date6 Blk3",7,"N9",7.4,92.6,5.45,0.65,1.52,2.11,33.58,68.31,6.43,32.17,19.74,71.1,7.01,4.78,1.41,2.94,1.31,8.4,0.21,0.32,0.14,2.79,0.14,9.5,13.59,62.54,64.19,22.72,47.8,53.29,53.89,24.18,49.37,46.31,58.31,38.8,14.3,2495,70.62,66.52
"626",2015,"MD","Beltsville","Cereal.rye","Spooner",65,"5/11/15","Blk4",5.151747319,7.4,47.75,76.17,49.77,77.58715599,7592,116060046227,"6/17/2016","Cornell University","BARC 384","R2 Date6 Blk4",7,"N9",7.62,92.38,5.38,0.54,1.18,1.84,29.05,72.82,6.75,36.58,23.56,67.65,7.65,5.86,0.82,2.41,0.92,8.26,0.15,0.3,0.1,2.77,0.11,7.4,11.44,61.41,62.93,20.27,45.17,51.14,51.5,20.23,45.13,41.64,54.77,30.39,6.32,2236,63.32,53.66
"627",2015,"MD","Beltsville","Cereal.rye","Aroostook",67,"5/11/15","Blk1",6.614688557,6.1,51.82,79.29,47.41,61.42593034,7592,116060046257,"6/17/2016","Cornell University","BARC 413","R3 Date6 Blk1",7,"N9",7.77,92.23,5.21,0.51,0.98,1.66,20.82,75.83,7.94,39.88,26.63,64.88,8.34,3.18,0.21,2.14,0.86,7.84,0.13,0.28,0.09,2.44,0.08,6.1,10.03,60.15,61.53,18.57,43.35,48.7,48.78,16.14,40.76,38.78,53.03,25.12,1.27,2100,56.81,45.57
"628",2015,"MD","Beltsville","Cereal.rye","Aroostook",67,"5/11/15","Blk2",5.890011783,5.12,53.98,81.97,45.35,50.04290287,7592,116060046258,"6/17/2016","Cornell University","BARC 414","R3 Date6 Blk2",7,"N9",7.58,92.42,5.16,0.42,0.82,1.52,15.23,78.24,8.27,42.76,27.96,64.26,9.22,3.78,0.73,1.93,0.79,7.71,0.09,0.27,0.07,2.44,0.07,5.12,8.66,59.48,60.79,17.16,41.85,47.56,47.51,14.05,38.54,36.08,51.26,20.15,NA,1964,53.02,39.14
"629",2015,"MD","Beltsville","Cereal.rye","Aroostook",67,"5/11/15","Blk3",6.372626385,5.13,53.32,80.89,45.59,53.88912426,7592,116060046259,"6/17/2016","Cornell University","BARC 415","R3 Date6 Blk3",7,"N9",7.42,92.58,5.18,0.45,0.82,1.49,15.79,77.78,8.34,42.32,28.58,63.26,9.65,3.98,0.36,1.86,0.82,7.16,0.08,0.27,0.06,2.35,0.06,5.13,9.6,59.69,61.02,17.6,42.31,48.13,48.14,14.87,39.41,37.06,52.32,21.79,NA,2035,54.34,41.09
"630",2015,"MD","Beltsville","Cereal.rye","Aroostook",65,"5/11/15","Blk4",5.322851558,5.88,53.11,81.05,45.07,52.56826651,7592,116060046260,"6/17/2016","Cornell University","BARC 416","R3 Date6 Blk4",7,"N9",7.44,92.56,5.23,0.47,0.94,1.63,19.05,77.12,8.06,42.36,27.14,64.81,8.24,2.65,0.28,1.96,0.81,8.29,0.12,0.28,0.08,2.54,0.08,5.88,8.53,59.75,61.09,17.81,42.54,47.66,47.62,14.54,39.06,36.08,51.07,20.54,NA,1949,54.53,39.22
"631",2015,"MD","Beltsville","Cereal.rye","LakeviewVNS",65,"5/11/15","Blk1",4.673661947,8.55,45.7,74.22,54.51,94.07670957,7592,116060046288,"6/22/2016","Cornell University","BARC 445","R4 Date6 Blk1",7,"N9",7.57,92.43,5.45,0.62,1.37,2,31.7,71.45,6.47,32.5,19.99,72.02,7.77,2.67,0.84,2.65,1.13,8.07,0.2,0.31,0.13,2.75,0.12,8.55,11.8,62.04,63.64,21.45,46.44,52.4,52.9,22.51,47.58,45.56,57.22,37.17,12.76,2439,66.93,66.32
"632",2015,"MD","Beltsville","Cereal.rye","LakeviewVNS",65,"5/11/15","Blk2",3.979683286,7.89,44.84,72.95,54.21,95.52403303,7592,116060046289,"6/22/2016","Cornell University","BARC 446","R4 Date6 Blk2",7,"N9",7.61,92.39,5.33,0.58,1.26,1.87,29.78,69.88,6.36,32,19.74,71.75,8.66,3.9,1.57,2.81,1.3,8.12,0.19,0.3,0.13,2.65,0.12,7.89,13.68,62.31,63.94,21.73,46.74,53.18,53.77,23.32,48.46,46.36,58.13,38.12,13.65,2495,68.61,67.79
"633",2015,"MD","Beltsville","Cereal.rye","LakeviewVNS",67,"5/11/15","Blk3",5.910141693,7.82,47.17,75.93,50.52,81.32028085,7592,116060046290,"6/22/2016","Cornell University","BARC 447","R4 Date6 Blk3",7,"N9",7.41,92.59,5.36,0.58,1.25,1.84,32.48,72.43,6.61,35.84,20.59,71.57,7.64,2.46,0.45,2.5,1.06,8.07,0.16,0.31,0.12,2.63,0.11,7.82,11.46,61.59,63.13,20.51,45.43,51.79,52.22,21.33,46.31,42.62,55.6,32.18,8.03,2297,63.87,55.98
"634",2015,"MD","Beltsville","Cereal.rye","LakeviewVNS",65,"5/11/15","Blk4",3.352133329,9.81,41.99,69.25,56.58,111.345805,7592,116060046291,"6/22/2016","Cornell University","BARC 448","R4 Date6 Blk4",7,"N9",7.59,92.41,5.58,0.63,1.57,2.13,33.54,66.95,5.73,29.07,18.56,72.28,8.32,2.97,1.28,3.05,1.43,8.27,0.25,0.32,0.15,2.74,0.14,9.81,14.67,63.19,64.92,23.84,49.01,55.11,55.92,26.83,52.24,49.25,60.18,43.48,18.69,2649,75.36,79.19
"635",2015,"MD","Beltsville","Triticale","TriCal815",59,"5/11/15","Blk1",3.528270045,9.39,39.27,63.68,57.07,124.4291938,7592,116060046320,"6/22/2016","Cornell University","BARC 477","T1 Date6 Blk1",7,"N9",8.13,91.87,5.71,0.6,1.5,1.83,30.88,62.78,5.53,26.95,18.66,70.28,11.32,4.74,3.28,2.34,1.26,7.95,0.24,0.3,0.16,2.5,0.14,9.39,19.45,64.03,65.85,25.91,51.25,56.68,57.67,28.77,54.36,51.64,62.39,46.9,21.88,2796,84.98,90.47
"636",2015,"MD","Beltsville","Triticale","TriCal815",59,"5/11/15","Blk2",4.825642771,8.69,39.85,64.93,59.23,127.8623262,7592,116060046321,"6/22/2016","Cornell University","BARC 478","T1 Date6 Blk2",7,"N9",8.28,91.72,5.51,0.49,1.39,1.78,30.61,64.06,5.51,26.12,18.08,71.78,12.73,5.44,2.19,2.74,1.43,7.34,0.23,0.31,0.15,2.67,0.12,8.69,19.26,63.85,65.65,25.18,50.46,57.24,58.29,29.28,54.91,52.87,63.31,48.44,23.31,2874,82.98,94.54
"637",2015,"MD","Beltsville","Triticale","TriCal815",59,"5/11/15","Blk3",3.502101162,8.57,41,66.75,56.96,115.5870417,7592,116060046322,"6/22/2016","Cornell University","BARC 479","T1 Date6 Blk3",7,"N9",8.41,91.59,5.41,0.51,1.37,1.79,31.27,65.36,5.53,28.13,15.42,76.41,12.05,6.29,2.54,2.36,1.18,8.14,0.24,0.31,0.15,2.61,0.12,8.57,17.54,63.5,65.26,24.42,49.63,55.73,56.61,27.16,52.6,49.98,60.73,44,19.17,2688,79.48,83.87
"638",2015,"MD","Beltsville","Triticale","TriCal815",59,"5/11/15","Blk4",3.920803298,8.62,39.56,63.98,57.81,124.5410991,7592,116060046323,"6/22/2016","Cornell University","BARC 480","T1 Date6 Blk4",7,"N9",8.42,91.58,5.48,0.54,1.38,1.74,30.28,62.13,5.35,26.21,18.47,70.27,12.22,6.02,3.32,2.71,1.4,7.73,0.23,0.3,0.14,2.57,0.12,8.62,20.86,63.94,65.75,25.52,50.83,57.57,58.66,29.66,55.33,52.71,63.39,48.16,23.05,2867,84.64,92.08
"639",2015,"MD","Beltsville","Triticale","TriCal718",57,"5/11/15","Blk1",3.305834535,8.28,41.26,66.62,56.61,115.5295273,7592,116060046351,"6/22/2016","Cornell University","BARC 509","T2 Date6 Blk1",7,"N9",8.25,91.75,5.57,0.52,1.32,1.76,29.71,65.4,5.58,28.38,17.63,73.04,12.26,6.32,1.85,2.6,1.31,7.78,0.21,0.31,0.15,2.63,0.12,8.28,17.99,63.42,65.17,24.37,49.58,56.12,57.04,27.56,53.04,50.29,61.33,44.34,19.49,2724,79.2,84.37
"640",2015,"MD","Beltsville","Triticale","TriCal718",57,"5/11/15","Blk2",4.546843512,8.66,41.39,67.33,57.95,121.2185697,7592,116060046352,"6/22/2016","Cornell University","BARC 510","T2 Date6 Blk2",7,"N9",8.26,91.74,5.52,0.43,1.39,1.83,28.75,65.38,5.54,27.49,18.39,71.87,12.86,5.51,1.49,2.63,1.32,7.02,0.18,0.32,0.13,2.84,0.12,8.66,18.45,63.37,65.12,24.22,49.42,57.08,58.11,29.07,54.68,51.76,62.66,46.75,21.74,2821,78.18,86.85
"641",2015,"MD","Beltsville","Triticale","TriCal718",59,"5/11/15","Blk3",4.352086628,9.42,39.46,64.6,58.29,125.8917124,7592,116060046353,"6/22/2016","Cornell University","BARC 511","T2 Date6 Blk3",7,"N9",7.84,92.16,5.64,0.57,1.51,1.95,31.42,62.74,4.97,26.17,16.6,73.54,12.07,3.96,1.51,2.72,1.37,7.87,0.22,0.33,0.14,2.87,0.13,9.42,19.55,63.97,65.79,25.55,50.86,57.89,59.01,30.42,56.16,52.53,63.01,48.26,23.14,2847,83.86,91.97
"642",2015,"MD","Beltsville","Triticale","TriCal718",57,"5/11/15","Blk4",4.938873517,8.45,38.46,58.76,59.31,133.4044257,7592,116060046354,"6/22/2016","Cornell University","BARC 512","T2 Date6 Blk4",7,"N9",8.86,91.14,5.69,0.57,1.35,1.51,27.69,57.07,5.88,23.22,17.24,69.79,13.57,6.27,4.65,2.52,1.47,8.2,0.29,0.3,0.17,2.69,0.12,8.45,25.32,64.28,66.13,27.54,53.01,57.74,58.85,29.8,55.48,55.5,65.6,52.22,26.81,3023,93.21,106.44
"643",2015,"MD","Beltsville","Triticale","NE426GT",60,"5/11/15","Blk1",4.001826188,8.42,39.95,64.76,57.09,120.1764161,7592,116060046383,"6/22/2016","Cornell University","BARC 541","T3 Date6 Blk1",7,"N9",8.28,91.72,5.54,0.49,1.35,1.72,28.62,63.5,5.58,27.25,18.31,71.17,13.02,5.5,2.5,2.5,1.36,7.94,0.24,0.29,0.15,2.56,0.12,8.42,19.5,63.82,65.62,25.14,50.42,56.6,57.58,28.29,53.83,51.4,62.23,46.09,21.12,2786,82.86,88.6
"644",2015,"MD","Beltsville","Triticale","NE426GT",59,"5/11/15","Blk2",4.418515333,8.27,40.48,65.55,56.36,120.2887839,7592,116060046384,"6/22/2016","Cornell University","BARC 542","T3 Date6 Blk2",7,"N9",8.17,91.83,5.51,0.49,1.32,1.7,28.3,63.66,5.65,27.78,19.58,69.24,13.05,6.6,2.53,2.48,1.33,7.07,0.18,0.29,0.13,2.55,0.11,8.27,20.37,63.65,65.43,24.79,50.04,57.25,58.3,29.09,54.7,51.76,63.08,46.57,21.57,2834,81.39,86.77
"645",2015,"MD","Beltsville","Triticale","NE426GT",60,"5/11/15","Blk3",5.253906614,8.5,40.12,64.98,57.12,120.5062506,7592,116060046385,"6/22/2016","Cornell University","BARC 543","T3 Date6 Blk3",7,"N9",8.3,91.7,5.43,0.54,1.36,1.71,30.71,64.06,5.49,27.47,17.8,72.21,12.57,5.43,2.38,2.5,1.34,7.81,0.22,0.3,0.14,2.59,0.12,8.5,19,63.77,65.56,25.08,50.35,56.63,57.61,28.34,53.88,51.22,62.08,45.85,20.9,2777,82.68,88.65
"646",2015,"MD","Beltsville","Triticale","NE426GT",59,"5/11/15","Blk4",3.680250869,8.69,39.75,64.65,56.45,118.8923457,7592,116060046386,"6/22/2016","Cornell University","BARC 544","T3 Date6 Blk4",7,"N9",8.21,91.79,5.51,0.55,1.39,1.8,29.92,63.24,5.43,27.54,18.21,71.2,12.02,6.73,2.96,2.58,1.35,8.18,0.24,0.29,0.15,2.55,0.13,8.69,19.34,63.88,65.69,25.29,50.58,56.63,57.61,28.42,53.97,51,61.91,45.61,20.67,2760,83.53,87.24
"647",2015,"MD","Beltsville","Triticale","TriMark099",59,"5/11/15","Blk1",5.936310577,8.35,39.85,64.47,55.89,116.8640433,7592,116060046414,"6/22/2016","Cornell University","BARC 573","T4 Date6 Blk1",7,"N9",8.21,91.79,5.52,0.49,1.34,1.69,28.86,63.03,5.55,27.8,17.3,72.55,12.09,6.35,2.64,2.52,1.41,8.23,0.24,0.29,0.16,2.62,0.13,8.35,19.67,63.85,65.65,25.24,50.52,56.55,57.52,28.19,53.72,50.81,61.89,45.17,20.27,2753,83.43,86.35
"648",2015,"MD","Beltsville","Triticale","TriMark099",59,"5/11/15","Blk2",4.004342426,8.88,39.08,64.01,56.53,126.1378385,7592,116060046415,"6/22/2016","Cornell University","BARC 574","T4 Date6 Blk2",7,"N9",8.27,91.73,5.53,0.51,1.42,1.66,30.97,62.16,5.47,27.02,17.92,71.17,11.99,4.6,3.3,2.63,1.5,6.99,0.22,0.29,0.15,2.42,0.13,8.88,21.13,64.09,65.92,25.61,50.92,58.23,59.39,30.68,56.43,52.87,64.21,48.52,23.38,2909,84.74,90.63
"649",2015,"MD","Beltsville","Triticale","TriMark099",59,"5/11/15","Blk3",2.873041462,10.22,37.44,61.06,57.74,130.415378,7592,116060046416,"6/22/2016","Cornell University","BARC 575","T4 Date6 Blk3",7,"N9",8.01,91.99,5.78,0.64,1.64,1.97,31.41,59.3,5.04,25.06,16.5,72.18,10.76,6.37,2.82,2.8,1.48,8.5,0.29,0.31,0.16,2.64,0.15,10.22,21.47,64.59,66.48,27.22,52.67,58.22,59.38,31.18,56.99,53.51,63.91,50.1,24.85,2900,91.22,97.17
"650",2015,"MD","Beltsville","Triticale","TriMark099",59,"5/11/15","Blk4",4.624846914,8.99,37.39,60.38,57.59,132.7980991,7592,116060046417,"6/22/2016","Cornell University","BARC 576","T4 Date6 Blk4",7,"N9",7.96,92.04,5.58,0.56,1.44,1.69,29.14,58.64,5.21,24.87,17.44,70.26,13.02,4.31,3.25,2.57,1.54,7.56,0.25,0.29,0.15,2.59,0.13,8.99,23.96,64.61,66.5,27.08,52.52,59.11,60.37,31.87,57.74,54.69,65.49,51.29,25.95,3001,92.2,100.01
"651",2015,"MD","Beltsville","Barley","Verdant",78,"5/15/15","Blk1",2.609339636,8.66,34.73,56.43,66.48,161.4035661,7592,116060046073,"6/16/2016","Cornell University","BARC 225","B1 Date7 Blk1",7,"N9",8.7,91.3,5.68,0.48,1.39,1.51,29.33,54.81,4.63,18.37,14.53,73.49,15.53,8.82,4.97,2.72,1.64,6.97,0.25,0.3,0.17,2.56,0.12,8.66,28.43,65.43,67.41,28.53,54.1,61.89,63.47,35.4,61.61,61.12,69.91,60.49,34.38,3360,102.12,133.2
"652",2015,"MD","Beltsville","Barley","Verdant",70,"5/15/15","Blk2",3.643513782,8.51,32.91,52.98,67.08,164.3984293,7592,116060046074,"6/16/2016","Cornell University","BARC 226","B1 Date7 Blk2",7,"N9",8.54,91.46,5.68,0.47,1.36,1.36,30.08,51.46,4.47,16.94,11.53,77.59,16.84,7.49,6.11,2.9,1.84,7.39,0.24,0.28,0.16,2.53,0.13,8.51,31.16,66,68.04,29.85,55.53,62.91,64.6,36.67,63.01,62.61,71.28,62.57,36.27,3453,111.32,143.89
"653",2015,"MD","Beltsville","Barley","Verdant",69,"5/15/15","Blk3",5.695758148,7.79,34.17,53.98,65.38,154.4231652,7592,116060046075,"6/16/2016","Cornell University","BARC 227","B1 Date7 Blk3",7,"N9",8.46,91.54,5.68,0.46,1.25,1.35,26.19,52.43,4.74,18.15,12.25,76.64,17.18,8.07,5.26,2.76,1.71,7.67,0.29,0.27,0.18,2.43,0.12,7.79,30.75,65.61,67.61,29.22,54.85,61.76,63.32,34.87,61.03,61.09,70,60.07,34,3357,107.18,135.63
"654",2015,"MD","Beltsville","Barley","Verdant",60,"5/15/15","Blk4",3.984212516,7.73,31.81,49.25,70.85,172.7431703,7592,116060046076,"6/16/2016","Cornell University","BARC 228","B1 Date7 Blk4",7,"N9",8.86,91.14,5.71,0.51,1.24,1.26,25.1,47.85,4.54,13.95,11.52,75.92,16.87,6.09,6.38,3,1.9,7.46,0.3,0.27,0.17,2.55,0.12,7.73,35.32,66.34,68.42,31.09,56.88,63.76,65.55,37.41,63.84,65.61,73.58,66.47,39.78,3629,121.28,166.44
"655",2015,"MD","Beltsville","Barley","Valor",84,"5/15/15","Blk1",3.483480995,7.86,36.3,56.31,57.84,139.0943957,7592,116060046104,"6/16/2016","Cornell University","BARC 257","B2 Date7 Blk1",7,"N9",8.13,91.87,5.49,0.56,1.26,1.41,27.35,54.69,6.06,23.06,17.1,68.73,11.73,5.8,10.29,2.73,1.71,6.91,0.23,0.28,0.16,2.06,0.12,7.86,29.24,64.94,66.87,28.31,53.86,59.71,61.04,32.17,58.07,57.59,68.58,55.04,29.4,3202,100.09,111.92
"656",2015,"MD","Beltsville","Barley","Valor",83,"5/15/15","Blk2",3.50914663,8.06,36.86,58,57.7,135.4233761,7592,116060046105,"6/16/2016","Cornell University","BARC 258","B2 Date7 Blk2",7,"N9",8.13,91.87,5.62,0.53,1.29,1.41,26.92,56.33,5.78,23.83,16.67,70.41,12.87,4.12,7.26,2.61,1.66,7.21,0.22,0.26,0.15,2.23,0.12,8.06,27.15,64.77,66.68,27.71,53.2,59.32,60.61,31.76,57.62,56.32,67.24,53.27,27.78,3115,96.58,106.41
"657",2015,"MD","Beltsville","Barley","Valor",75,"5/15/15","Blk3",4.550869494,8.17,35.22,54.15,59.26,145.0752114,7592,116060046106,"6/16/2016","Cornell University","BARC 259","B2 Date7 Blk3",7,"N9",8.23,91.77,5.6,0.59,1.31,1.36,28.03,52.6,5.81,21.43,15.91,69.75,13.87,5.39,8.25,2.67,1.78,7.27,0.28,0.25,0.17,2.03,0.13,8.17,30.54,65.28,67.24,29.28,54.91,60.4,61.81,33.21,59.2,58.94,69.46,57.15,31.33,3271,105.77,120.53
"658",2015,"MD","Beltsville","Barley","Valor",83,"5/15/15","Blk4",2.87354471,7.6,34.63,53.13,60.3,147.8488442,7592,116060046107,"6/16/2016","Cornell University","BARC 260","B2 Date7 Blk4",7,"N9",8.4,91.6,5.54,0.55,1.22,1.21,26.05,51.61,5.93,20.49,17.24,66.6,14.57,6.57,9.58,2.78,1.85,6.93,0.25,0.24,0.16,1.92,0.12,7.6,32.22,65.47,67.45,29.48,55.13,60.93,62.4,33.67,59.72,60.23,70.66,58.76,32.81,3358,108.48,127.27
"659",2015,"MD","Beltsville","Barley","P919",84,"5/15/15","Blk1",5.352543175,7.68,36.22,54.75,59.55,145.7422873,7592,116060046136,"6/17/2016","Cornell University","BARC 289","B3 Date7 Blk1",7,"N9",8.4,91.6,5.48,0.66,1.23,1.41,24.22,53.18,6.28,21.51,18.61,65.01,13.44,6.9,9.46,2.66,1.72,6.63,0.27,0.26,0.17,2.14,0.11,7.68,31.2,64.97,66.9,28.88,54.47,60.02,61.39,32.45,58.38,59.37,70.03,57.56,31.7,3311,103.01,120.98
"660",2015,"MD","Beltsville","Barley","P919",80,"5/15/15","Blk2",3.534309018,6.52,34.76,51.72,60.15,144.447337,7592,116060046137,"6/17/2016","Cornell University","BARC 290","B3 Date7 Blk2",7,"N9",8.2,91.8,5.38,0.74,1.04,1.33,22.09,50.24,6.56,20.02,17.33,65.51,13.86,6.72,12.54,2.59,1.78,6.77,0.27,0.23,0.18,1.82,0.1,6.38,35.02,65.42,67.4,29.69,55.36,60.33,61.73,32.34,58.25,61.03,71.53,59.43,33.41,3413,111.18,131.18
"661",2015,"MD","Beltsville","Barley","P919",77,"5/15/15","Blk3",4.245901351,7.01,33.06,48.74,57.95,150.1775756,7592,116060046138,"6/17/2016","Cornell University","BARC 291","B3 Date7 Blk3",7,"N9",8.75,91.25,5.4,0.46,1.12,1.03,25.25,47.35,5.83,19.91,15.68,66.88,14.71,4.57,13.81,2.89,1.96,6.17,0.24,0.27,0.15,2.07,0.1,7.01,37.54,65.95,67.99,31.05,56.84,63.29,65.03,36.53,62.86,62.27,73.51,61.43,35.23,3521,120.43,137
"662",2015,"MD","Beltsville","Barley","P919",78,"5/15/15","Blk4",3.463351084,7.51,35.15,53.7,60.79,147.8874149,7592,116060046139,"6/17/2016","Cornell University","BARC 292","B3 Date7 Blk4",7,"N9",8.28,91.72,5.63,0.5,1.2,1.26,25.03,52.16,5.59,20.45,15.78,69.75,16.69,7.73,7.16,2.56,1.7,6.88,0.27,0.25,0.17,2.2,0.12,7.51,32.01,65.3,67.27,29.23,54.85,61.2,62.7,34.01,60.09,60.06,70.33,58.46,32.53,3341,106.35,126.6
"663",2015,"MD","Beltsville","Barley","Thoroughbred",85,"5/15/15","Blk1",3.434162714,8.48,34.8,55.87,59.61,145.6925554,7592,116060046168,"6/17/2016","Cornell University","BARC 321","B4 Date7 Blk1",7,"N9",8.29,91.71,5.57,0.54,1.36,1.57,27.24,54.27,5.51,21.92,18.32,66.24,12.51,8.11,9.46,2.8,1.71,7.03,0.24,0.27,0.16,2.07,0.13,8.48,29.08,65.41,67.39,28.7,54.28,60.63,62.07,33.66,59.7,58.49,68.99,56.64,30.86,3244,102.98,117.45
"664",2015,"MD","Beltsville","Barley","Thoroughbred",83,"5/15/15","Blk2",2.795038059,8.13,34.89,56.75,58.69,141.8971932,7592,116060046169,"6/17/2016","Cornell University","BARC 322","B4 Date7 Blk2",7,"N9",8.26,91.74,5.59,0.52,1.3,1.51,27.18,55.12,5.5,22.77,18.36,66.69,13.92,8.29,7.66,2.81,1.8,6.83,0.22,0.25,0.17,1.97,0.13,8.13,28.63,65.38,67.36,28.22,53.76,60.69,62.13,33.61,59.64,57.96,68.8,55.71,30.02,3224,100.95,113.34
"665",2015,"MD","Beltsville","Barley","Thoroughbred",77,"5/15/15","Blk3",3.109064661,8.61,33.74,53.95,61.03,149.7974695,7592,116060046170,"6/17/2016","Cornell University","BARC 323","B4 Date7 Blk3",7,"N9",8.43,91.57,5.56,0.46,1.38,1.43,27.87,52.4,5.23,20.42,15.15,71.09,14.21,7.81,8.71,2.76,1.84,7.49,0.23,0.27,0.16,2.24,0.13,8.61,30.09,65.73,67.75,29.5,55.14,61.37,62.89,34.73,60.87,59.64,69.69,58.36,32.44,3301,107.76,125.34
"666",2015,"MD","Beltsville","Barley","Thoroughbred",71,"5/15/15","Blk4",5.035497087,8.46,35.9,57.78,58.37,136.6885602,7592,116060046171,"6/17/2016","Cornell University","BARC 324","B4 Date7 Blk4",7,"N9",8.22,91.78,5.6,0.5,1.35,1.57,27.54,56.12,5.44,23.36,15.77,71.9,14.26,8.35,6.13,2.49,1.57,7.69,0.28,0.25,0.18,2.12,0.14,8.46,26.73,65.07,67.01,27.93,53.44,59.42,60.72,32.07,57.96,56.21,66.75,53.28,27.79,3089,98.24,107.8
"667",2015,"MD","Beltsville","Cereal.rye","Huron",65,"5/15/15","Blk1",4.141729065,7.77,44.45,72.31,53.01,97.60895735,7592,116060046198,"6/17/2016","Cornell University","BARC 353","R1 Date7 Blk1",7,"N9",7.5,92.5,5.38,0.52,1.24,1.81,30.89,70.2,6.05,32.99,20.64,70.6,9.01,2.06,2.36,2.71,1.22,7.2,0.11,0.3,0.11,2.6,0.11,7.77,14.42,62.43,64.07,21.94,46.97,54.44,55.17,25.03,50.3,46.3,58.75,37.96,13.51,2524,69.84,67.21
"668",2015,"MD","Beltsville","Cereal.rye","Huron",65,"5/15/15","Blk2",4.057686689,6.68,44.87,72.46,52.76,90.81210263,7592,116060046199,"6/17/2016","Cornell University","BARC 354","R1 Date7 Blk2",7,"N9",7.81,92.19,5.23,0.49,1.07,1.78,24.25,69.81,6.21,32.98,20.17,71.11,10.53,4.15,2.48,2.62,1.23,8.06,0.14,0.28,0.11,2.53,0.1,6.68,15,62.3,63.92,21.5,46.5,53.47,54.09,23.21,48.33,45.59,57.83,36.32,11.95,2462,69.42,65.47
"669",2015,"MD","Beltsville","Cereal.rye","Huron",65,"5/15/15","Blk3",5.13815963,7.33,45.1,72.21,54.73,96.92045551,7592,116060046200,"6/17/2016","Cornell University","BARC 355","R1 Date7 Blk3",7,"N9",8.09,91.91,5.3,0.5,1.17,1.79,27.83,69.63,6.32,31.52,20.84,70.07,9.58,4.15,2.57,2.52,1.1,7.81,0.14,0.29,0.11,2.65,0.1,7.33,14.92,62.23,63.85,21.82,46.84,53.44,54.06,23.45,48.59,46.83,58.47,38.56,14.07,2522,69.19,70.04
"670",2015,"MD","Beltsville","Cereal.rye","Huron",65,"5/15/15","Blk4",5.37166659,7.73,42.22,70.08,56.65,109.2815667,7592,116060046201,"6/17/2016","Cornell University","BARC 356","R1 Date7 Blk4",7,"N9",7.91,92.09,5.26,0.46,1.24,1.89,27.94,67.2,5.79,29.13,18.39,72.63,10.74,5.34,2.94,3.01,1.48,7.6,0.16,0.29,0.13,2.61,0.11,7.73,16.88,63.12,64.84,22.8,47.89,55.74,56.62,26.84,52.25,49.85,61.05,43.42,18.63,2706,74.25,78.89
"671",2015,"MD","Beltsville","Cereal.rye","Spooner",68,"5/15/15","Blk1",5.382738041,6.6,47.62,75.36,51.43,83.63425359,7592,116060046229,"6/17/2016","Cornell University","BARC 385","R2 Date7 Blk1",7,"N9",7.63,92.37,5.31,0.44,1.06,1.74,21.52,73.13,6.97,35.52,21.22,70.98,10.84,5.32,0.14,2.35,1.04,7.05,0.12,0.29,0.09,2.72,0.09,6.6,12.92,61.45,62.98,20.31,45.22,52.1,52.57,21.27,46.24,43.73,56.81,33.33,9.12,2384,63.85,59.46
"672",2015,"MD","Beltsville","Cereal.rye","Spooner",69,"5/15/15","Blk2",3.469390057,7.21,45.33,72.86,51.3,91.06323727,7592,116060046230,"6/17/2016","Cornell University","BARC 386","R2 Date7 Blk2",7,"N9",7.7,92.3,5.24,0.5,1.15,1.68,27.88,70.29,6.61,34.23,22.95,67.35,10,5,2.16,2.5,1.2,7.23,0.14,0.28,0.11,2.51,0.11,7.21,14.75,62.16,63.77,21.52,46.51,53.44,54.06,23.4,48.54,45.21,58.2,35.98,11.63,2472,68.55,63.17
"673",2015,"MD","Beltsville","Cereal.rye","Spooner",61,"5/15/15","Blk3",5.790368727,6.62,49.06,76.32,47.93,72.60789272,7592,116060046231,"6/17/2016","Cornell University","BARC 387","R2 Date7 Blk3",7,"N9",7.57,92.43,5.28,0.49,1.06,1.67,23.72,73.59,7.25,38.32,22.85,68.95,9.37,4.76,0.58,2.18,0.9,7.55,0.12,0.29,0.08,2.64,0.1,6.62,12.01,61,62.48,19.94,44.82,50.79,51.11,19.39,44.23,40.73,54.77,28.55,4.56,2218,61.68,50.85
"674",2015,"MD","Beltsville","Cereal.rye","Spooner",67,"5/15/15","Blk4",5.742056942,6.3,48.85,75.87,47.02,69.32866301,7592,116060046232,"6/17/2016","Cornell University","BARC 388","R2 Date7 Blk4",7,"N9",7.7,92.3,5.25,0.48,1.01,1.64,23.17,72.26,7.26,38.28,24.41,66.22,9.24,3.59,1.16,2.16,0.94,8.38,0.15,0.29,0.1,2.62,0.1,6.3,12.76,61.07,62.56,20,44.89,50.4,50.67,18.7,43.49,40.24,54.24,27.59,3.64,2174,62.28,48.78
"675",2015,"MD","Beltsville","Cereal.rye","Aroostook",71,"5/15/15","Blk1",6.801393476,5.48,50.24,75.44,46.15,66.29491013,7592,116060046261,"6/17/2016","Cornell University","BARC 417","R3 Date7 Blk1",7,"N9",7.79,92.21,5.28,0.47,0.88,1.44,16.79,72.26,8.23,38.91,25.6,64.57,11.74,5.61,0.61,1.99,1.02,7.48,0.14,0.26,0.1,2.17,0.08,5.48,14.2,60.64,62.08,19.9,44.78,49.85,50.06,17.53,42.25,40.64,55.3,27.83,3.88,2234,61.33,48.95
"676",2015,"MD","Beltsville","Cereal.rye","Aroostook",71,"5/15/15","Blk2",5.044555546,4.8,50.56,75.9,46.63,64.70479783,7592,116060046262,"6/17/2016","Cornell University","BARC 418","R3 Date7 Blk2",7,"N9",7.67,92.33,5.19,0.45,0.77,1.34,31.46,73.47,8.15,39.21,28.44,61.29,12.13,5.67,0.96,1.98,1.04,7.22,0.12,0.25,0.09,2.12,0.07,4.8,13.81,60.54,61.97,19.46,44.31,49.87,50.08,17.24,41.93,40.44,55.14,27.17,3.24,2228,60.64,49.36
"677",2015,"MD","Beltsville","Cereal.rye","Aroostook",70,"5/15/15","Blk3",5.650969097,5.57,48.79,73.46,45.91,70.4571878,7592,116060046263,"6/17/2016","Cornell University","BARC 419","R3 Date7 Blk3",7,"N9",7.72,92.28,5.13,0.56,0.89,1.47,18.49,70.4,8,38.08,26.98,61.68,11.75,5.87,1.89,2.15,1.15,7.65,0.15,0.24,0.09,1.98,0.08,5.57,15.7,61.09,62.58,20.72,45.65,50.66,50.96,18.7,43.49,41.64,56.24,29.5,5.47,2292,64.3,51.01
"678",2015,"MD","Beltsville","Cereal.rye","Aroostook",71,"5/15/15","Blk4",6.555305322,4.96,50.99,76.29,46.1,62.61989536,7592,116060046264,"6/17/2016","Cornell University","BARC 420","R3 Date7 Blk4",7,"N9",7.59,92.41,5.18,0.42,0.79,1.35,10.89,74.02,8.15,39.9,28.92,60.93,11.53,5.68,0.81,1.87,0.96,7.46,0.12,0.25,0.08,2.23,0.07,4.96,12.95,60.41,61.82,19.38,44.22,49.41,49.57,16.67,41.32,39.46,54.25,25.65,1.79,2165,59.85,47.63
"679",2015,"MD","Beltsville","Cereal.rye","LakeviewVNS",68,"5/15/15","Blk1",7.108877858,7.06,47.44,75.57,52.79,86.78463602,7592,116060046292,"6/22/2016","Cornell University","BARC 449","R4 Date7 Blk1",7,"N9",7.89,92.11,5.32,0.43,1.13,1.73,26.49,72.99,6.81,34.46,22.76,68.82,9.99,4.64,0.53,2.36,1,7.16,0.14,0.29,0.11,2.54,0.1,7.06,12.52,61.51,63.04,20.4,45.31,52.25,52.73,21.7,46.7,44.4,56.96,34.62,10.35,2407,64.02,61.96
"680",2015,"MD","Beltsville","Cereal.rye","LakeviewVNS",65,"5/15/15","Blk3",4.528223344,6.53,48.41,76.15,51.09,78.63860357,7592,116060046294,"6/22/2016","Cornell University","BARC 451","R4 Date7 Blk3",7,"N9",7.84,92.16,5.22,0.43,1.04,1.69,22.36,73.3,6.96,35.85,21.75,70.33,10.6,4.81,0.39,2.28,1.01,7.68,0.13,0.3,0.09,2.66,0.08,6.53,12.17,61.21,62.71,19.98,44.86,51.41,51.8,20.26,45.16,42.76,55.74,31.75,7.62,2312,62.7,57.12
"681",2015,"MD","Beltsville","Cereal.rye","LakeviewVNS",63,"5/15/15","Blk4",4.546843512,7.9,43.4,70.14,55.13,105.1714719,7592,116060046295,"6/22/2016","Cornell University","BARC 452","R4 Date7 Blk4",7,"N9",7.65,92.35,5.26,0.55,1.26,1.88,27.97,67.97,6.13,30.5,20.66,69.6,9.58,2.54,2.7,2.9,1.42,7.53,0.19,0.29,0.12,2.45,0.11,7.9,16.06,62.75,64.43,22.83,47.92,54.86,55.64,25.67,50.99,48.62,60.3,41.61,16.94,2644,73.03,75.59
"682",2015,"MD","Beltsville","Triticale","TriCal815",67,"5/15/15","Blk1",4.981649576,8.44,41.58,66.99,55.7,113.2967907,7592,116060046324,"6/22/2016","Cornell University","BARC 481","T1 Date7 Blk1",7,"N9",7.8,92.2,5.35,0.57,1.35,1.86,30.45,66.03,5.88,29.25,20.84,68.44,11.45,5.13,2.53,2.39,1.15,7.74,0.25,0.3,0.15,2.57,0.12,8.44,17.5,63.32,65.06,24.27,49.48,55.28,56.11,26.45,51.83,49.38,60.64,43.02,18.26,2671,78.41,81.28
"683",2015,"MD","Beltsville","Triticale","TriCal815",67,"5/15/15","Blk2",5.894541013,7.98,39.83,64.84,58.77,130.6190796,7592,116060046325,"6/22/2016","Cornell University","BARC 482","T1 Date7 Blk2",7,"N9",8.38,91.62,5.28,0.44,1.28,1.67,26.94,62.97,5.7,25.96,19.82,68.52,14.04,6.41,3.22,2.75,1.52,6.11,0.18,0.28,0.13,2.46,0.11,7.98,22.09,63.86,65.66,24.97,50.23,58.58,59.78,30.78,56.54,54.49,65.53,50.52,25.23,3014,82.99,95.71
"684",2015,"MD","Beltsville","Triticale","TriCal815",67,"5/15/15","Blk3",4.3359827,8.46,39.88,63.92,56.98,120.4277459,7592,116060046326,"6/22/2016","Cornell University","BARC 483","T1 Date37 Blk3",7,"N9",8.21,91.79,5.42,0.52,1.35,1.75,29.91,62.78,5.48,27.01,18.53,70.48,13.16,6.69,3.17,2.59,1.39,8.14,0.25,0.3,0.15,2.53,0.12,8.46,19.98,63.84,65.64,25.5,50.8,56.78,57.78,28.54,54.11,51.57,62.36,46.37,21.39,2793,84.28,89.74
"685",2015,"MD","Beltsville","Triticale","TriCal815",67,"5/15/15","Blk4",5.09538357,7.55,41.06,65.63,54.2,111.2357929,7592,116060046327,"6/22/2016","Cornell University","BARC 484","T1 Date7 Blk4",7,"N9",7.99,92.01,5.3,0.49,1.21,1.6,29.54,63.73,5.87,29.19,20.1,68.46,13.09,6.19,3.33,2.56,1.4,7.54,0.2,0.27,0.13,2.42,0.11,7.55,20.38,63.48,65.24,24.51,49.73,56.46,57.42,27.71,53.2,50.25,62.08,43.94,19.12,2750,80.73,81.34
"686",2015,"MD","Beltsville","Triticale","TriCal718",61,"5/15/15","Blk1",6.670549059,8.42,40.91,66.11,57.83,121.0551376,7592,116060046355,"6/22/2016","Cornell University","BARC 513","T2 Date7 Blk1",7,"N9",8.29,91.71,5.47,0.46,1.35,1.8,27.55,64.2,5.56,27.07,17.75,72.35,13.12,5.4,1.9,2.65,1.43,7.41,0.21,0.31,0.14,2.82,0.12,8.42,19.34,63.53,65.29,24.61,49.84,57.09,58.12,28.97,54.57,52.05,62.88,47.08,22.05,2834,80.46,88.51
"687",2015,"MD","Beltsville","Triticale","TriCal718",62,"5/15/15","Blk2",3.451273138,7.57,43.26,69.21,54.8,108.2365898,7592,116060046356,"6/22/2016","Cornell University","BARC 514","T2 Date7 Blk2",7,"N9",7.95,92.05,5.39,0.43,1.21,1.69,27.21,67.21,6.01,30.38,21.39,68.17,12.61,6.07,1.85,2.41,1.17,6.72,0.17,0.3,0.13,2.5,0.1,7.57,18.02,62.8,64.48,23.1,48.21,55.84,56.73,26.9,52.32,49.26,61.2,42.42,17.69,2699,74.03,76.87
"688",2015,"MD","Beltsville","Triticale","TriCal718",60,"5/15/15","Blk3",4.199602557,8.51,41.67,67.18,55.82,111.1489194,7592,116060046357,"6/22/2016","Cornell University","BARC 515","T2 Date7 Blk3",7,"N9",7.91,92.09,5.41,0.61,1.36,1.92,30.55,66.03,5.57,29.17,19,71.23,11.06,3.49,2.23,2.49,1.18,8.29,0.21,0.31,0.13,2.63,0.12,8.51,16.91,63.29,65.03,24.21,49.41,55.25,56.07,26.43,51.81,48.97,60.02,42.42,17.7,2632,78.32,80.56
"689",2015,"MD","Beltsville","Triticale","TriCal718",60,"5/15/15","Blk4",5.011844442,7.4,42.64,68.43,53.17,103.2076536,7592,116060046358,"6/22/2016","Cornell University","BARC 516","T2 Date7 Blk4",7,"N9",7.72,92.28,5.38,0.49,1.18,1.62,28.78,66.45,5.74,31.12,19.9,70.05,12.46,5.03,2.18,2.44,1.26,7.57,0.16,0.29,0.12,2.59,0.11,7.4,17.94,62.99,64.69,23.34,48.47,55.68,56.55,26.58,51.97,48.06,60.23,40.5,15.9,2621,75.53,73.48
"690",2015,"MD","Beltsville","Triticale","NE426GT",67,"5/15/15","Blk1",7.738944053,7.73,40.86,65.36,55.54,116.8164999,7592,116060046387,"6/22/2016","Cornell University","BARC 545","T3 Date7 Blk1",7,"N9",8.28,91.72,5.42,0.51,1.24,1.65,26,63.47,5.92,28.22,20.19,68.19,13.32,7.4,2.92,2.48,1.36,7.1,0.21,0.28,0.14,2.4,0.11,7.73,20.99,63.53,65.3,24.67,49.91,56.83,57.83,28.28,53.82,51.46,63.03,45.86,20.91,2824,81.4,85.19
"691",2015,"MD","Beltsville","Triticale","NE426GT",67,"5/15/15","Blk2",4.359132097,7,41.81,66.16,53.48,110.1751998,7592,116060046388,"6/22/2016","Cornell University","BARC 546","T3 Date7 Blk2",7,"N9",8.02,91.98,5.38,0.48,1.12,1.52,24.14,64.25,6.3,29.89,22.62,64.79,14.28,6.25,2.91,2.25,1.27,6.62,0.17,0.26,0.13,2.23,0.1,7,21.38,63.25,64.98,24.1,49.29,56.35,57.3,27.32,52.77,50.33,62.66,43.8,18.99,2781,79.04,79.58
"692",2015,"MD","Beltsville","Triticale","NE426GT",67,"5/15/15","Blk3",3.851355107,8.29,39.63,63.6,55.24,118.1280259,7592,116060046389,"6/22/2016","Cornell University","BARC 547","T3 Date7 Blk3",7,"N9",7.98,92.02,5.39,0.59,1.33,1.75,29.92,61.77,5.51,27.65,19.44,68.53,12.75,7.7,3.25,2.38,1.25,7.91,0.25,0.28,0.15,2.36,0.12,8.29,21.53,63.92,65.73,25.57,50.88,57,58.02,28.72,54.3,51.32,62.6,45.9,20.94,2793,85.02,86.52
"693",2015,"MD","Beltsville","Triticale","NE426GT",65,"5/15/15","Blk4",5.652982088,7.24,41.93,66.06,52.79,106.0405858,7592,116060046390,"6/22/2016","Cornell University","BARC 548","T3 Date7 Blk4",7,"N9",8.1,91.9,5.38,0.52,1.16,1.56,26.52,64.5,6.24,30.45,21.26,67.04,13.34,5.13,3.07,2.23,1.26,7.55,0.21,0.26,0.14,2.27,0.11,7.24,20.01,63.21,64.94,24.23,49.43,55.42,56.26,26.14,51.49,48.93,61.14,41.77,17.09,2676,79.35,77.25
"694",2015,"MD","Beltsville","Triticale","TriMark099",65,"5/15/15","Blk1",3.036093736,7.58,39.09,62.09,56.1,126.6137556,7592,116060046418,"6/22/2016","Cornell University","BARC 577","T4 Date7 Blk1",7,"N9",8.32,91.68,5.4,0.48,1.21,1.49,25.73,60.3,5.89,26.47,19.55,67.58,14.65,6.51,3.55,2.53,1.56,6.42,0.21,0.26,0.14,2.25,0.11,7.58,24.63,64.08,65.91,25.93,51.27,58.7,59.92,30.75,56.51,54.24,65.9,49.97,24.73,3014,87.45,94.37
"695",2015,"MD","Beltsville","Triticale","TriMark099",67,"5/15/15","Blk2",3.95401765,7.75,40.56,65.3,54.82,114.494353,7592,116060046419,"6/22/2016","Cornell University","BARC 578","T4 Date7 Blk2",7,"N9",8,92,5.35,0.52,1.24,1.66,27.35,64.38,5.89,29.09,19.88,69.12,12.76,5.24,3.55,2.45,1.38,7.42,0.21,0.27,0.14,2.33,0.11,7.75,19.73,63.63,65.41,24.71,49.95,56.32,57.27,27.59,53.07,50.33,62.03,44.15,19.32,2753,81.73,83.2
"696",2015,"MD","Beltsville","Triticale","TriMark099",65,"5/15/15","Blk3",5.134133648,8.5,40.45,64.13,54.09,113.0442474,7592,116060046420,"6/22/2016","Cornell University","BARC 579","T4 Date7 Blk3",7,"N9",8.16,91.84,5.45,0.58,1.36,1.72,30.94,62.95,5.74,28.9,18.92,69.94,11.51,5.39,3.26,2.39,1.26,8.36,0.25,0.28,0.15,2.41,0.13,8.5,19.65,63.67,65.45,25.42,50.71,55.87,56.76,27.29,52.74,49.66,61.14,43.49,18.69,2688,83.19,82.59
"697",2015,"MD","Beltsville","Triticale","TriMark099",63,"5/15/15","Blk4",6.593552152,8.03,39.62,63.09,55.17,118.6641469,7592,116060046421,"6/22/2016","Cornell University","BARC 580","T4 Date7 Blk4",7,"N9",8.09,91.91,5.42,0.53,1.28,1.67,25.78,61.27,5.66,27.47,19.15,68.74,13,6.67,3.66,2.5,1.43,7.74,0.25,0.28,0.14,2.41,0.12,8.03,22.2,63.92,65.73,25.67,50.99,57.33,58.39,29.09,54.7,51.9,63.32,46.67,21.67,2839,85.49,88.28
"698",2015,"MD","Beltsville","Barley","Verdant",83,"5/21/15","Blk1",4.029504814,8.44,37.38,60.48,61.3,138.5330111,7592,116060046080,"6/16/2016","Cornell University","BARC 232","B1 Date8 Blk1",7,"N9",8.46,91.54,5.6,0.56,1.35,1.67,29.98,58.74,5.23,22.73,14.39,75.5,11.56,3.89,6.98,2.59,1.43,7.65,0.24,0.3,0.16,2.44,0.12,8.44,24.41,64.61,66.5,26.85,52.27,58.82,60.05,31.23,57.04,56.15,65.9,53.18,27.69,3059,91.76,108.29
"699",2015,"MD","Beltsville","Barley","Verdant",85,"5/21/15","Blk2",4.81910055,7.05,37.68,60.37,59.42,128.4245019,7592,116060046077,"6/16/2016","Cornell University","BARC 229","B1 Date8 Blk2",7,"N9",8.17,91.83,5.52,0.55,1.13,1.43,27.38,58.63,5.4,23.79,17.61,69.96,13.97,5.04,6.11,2.51,1.49,7.76,0.24,0.26,0.16,2.31,0.11,7.05,25.5,64.52,66.4,26.42,51.8,58.46,59.65,30.15,55.86,55.25,65.51,51.22,25.89,3018,91.86,103.85
"700",2015,"MD","Beltsville","Barley","Verdant",84,"5/21/15","Blk3",5.721927031,7.07,37.06,58.86,59.21,131.889936,7592,116060046078,"6/16/2016","Cornell University","BARC 230","B1 Date9 Blk3",7,"N9",8.15,91.85,5.47,0.52,1.13,1.34,28.85,57.17,5.38,23.32,17.76,68.93,14.68,5.95,6.61,2.52,1.53,7.43,0.24,0.25,0.15,2.2,0.11,7.07,27.14,64.71,66.61,27.03,52.47,59.29,60.57,31.29,57.1,56.21,66.64,52.65,27.21,3089,94.93,107.71
"701",2015,"MD","Beltsville","Barley","Verdant",84,"5/21/15","Blk4",5.65700807,7.34,38.46,61.81,59.24,126.5292664,7592,116060046079,"6/16/2016","Cornell University","BARC 231","B1 Date8 Blk4",7,"N9",8.08,91.92,5.62,0.59,1.17,1.5,28.47,60.03,5.16,24.47,16.55,72.43,14.08,5,3.85,2.37,1.36,7.87,0.25,0.26,0.16,2.46,0.12,7.34,23.9,64.28,66.13,25.95,51.29,58.16,59.31,29.85,55.53,54.22,64.44,49.82,24.59,2947,88.64,99.84
"702",2015,"MD","Beltsville","Barley","Valor",86,"5/21/15","Blk1",4.164375214,6.83,37.16,58.1,56.59,131.087276,7592,116060046110,"6/16/2016","Cornell University","BARC 263","B2 Date8 Blk1",7,"N9",8.1,91.9,5.38,0.61,1.09,1.33,24.6,56.92,6.35,24.71,18.34,67.78,9.44,3.17,13.63,2.67,1.58,6.43,0.2,0.25,0.14,1.77,0.1,6.83,28.57,64.68,66.58,27.25,52.7,58.82,60.05,30.51,56.25,56.21,67.69,52.54,27.1,3134,96.2,104.96
"703",2015,"MD","Beltsville","Barley","Valor",85,"5/21/15","Blk2",4.311826808,6.78,36.33,55.71,54.89,128.3942567,7592,116060046111,"6/16/2016","Cornell University","BARC 264","B2 Date8 Blk2",7,"N9",8.14,91.86,5.27,0.64,1.08,1.29,24.34,53.74,6.29,24.24,20.22,62.37,8.2,3.16,17.09,2.69,1.61,7.02,0.19,0.27,0.12,1.7,0.09,6.78,31.14,64.94,66.86,28.19,53.72,59.29,60.57,31.1,56.89,56.59,68.23,53.08,27.6,3153,101,106.12
"704",2015,"MD","Beltsville","Barley","Valor",86,"5/21/15","Blk3",NA,7.16,34.09,51.76,58.73,147.3537408,7592,116060046108,"6/16/2016","Cornell University","BARC 261","B2 Date8 Blk3",7,"N9",8.26,91.74,5.35,0.56,1.15,1.18,25.28,50.28,5.79,20.75,18.32,63.56,10.26,4.11,16.95,2.79,1.74,6.33,0.21,0.27,0.13,1.77,0.1,7.16,34.67,65.63,67.63,29.9,55.58,61.96,63.55,34.82,60.98,60.72,71.67,59.27,33.27,3409,112.12,128.18
"705",2015,"MD","Beltsville","Barley","Valor",86,"5/21/15","Blk4",4.554895476,6.82,36.04,55.81,55.38,127.75447,7592,116060046109,"6/16/2016","Cornell University","BARC 262","B2 Date8 Blk4",7,"N9",8.24,91.76,5.26,0.6,1.09,1.26,40.62,53.68,5.95,23.95,17.5,67.4,7.76,3.33,16.9,2.85,1.69,7.37,0.2,0.26,0.13,1.61,0.1,6.82,30.7,65.03,66.96,28.15,53.68,59.59,60.91,31.55,57.39,56.57,68,53.07,27.59,3143,101.37,106.55
"706",2015,"MD","Beltsville","Barley","P919",85,"5/21/15","Blk1",5.958453478,6.44,36.6,55.92,55.6,129.6251021,7592,116060046142,"6/17/2016","Cornell University","BARC 295","B3 Date8 Blk1",7,"N9",8.07,91.93,5.28,0.52,1.03,1.16,24.38,54.32,6,24.12,18.21,66.48,9.82,5.3,15.43,2.77,1.64,6.59,0.19,0.27,0.12,1.9,0.09,6.44,31.17,64.85,66.77,27.99,53.5,60.08,61.45,32.06,57.95,56.99,68.64,53.52,28,3186,100.65,107.85
"707",2015,"MD","Beltsville","Barley","P919",86,"5/21/15","Blk2",4.69328861,7.01,36.49,57.16,58.38,139.2237698,7592,116060046143,"6/17/2016","Cornell University","BARC 296","B3 Date8 Blk2",7,"N9",8.17,91.83,5.35,0.58,1.12,1.3,24.54,55.52,5.75,23.11,16.88,69.6,10.25,5.49,12.36,3.15,1.77,6.03,0.2,0.26,0.14,1.85,0.1,7.01,29.97,64.89,66.81,27.68,53.17,60.79,62.24,33.22,59.22,58.32,69.53,55.73,30.03,3268,98.44,112.49
"708",2015,"MD","Beltsville","Barley","P919",85,"5/21/15","Blk3",4.90213643,5.29,39.62,60.31,54.12,110.458303,7592,116060046140,"6/17/2016","Cornell University","BARC 293","B3 Date8 Blk3",7,"N9",8.19,91.81,5.16,0.62,0.85,1.2,19.28,59.09,6.52,27.11,20.91,64.61,11.48,4.85,11.45,2.56,1.45,7.27,0.2,0.24,0.13,1.89,0.08,5.14,27.1,63.92,65.73,25.86,51.19,56.86,57.87,27.18,52.63,52.95,64.82,46.97,21.94,2926,89.53,92.65
"709",2015,"MD","Beltsville","Barley","P919",86,"5/21/15","Blk4",8.075616805,5.99,34.62,51.76,57.32,137.4902997,7592,116060046141,"6/17/2016","Cornell University","BARC 294","B3 Date8 Blk4",7,"N9",8.27,91.73,5.2,0.52,0.96,1,23.87,50.28,5.98,21.46,18.65,62.91,12.5,5.79,16.52,2.82,1.81,6.31,0.2,0.25,0.13,1.73,0.08,5.99,35.61,65.47,67.45,29.51,55.16,61.76,63.32,34.08,60.16,60.23,71.56,58.05,32.15,3390,111.38,124.83
"710",2015,"MD","Beltsville","Barley","Thoroughbred",86,"5/21/15","Blk1",3.617848147,7.27,32.87,51.94,58.18,146.6731799,7592,116060046173,"6/17/2016","Cornell University","BARC 326","B4 Date8 Blk1",7,"N9",7.83,92.17,5.23,0.61,1.16,1.39,25.58,50.91,5.65,21.29,17.82,65,8.62,3.54,19.5,3.04,1.79,6.18,0.18,0.27,0.13,1.54,0.1,7.27,34.24,66,68.05,29.86,55.54,62.2,63.81,35.15,61.34,60.49,71.64,58.99,33.02,3403,113.33,126.97
"711",2015,"MD","Beltsville","Barley","Thoroughbred",85,"5/21/15","Blk2",4.806016108,6.32,34.13,54.14,56.78,137.7423406,7592,116060046175,"6/17/2016","Cornell University","BARC 328","B4 Date8 Blk2",7,"N9",7.82,92.18,5.13,0.56,1.01,1.22,21.36,52.59,5.92,22.73,18.24,65.32,9.8,3.4,18.31,2.97,1.83,5.65,0.16,0.25,0.12,1.49,0.09,6.32,33.83,65.62,67.62,28.65,54.23,61.85,63.42,34.31,60.42,59.58,71.3,57.26,31.43,3368,107.23,118.08
"712",2015,"MD","Beltsville","Barley","Thoroughbred",85,"5/21/15","Blk3",6.042495854,6.85,35.24,54.73,54.53,129.5238856,7592,116060046174,"6/17/2016","Cornell University","BARC 327","B4 Date8 Blk3",7,"N9",7.88,92.12,5.14,0.6,1.1,1.34,24.53,53.35,6,24.26,19.66,63.15,9.77,3.53,16.57,2.65,1.64,7,0.2,0.25,0.13,1.62,0.09,6.85,31.5,65.28,67.24,28.6,54.17,59.95,61.31,32.02,57.91,56.73,68.46,53.32,27.82,3165,104.32,108.14
"713",2015,"MD","Beltsville","Barley","Thoroughbred",84,"5/21/15","Blk4",7.491849403,6.36,36.49,56.69,54.65,125.4243041,7592,116060046172,"6/17/2016","Cornell University","BARC 325","B4 Date8 Blk4",7,"N9",8.28,91.72,5.2,0.55,1.02,1.22,23.27,55.1,6.29,24.99,21.37,61.22,11.55,5.25,13.38,2.65,1.66,6.73,0.21,0.24,0.14,1.68,0.1,6.36,30.37,64.89,66.81,27.66,53.14,59.29,60.57,30.96,56.74,56.08,67.94,52.15,26.74,3132,99.38,103.75
"714",2015,"MD","Beltsville","Cereal.rye","Huron",70,"5/21/15","Blk1",4.612768968,5.14,49.24,76.8,48.32,69.96946817,7592,116060046203,"6/17/2016","Cornell University","BARC 358","R1 Date8 blk1",7,"N9",7.62,92.38,5.25,0.46,0.82,1.48,18.09,74.36,7.3,38.43,25.51,65.69,10.35,5.48,1.26,2.03,0.89,7.11,0.08,0.26,0.08,2.34,0.08,5.14,12.98,60.95,62.42,19.23,44.06,50.86,51.19,18.81,43.61,40.89,55.03,28.06,4.09,2238,61.12,51.36
"715",2015,"MD","Beltsville","Cereal.rye","Huron",70,"5/21/15","Blk2",4.026988576,5.74,47.45,74.94,48.14,75.18616869,7592,116060046204,"6/17/2016","Cornell University","BARC 359","R1 Date8 Blk2",7,"N9",7.71,92.29,5.21,0.59,0.92,1.56,25.09,71.81,7.06,37.24,24.27,66.2,9.84,3.75,2.17,2.22,0.97,7.55,0.14,0.25,0.1,2.21,0.1,5.71,14.49,61.51,63.04,20.18,45.08,51.54,51.94,20,44.88,41.97,55.89,30.11,6.05,2292,64.42,53.01
"716",2015,"MD","Beltsville","Cereal.rye","Huron",70,"5/21/15","Blk3",4.802996621,5.93,48.4,76.22,48.37,72.59138156,7592,116060046205,"6/17/2016","Cornell University","BARC 360","R1 Date8 Blk3",7,"N9",8.11,91.89,5.22,0.54,0.95,1.6,26.31,72.44,7.14,37.4,24,66.87,9.31,4.57,1.83,2.12,0.87,7.75,0.14,0.26,0.11,2.21,0.09,5.93,13.61,61.21,62.71,19.74,44.6,50.98,51.32,19.31,44.15,41.43,55.19,29.32,5.3,2249,62.31,51.39
"717",2015,"MD","Beltsville","Cereal.rye","Huron",71,"5/21/15","Blk4",6.102382338,5.06,48.67,75.86,48.58,70.60123354,7592,116060046202,"6/17/2016","Cornell University","BARC 357","R1 Date8 Blk4",7,"N9",7.96,92.04,5.26,0.51,0.81,1.5,17.19,72.44,7.34,37.25,24.57,66.08,10.44,4.56,2.06,2.16,0.98,7.65,0.11,0.24,0.1,2.22,0.09,5.05,14.37,61.13,62.62,19.58,44.44,50.9,51.23,18.8,43.6,41.76,55.55,29.44,5.41,2275,62.45,52.4
"718",2015,"MD","Beltsville","Cereal.rye","Spooner",71,"5/21/15","Blk1",7.064088807,5.35,49.35,75.72,46.95,70.67652213,7592,116060046234,"6/17/2016","Cornell University","BARC 390","R2 Date8 Blk1",7,"N9",7.61,92.39,5.27,0.54,0.86,1.4,18.5,73.59,7.92,39.04,24.59,66.59,11.27,6.54,0.63,2.06,0.99,6.64,0.14,0.25,0.09,2.3,0.09,5.34,13.83,60.91,62.38,19.74,44.6,50.61,50.91,18.52,43.3,41.07,55.83,28.46,4.47,2276,61.8,50.66
"719",2015,"MD","Beltsville","Cereal.rye","Spooner",72,"5/21/15","Blk2",4.149781029,5.15,50.35,77.35,44.46,59.60264161,7592,116060046235,"6/17/2016","Cornell University","BARC 391","R2 Date8 Blk2",7,"N9",7.7,92.3,5.22,0.51,0.82,1.48,19.22,73.32,8,40.72,27.25,62.83,10.65,5.49,0.77,2.01,0.91,8.09,0.13,0.26,0.08,2.34,0.09,5.15,13.01,60.61,62.04,19.02,43.83,49.11,49.24,16.28,40.91,38.32,53.36,23.89,0.09,2090,59.69,42.65
"720",2015,"MD","Beltsville","Cereal.rye","Spooner",71,"5/21/15","Blk3",7.126491529,5.27,49.44,75.47,44.58,64.95426646,7592,116060046236,"6/17/2016","Cornell University","BARC 392","R2 Date8 Blk3",7,"N9",7.25,92.75,5.27,0.59,0.84,1.49,18.6,72.7,8.03,40.29,27.88,61.65,11.23,4.67,0.96,2,0.94,7.47,0.14,0.24,0.08,2.11,0.09,5.17,14.11,60.89,62.35,19.81,44.68,49.81,50.02,17.31,42.01,39.42,54.59,25.75,1.88,2171,62.11,45.84
"721",2015,"MD","Beltsville","Cereal.rye","Spooner",71,"5/21/15","Blk4",4.445690712,5.19,49.49,75.66,45.28,64.84348008,7592,116060046233,"6/17/2016","Cornell University","BARC 389","R2 Date8 Blk4",7,"N9",7.72,92.28,5.18,0.51,0.83,1.43,18.11,72.41,7.9,39.62,24.3,66.44,10.75,4.69,1.39,2,0.95,7.71,0.13,0.26,0.08,2.33,0.09,5.19,14.17,60.88,62.34,19.72,44.58,49.94,50.16,17.49,42.2,39.75,54.6,26.24,2.35,2179,62.06,46.73
"722",2015,"MD","Beltsville","Cereal.rye","Aroostook",80,"5/21/15","Blk1",6.022365944,4.39,49.58,73.53,44.44,65.01465667,7592,116060046265,"6/17/2016","Cornell University","BARC 421","R3 Date8 Blk1",7,"N9",7.73,92.27,5.18,0.55,0.7,1.28,10.25,70.7,8.7,39.28,29.26,58.61,12.97,7.58,2.35,2.02,1.15,6.96,0.14,0.23,0.09,1.86,0.07,4.21,17.08,60.84,62.3,20.28,45.19,50.16,50.41,17.43,42.14,41.25,56.61,28.29,4.31,2300,63.53,49.01
"723",2015,"MD","Beltsville","Cereal.rye","Aroostook",82,"5/21/15","Blk2",6.716847853,4.4,49.32,73,45.77,66.97487714,7592,116060046266,"6/17/2016","Cornell University","BARC 422","R3 Date8 Blk2",7,"N9",8.04,91.96,5.15,0.5,0.7,1.23,7.5,70.16,8.4,38.05,28.68,59.12,12.7,6.84,2.73,2.1,1.16,7.33,0.14,0.23,0.09,1.85,0.07,4.3,17.18,60.92,62.39,20.48,45.4,50.45,50.73,17.87,42.61,41.94,56.71,29.41,5.39,2320,64.18,51.83
"724",2015,"MD","Beltsville","Cereal.rye","Aroostook",81,"5/21/15","Blk3",6.753584939,4.31,49.86,73.84,43.57,63.01988773,7592,116060046267,"6/17/2016","Cornell University","BARC 423","R3 Date8 Blk3",7,"N9",7.49,92.51,5.11,0.57,0.69,1.27,10.67,71.41,8.62,40.3,30.93,56.69,12.51,7.79,2.48,1.86,1.05,6.85,0.15,0.22,0.08,1.69,0.07,4.09,16.65,60.76,62.21,20.12,45.01,50.02,50.25,17.18,41.87,40.3,56,26.7,2.79,2251,63.25,47.04
"725",2015,"MD","Beltsville","Cereal.rye","Aroostook",80,"5/21/15","Blk4",6.918146957,6.02,43.66,68.11,51.44,96.83983047,7592,116060046268,"6/17/2016","Cornell University","BARC 424","R3 Date8 Blk4",7,"N9",8.23,91.77,5.19,0.56,0.96,1.41,26.25,66.45,6.9,32.27,20.33,69.41,14.39,7.25,2.48,2.17,1.21,6.97,0.21,0.23,0.13,1.95,0.09,6.02,19.76,62.67,64.34,22.99,48.1,54.23,54.94,23.91,49.09,47.63,60.53,39.18,14.65,2624,74.89,71.05
"726",2015,"MD","Beltsville","Cereal.rye","LakeviewVNS",75,"5/21/15","Blk1",6.046521836,5.25,48.14,73.86,50.52,81.27149685,7592,116060046296,"6/22/2016","Cornell University","BARC 453","R4 Date8 Blk1",7,"N9",7.87,92.13,5.24,0.47,0.84,1.37,17.52,72.37,7.67,35.81,27.02,62.66,12.5,5.87,1.14,2.05,1.07,6.35,0.15,0.25,0.1,2.14,0.07,5.25,15.33,61.29,62.8,20.44,45.36,51.8,52.23,20.2,45.1,44.21,57.85,33.45,9.23,2442,64.55,60.64
"727",2015,"MD","Beltsville","Cereal.rye","LakeviewVNS",73,"5/21/15","Blk2",5.2010656,4.96,49.2,75.97,48.81,71.66615067,7592,116060046297,"6/22/2016","Cornell University","BARC 454","R4 Date8 Blk2",7,"N9",7.77,92.23,5.18,0.54,0.79,1.38,20.56,73.81,7.62,37.78,24.91,66.25,11.03,4.85,1.31,2.01,0.93,6.91,0.14,0.24,0.08,2.14,0.07,4.89,13.77,60.97,62.44,19.5,44.35,50.66,50.96,18.39,43.16,41.69,55.73,29.27,5.25,2289,61.94,53.6
"728",2015,"MD","Beltsville","Cereal.rye","LakeviewVNS",77,"5/21/15","Blk3",8.255276255,5.18,48.68,74.25,47.52,70.03368569,7592,116060046298,"6/22/2016","Cornell University","BARC 455","R4 Date8 Blk3",7,"N9",7.88,92.12,5.18,0.53,0.83,1.42,20.46,71.04,7.74,37.28,23.86,66.41,11.71,4.68,1.36,2.02,0.99,8.03,0.18,0.25,0.11,2.16,0.08,5.16,15.18,61.12,62.61,20.27,45.17,50.3,50.56,18,42.75,41.58,55.51,29.2,5.18,2261,64.02,52.35
"729",2015,"MD","Beltsville","Cereal.rye","LakeviewVNS",71,"5/21/15","Blk4",4.468840109,4.84,49.13,75.41,46.9,67.03550051,7592,116060046299,"6/22/2016","Cornell University","BARC 456","R4 Date8 Blk4",7,"N9",7.87,92.13,5.14,0.47,0.77,1.35,39.26,72.03,7.7,38.25,26.34,63.43,11.56,5.56,1.25,2.09,1.07,7.67,0.17,0.24,0.1,2.08,0.08,4.84,14.74,60.98,62.46,19.68,44.54,50.55,50.84,18.24,43,41.06,55.43,28.2,4.22,2250,62.4,50.16
"730",2015,"MD","Beltsville","Triticale","TriCal815",72,"5/21/15","Blk1",4.909685147,6.12,44.91,69.89,48.67,87.6169141,7592,116060046331,"6/22/2016","Cornell University","BARC 488","T1 Date8 Blk1",7,"N9",7.59,92.41,5.28,0.65,0.98,1.49,24.67,67.87,7.01,34.84,24.9,63.31,12.46,6.44,2.1,1.97,1.03,7.25,0.21,0.25,0.11,2.1,0.1,6.06,18.22,62.29,63.91,22.32,47.37,53.07,53.65,22.3,47.35,44.89,58.53,34.93,10.64,2468,71.89,61.92
"731",2015,"MD","Beltsville","Triticale","TriCal815",71,"5/21/15","Blk2",5.970531425,5.86,43.17,67.21,52.29,100.0512452,7592,116060046328,"6/22/2016","Cornell University","BARC 485","T1 Date8 Blk2",7,"N9",8.07,91.93,5.18,0.54,0.94,1.41,22.87,66.11,6.98,31.54,24.19,63.41,15.1,7.67,2.91,2.2,1.28,6.81,0.21,0.23,0.13,1.9,0.09,5.86,20.35,62.83,64.51,23.3,48.43,54.46,55.19,24.19,49.39,48.51,61.23,40.47,15.87,2677,76.69,74.91
"732",2015,"MD","Beltsville","Triticale","TriCal815",72,"5/21/15","Blk3",5.245351402,6.41,44.65,69.61,49.43,88.81305184,7592,116060046329,"6/22/2016","Cornell University","BARC 486","T1 Date8 Blk3",7,"N9",7.82,92.18,5.22,0.58,1.03,1.52,26.37,68.05,6.83,34.41,23.92,64.85,12.75,5.67,2.13,2.06,1.1,7.78,0.21,0.25,0.12,2.07,0.1,6.41,17.18,62.37,64,22.53,47.6,52.95,53.51,22.3,47.35,44.76,58.02,34.88,10.59,2442,72.16,63.42
"733",2015,"MD","Beltsville","Triticale","TriCal815",71,"5/21/15","Blk4",3.517701842,5.97,43.57,67.41,48.81,89.11051056,7592,116060046330,"6/22/2016","Cornell University","BARC 487","T1 Date8 Blk4",7,"N9",7.74,92.26,5.24,0.64,0.96,1.44,25.63,65.54,6.88,33.55,20.52,68.69,13.22,4.68,3.02,2.23,1.22,8.13,0.24,0.23,0.13,1.97,0.1,5.9,19.58,62.7,64.37,23.26,48.39,53.33,53.94,22.6,47.68,45.68,58.93,36.11,11.75,2495,75.84,65.63
"734",2015,"MD","Beltsville","Triticale","TriCal718",70,"5/21/15","Blk1",5.18294868,7.23,46.78,73.69,49.73,82.94975404,7592,116060046362,"6/22/2016","Cornell University","BARC 520","T2 Date8 Blk1",7,"N9",7.7,92.3,5.36,0.57,1.16,1.69,32.37,71.21,6.86,35.8,22.59,68.28,10.35,5.99,0.28,2.07,0.91,7.86,0.19,0.29,0.13,2.49,0.11,7.23,13.48,61.71,63.27,21.2,46.17,51.74,52.17,20.97,45.93,42.85,56.05,32.23,8.08,2318,66.29,57.33
"735",2015,"MD","Beltsville","Triticale","TriCal718",70,"5/21/15","Blk2",8.816397507,5.43,47.42,73.85,48.98,79.54900546,7592,116060046359,"6/22/2016","Cornell University","BARC 517","T2 Date8 Blk2",7,"N9",7.34,92.66,5.25,0.54,0.87,1.47,18.42,71.71,7.28,36.59,25.83,63.98,12.16,7.2,1.05,1.92,0.97,6.62,0.14,0.25,0.1,2.17,0.08,5.43,15.74,61.51,63.05,20.51,45.43,52.17,52.64,20.76,45.7,43.38,57.34,32.2,8.05,2394,65.25,57.31
"736",2015,"MD","Beltsville","Triticale","TriCal718",72,"5/21/15","Blk3",6.996653607,7.07,46.01,71.5,47.73,80.8649049,7592,116060046360,"6/22/2016","Cornell University","BARC 518","T2 Date8 Blk3",7,"N9",7.64,92.36,5.35,0.75,1.13,1.66,32.53,68.76,6.74,35.94,22.5,67.28,9.24,4.41,1.76,2.11,0.88,8.66,0.23,0.28,0.12,2.18,0.12,7,15.29,61.95,63.53,22.02,47.05,51.62,52.03,20.64,45.57,42.35,55.77,31.36,7.25,2280,69.1,55.94
"737",2015,"MD","Beltsville","Triticale","TriCal718",72,"5/21/15","Blk4",6.700743924,6.27,46.63,72.98,48.86,80.31579148,7592,116060046361,"6/22/2016","Cornell University","BARC 519","T2 Date8 Blk4",7,"N9",7.49,92.51,5.29,0.66,1,1.56,27.75,71.41,6.81,36.52,23.38,67.26,10.22,6.23,1.37,2.09,0.94,7.89,0.18,0.27,0.12,2.21,0.1,6.22,14.05,61.76,63.32,21.15,46.12,51.61,52.02,20.31,45.22,42.22,55.74,30.76,6.68,2290,66.85,56.6
"738",2015,"MD","Beltsville","Triticale","NE426GT",72,"5/21/15","Blk1",8.2452113,5.69,42.91,65.93,49.46,92.84913657,7592,116060046393,"6/22/2016","Cornell University","BARC 551","T3 Date8 Blk1",7,"N9",7.77,92.23,5.27,0.67,0.91,1.42,22.85,64.46,7.02,32.58,25.12,61.03,14.34,3.07,3.37,2.01,1.13,7.75,0.24,0.22,0.13,1.81,0.09,5.53,21.39,62.91,64.6,23.76,48.92,53.66,54.3,22.92,48.02,46.91,60.01,37.89,13.43,2571,78.26,70.01
"739",2015,"MD","Beltsville","Triticale","NE426GT",73,"5/21/15","Blk2",4.762736801,5.5,41.42,63.39,50.19,100.7384237,7592,116060046394,"6/22/2016","Cornell University","BARC 552","T3 Date8 Blk2",7,"N9",7.95,92.05,5.24,0.58,0.88,1.24,22.18,61.56,6.96,30.66,24.49,60.22,15.77,6.09,4.09,2.34,1.43,6.91,0.22,0.2,0.14,1.68,0.1,5.45,24.84,63.36,65.11,24.68,49.92,55.85,56.74,25.91,51.25,50.03,63.19,42.64,17.91,2784,82.97,77.78
"740",2015,"MD","Beltsville","Triticale","NE426GT",72,"5/21/15","Blk3",6.171830529,4.81,48.67,72.53,45.16,69.4301654,7592,116060046391,"6/22/2016","Cornell University","BARC 549","T3 Date8 Blk3",7,"N9",7.62,92.38,5.18,0.55,0.77,1.32,14.97,70,8.22,38.39,29.08,58.46,13.23,4.1,2.08,2.07,1.16,7.19,0.17,0.23,0.09,1.78,0.08,4.7,17.16,61.13,62.62,20.81,45.75,50.88,51.21,18.65,43.44,41.87,56.86,29.5,5.47,2324,65.22,51.41
"741",2015,"MD","Beltsville","Triticale","NE426GT",72,"5/21/15","Blk4",4.189034354,6.25,41.05,63.41,51.26,103.473737,7592,116060046392,"6/22/2016","Cornell University","BARC 550","T3 Date8 Blk4",7,"N9",8.08,91.92,5.24,0.62,1,1.36,26.56,62.09,6.78,30.26,22.95,63.04,14.61,6.13,4.35,2.26,1.37,7.67,0.24,0.22,0.14,1.87,0.11,6.25,22.98,63.48,65.24,24.94,50.2,55.14,55.95,25.26,50.55,49.47,62.05,42.13,17.43,2720,83.39,78.92
"742",2015,"MD","Beltsville","Triticale","TriMark099",76,"5/21/15","Blk1",4.379765255,6.09,40.76,63.32,52.86,107.3924494,7592,116060046424,"6/22/2016","Cornell University","BARC 583","T4 Date8 Blk1",7,"N9",8.04,91.96,5.28,0.55,0.97,1.36,21.35,62.28,6.82,29.36,22.84,63.33,14.77,5.07,4.28,2.35,1.48,7.31,0.25,0.23,0.15,1.91,0.1,6.09,23.2,63.57,65.34,24.93,50.19,55.58,56.44,25.84,51.17,50.64,62.95,43.86,19.04,2794,84.17,83.39
"743",2015,"MD","Beltsville","Triticale","TriMark099",73,"5/21/15","Blk2",5.025935379,5.98,41.56,63.44,49.02,100.3037685,7592,116060046425,"6/22/2016","Cornell University","BARC 584","T4 Date8 Blk2",7,"N9",7.66,92.34,5.25,0.57,0.96,1.27,22.41,61.61,6.88,31.41,20.93,66.03,14.75,5.15,3.94,2.33,1.47,7.03,0.21,0.22,0.13,1.81,0.1,5.98,24.18,63.32,65.06,24.84,50.09,55.91,56.81,26.22,51.59,49.36,62.82,41.84,17.15,2748,82.81,75.28
"744",2015,"MD","Beltsville","Triticale","TriMark099",73,"5/21/15","Blk3",4.833694735,6.68,42.73,65.88,49.37,95.22474048,7592,116060046422,"6/22/2016","Cornell University","BARC 581","T4 Date8 Blk3",7,"N9",8.09,91.91,5.32,0.61,1.07,1.45,26.95,63.99,6.73,32.4,22.25,65.23,12.68,4.78,3.38,2.24,1.26,8.18,0.24,0.24,0.13,2.02,0.11,6.68,20.34,62.96,64.66,24.11,49.31,54.06,54.75,23.97,49.15,46.84,59.83,38.27,13.79,2559,78.46,69.55
"745",2015,"MD","Beltsville","Triticale","TriMark099",74,"5/21/15","Blk4",5.128094674,6.07,42.97,66.56,48.33,92.60513798,7592,116060046423,"6/22/2016","Cornell University","BARC 582","T4 Date8 Blk4",7,"N9",7.65,92.35,5.27,0.54,0.97,1.34,22.73,65.01,6.97,33.59,24.08,62.96,13.8,2.67,3.42,2.11,1.33,7.45,0.2,0.22,0.12,1.84,0.1,6.07,20.48,62.89,64.58,23.63,48.79,54.22,54.93,23.96,49.14,46.47,60.11,37.41,12.99,2566,77.34,67.15
