Source,State,Species,Cultivar,Fat,CP,Ash,ADF,NDF,NFC,DM,carb,cellulose,lignin,Growth Stage,lab,fy,Site,Sample,name,latitude,longitude,Sampling,Planting,Termination,Block,Zadoks
NY-MD-2015,NY,Barley,Verdant,2.65,21.98,7.65,19.33,32.89,38.66,,,,3.55,,,,Musgrave,,,,,5/1/2015,,,Blk1,30
NY-MD-2015,NY,Barley,Verdant,2.73,18.3,8.3,20.91,34.56,39.59,,,,3.53,,,,Musgrave,,,,,5/1/2015,,,Blk2,31
NY-MD-2015,NY,Barley,Verdant,2.93,22.36,8.65,18.38,32.7,37.56,,,,2.63,,,,Musgrave,,,,,5/1/2015,,,Blk3,31
NY-MD-2015,NY,Barley,Valor,2.71,22.03,7.35,19.88,33.5,38.26,,,,3.62,,,,Musgrave,,,,,5/1/2015,,,Blk1,30
NY-MD-2015,NY,Barley,Valor,2.96,24.5,7.34,16.42,30.55,38.87,,,,2.62,,,,Musgrave,,,,,5/1/2015,,,Blk2,32
NY-MD-2015,NY,Barley,P919,2.97,21.48,7.67,17.76,31.97,39.69,,,,2.57,,,,Musgrave,,,,,5/1/2015,,,Blk1,31
NY-MD-2015,NY,Barley,P919,2.35,20.4,7.11,19,31.13,42.17,,,,3.67,,,,Musgrave,,,,,5/1/2015,,,Blk2,31
NY-MD-2015,NY,Barley,P919,2.68,22.73,8.46,18.28,34.51,35.56,,,,2.55,,,,Musgrave,,,,,5/1/2015,,,Blk3,32
NY-MD-2015,NY,Barley,P919,2.97,21.2,6.77,17.78,30.85,41.74,,,,3.11,,,,Musgrave,,,,,5/1/2015,,,Blk4,31
NY-MD-2015,NY,Barley,Thoroughbred,2.76,20.66,8.19,19.71,33.81,38.31,,,,3.4,,,,Musgrave,,,,,5/1/2015,,,Blk1,31
NY-MD-2015,NY,Barley,Thoroughbred,2.86,22.36,8.82,18.45,33.13,36.96,,,,2.68,,,,Musgrave,,,,,5/1/2015,,,Blk2,31
NY-MD-2015,NY,Barley,Thoroughbred,2.6,21.17,7.91,18.53,31.55,40.31,,,,3.3,,,,Musgrave,,,,,5/1/2015,,,Blk3,31
NY-MD-2015,NY,Barley,Thoroughbred,3.09,21,7.96,19.22,33.16,38.7,,,,2.79,,,,Musgrave,,,,,5/1/2015,,,Blk4,31
NY-MD-2015,NY,Cereal rye,Huron,3.33,21.67,7.88,21.31,40.04,31.86,,,,2.94,,,,Musgrave,,,,,5/1/2015,,,Blk1,31
NY-MD-2015,NY,Cereal rye,Huron,3.26,19.1,7.58,22.57,41.73,32.66,,,,3.08,,,,Musgrave,,,,,5/1/2015,,,Blk2,32
NY-MD-2015,NY,Cereal rye,Huron,3.03,21.65,9.12,22.05,42.28,28.55,,,,2.84,,,,Musgrave,,,,,5/1/2015,,,Blk3,32
NY-MD-2015,NY,Cereal rye,Huron,3.17,19.44,6.86,21.65,39.36,35.5,,,,3.3,,,,Musgrave,,,,,5/1/2015,,,Blk4,31
NY-MD-2015,NY,Cereal rye,Spooner,3.24,19.89,7.39,21.36,39.52,34.28,,,,2.92,,,,Musgrave,,,,,5/1/2015,,,Blk1,32
NY-MD-2015,NY,Cereal rye,Spooner,3.32,21.43,7.69,19.91,36.64,35.47,,,,2.93,,,,Musgrave,,,,,5/1/2015,,,Blk2,32
NY-MD-2015,NY,Cereal rye,Spooner,3.34,16.63,6.92,21.98,38.56,38.16,,,,3.28,,,,Musgrave,,,,,5/1/2015,,,Blk3,32
NY-MD-2015,NY,Cereal rye,Spooner,3.12,20.87,6.76,18.18,32.21,40.71,,,,3.36,,,,Musgrave,,,,,5/1/2015,,,Blk4,31
NY-MD-2015,NY,Cereal rye,Aroostook,3.34,23.31,8.37,22.4,41.85,28.25,,,,2.69,,,,Musgrave,,,,,5/1/2015,,,Blk1,32
NY-MD-2015,NY,Cereal rye,Aroostook,3.34,19.14,6.81,23.44,43.16,31.81,,,,2.95,,,,Musgrave,,,,,5/1/2015,,,Blk2,32
NY-MD-2015,NY,Cereal rye,Aroostook,3.23,20.76,8.41,23.63,43.42,28.85,,,,2.9,,,,Musgrave,,,,,5/1/2015,,,Blk3,32
NY-MD-2015,NY,Cereal rye,Aroostook,3.35,21.41,6.82,22.09,40.94,32.03,,,,2.85,,,,Musgrave,,,,,5/1/2015,,,Blk4,32
NY-MD-2015,NY,Cereal rye,LakeviewVNS,3.25,19.92,6.78,20.57,39.13,35.17,,,,2.83,,,,Musgrave,,,,,5/1/2015,,,Blk1,31
NY-MD-2015,NY,Cereal rye,LakeviewVNS,3.41,20.41,7.02,20.35,36.51,36.96,,,,3.11,,,,Musgrave,,,,,5/1/2015,,,Blk2,31
NY-MD-2015,NY,Cereal rye,LakeviewVNS,3.3,22.47,7.23,20.86,39.46,32.01,,,,2.65,,,,Musgrave,,,,,5/1/2015,,,Blk3,32
NY-MD-2015,NY,Cereal rye,LakeviewVNS,3.05,22.03,6.77,19.12,34.77,37.54,,,,3.28,,,,Musgrave,,,,,5/1/2015,,,Blk4,31
NY-MD-2015,NY,Triticale,TriCal815,3.1,18.09,8.13,20.83,36.2,37.9,,,,2.91,,,,Musgrave,,,,,5/1/2015,,,Blk1,31
NY-MD-2015,NY,Triticale,TriCal815,3.01,16.13,6.55,20.66,32.85,44.5,,,,4,,,,Musgrave,,,,,5/1/2015,,,Blk2,31
NY-MD-2015,NY,Triticale,TriCal815,3.07,17.41,8.16,22.82,39.04,35.69,,,,3.13,,,,Musgrave,,,,,5/1/2015,,,Blk3,32
NY-MD-2015,NY,Triticale,TriCal815,3.24,17.26,7,19.68,33.32,42.53,,,,3.43,,,,Musgrave,,,,,5/1/2015,,,Blk4,31
NY-MD-2015,NY,Triticale,TriCal718,3.28,21.61,8.4,18.9,34.54,36.28,,,,3,,,,Musgrave,,,,,5/1/2015,,,Blk1,31
NY-MD-2015,NY,Triticale,TriCal718,3.03,20.47,8.69,19.54,34.72,36.97,,,,3.32,,,,Musgrave,,,,,5/1/2015,,,Blk2,31
NY-MD-2015,NY,Triticale,TriCal718,3.04,17.99,6.79,19.77,33.32,42.02,,,,3.45,,,,Musgrave,,,,,5/1/2015,,,Blk3,31
NY-MD-2015,NY,Triticale,TriCal718,2.95,21.4,7.06,18.02,32.58,39.63,,,,3.11,,,,Musgrave,,,,,5/1/2015,,,Blk4,31
NY-MD-2015,NY,Triticale,NE426GT,2.99,20.22,7.22,19.43,34.4,38.7,,,,3.19,,,,Musgrave,,,,,5/1/2015,,,Blk1,31
NY-MD-2015,NY,Triticale,NE426GT,2.9,19.9,5.56,17.77,30.09,44.68,,,,3.46,,,,Musgrave,,,,,5/1/2015,,,Blk2,31
NY-MD-2015,NY,Triticale,NE426GT,2.77,20.5,8.63,19.74,36.13,35.39,,,,2.96,,,,Musgrave,,,,,5/1/2015,,,Blk3,32
NY-MD-2015,NY,Triticale,NE426GT,2.87,19.45,7.14,18.58,31.98,41.88,,,,3.29,,,,Musgrave,,,,,5/1/2015,,,Blk4,31
NY-MD-2015,NY,Triticale,TriMark099,3.07,18.28,6.6,18.36,31.42,43.72,,,,3.39,,,,Musgrave,,,,,5/1/2015,,,Blk1,31
NY-MD-2015,NY,Triticale,TriMark099,3.14,19.16,6.39,18.85,32.71,42.03,,,,3.43,,,,Musgrave,,,,,5/1/2015,,,Blk2,31
NY-MD-2015,NY,Triticale,TriMark099,3.08,20.21,7.94,19.85,36.32,36.11,,,,2.75,,,,Musgrave,,,,,5/1/2015,,,Blk3,31
NY-MD-2015,NY,Triticale,TriMark099,2.61,18.03,9,19.69,34.27,39.15,,,,3.82,,,,Musgrave,,,,,5/1/2015,,,Blk4,31
NY-MD-2015,NY,Barley,Verdant,2.97,22.38,8.3,19.93,35.83,34.91,,,,2.64,,,,Musgrave,,,,,5/5/2015,,,Blk1,31
NY-MD-2015,NY,Barley,Verdant,3.13,22.55,7.82,22.25,42.31,29.09,,,,2.79,,,,Musgrave,,,,,5/5/2015,,,Blk2,31
NY-MD-2015,NY,Barley,Verdant,3.09,21.7,8.96,22.56,40.2,31.06,,,,2.45,,,,Musgrave,,,,,5/5/2015,,,Blk3,31
NY-MD-2015,NY,Barley,Verdant,3.05,21.72,7.89,21.12,37.73,34.17,,,,2.53,,,,Musgrave,,,,,5/5/2015,,,Blk4,31
NY-MD-2015,NY,Barley,Valor,2.53,26.15,9.58,22.22,40.15,26.5,,,,2.41,,,,Musgrave,,,,,5/5/2015,,,Blk1,32
NY-MD-2015,NY,Barley,Valor,2.9,25.04,9.92,21.86,40.16,27.41,,,,2.15,,,,Musgrave,,,,,5/5/2015,,,Blk2,32
NY-MD-2015,NY,Barley,Valor,2.64,26.42,10.58,23.11,41.37,24.47,,,,2.35,,,,Musgrave,,,,,5/5/2015,,,Blk3,32
NY-MD-2015,NY,Barley,Valor,2.95,22.13,7.98,20.4,36.18,35.28,,,,2.91,,,,Musgrave,,,,,5/5/2015,,,Blk4,31
NY-MD-2015,NY,Barley,P919,2.99,19.09,8.55,22.67,39.7,33.84,,,,2.35,,,,Musgrave,,,,,5/5/2015,,,Blk1,32
NY-MD-2015,NY,Barley,P919,2.87,23.65,7.28,20.47,37.23,33.38,,,,2.85,,,,Musgrave,,,,,5/5/2015,,,Blk2,32
NY-MD-2015,NY,Barley,P919,2.68,22.44,8.63,21.2,39.01,31.67,,,,2.1,,,,Musgrave,,,,,5/5/2015,,,Blk3,32
NY-MD-2015,NY,Barley,P919,2.88,22.94,7.72,20.28,36.95,33.87,,,,2.63,,,,Musgrave,,,,,5/5/2015,,,Blk4,32
NY-MD-2015,NY,Barley,Thoroughbred,2.92,20.52,8.2,23.42,39.92,32.87,,,,2.94,,,,Musgrave,,,,,5/5/2015,,,Blk1,32
NY-MD-2015,NY,Barley,Thoroughbred,2.95,25.21,9.6,21.87,39.34,28.24,,,,2.5,,,,Musgrave,,,,,5/5/2015,,,Blk2,31
NY-MD-2015,NY,Barley,Thoroughbred,2.9,25.76,9.89,20.81,38.16,28.55,,,,2.45,,,,Musgrave,,,,,5/5/2015,,,Blk3,32
NY-MD-2015,NY,Barley,Thoroughbred,2.88,22.18,8.41,21.58,38.54,32.8,,,,2.67,,,,Musgrave,,,,,5/5/2015,,,Blk4,32
NY-MD-2015,NY,Cereal rye,Huron,3.17,20.98,8.84,26.67,49.62,22.28,,,,2.93,,,,Musgrave,,,,,5/5/2015,,,Blk1,34
NY-MD-2015,NY,Cereal rye,Huron,3.25,17.21,7.54,26.02,48.02,28.3,,,,3.08,,,,Musgrave,,,,,5/5/2015,,,Blk2,33
NY-MD-2015,NY,Cereal rye,Huron,3.07,20.48,7.71,23.48,45.65,27.54,,,,2.69,,,,Musgrave,,,,,5/5/2015,,,Blk3,33
NY-MD-2015,NY,Cereal rye,Huron,3.25,20.18,7.87,26.66,49.62,24.01,,,,3.03,,,,Musgrave,,,,,5/5/2015,,,Blk4,32
NY-MD-2015,NY,Cereal rye,Spooner,3.24,18.87,8.09,26.68,49.28,25,,,,2.81,,,,Musgrave,,,,,5/5/2015,,,Blk1,34
NY-MD-2015,NY,Cereal rye,Spooner,3.24,21.43,8.66,26.28,48.55,22.97,,,,2.78,,,,Musgrave,,,,,5/5/2015,,,Blk2,33
NY-MD-2015,NY,Cereal rye,Spooner,3.06,18.12,7.86,26.63,49.09,26.02,,,,3.08,,,,Musgrave,,,,,5/5/2015,,,Blk3,34
NY-MD-2015,NY,Cereal rye,Spooner,3.3,20.05,8.51,23.86,41.46,31.32,,,,2.34,,,,Musgrave,,,,,5/5/2015,,,Blk4,33
NY-MD-2015,NY,Cereal rye,Aroostook,3.12,21.16,9.32,25.93,47.65,23.59,,,,2.95,,,,Musgrave,,,,,5/5/2015,,,Blk1,33
NY-MD-2015,NY,Cereal rye,Aroostook,3.28,19.52,8.35,28.54,51.55,21.64,,,,3.13,,,,Musgrave,,,,,5/5/2015,,,Blk2,34
NY-MD-2015,NY,Cereal rye,Aroostook,3.16,18.21,8.77,28.04,50.01,24.28,,,,3.33,,,,Musgrave,,,,,5/5/2015,,,Blk3,34
NY-MD-2015,NY,Cereal rye,Aroostook,3.12,19.45,8.08,26.93,48.86,24.82,,,,3.15,,,,Musgrave,,,,,5/5/2015,,,Blk4,33
NY-MD-2015,NY,Cereal rye,LakeviewVNS,3.12,17.61,8.28,27.52,51.3,23.94,,,,2.89,,,,Musgrave,,,,,5/5/2015,,,Blk1,34
NY-MD-2015,NY,Cereal rye,LakeviewVNS,3.37,20.57,8.39,24.66,46.87,25.63,,,,2.54,,,,Musgrave,,,,,5/5/2015,,,Blk2,33
NY-MD-2015,NY,Cereal rye,LakeviewVNS,3.09,22.3,8.59,23.43,44.8,25.73,,,,2.58,,,,Musgrave,,,,,5/5/2015,,,Blk3,33
NY-MD-2015,NY,Cereal rye,LakeviewVNS,3.3,22.23,8.12,23.92,46.13,25.25,,,,2.57,,,,Musgrave,,,,,5/5/2015,,,Blk4,32
NY-MD-2015,NY,Triticale,TriCal815,2.95,17.99,7.48,23.31,42.27,32.99,,,,2.84,,,,Musgrave,,,,,5/5/2015,,,Blk1,32
NY-MD-2015,NY,Triticale,TriCal815,3.08,16.75,7.61,23.16,39.34,36.84,,,,3.15,,,,Musgrave,,,,,5/5/2015,,,Blk2,32
NY-MD-2015,NY,Triticale,TriCal815,3.01,17.28,8.91,25.68,45.19,29.63,,,,2.99,,,,Musgrave,,,,,5/5/2015,,,Blk3,32
NY-MD-2015,NY,Triticale,TriCal815,3.08,18.56,7.7,22.16,38.78,35.43,,,,2.97,,,,Musgrave,,,,,5/5/2015,,,Blk4,31
NY-MD-2015,NY,Triticale,TriCal718,3.06,22.07,9.22,23.79,43.44,26.56,,,,2.78,,,,Musgrave,,,,,5/5/2015,,,Blk1,32
NY-MD-2015,NY,Triticale,TriCal718,3.09,20.98,8.44,22.17,39.09,32.75,,,,3.08,,,,Musgrave,,,,,5/5/2015,,,Blk2,32
NY-MD-2015,NY,Triticale,TriCal718,2.97,19.73,8.49,24.25,42.65,29.93,,,,3.12,,,,Musgrave,,,,,5/5/2015,,,Blk3,32
NY-MD-2015,NY,Triticale,TriCal718,3.14,24.59,8.39,22.18,40.77,28.12,,,,2.89,,,,Musgrave,,,,,5/5/2015,,,Blk4,31
NY-MD-2015,NY,Triticale,NE426GT,2.74,19.55,7.96,24.02,45.74,28.04,,,,2.6,,,,Musgrave,,,,,5/5/2015,,,Blk1,32
NY-MD-2015,NY,Triticale,NE426GT,2.87,21.92,8.63,22.83,41.43,29.29,,,,2.78,,,,Musgrave,,,,,5/5/2015,,,Blk2,32
NY-MD-2015,NY,Triticale,NE426GT,2.82,20.53,7.11,23.02,43.32,30.11,,,,2.78,,,,Musgrave,,,,,5/5/2015,,,Blk3,32
NY-MD-2015,NY,Triticale,NE426GT,2.93,19.5,7.69,21.86,40.53,33.24,,,,2.78,,,,Musgrave,,,,,5/5/2015,,,Blk4,32
NY-MD-2015,NY,Triticale,TriMark099,2.88,18.67,8.12,23.37,41.95,32.1,,,,2.86,,,,Musgrave,,,,,5/5/2015,,,Blk1,32
NY-MD-2015,NY,Triticale,TriMark099,2.92,18.96,7.79,22.77,39.08,35,,,,3.19,,,,Musgrave,,,,,5/5/2015,,,Blk2,32
NY-MD-2015,NY,Triticale,TriMark099,2.88,19.83,8.99,24.41,44.5,28.1,,,,2.82,,,,Musgrave,,,,,5/5/2015,,,Blk3,32
NY-MD-2015,NY,Triticale,TriMark099,2.98,20.15,7.41,21,38.59,34.84,,,,2.86,,,,Musgrave,,,,,5/5/2015,,,Blk4,32
NY-MD-2015,NY,Barley,Verdant,2.94,18.68,9.75,28.4,49.04,24.86,,,,2.42,,,,Musgrave,,,,,5/11/2015,,,Blk1,37
NY-MD-2015,NY,Barley,Verdant,2.85,18.7,10.04,29.23,49.2,24.59,,,,2.58,,,,Musgrave,,,,,5/11/2015,,,Blk2,37
NY-MD-2015,NY,Barley,Verdant,2.95,16.7,10.38,29.66,49.34,25.84,,,,2.86,,,,Musgrave,,,,,5/11/2015,,,Blk3,37
NY-MD-2015,NY,Barley,Verdant,2.89,19.99,10.27,28.61,48.57,23.91,,,,2.66,,,,Musgrave,,,,,5/11/2015,,,Blk4,37
NY-MD-2015,NY,Barley,Valor,2.76,18.27,9.26,27.43,49.1,25.22,,,,2.83,,,,Musgrave,,,,,5/11/2015,,,Blk1,39
NY-MD-2015,NY,Barley,Valor,2.8,18.03,8.98,27.25,49.02,25.94,,,,2.79,,,,Musgrave,,,,,5/11/2015,,,Blk2,39
NY-MD-2015,NY,Barley,Valor,2.67,21.68,10.23,27.42,48.82,21.86,,,,2.76,,,,Musgrave,,,,,5/11/2015,,,Blk3,37
NY-MD-2015,NY,Barley,Valor,2.79,20.13,9.18,25.99,47.18,25.65,,,,2.62,,,,Musgrave,,,,,5/11/2015,,,Blk4,37
NY-MD-2015,NY,Barley,P919,2.66,16.25,7.88,27.35,49.56,27.73,,,,2.89,,,,Musgrave,,,,,5/11/2015,,,Blk1,41
NY-MD-2015,NY,Barley,P919,2.68,16.26,8.55,27.63,50.06,26.56,,,,2.77,,,,Musgrave,,,,,5/11/2015,,,Blk2,41
NY-MD-2015,NY,Barley,P919,2.62,19.55,8.13,25.79,46.8,27.39,,,,2.69,,,,Musgrave,,,,,5/11/2015,,,Blk3,39
NY-MD-2015,NY,Barley,P919,2.81,16.26,7.51,25.42,45.72,31.6,,,,2.67,,,,Musgrave,,,,,5/11/2015,,,Blk4,39
NY-MD-2015,NY,Barley,Thoroughbred,2.9,19.59,9.67,27.73,48.99,23.9,,,,2.84,,,,Musgrave,,,,,5/11/2015,,,Blk1,39
NY-MD-2015,NY,Barley,Thoroughbred,2.92,18.27,9.28,26.83,47.76,26.45,,,,2.87,,,,Musgrave,,,,,5/11/2015,,,Blk2,39
NY-MD-2015,NY,Barley,Thoroughbred,2.85,20.19,9.62,27.59,48.61,23.92,,,,3.2,,,,Musgrave,,,,,5/11/2015,,,Blk3,37
NY-MD-2015,NY,Barley,Thoroughbred,2.94,17.39,8.36,27.96,48.63,27.35,,,,3.11,,,,Musgrave,,,,,5/11/2015,,,Blk4,37
NY-MD-2015,NY,Cereal rye,Huron,2.83,16.74,8.39,32.92,58.87,17.85,,,,3.56,,,,Musgrave,,,,,5/11/2015,,,Blk1,39
NY-MD-2015,NY,Cereal rye,Huron,2.84,15.81,8.46,33.41,60.1,17.6,,,,3.63,,,,Musgrave,,,,,5/11/2015,,,Blk2,39
NY-MD-2015,NY,Cereal rye,Huron,2.81,17.7,9.66,32.56,58.35,16.19,,,,3.49,,,,Musgrave,,,,,5/11/2015,,,Blk3,39
NY-MD-2015,NY,Cereal rye,Huron,2.83,16.63,8.68,31.94,57.45,19.14,,,,3.46,,,,Musgrave,,,,,5/11/2015,,,Blk4,39
NY-MD-2015,NY,Cereal rye,Spooner,2.83,17.08,8.61,32.69,57.88,17.64,,,,3.75,,,,Musgrave,,,,,5/11/2015,,,Blk1,41
NY-MD-2015,NY,Cereal rye,Spooner,2.95,16.09,8.68,34,60.17,16.86,,,,3.64,,,,Musgrave,,,,,5/11/2015,,,Blk2,41
NY-MD-2015,NY,Cereal rye,Spooner,2.78,15.92,8.34,34.06,60.95,16.75,,,,3.94,,,,Musgrave,,,,,5/11/2015,,,Blk3,41
NY-MD-2015,NY,Cereal rye,Spooner,2.72,17.94,8.23,30.24,54.69,20.97,,,,3.41,,,,Musgrave,,,,,5/11/2015,,,Blk4,41
NY-MD-2015,NY,Cereal rye,Aroostook,2.6,14.43,8.76,38.82,65,13.07,,,,5.26,,,,Musgrave,,,,,5/11/2015,,,Blk1,53
NY-MD-2015,NY,Cereal rye,Aroostook,2.77,14.83,9.33,39.12,65.56,13.51,,,,5.53,,,,Musgrave,,,,,5/11/2015,,,Blk2,53
NY-MD-2015,NY,Cereal rye,Aroostook,2.66,14.91,8.27,36.26,62.24,16.5,,,,4.86,,,,Musgrave,,,,,5/11/2015,,,Blk3,53
NY-MD-2015,NY,Cereal rye,Aroostook,2.76,12.98,8.49,37.87,63.94,15.48,,,,5.26,,,,Musgrave,,,,,5/11/2015,,,Blk4,55
NY-MD-2015,NY,Cereal rye,LakeviewVNS,2.87,17,8.05,31.58,58.01,18.79,,,,3.32,,,,Musgrave,,,,,5/11/2015,,,Blk1,39
NY-MD-2015,NY,Cereal rye,LakeviewVNS,2.77,15.97,9.05,33.93,60.47,16.44,,,,3.72,,,,Musgrave,,,,,5/11/2015,,,Blk2,39
NY-MD-2015,NY,Cereal rye,LakeviewVNS,2.67,18,9.26,32.99,58.57,16.17,,,,3.73,,,,Musgrave,,,,,5/11/2015,,,Blk3,39
NY-MD-2015,NY,Cereal rye,LakeviewVNS,2.96,18.22,8.8,30.85,56.35,18.48,,,,3.22,,,,Musgrave,,,,,5/11/2015,,,Blk4,39
NY-MD-2015,NY,Triticale,TriCal815,2.8,18.6,8.77,29.41,52.54,22.03,,,,3.15,,,,Musgrave,,,,,5/11/2015,,,Blk1,37
NY-MD-2015,NY,Triticale,TriCal815,2.85,16.45,8.75,28.11,50.2,26.29,,,,3.04,,,,Musgrave,,,,,5/11/2015,,,Blk2,37
NY-MD-2015,NY,Triticale,TriCal815,2.72,16.18,8.57,29.45,51.83,24.91,,,,3.37,,,,Musgrave,,,,,5/11/2015,,,Blk3,37
NY-MD-2015,NY,Triticale,TriCal815,2.7,15.77,8.28,28.16,50.4,26.96,,,,3.24,,,,Musgrave,,,,,5/11/2015,,,Blk4,37
NY-MD-2015,NY,Triticale,TriCal718,2.68,19.12,9.37,29.63,52.77,20.97,,,,3.55,,,,Musgrave,,,,,5/11/2015,,,Blk1,37
NY-MD-2015,NY,Triticale,TriCal718,2.93,19.1,10.12,29.11,52.46,20.44,,,,3.15,,,,Musgrave,,,,,5/11/2015,,,Blk2,37
NY-MD-2015,NY,Triticale,TriCal718,2.81,18.98,9.71,29.94,54.2,19.08,,,,3.26,,,,Musgrave,,,,,5/11/2015,,,Blk3,37
NY-MD-2015,NY,Triticale,TriCal718,2.83,19.89,9.2,27.84,50.8,22.07,,,,3.19,,,,Musgrave,,,,,5/11/2015,,,Blk4,37
NY-MD-2015,NY,Triticale,NE426GT,2.46,17.22,8.45,31.33,56.53,19.77,,,,3.59,,,,Musgrave,,,,,5/11/2015,,,Blk1,37
NY-MD-2015,NY,Triticale,NE426GT,2.66,18.41,9.04,30.1,53.92,20.6,,,,3.31,,,,Musgrave,,,,,5/11/2015,,,Blk2,37
NY-MD-2015,NY,Triticale,NE426GT,2.45,17.87,8.47,29.27,53.29,22.21,,,,3.37,,,,Musgrave,,,,,5/11/2015,,,Blk3,37
NY-MD-2015,NY,Triticale,NE426GT,2.69,15.79,7.91,28.24,51.42,26.1,,,,3.37,,,,Musgrave,,,,,5/11/2015,,,Blk4,37
NY-MD-2015,NY,Triticale,TriMark099,2.75,17.42,8.35,28.01,51.21,24.53,,,,3.12,,,,Musgrave,,,,,5/11/2015,,,Blk1,37
NY-MD-2015,NY,Triticale,TriMark099,2.68,17.57,8.89,28.77,51.67,23.7,,,,3.19,,,,Musgrave,,,,,5/11/2015,,,Blk2,37
NY-MD-2015,NY,Triticale,TriMark099,2.67,17.63,9.79,30.6,54.29,20.44,,,,3.54,,,,Musgrave,,,,,5/11/2015,,,Blk3,37
NY-MD-2015,NY,Triticale,TriMark099,2.82,16.74,8.69,28.49,51.7,24.41,,,,3.25,,,,Musgrave,,,,,5/11/2015,,,Blk4,37
NY-MD-2015,NY,Barley,Verdant,2.95,13.89,8.6,27.09,44.08,34.43,,,,3.19,,,,Musgrave,,,,,5/15/2015,,,Blk1,37
NY-MD-2015,NY,Barley,Verdant,2.97,15.4,9.43,26.93,44.72,31.64,,,,2.78,,,,Musgrave,,,,,5/15/2015,,,Blk2,37
NY-MD-2015,NY,Barley,Verdant,2.87,13.32,8.87,28.33,45.82,33.02,,,,3.11,,,,Musgrave,,,,,5/15/2015,,,Blk3,37
NY-MD-2015,NY,Barley,Verdant,3,13.22,8.33,26.93,43.84,35.26,,,,3.2,,,,Musgrave,,,,,5/15/2015,,,Blk4,37
NY-MD-2015,NY,Barley,Valor,2.6,13.2,8.81,29.7,51.48,27.58,,,,4.14,,,,Musgrave,,,,,5/15/2015,,,Blk1,45
NY-MD-2015,NY,Barley,Valor,2.8,14.66,8.05,28.61,49.88,28.48,,,,3.7,,,,Musgrave,,,,,5/15/2015,,,Blk2,41
NY-MD-2015,NY,Barley,Valor,2.88,16.52,8.69,27.92,48.31,27.73,,,,3.53,,,,Musgrave,,,,,5/15/2015,,,Blk3,37
NY-MD-2015,NY,Barley,Valor,2.91,16.5,8.76,25.31,42.91,32.84,,,,3.61,,,,Musgrave,,,,,5/15/2015,,,Blk4,37
NY-MD-2015,NY,Barley,P919,2.69,11.35,7.56,30.88,53.13,28.68,,,,3.85,,,,Musgrave,,,,,5/15/2015,,,Blk1,55
NY-MD-2015,NY,Barley,P919,3,13.52,7.42,25.7,44.49,34.74,,,,3.18,,,,Musgrave,,,,,5/15/2015,,,Blk2,45
NY-MD-2015,NY,Barley,P919,2.7,14.09,8.13,27.44,47.84,30.74,,,,3.47,,,,Musgrave,,,,,5/15/2015,,,Blk3,45
NY-MD-2015,NY,Barley,P919,2.9,12.36,7.43,26.24,44.75,35.62,,,,3.53,,,,Musgrave,,,,,5/15/2015,,,Blk4,45
NY-MD-2015,NY,Barley,Thoroughbred,3.03,14.26,8.51,28.07,48.58,29.45,,,,3.49,,,,Musgrave,,,,,5/15/2015,,,Blk1,41
NY-MD-2015,NY,Barley,Thoroughbred,3,12.42,7.98,28.44,48.7,31.39,,,,3.49,,,,Musgrave,,,,,5/15/2015,,,Blk2,41
NY-MD-2015,NY,Barley,Thoroughbred,3.28,17.49,7.49,27.25,47.3,28.92,,,,3.32,,,,Musgrave,,,,,5/15/2015,,,Blk3,41
NY-MD-2015,NY,Barley,Thoroughbred,3.24,16.17,6.29,25.28,43.36,34.86,,,,3.28,,,,Musgrave,,,,,5/15/2015,,,Blk4,41
NY-MD-2015,NY,Cereal rye,Huron,2.98,12.34,8.28,35.72,62.04,18.88,,,,4.73,,,,Musgrave,,,,,5/15/2015,,,Blk1,50
NY-MD-2015,NY,Cereal rye,Huron,2.93,12.42,8.47,34.37,60.44,20.07,,,,4.56,,,,Musgrave,,,,,5/15/2015,,,Blk2,45
NY-MD-2015,NY,Cereal rye,Huron,2.64,13.38,8.66,35.01,60.82,18.87,,,,4.58,,,,Musgrave,,,,,5/15/2015,,,Blk3,47
NY-MD-2015,NY,Cereal rye,Huron,2.99,12.97,7.94,32.16,56.88,23.31,,,,4.09,,,,Musgrave,,,,,5/15/2015,,,Blk4,45
NY-MD-2015,NY,Cereal rye,Spooner,2.67,13.09,8.12,36.88,61.89,18.66,,,,5.42,,,,Musgrave,,,,,5/15/2015,,,Blk1,55
NY-MD-2015,NY,Cereal rye,Spooner,2.84,12.18,8.32,35.72,60.64,20.23,,,,5.06,,,,Musgrave,,,,,5/15/2015,,,Blk2,53
NY-MD-2015,NY,Cereal rye,Spooner,2.81,11.93,8.03,36.88,63.17,18.41,,,,5.31,,,,Musgrave,,,,,5/15/2015,,,Blk3,55
NY-MD-2015,NY,Cereal rye,Spooner,2.84,12.95,8.04,33.79,58.35,21.98,,,,4.76,,,,Musgrave,,,,,5/15/2015,,,Blk4,53
NY-MD-2015,NY,Cereal rye,Aroostook,2.67,12.18,9.22,39.78,64.51,15.88,,,,6.34,,,,Musgrave,,,,,5/15/2015,,,Blk1,59
NY-MD-2015,NY,Cereal rye,Aroostook,2.82,13.42,8.97,38.69,63.27,15.89,,,,6.14,,,,Musgrave,,,,,5/15/2015,,,Blk2,57
NY-MD-2015,NY,Cereal rye,Aroostook,2.85,11.69,8.83,39,64.09,17.44,,,,6.35,,,,Musgrave,,,,,5/15/2015,,,Blk3,59
NY-MD-2015,NY,Cereal rye,Aroostook,2.89,11.55,8.56,36.75,61.72,19.05,,,,5.72,,,,Musgrave,,,,,5/15/2015,,,Blk4,57
NY-MD-2015,NY,Cereal rye,LakeviewVNS,2.86,13.78,9.02,35.54,61.37,16.89,,,,4.95,,,,Musgrave,,,,,5/15/2015,,,Blk1,53
NY-MD-2015,NY,Cereal rye,LakeviewVNS,2.99,11.94,8.7,35.43,61.59,19.23,,,,4.92,,,,Musgrave,,,,,5/15/2015,,,Blk2,57
NY-MD-2015,NY,Cereal rye,LakeviewVNS,2.83,14.72,8.4,33.85,58.49,20.08,,,,4.85,,,,Musgrave,,,,,5/15/2015,,,Blk3,59
NY-MD-2015,NY,Cereal rye,LakeviewVNS,2.89,12.76,7.93,32.66,57.42,23.06,,,,4.22,,,,Musgrave,,,,,5/15/2015,,,Blk4,57
NY-MD-2015,NY,Triticale,TriCal815,2.66,14.1,8.26,29.6,51.64,27.14,,,,3.57,,,,Musgrave,,,,,5/15/2015,,,Blk1,39
NY-MD-2015,NY,Triticale,TriCal815,2.88,12.29,8.62,30.25,51.37,28.47,,,,3.74,,,,Musgrave,,,,,5/15/2015,,,Blk2,39
NY-MD-2015,NY,Triticale,TriCal815,2.76,12.4,7.36,30.62,52.56,28.53,,,,3.9,,,,Musgrave,,,,,5/15/2015,,,Blk3,39
NY-MD-2015,NY,Triticale,TriCal815,2.7,12.64,7.67,29.13,50.31,30.08,,,,3.85,,,,Musgrave,,,,,5/15/2015,,,Blk4,37
NY-MD-2015,NY,Triticale,TriCal718,2.9,14.99,9.06,29.32,50.4,26.58,,,,3.63,,,,Musgrave,,,,,5/15/2015,,,Blk1,37
NY-MD-2015,NY,Triticale,TriCal718,2.95,15.06,8.47,27.81,48.64,28.67,,,,3.52,,,,Musgrave,,,,,5/15/2015,,,Blk2,37
NY-MD-2015,NY,Triticale,TriCal718,2.76,14.22,8.75,30.23,51.94,26.18,,,,3.72,,,,Musgrave,,,,,5/15/2015,,,Blk3,37
NY-MD-2015,NY,Triticale,TriCal718,2.9,14.76,7.84,27.41,47.96,30.06,,,,3.64,,,,Musgrave,,,,,5/15/2015,,,Blk4,37
NY-MD-2015,NY,Triticale,NE426GT,2.5,13.14,8.15,33,58.02,22.04,,,,4.14,,,,Musgrave,,,,,5/15/2015,,,Blk1,41
NY-MD-2015,NY,Triticale,NE426GT,2.57,13.82,8.39,29.3,50.88,27.77,,,,3.81,,,,Musgrave,,,,,5/15/2015,,,Blk2,39
NY-MD-2015,NY,Triticale,NE426GT,2.42,14.61,7.74,29.97,52.81,25.96,,,,3.74,,,,Musgrave,,,,,5/15/2015,,,Blk3,41
NY-MD-2015,NY,Triticale,NE426GT,2.54,12.57,7.36,28.25,48.77,31.71,,,,3.89,,,,Musgrave,,,,,5/15/2015,,,Blk4,37
NY-MD-2015,NY,Triticale,TriMark099,2.77,13.07,7.86,30.28,53,26.97,,,,3.76,,,,Musgrave,,,,,5/15/2015,,,Blk1,39
NY-MD-2015,NY,Triticale,TriMark099,2.84,14.69,8.52,28.14,49.67,28.05,,,,3.44,,,,Musgrave,,,,,5/15/2015,,,Blk2,39
NY-MD-2015,NY,Triticale,TriMark099,2.64,13.89,8.67,30.08,52.47,26.14,,,,3.73,,,,Musgrave,,,,,5/15/2015,,,Blk3,41
NY-MD-2015,NY,Triticale,TriMark099,2.77,13.87,8.2,27.81,48.86,29.78,,,,3.64,,,,Musgrave,,,,,5/15/2015,,,Blk4,39
NY-MD-2015,NY,Barley,Verdant,2.51,14.25,8.99,33.83,56.76,21.53,,,,3.6,,,,Musgrave,,,,,5/19/2015,,,Blk2,45
NY-MD-2015,NY,Barley,Verdant,2.31,15.91,11.72,34.95,55.34,20.56,,,,3.87,,,,Musgrave,,,,,5/19/2015,,,Blk3,45
NY-MD-2015,NY,Barley,Verdant,2.53,12.63,9.85,33.78,56.12,22.72,,,,3.47,,,,Musgrave,,,,,5/19/2015,,,Blk4,41
NY-MD-2015,NY,Barley,Valor,1.83,13.98,10.15,38.13,63.84,15.92,,,,5.28,,,,Musgrave,,,,,5/19/2015,,,Blk2,60
NY-MD-2015,NY,Barley,Valor,1.98,14.69,9.85,36.87,61.94,17.02,,,,4.95,,,,Musgrave,,,,,5/19/2015,,,Blk3,60
NY-MD-2015,NY,Barley,Valor,2.03,15.7,9.49,32.32,57.31,19.72,,,,4.72,,,,Musgrave,,,,,5/19/2015,,,Blk4,60
NY-MD-2015,NY,Barley,P919,1.88,12.07,9.67,38.14,62.97,18.03,,,,4.89,,,,Musgrave,,,,,5/19/2015,,,Blk1,60
NY-MD-2015,NY,Barley,P919,2.18,11.09,7.81,35.8,61.83,20.6,,,,4.42,,,,Musgrave,,,,,5/19/2015,,,Blk2,60
NY-MD-2015,NY,Barley,P919,1.89,12.54,9.02,37.93,62.88,17.83,,,,4.89,,,,Musgrave,,,,,5/19/2015,,,Blk3,60
NY-MD-2015,NY,Barley,P919,2.24,12.66,7.3,33.03,58.08,23.22,,,,3.9,,,,Musgrave,,,,,5/19/2015,,,Blk4,55
NY-MD-2015,NY,Barley,Thoroughbred,2.25,13.9,9.14,37.28,63.47,16.61,,,,4.64,,,,Musgrave,,,,,5/19/2015,,,Blk2,57
NY-MD-2015,NY,Barley,Thoroughbred,2.34,16.22,9.35,33.9,59.68,18.17,,,,4.05,,,,Musgrave,,,,,5/19/2015,,,Blk3,53
NY-MD-2015,NY,Barley,Thoroughbred,2.11,13.49,8.88,35.07,62.03,17.32,,,,4.18,,,,Musgrave,,,,,5/19/2015,,,Blk4,55
NY-MD-2015,NY,Cereal rye,Huron,2.45,12.11,9.06,42.08,69.78,12.3,,,,5.57,,,,Musgrave,,,,,5/19/2015,,,Blk1,57
NY-MD-2015,NY,Cereal rye,Huron,2.82,12.47,9.18,41.93,68.79,13.25,,,,5.59,,,,Musgrave,,,,,5/19/2015,,,Blk2,57
NY-MD-2015,NY,Cereal rye,Huron,2.54,12.96,9.19,41.58,68.54,12.93,,,,5.45,,,,Musgrave,,,,,5/19/2015,,,Blk3,57
NY-MD-2015,NY,Cereal rye,Huron,2.59,11.79,8.91,41,68.74,13.2,,,,5.34,,,,Musgrave,,,,,5/19/2015,,,Blk4,57
NY-MD-2015,NY,Cereal rye,Spooner,2.74,13.03,9.75,41.49,67.84,12.78,,,,5.84,,,,Musgrave,,,,,5/19/2015,,,Blk1,57
NY-MD-2015,NY,Cereal rye,Spooner,2.36,11.18,8.97,44.94,71.95,11.34,,,,6.29,,,,Musgrave,,,,,5/19/2015,,,Blk2,59
NY-MD-2015,NY,Cereal rye,Spooner,2.37,11.51,9.46,44.59,70.84,12.4,,,,6.36,,,,Musgrave,,,,,5/19/2015,,,Blk3,57
NY-MD-2015,NY,Cereal rye,Spooner,2.79,13.74,9.58,40.06,65.81,13.71,,,,5.43,,,,Musgrave,,,,,5/19/2015,,,Blk4,55
NY-MD-2015,NY,Cereal rye,Aroostook,2.25,11.59,9.53,44.99,70.68,12.35,,,,6.84,,,,Musgrave,,,,,5/19/2015,,,Blk1,60
NY-MD-2015,NY,Cereal rye,Aroostook,2.21,11.42,9.36,45.37,71.14,12.17,,,,7.18,,,,Musgrave,,,,,5/19/2015,,,Blk2,60
NY-MD-2015,NY,Cereal rye,Aroostook,2.24,12.12,8.81,44.25,70.14,12.65,,,,6.95,,,,Musgrave,,,,,5/19/2015,,,Blk3,60
NY-MD-2015,NY,Cereal rye,Aroostook,2.32,10.41,8.56,45.21,72.21,11.7,,,,6.94,,,,Musgrave,,,,,5/19/2015,,,Blk4,59
NY-MD-2015,NY,Cereal rye,LakeviewVNS,2.36,11.12,9.13,42.86,70.73,11.79,,,,5.76,,,,Musgrave,,,,,5/19/2015,,,Blk1,57
NY-MD-2015,NY,Cereal rye,LakeviewVNS,2.36,10.85,9.45,44.92,72.51,11.43,,,,6.13,,,,Musgrave,,,,,5/19/2015,,,Blk2,59
NY-MD-2015,NY,Cereal rye,LakeviewVNS,2.44,12.73,9.57,42.34,68.59,12.93,,,,5.77,,,,Musgrave,,,,,5/19/2015,,,Blk3,57
NY-MD-2015,NY,Cereal rye,LakeviewVNS,2.32,11.45,9.78,44.42,71.39,12.48,,,,6.24,,,,Musgrave,,,,,5/19/2015,,,Blk4,57
NY-MD-2015,NY,Triticale,TriCal815,2.24,12.41,9.04,38.6,64.37,16.21,,,,4.97,,,,Musgrave,,,,,5/19/2015,,,Blk1,49
NY-MD-2015,NY,Triticale,TriCal815,2.41,12.83,8.11,36.56,62.35,17.12,,,,4.63,,,,Musgrave,,,,,5/19/2015,,,Blk2,45
NY-MD-2015,NY,Triticale,TriCal815,2.43,12.96,9.8,39.74,64.65,16.64,,,,5.24,,,,Musgrave,,,,,5/19/2015,,,Blk3,49
NY-MD-2015,NY,Triticale,TriCal815,2.28,12.54,8.69,37.73,63.11,17.19,,,,4.77,,,,Musgrave,,,,,5/19/2015,,,Blk4,47
NY-MD-2015,NY,Triticale,TriCal718,2.39,13.79,10.07,38.95,63.92,16.07,,,,4.81,,,,Musgrave,,,,,5/19/2015,,,Blk2,41
NY-MD-2015,NY,Triticale,TriCal718,2.36,12.87,9.79,40.69,66,14.86,,,,5.21,,,,Musgrave,,,,,5/19/2015,,,Blk3,43
NY-MD-2015,NY,Triticale,TriCal718,2.4,14.04,9.2,37.54,62.49,16.63,,,,4.76,,,,Musgrave,,,,,5/19/2015,,,Blk4,41
NY-MD-2015,NY,Triticale,NE426GT,2.06,13.43,9.82,37.62,63.23,16.21,,,,4.69,,,,Musgrave,,,,,5/19/2015,,,Blk1,53
NY-MD-2015,NY,Triticale,NE426GT,2.21,11.97,8.47,38.19,64.77,15.86,,,,4.57,,,,Musgrave,,,,,5/19/2015,,,Blk2,53
NY-MD-2015,NY,Triticale,NE426GT,2.11,13.11,8.55,37.97,63.81,16.32,,,,4.7,,,,Musgrave,,,,,5/19/2015,,,Blk3,55
NY-MD-2015,NY,Triticale,NE426GT,2.34,12.95,8.81,36.75,62.61,17.13,,,,4.47,,,,Musgrave,,,,,5/19/2015,,,Blk4,55
NY-MD-2015,NY,Triticale,TriMark099,2.41,13.04,10.35,38.7,64.25,16.75,,,,4.64,,,,Musgrave,,,,,5/19/2015,,,Blk1,50
NY-MD-2015,NY,Triticale,TriMark099,2.34,13.01,9.09,37.71,64.06,16.84,,,,4.71,,,,Musgrave,,,,,5/19/2015,,,Blk2,50
NY-MD-2015,NY,Triticale,TriMark099,2.34,13.87,10.35,36.91,61.48,18.02,,,,4.38,,,,Musgrave,,,,,5/19/2015,,,Blk3,50
NY-MD-2015,NY,Triticale,TriMark099,2.36,13.1,8.75,35.37,60.82,19.37,,,,4.33,,,,Musgrave,,,,,5/19/2015,,,Blk4,49
NY-MD-2015,NY,Barley,Verdant,2.49,11.77,9.64,33.63,55.42,24.33,,,,3.86,,,,Musgrave,,,,,5/24/2015,,,Blk1,52
NY-MD-2015,NY,Barley,Verdant,2.37,13.15,9.64,34.34,56.21,22.35,,,,4.03,,,,Musgrave,,,,,5/24/2015,,,Blk2,52
NY-MD-2015,NY,Barley,Verdant,2.41,13.32,10.97,34.52,55.43,22.24,,,,3.97,,,,Musgrave,,,,,5/24/2015,,,Blk3,51
NY-MD-2015,NY,Barley,Verdant,2.73,12.43,8.22,30.92,51.4,28.84,,,,3.7,,,,Musgrave,,,,,5/24/2015,,,Blk4,50
NY-MD-2015,NY,Barley,Valor,2.07,13.47,8.88,35.03,58.76,20.96,,,,4.87,,,,Musgrave,,,,,5/24/2015,,,Blk1,65
NY-MD-2015,NY,Barley,Valor,1.75,10.98,9.19,39.77,64.44,17.59,,,,5.62,,,,Musgrave,,,,,5/24/2015,,,Blk2,65
NY-MD-2015,NY,Barley,Valor,1.8,12.38,9.61,37.91,60.98,20.19,,,,5.49,,,,Musgrave,,,,,5/24/2015,,,Blk3,65
NY-MD-2015,NY,Barley,Valor,1.96,10.85,8.12,36.96,61.44,20.42,,,,5.41,,,,Musgrave,,,,,5/24/2015,,,Blk4,65
NY-MD-2015,NY,Barley,P919,1.92,9.94,8.47,38.12,61.5,20.78,,,,5.39,,,,Musgrave,,,,,5/24/2015,,,Blk1,69
NY-MD-2015,NY,Barley,P919,2.03,8.56,7.56,37.57,61.33,23.48,,,,5.13,,,,Musgrave,,,,,5/24/2015,,,Blk2,76
NY-MD-2015,NY,Barley,P919,1.85,10.32,7.43,36.97,60.11,23.36,,,,5.46,,,,Musgrave,,,,,5/24/2015,,,Blk3,69
NY-MD-2015,NY,Barley,P919,2.19,8.93,7.77,35.95,59.95,24.27,,,,5.04,,,,Musgrave,,,,,5/24/2015,,,Blk4,65
NY-MD-2015,NY,Barley,Thoroughbred,2.19,11.18,7.81,35.32,59.68,21.67,,,,4.75,,,,Musgrave,,,,,5/24/2015,,,Blk1,64
NY-MD-2015,NY,Barley,Thoroughbred,2.16,11.15,8.59,36.55,61.28,20.36,,,,4.94,,,,Musgrave,,,,,5/24/2015,,,Blk2,62
NY-MD-2015,NY,Barley,Thoroughbred,2.06,12.97,9.77,36.51,61.27,19.38,,,,4.74,,,,Musgrave,,,,,5/24/2015,,,Blk3,61
NY-MD-2015,NY,Barley,Thoroughbred,2.24,10.3,7.99,35.8,60.13,22.24,,,,4.87,,,,Musgrave,,,,,5/24/2015,,,Blk4,60
NY-MD-2015,NY,Cereal rye,Huron,2.42,10.33,9.22,44.24,70.75,13.39,,,,6.2,,,,Musgrave,,,,,5/24/2015,,,Blk1,59
NY-MD-2015,NY,Cereal rye,Huron,2.33,10.62,9.63,44.51,70.32,13.21,,,,6.25,,,,Musgrave,,,,,5/24/2015,,,Blk2,60
NY-MD-2015,NY,Cereal rye,Huron,2.27,11.25,9.05,44.08,70.47,12.8,,,,6.28,,,,Musgrave,,,,,5/24/2015,,,Blk3,61
NY-MD-2015,NY,Cereal rye,Huron,2.46,8.76,8.83,44.72,73.13,12.61,,,,6.12,,,,Musgrave,,,,,5/24/2015,,,Blk4,60
NY-MD-2015,NY,Cereal rye,Spooner,2.3,11.16,9.48,44.69,70.76,12.71,,,,6.63,,,,Musgrave,,,,,5/24/2015,,,Blk1,61
NY-MD-2015,NY,Cereal rye,Spooner,2.28,9.39,8.89,47.21,74.1,11.38,,,,7.11,,,,Musgrave,,,,,5/24/2015,,,Blk2,60
NY-MD-2015,NY,Cereal rye,Spooner,2.24,9.4,8.93,46.82,73.22,12.57,,,,6.97,,,,Musgrave,,,,,5/24/2015,,,Blk3,61
NY-MD-2015,NY,Cereal rye,Spooner,2.32,11.06,9.72,45.65,71.14,12.91,,,,6.76,,,,Musgrave,,,,,5/24/2015,,,Blk4,60
NY-MD-2015,NY,Cereal rye,Aroostook,2.06,10.01,9.01,46.77,71.81,13.06,,,,7.41,,,,Musgrave,,,,,5/24/2015,,,Blk1,63
NY-MD-2015,NY,Cereal rye,Aroostook,2.1,9.7,9.01,47.19,73.04,12.48,,,,7.4,,,,Musgrave,,,,,5/24/2015,,,Blk2,65
NY-MD-2015,NY,Cereal rye,Aroostook,2.01,10.1,8.67,45.95,71.28,14.04,,,,7.51,,,,Musgrave,,,,,5/24/2015,,,Blk3,62
NY-MD-2015,NY,Cereal rye,Aroostook,2.05,7.24,8.37,48.37,75.14,12.53,,,,7.58,,,,Musgrave,,,,,5/24/2015,,,Blk4,63
NY-MD-2015,NY,Cereal rye,LakeviewVNS,2.2,9.03,8.75,46.79,73.98,12.23,,,,6.92,,,,Musgrave,,,,,5/24/2015,,,Blk1,60
NY-MD-2015,NY,Cereal rye,LakeviewVNS,2.22,9.09,9.13,46.39,73.11,12.96,,,,6.86,,,,Musgrave,,,,,5/24/2015,,,Blk2,61
NY-MD-2015,NY,Cereal rye,LakeviewVNS,2.25,10.15,8.94,45.57,72.13,12.5,,,,6.52,,,,Musgrave,,,,,5/24/2015,,,Blk3,62
NY-MD-2015,NY,Cereal rye,LakeviewVNS,2.27,11.09,9.16,44.04,70.57,13.74,,,,6.38,,,,Musgrave,,,,,5/24/2015,,,Blk4,60
NY-MD-2015,NY,Triticale,TriCal815,2.25,11.54,9.37,40.35,65.83,16.17,,,,5.52,,,,Musgrave,,,,,5/24/2015,,,Blk1,55
NY-MD-2015,NY,Triticale,TriCal815,2.38,9.44,8.25,40.46,67.1,16.45,,,,5.2,,,,Musgrave,,,,,5/24/2015,,,Blk2,57
NY-MD-2015,NY,Triticale,TriCal815,2.24,11.36,9.68,40.33,65.92,16.32,,,,5.29,,,,Musgrave,,,,,5/24/2015,,,Blk3,57
NY-MD-2015,NY,Triticale,TriCal815,2.34,10.89,8.95,39.34,65.55,17.06,,,,5.1,,,,Musgrave,,,,,5/24/2015,,,Blk4,57
NY-MD-2015,NY,Triticale,TriCal718,2.36,13.12,9.43,37.84,62.15,17.68,,,,4.76,,,,Musgrave,,,,,5/24/2015,,,Blk1,45
NY-MD-2015,NY,Triticale,TriCal718,2.21,11.99,9.84,40.62,65.32,15.89,,,,5.25,,,,Musgrave,,,,,5/24/2015,,,Blk2,50
NY-MD-2015,NY,Triticale,TriCal718,2.36,11.12,9.86,40.56,66.2,15.9,,,,5.15,,,,Musgrave,,,,,5/24/2015,,,Blk3,50
NY-MD-2015,NY,Triticale,TriCal718,2.23,12.18,8.94,39.42,64.56,16.47,,,,5.01,,,,Musgrave,,,,,5/24/2015,,,Blk4,50
NY-MD-2015,NY,Triticale,NE426GT,2.06,11.4,9.04,39.66,65.59,16.45,,,,5.26,,,,Musgrave,,,,,5/24/2015,,,Blk1,57
NY-MD-2015,NY,Triticale,NE426GT,2.14,10.05,8.37,40.33,66.87,16.76,,,,5.41,,,,Musgrave,,,,,5/24/2015,,,Blk2,57
NY-MD-2015,NY,Triticale,NE426GT,2.14,10.88,8.68,39.78,66.1,16.76,,,,5.26,,,,Musgrave,,,,,5/24/2015,,,Blk3,57
NY-MD-2015,NY,Triticale,NE426GT,2.24,10.83,8.4,40.41,67.01,15.86,,,,5.19,,,,Musgrave,,,,,5/24/2015,,,Blk4,57
NY-MD-2015,NY,Triticale,TriMark099,2.19,11.82,9.77,39.48,63.84,17.98,,,,5.09,,,,Musgrave,,,,,5/24/2015,,,Blk1,57
NY-MD-2015,NY,Triticale,TriMark099,2.32,11.34,8.93,38.39,64.2,18.09,,,,4.87,,,,Musgrave,,,,,5/24/2015,,,Blk2,57
NY-MD-2015,NY,Triticale,TriMark099,2.21,11.38,10.18,39.85,65.06,17.76,,,,5.09,,,,Musgrave,,,,,5/24/2015,,,Blk3,57
NY-MD-2015,NY,Triticale,TriMark099,2.39,10.82,8.63,37.99,63.82,18.47,,,,4.8,,,,Musgrave,,,,,5/24/2015,,,Blk4,57
NY-MD-2015,NY,Barley,Verdant,2.51,10.42,7.89,33.83,56.66,26.04,,,,4.38,,,,Musgrave,,,,,5/29/2015,,,Blk1,71
NY-MD-2015,NY,Barley,Verdant,2.31,10.41,8.11,35.81,60.04,22.85,,,,4.69,,,,Musgrave,,,,,5/29/2015,,,Blk2,71
NY-MD-2015,NY,Barley,Verdant,2.45,10.28,9.93,35.96,58.63,22.67,,,,4.38,,,,Musgrave,,,,,5/29/2015,,,Blk3,71
NY-MD-2015,NY,Barley,Verdant,2.38,8.63,8.3,35.2,57.97,25.94,,,,4.77,,,,Musgrave,,,,,5/29/2015,,,Blk4,71
NY-MD-2015,NY,Barley,Valor,2.35,11.33,7.44,33.69,54.88,27.05,,,,5.49,,,,Musgrave,,,,,5/29/2015,,,Blk1,81
NY-MD-2015,NY,Barley,Valor,2.02,9.81,7.69,38.04,58.95,24.7,,,,6.34,,,,Musgrave,,,,,5/29/2015,,,Blk2,82
NY-MD-2015,NY,Barley,Valor,2.21,9.44,7.92,36.21,56.39,26.65,,,,6.16,,,,Musgrave,,,,,5/29/2015,,,Blk3,82
NY-MD-2015,NY,Barley,Valor,2.3,8.93,7.69,34.43,53.88,29.96,,,,5.81,,,,Musgrave,,,,,5/29/2015,,,Blk4,81
NY-MD-2015,NY,Barley,P919,2.24,8.42,7.86,35.94,54.84,29.5,,,,6.08,,,,Musgrave,,,,,5/29/2015,,,Blk1,83
NY-MD-2015,NY,Barley,P919,2.5,7.55,6.23,33.73,52.57,33.67,,,,5.73,,,,Musgrave,,,,,5/29/2015,,,Blk2,83
NY-MD-2015,NY,Barley,P919,2.34,9.15,7,34.62,53.9,30.44,,,,5.88,,,,Musgrave,,,,,5/29/2015,,,Blk3,83
NY-MD-2015,NY,Barley,P919,2.54,8.72,7.2,33.86,54.17,30.26,,,,5.49,,,,Musgrave,,,,,5/29/2015,,,Blk4,83
NY-MD-2015,NY,Barley,Thoroughbred,2.46,11.61,7.9,33.79,56.01,25.5,,,,5.12,,,,Musgrave,,,,,5/29/2015,,,Blk1,80
NY-MD-2015,NY,Barley,Thoroughbred,2.45,9.4,7.01,33.34,53.1,30.96,,,,5.34,,,,Musgrave,,,,,5/29/2015,,,Blk2,80
NY-MD-2015,NY,Barley,Thoroughbred,2.34,11.71,8.2,34.09,55.16,25.97,,,,5.35,,,,Musgrave,,,,,5/29/2015,,,Blk3,80
NY-MD-2015,NY,Barley,Thoroughbred,2.67,8.75,6.6,31.49,49.49,35.06,,,,5.39,,,,Musgrave,,,,,5/29/2015,,,Blk4,81
NY-MD-2015,NY,Cereal rye,Huron,2.23,8.23,8.72,47.6,74.74,11.09,,,,6.79,,,,Musgrave,,,,,5/29/2015,,,Blk1,69
NY-MD-2015,NY,Cereal rye,Huron,2.2,8.43,8.7,47.33,73.86,11.91,,,,6.85,,,,Musgrave,,,,,5/29/2015,,,Blk2,69
NY-MD-2015,NY,Cereal rye,Huron,2.11,8.5,8.18,47.19,73.49,12.3,,,,6.81,,,,Musgrave,,,,,5/29/2015,,,Blk3,70
NY-MD-2015,NY,Cereal rye,Huron,2.27,7.48,8.24,46.57,74.77,12.13,,,,6.59,,,,Musgrave,,,,,5/29/2015,,,Blk4,67
NY-MD-2015,NY,Cereal rye,Spooner,1.81,7.03,7.66,50.36,75.76,11.68,,,,7.76,,,,Musgrave,,,,,5/29/2015,,,Blk1,69
NY-MD-2015,NY,Cereal rye,Spooner,1.89,6.49,8.05,50.77,78.09,9.97,,,,7.71,,,,Musgrave,,,,,5/29/2015,,,Blk2,65
NY-MD-2015,NY,Cereal rye,Spooner,1.95,7.26,8.41,49.73,75.56,11.87,,,,7.57,,,,Musgrave,,,,,5/29/2015,,,Blk3,69
NY-MD-2015,NY,Cereal rye,Spooner,1.94,8.09,7.92,48.25,74.2,11.29,,,,7.33,,,,Musgrave,,,,,5/29/2015,,,Blk4,63
NY-MD-2015,NY,Cereal rye,Aroostook,1.77,6.97,6.95,48.35,72.1,15.03,,,,7.99,,,,Musgrave,,,,,5/29/2015,,,Blk2,71
NY-MD-2015,NY,Cereal rye,Aroostook,1.85,8.18,7.66,47.5,71.1,14.69,,,,7.73,,,,Musgrave,,,,,5/29/2015,,,Blk3,71
NY-MD-2015,NY,Cereal rye,Aroostook,1.93,5.99,7.33,49.08,74.76,13.4,,,,7.85,,,,Musgrave,,,,,5/29/2015,,,Blk4,71
NY-MD-2015,NY,Cereal rye,LakeviewVNS,1.97,7.13,7.75,48.99,75.85,11.6,,,,7.27,,,,Musgrave,,,,,5/29/2015,,,Blk1,69
NY-MD-2015,NY,Cereal rye,LakeviewVNS,1.89,7.44,8.5,48.91,74.95,12,,,,7.2,,,,Musgrave,,,,,5/29/2015,,,Blk2,71
NY-MD-2015,NY,Cereal rye,LakeviewVNS,2.03,8.26,8.18,47.95,74.02,12.37,,,,7.13,,,,Musgrave,,,,,5/29/2015,,,Blk3,69
NY-MD-2015,NY,Cereal rye,LakeviewVNS,2.01,7.72,8.23,48.99,75.66,11.08,,,,7.24,,,,Musgrave,,,,,5/29/2015,,,Blk4,69
NY-MD-2015,NY,Triticale,TriCal815,2.1,8.05,7.26,42.98,69.47,16.71,,,,6.11,,,,Musgrave,,,,,5/29/2015,,,Blk1,63
NY-MD-2015,NY,Triticale,TriCal815,2.18,9.51,7.45,41.93,68.34,15.21,,,,5.96,,,,Musgrave,,,,,5/29/2015,,,Blk2,61
NY-MD-2015,NY,Triticale,TriCal815,2.19,9.72,8.6,42.34,67.41,15.79,,,,6.03,,,,Musgrave,,,,,5/29/2015,,,Blk3,63
NY-MD-2015,NY,Triticale,TriCal718,2.13,9.53,7.62,43.67,71.16,12.48,,,,6.08,,,,Musgrave,,,,,5/29/2015,,,Blk1,59
NY-MD-2015,NY,Triticale,TriCal718,2.2,9.24,8.32,44.88,71.62,12.35,,,,6.22,,,,Musgrave,,,,,5/29/2015,,,Blk2,59
NY-MD-2015,NY,Triticale,TriCal718,2.15,9.59,8.35,44.93,71.13,12.92,,,,6.44,,,,Musgrave,,,,,5/29/2015,,,Blk3,59
NY-MD-2015,NY,Triticale,NE426GT,2.13,10.44,9.05,41.17,66.69,15.98,,,,5.76,,,,Musgrave,,,,,5/29/2015,,,Blk1,65
NY-MD-2015,NY,Triticale,NE426GT,2.13,8.94,7.98,42.52,68.63,16.34,,,,6.18,,,,Musgrave,,,,,5/29/2015,,,Blk2,60
NY-MD-2015,NY,Triticale,NE426GT,1.98,9.18,7.32,41.14,66.59,18.35,,,,6.02,,,,Musgrave,,,,,5/29/2015,,,Blk3,63
NY-MD-2015,NY,Triticale,NE426GT,2.01,8.35,7.16,41.99,68.18,16.83,,,,6.2,,,,Musgrave,,,,,5/29/2015,,,Blk4,65
NY-MD-2015,NY,Triticale,TriMark099,2.1,9.61,7.99,41.66,67.76,15.27,,,,5.75,,,,Musgrave,,,,,5/29/2015,,,Blk1,67
NY-MD-2015,NY,Triticale,TriMark099,2.25,9.25,7.61,40.45,66.13,17.36,,,,5.54,,,,Musgrave,,,,,5/29/2015,,,Blk2,60
NY-MD-2015,NY,Triticale,TriMark099,2.1,10.68,9.34,40.83,65.35,16.88,,,,5.7,,,,Musgrave,,,,,5/29/2015,,,Blk3,67
NY-MD-2015,NY,Triticale,TriMark099,2.29,10.14,7.4,39.4,64.65,18.3,,,,5.51,,,,Musgrave,,,,,5/29/2015,,,Blk4,65
NY-MD-2015,NY,Barley,Verdant,2.31,8.3,8.33,37.4,60.26,24.12,,,,5.21,,,,Musgrave,,,,,6/3/2015,,,Blk1,73
NY-MD-2015,NY,Barley,Verdant,2.25,7.66,8.28,38,60.83,24.17,,,,5.24,,,,Musgrave,,,,,6/3/2015,,,Blk2,71
NY-MD-2015,NY,Barley,Verdant,2.17,8.68,8.71,38.17,60.6,23.35,,,,5.3,,,,Musgrave,,,,,6/3/2015,,,Blk3,75
NY-MD-2015,NY,Barley,Verdant,2.43,8.58,7.82,35.88,56.36,27.94,,,,5.23,,,,Musgrave,,,,,6/3/2015,,,Blk4,73
NY-MD-2015,NY,Barley,Valor,2.42,8.27,6.77,33.71,50.79,34.32,,,,5.97,,,,Musgrave,,,,,6/3/2015,,,Blk1,83
NY-MD-2015,NY,Barley,Valor,2.21,9.59,7.65,35.71,54.5,29.11,,,,6.3,,,,Musgrave,,,,,6/3/2015,,,Blk2,82
NY-MD-2015,NY,Barley,Valor,2.5,8.49,7.08,33.45,50.84,33.36,,,,6.15,,,,Musgrave,,,,,6/3/2015,,,Blk3,83
NY-MD-2015,NY,Barley,Valor,2.57,11.39,7.29,31.99,50.04,31.22,,,,5.7,,,,Musgrave,,,,,6/3/2015,,,Blk4,81
NY-MD-2015,NY,Barley,P919,2.4,8.09,6.75,35.06,52.94,32.63,,,,6.17,,,,Musgrave,,,,,6/3/2015,,,Blk1,85
NY-MD-2015,NY,Barley,P919,2.6,7.63,6.93,33.92,52.18,33.3,,,,5.87,,,,Musgrave,,,,,6/3/2015,,,Blk2,85
NY-MD-2015,NY,Barley,P919,2.33,8.97,7.3,34.04,50.95,33.24,,,,5.94,,,,Musgrave,,,,,6/3/2015,,,Blk3,85
NY-MD-2015,NY,Barley,P919,2.6,7.91,6.41,33.66,50.96,34.58,,,,6.09,,,,Musgrave,,,,,6/3/2015,,,Blk4,85
NY-MD-2015,NY,Barley,Thoroughbred,2.75,8.34,6.27,32.09,50.5,34.9,,,,5.45,,,,Musgrave,,,,,6/3/2015,,,Blk1,81
NY-MD-2015,NY,Barley,Thoroughbred,2.5,9.18,7.36,33.52,51.77,32.03,,,,5.8,,,,Musgrave,,,,,6/3/2015,,,Blk2,81
NY-MD-2015,NY,Barley,Thoroughbred,2.51,9.53,7.28,32.09,49.27,34.3,,,,5.82,,,,Musgrave,,,,,6/3/2015,,,Blk3,81
NY-MD-2015,NY,Barley,Thoroughbred,2.75,8.28,7.21,31.55,48.62,35.76,,,,5.73,,,,Musgrave,,,,,6/3/2015,,,Blk4,81
NY-MD-2015,NY,Cereal rye,Huron,1.95,6.48,7.5,48.57,74.32,13.51,,,,7.54,,,,Musgrave,,,,,6/3/2015,,,Blk1,71
NY-MD-2015,NY,Cereal rye,Huron,1.99,5.96,7.54,48.77,75.77,12.52,,,,7.32,,,,Musgrave,,,,,6/3/2015,,,Blk2,71
NY-MD-2015,NY,Cereal rye,Huron,2.07,8.89,8.84,46.27,71.81,13.2,,,,6.88,,,,Musgrave,,,,,6/3/2015,,,Blk3,71
NY-MD-2015,NY,Cereal rye,Huron,2.05,5.4,7.68,48.57,75.22,13.6,,,,7.25,,,,Musgrave,,,,,6/3/2015,,,Blk4,69
NY-MD-2015,NY,Cereal rye,Spooner,2.04,6.74,7.58,48.08,72.34,14.49,,,,7.72,,,,Musgrave,,,,,6/3/2015,,,Blk2,69
NY-MD-2015,NY,Cereal rye,Spooner,1.83,6.29,7.82,48.61,74,13.29,,,,7.69,,,,Musgrave,,,,,6/3/2015,,,Blk3,71
NY-MD-2015,NY,Cereal rye,Spooner,1.9,6.05,8.06,49,74.21,13.31,,,,7.86,,,,Musgrave,,,,,6/3/2015,,,Blk4,67
NY-MD-2015,NY,Cereal rye,Aroostook,1.95,6.43,7.96,47,69.68,17.54,,,,7.99,,,,Musgrave,,,,,6/3/2015,,,Blk1,73
NY-MD-2015,NY,Cereal rye,Aroostook,2.04,6.68,7.33,45.67,67.37,19.41,,,,7.9,,,,Musgrave,,,,,6/3/2015,,,Blk2,72
NY-MD-2015,NY,Cereal rye,Aroostook,1.9,7.56,7.09,45.79,67.81,18.23,,,,7.88,,,,Musgrave,,,,,6/3/2015,,,Blk3,73
NY-MD-2015,NY,Cereal rye,Aroostook,2.07,5.84,7.27,46.8,70.09,17.39,,,,7.89,,,,Musgrave,,,,,6/3/2015,,,Blk4,73
NY-MD-2015,NY,Cereal rye,LakeviewVNS,1.97,6.69,7.64,48.01,74.07,13.61,,,,7.53,,,,Musgrave,,,,,6/3/2015,,,Blk1,71
NY-MD-2015,NY,Cereal rye,LakeviewVNS,2.03,6.83,8.14,47.99,73.91,13.11,,,,7.39,,,,Musgrave,,,,,6/3/2015,,,Blk2,71
NY-MD-2015,NY,Cereal rye,LakeviewVNS,1.99,7.87,7.98,46.58,71.31,14.62,,,,7.3,,,,Musgrave,,,,,6/3/2015,,,Blk3,70
NY-MD-2015,NY,Cereal rye,LakeviewVNS,1.91,6.23,7.56,48.24,73.84,13.95,,,,7.56,,,,Musgrave,,,,,6/3/2015,,,Blk4,69
NY-MD-2015,NY,Triticale,TriCal815,2.14,9.42,8.05,41.82,66.73,16.48,,,,6.22,,,,Musgrave,,,,,6/3/2015,,,Blk1,67
NY-MD-2015,NY,Triticale,TriCal815,2.24,7.84,7.85,43.39,69.07,16.05,,,,6.37,,,,Musgrave,,,,,6/3/2015,,,Blk2,67
NY-MD-2015,NY,Triticale,TriCal815,2.03,6.91,7.63,44.38,69.15,16.72,,,,6.82,,,,Musgrave,,,,,6/3/2015,,,Blk3,67
NY-MD-2015,NY,Triticale,TriCal815,2.25,7.6,7.82,43.86,69.58,15.86,,,,6.45,,,,Musgrave,,,,,6/3/2015,,,Blk4,65
NY-MD-2015,NY,Triticale,TriCal718,2.32,9.53,8.1,44.52,70.91,13.82,,,,6.46,,,,Musgrave,,,,,6/3/2015,,,Blk1,63
NY-MD-2015,NY,Triticale,TriCal718,2.16,7.66,7.92,46.01,73,12.78,,,,6.72,,,,Musgrave,,,,,6/3/2015,,,Blk2,65
NY-MD-2015,NY,Triticale,TriCal718,2.14,9.16,8.44,45.61,72.57,11.83,,,,6.46,,,,Musgrave,,,,,6/3/2015,,,Blk3,65
NY-MD-2015,NY,Triticale,TriCal718,2.11,8.47,8.11,44.92,71.55,13.22,,,,6.59,,,,Musgrave,,,,,6/3/2015,,,Blk4,65
NY-MD-2015,NY,Triticale,NE426GT,1.98,7.94,8.14,42.92,67.44,18.14,,,,6.66,,,,Musgrave,,,,,6/3/2015,,,Blk1,67
NY-MD-2015,NY,Triticale,NE426GT,2,9.39,8.6,42.92,67.91,15.77,,,,6.41,,,,Musgrave,,,,,6/3/2015,,,Blk2,67
NY-MD-2015,NY,Triticale,NE426GT,1.95,10.49,9.21,41.5,66.81,15.88,,,,6.04,,,,Musgrave,,,,,6/3/2015,,,Blk3,67
NY-MD-2015,NY,Triticale,NE426GT,2.11,8.56,7.67,40.76,64.68,19.7,,,,6.35,,,,Musgrave,,,,,6/3/2015,,,Blk4,67
NY-MD-2015,NY,Triticale,TriMark099,2.02,8.39,8.02,42.05,67.03,17.05,,,,6.18,,,,Musgrave,,,,,6/3/2015,,,Blk1,65
NY-MD-2015,NY,Triticale,TriMark099,2.01,8.33,8.48,43.39,68.3,16.02,,,,6.4,,,,Musgrave,,,,,6/3/2015,,,Blk2,65
NY-MD-2015,NY,Triticale,TriMark099,2,8.92,8.57,42.73,66.97,17.27,,,,6.34,,,,Musgrave,,,,,6/3/2015,,,Blk3,65
NY-MD-2015,NY,Triticale,TriMark099,2.2,7.77,7.71,41.28,65.43,19.87,,,,6.23,,,,Musgrave,,,,,6/3/2015,,,Blk4,65
NY-MD-2015,MD,Barley,Verdant,3.11,14.67,7.12,25.65,37.71,40.82,,,,3.9,,,,Beltsville,,,,,4/17/2015,,,Blk1,31
NY-MD-2015,MD,Barley,Verdant,3.24,17.01,8.43,24.22,38.21,37.24,,,,3.39,,,,Beltsville,,,,,4/17/2015,,,Blk2,31
NY-MD-2015,MD,Barley,Verdant,3.22,15.7,8.19,26.26,39.46,37.56,,,,3.6,,,,Beltsville,,,,,4/17/2015,,,Blk3,30
NY-MD-2015,MD,Barley,Verdant,3.46,21.08,8.56,22.68,38.38,33.37,,,,2.75,,,,Beltsville,,,,,4/17/2015,,,Blk4,30
NY-MD-2015,MD,Barley,Valor,2.26,13.94,7.3,30.7,49.4,30.69,,,,4.55,,,,Beltsville,,,,,4/17/2015,,,Blk2,30
NY-MD-2015,MD,Barley,Valor,2.97,18.6,7.91,24.95,40.65,34.19,,,,3.31,,,,Beltsville,,,,,4/17/2015,,,Blk3,31
NY-MD-2015,MD,Barley,Valor,3.01,16.53,7.46,24.73,38.46,38.27,,,,3.48,,,,Beltsville,,,,,4/17/2015,,,Blk4,31
NY-MD-2015,MD,Barley,P919,3.18,16.56,7.4,25.95,41.72,35.23,,,,3.33,,,,Beltsville,,,,,4/17/2015,,,Blk1,31
NY-MD-2015,MD,Barley,P919,3.08,13.71,8.38,25.44,40.55,37.74,,,,3.09,,,,Beltsville,,,,,4/17/2015,,,Blk3,31
NY-MD-2015,MD,Barley,P919,3.14,23.6,8.86,21.81,38.4,31.08,,,,2.63,,,,Beltsville,,,,,4/17/2015,,,Blk4,30
NY-MD-2015,MD,Barley,Thoroughbred,3.24,14.09,6.58,26.64,39.72,40.07,,,,3.84,,,,Beltsville,,,,,4/17/2015,,,Blk1,31
NY-MD-2015,MD,Barley,Thoroughbred,3.19,16.65,7.1,25.46,39.41,37.87,,,,3.49,,,,Beltsville,,,,,4/17/2015,,,Blk2,30
NY-MD-2015,MD,Barley,Thoroughbred,3.25,13.95,8.43,27.06,41.93,36.35,,,,3.54,,,,Beltsville,,,,,4/17/2015,,,Blk3,31
NY-MD-2015,MD,Barley,Thoroughbred,3.24,22.24,8.92,23.21,39.9,30.71,,,,2.82,,,,Beltsville,,,,,4/17/2015,,,Blk4,31
NY-MD-2015,MD,Cereal rye,Huron,3.58,17.22,6.58,26.1,48.12,29.16,,,,3.3,,,,Beltsville,,,,,4/17/2015,,,Blk2,31
NY-MD-2015,MD,Cereal rye,Huron,3.74,17.3,6.76,27.69,50.43,26.67,,,,3.28,,,,Beltsville,,,,,4/17/2015,,,Blk3,32
NY-MD-2015,MD,Cereal rye,Huron,3.62,17.74,6.48,26.46,48.83,28.08,,,,3.13,,,,Beltsville,,,,,4/17/2015,,,Blk4,30
NY-MD-2015,MD,Cereal rye,Spooner,3.29,14.06,7.52,28,49.87,29.19,,,,3.52,,,,Beltsville,,,,,4/17/2015,,,Blk1,32
NY-MD-2015,MD,Cereal rye,Spooner,3.29,13.94,6.74,26.99,48.32,31.55,,,,3.33,,,,Beltsville,,,,,4/17/2015,,,Blk2,32
NY-MD-2015,MD,Cereal rye,Spooner,3.25,15.06,7.57,27.84,49.89,28.17,,,,3.51,,,,Beltsville,,,,,4/17/2015,,,Blk3,32
NY-MD-2015,MD,Cereal rye,Spooner,3.14,14.33,8.51,28.5,49.47,28.42,,,,3.54,,,,Beltsville,,,,,4/17/2015,,,Blk4,31
NY-MD-2015,MD,Cereal rye,Aroostook,3.12,12.34,7,30.71,53,28.17,,,,3.91,,,,Beltsville,,,,,4/17/2015,,,Blk1,33
NY-MD-2015,MD,Cereal rye,Aroostook,3.12,12.7,6.56,32.08,54.48,26.85,,,,4.27,,,,Beltsville,,,,,4/17/2015,,,Blk2,33
NY-MD-2015,MD,Cereal rye,Aroostook,2.91,12.23,7.07,32.88,56.4,25.11,,,,4.24,,,,Beltsville,,,,,4/17/2015,,,Blk3,33
NY-MD-2015,MD,Cereal rye,Aroostook,3.28,14.36,7.3,28.17,50.05,28.89,,,,3.63,,,,Beltsville,,,,,4/17/2015,,,Blk4,32
NY-MD-2015,MD,Cereal rye,LakeviewVNS,3.33,15.19,6.99,28.32,52.08,26.57,,,,3.23,,,,Beltsville,,,,,4/17/2015,,,Blk1,33
NY-MD-2015,MD,Cereal rye,LakeviewVNS,3.39,14.46,6.36,27.91,50.5,29.31,,,,3.21,,,,Beltsville,,,,,4/17/2015,,,Blk2,30
NY-MD-2015,MD,Cereal rye,LakeviewVNS,3.4,16.24,7.09,27.43,51.31,26.44,,,,2.96,,,,Beltsville,,,,,4/17/2015,,,Blk3,33
NY-MD-2015,MD,Cereal rye,LakeviewVNS,3.54,17.26,6.45,26.93,49.55,27.8,,,,3.1,,,,Beltsville,,,,,4/17/2015,,,Blk4,31
NY-MD-2015,MD,Triticale,TriCal815,3.33,13.23,7.05,27.58,44.81,35.26,,,,3.56,,,,Beltsville,,,,,4/17/2015,,,Blk1,31
NY-MD-2015,MD,Triticale,TriCal815,3.36,15.19,7.18,26.76,44.74,33.71,,,,3.52,,,,Beltsville,,,,,4/17/2015,,,Blk2,32
NY-MD-2015,MD,Triticale,TriCal815,3.36,16.02,7.82,26.14,43.12,33.98,,,,3.38,,,,Beltsville,,,,,4/17/2015,,,Blk3,31
NY-MD-2015,MD,Triticale,TriCal815,3.27,14.78,7.49,26.16,42.02,36.33,,,,3.62,,,,Beltsville,,,,,4/17/2015,,,Blk4,31
NY-MD-2015,MD,Triticale,TriCal718,3.26,15.48,7.84,28.76,48.88,28.78,,,,3.41,,,,Beltsville,,,,,4/17/2015,,,Blk1,31
NY-MD-2015,MD,Triticale,TriCal718,3.34,17.15,7.25,27.27,46.36,30.43,,,,3.32,,,,Beltsville,,,,,4/17/2015,,,Blk2,30
NY-MD-2015,MD,Triticale,TriCal718,3.4,16.23,7.8,27.31,46.67,30.34,,,,3.24,,,,Beltsville,,,,,4/17/2015,,,Blk3,31
NY-MD-2015,MD,Triticale,TriCal718,3.48,21.62,7.62,23.16,40.78,31.58,,,,2.77,,,,Beltsville,,,,,4/17/2015,,,Blk4,30
NY-MD-2015,MD,Triticale,NE426GT,3.11,13.49,7.89,27.17,46.53,32.7,,,,3.4,,,,Beltsville,,,,,4/17/2015,,,Blk1,32
NY-MD-2015,MD,Triticale,NE426GT,3.2,14.52,7.13,27.49,48.02,31.03,,,,3.25,,,,Beltsville,,,,,4/17/2015,,,Blk2,32
NY-MD-2015,MD,Triticale,NE426GT,3.24,14.5,7.46,27.55,48.23,30.59,,,,3.23,,,,Beltsville,,,,,4/17/2015,,,Blk3,32
NY-MD-2015,MD,Triticale,NE426GT,3.18,16.96,8.18,25.83,45.7,30.35,,,,2.88,,,,Beltsville,,,,,4/17/2015,,,Blk4,31
NY-MD-2015,MD,Triticale,TriMark099,3.23,16.14,6.82,25.54,43.81,34.05,,,,3.15,,,,Beltsville,,,,,4/17/2015,,,Blk1,31
NY-MD-2015,MD,Triticale,TriMark099,3.44,17.12,6.7,24.81,41.56,35.43,,,,3.32,,,,Beltsville,,,,,4/17/2015,,,Blk2,32
NY-MD-2015,MD,Triticale,TriMark099,3.48,20.21,8.72,25.38,43.79,28.76,,,,3,,,,Beltsville,,,,,4/17/2015,,,Blk3,32
NY-MD-2015,MD,Triticale,TriMark099,3.28,20.71,7.98,22.84,40.26,32.46,,,,2.91,,,,Beltsville,,,,,4/17/2015,,,Blk4,31
NY-MD-2015,MD,Barley,Verdant,3.45,12.75,7.65,26.99,41.69,38.33,,,,3.24,,,,Beltsville,,,,,4/21/2015,,,Blk1,30
NY-MD-2015,MD,Barley,Verdant,3.26,12.78,7.6,26.15,38.79,41.04,,,,3.78,,,,Beltsville,,,,,4/21/2015,,,Blk2,30
NY-MD-2015,MD,Barley,Verdant,3.28,12.15,7.69,27.3,42.2,38.41,,,,3.05,,,,Beltsville,,,,,4/21/2015,,,Blk3,33
NY-MD-2015,MD,Barley,Verdant,3.61,17.33,8.79,24.26,39.65,35.28,,,,2.39,,,,Beltsville,,,,,4/21/2015,,,Blk4,30
NY-MD-2015,MD,Barley,Valor,3.05,11.12,6.73,26.15,42.38,39.59,,,,3.42,,,,Beltsville,,,,,4/21/2015,,,Blk1,31
NY-MD-2015,MD,Barley,Valor,3.1,13.12,7.16,26.06,41.27,38.84,,,,3.43,,,,Beltsville,,,,,4/21/2015,,,Blk2,31
NY-MD-2015,MD,Barley,Valor,3.14,13.16,7.29,26.07,43.95,36.05,,,,2.82,,,,Beltsville,,,,,4/21/2015,,,Blk3,34
NY-MD-2015,MD,Barley,Valor,3.16,11.85,8.3,26.72,41.46,38.51,,,,3.48,,,,Beltsville,,,,,4/21/2015,,,Blk4,30
NY-MD-2015,MD,Barley,P919,3.01,12.2,8.36,26.78,42.75,37.04,,,,3.3,,,,Beltsville,,,,,4/21/2015,,,Blk1,33
NY-MD-2015,MD,Barley,P919,3.1,11.3,6.92,25.46,39.51,41.92,,,,3.51,,,,Beltsville,,,,,4/21/2015,,,Blk2,31
NY-MD-2015,MD,Barley,P919,2.85,11.48,7.71,26.29,44.52,36.59,,,,2.81,,,,Beltsville,,,,,4/21/2015,,,Blk3,39
NY-MD-2015,MD,Barley,P919,3.36,15.59,7.99,24.13,38.43,38.43,,,,3.1,,,,Beltsville,,,,,4/21/2015,,,Blk4,32
NY-MD-2015,MD,Barley,Thoroughbred,3.13,11.47,6.75,27.12,41.64,40.21,,,,3.85,,,,Beltsville,,,,,4/21/2015,,,Blk1,33
NY-MD-2015,MD,Barley,Thoroughbred,3.17,11.41,7,26.64,42.21,39.49,,,,3.68,,,,Beltsville,,,,,4/21/2015,,,Blk2,32
NY-MD-2015,MD,Barley,Thoroughbred,3.09,10.99,7.87,27.77,44.18,37.26,,,,3.6,,,,Beltsville,,,,,4/21/2015,,,Blk3,39
NY-MD-2015,MD,Barley,Thoroughbred,3.43,19.62,9.63,23.07,39.27,32.95,,,,2.65,,,,Beltsville,,,,,4/21/2015,,,Blk3,30
NY-MD-2015,MD,Cereal rye,Huron,3.54,14.07,6.1,28.37,51.3,29.14,,,,3.21,,,,Beltsville,,,,,4/21/2015,,,Blk1,37
NY-MD-2015,MD,Cereal rye,Huron,3.28,13.52,6.29,27.21,48.8,31.79,,,,3.45,,,,Beltsville,,,,,4/21/2015,,,Blk2,37
NY-MD-2015,MD,Cereal rye,Huron,3.25,13.08,6.17,29.08,51.62,29.64,,,,3.44,,,,Beltsville,,,,,4/21/2015,,,Blk3,34
NY-MD-2015,MD,Cereal rye,Huron,3.48,13.53,6.99,28.66,51.51,28.53,,,,3.36,,,,Beltsville,,,,,4/21/2015,,,Blk4,32
NY-MD-2015,MD,Cereal rye,Spooner,3.02,12.16,6.62,30.28,53.21,28.67,,,,3.77,,,,Beltsville,,,,,4/21/2015,,,Blk1,36
NY-MD-2015,MD,Cereal rye,Spooner,3.23,12.11,7.14,29.14,51.43,29.76,,,,3.67,,,,Beltsville,,,,,4/21/2015,,,Blk2,46
NY-MD-2015,MD,Cereal rye,Spooner,3.13,13.59,7.91,30.71,54.64,24.82,,,,3.57,,,,Beltsville,,,,,4/21/2015,,,Blk3,37
NY-MD-2015,MD,Cereal rye,Spooner,3.07,10.98,7.04,28.93,49.77,32.43,,,,3.71,,,,Beltsville,,,,,4/21/2015,,,Blk4,33
NY-MD-2015,MD,Cereal rye,Aroostook,3.11,11.25,7.3,35.3,59.48,22.91,,,,5.11,,,,Beltsville,,,,,4/21/2015,,,Blk1,53
NY-MD-2015,MD,Cereal rye,Aroostook,2.96,10.63,7.48,35.77,60.57,22.36,,,,4.84,,,,Beltsville,,,,,4/21/2015,,,Blk2,41
NY-MD-2015,MD,Cereal rye,Aroostook,2.88,11.64,7.41,36.27,62,20.29,,,,4.82,,,,Beltsville,,,,,4/21/2015,,,Blk3,50
NY-MD-2015,MD,Cereal rye,Aroostook,3.11,12.36,7.32,33.6,57.42,23.9,,,,4.64,,,,Beltsville,,,,,4/21/2015,,,Blk4,37
NY-MD-2015,MD,Cereal rye,LakeviewVNS,3.3,14.85,7.69,30.36,55.06,23.47,,,,3.43,,,,Beltsville,,,,,4/21/2015,,,Blk1,41
NY-MD-2015,MD,Cereal rye,LakeviewVNS,3.02,11.85,6.6,29.23,51.4,30.44,,,,3.62,,,,Beltsville,,,,,4/21/2015,,,Blk2,39
NY-MD-2015,MD,Cereal rye,LakeviewVNS,3.25,14.37,7.27,29.72,53.91,25.34,,,,3.3,,,,Beltsville,,,,,4/21/2015,,,Blk3,37
NY-MD-2015,MD,Cereal rye,LakeviewVNS,3.42,13.69,7.35,28.61,51.29,28.25,,,,3.21,,,,Beltsville,,,,,4/21/2015,,,Blk4,32
NY-MD-2015,MD,Triticale,TriCal815,3.27,12.03,7.71,29.03,48.72,32.12,,,,3.5,,,,Beltsville,,,,,4/21/2015,,,Blk1,33
NY-MD-2015,MD,Triticale,TriCal815,3.29,12.04,6.65,28.5,47.53,34.14,,,,3.61,,,,Beltsville,,,,,4/21/2015,,,Blk2,34
NY-MD-2015,MD,Triticale,TriCal815,3.24,13.13,7.9,28.77,48.33,31.44,,,,3.43,,,,Beltsville,,,,,4/21/2015,,,Blk3,34
NY-MD-2015,MD,Triticale,TriCal815,3.18,12.78,8.07,28.25,47.06,32.95,,,,3.34,,,,Beltsville,,,,,4/21/2015,,,Blk4,32
NY-MD-2015,MD,Triticale,TriCal718,3.1,12.56,7.18,29.68,50.38,30.57,,,,3.59,,,,Beltsville,,,,,4/21/2015,,,Blk1,32
NY-MD-2015,MD,Triticale,TriCal718,3.18,12.45,7.33,29.11,48.8,31.86,,,,3.61,,,,Beltsville,,,,,4/21/2015,,,Blk2,32
NY-MD-2015,MD,Triticale,TriCal718,3.26,13.73,8.17,29.32,50.07,28.92,,,,3.28,,,,Beltsville,,,,,4/21/2015,,,Blk3,33
NY-MD-2015,MD,Triticale,TriCal718,3.25,15.6,8.45,25.97,44.32,32.7,,,,3.03,,,,Beltsville,,,,,4/21/2015,,,Blk4,30
NY-MD-2015,MD,Triticale,NE426GT,3.06,12.78,7.14,29.64,49.93,30.58,,,,3.92,,,,Beltsville,,,,,4/21/2015,,,Blk1,33
NY-MD-2015,MD,Triticale,NE426GT,3.07,12.15,6.7,28.04,48.48,33.05,,,,3.41,,,,Beltsville,,,,,4/21/2015,,,Blk2,31
NY-MD-2015,MD,Triticale,NE426GT,3.08,12.21,7.59,28.86,49.12,31.54,,,,3.56,,,,Beltsville,,,,,4/21/2015,,,Blk3,33
NY-MD-2015,MD,Triticale,NE426GT,3.16,12.53,7.56,28.26,47.43,32.92,,,,3.5,,,,Beltsville,,,,,4/21/2015,,,Blk4,33
NY-MD-2015,MD,Triticale,TriMark099,3.1,12.99,8.24,28.07,47.62,31.84,,,,3.47,,,,Beltsville,,,,,4/21/2015,,,Blk1,31
NY-MD-2015,MD,Triticale,TriMark099,3.12,12.36,7.22,27.41,46.95,33.88,,,,3.36,,,,Beltsville,,,,,4/21/2015,,,Blk2,32
NY-MD-2015,MD,Triticale,TriMark099,3.34,16.71,8.75,26.89,46.65,29.07,,,,3.05,,,,Beltsville,,,,,4/21/2015,,,Blk3,33
NY-MD-2015,MD,Triticale,TriMark099,3.16,15.41,8.14,25.75,44.3,33.14,,,,3.1,,,,Beltsville,,,,,4/21/2015,,,Blk4,31
NY-MD-2015,MD,Barley,Verdant,3.23,10.11,7.59,27.47,37.54,44.19,,,,4.52,,,,Beltsville,,,,,4/27/2015,,,Blk1,32
NY-MD-2015,MD,Barley,Verdant,3.39,11.31,8.29,26.88,38.78,41.47,,,,3.92,,,,Beltsville,,,,,4/27/2015,,,Blk2,32
NY-MD-2015,MD,Barley,Verdant,3.15,10.59,7.8,27.08,40.78,40.84,,,,3.74,,,,Beltsville,,,,,4/27/2015,,,Blk3,32
NY-MD-2015,MD,Barley,Verdant,3.45,13.83,9.23,26.54,38.69,38.53,,,,3.69,,,,Beltsville,,,,,4/27/2015,,,Blk4,32
NY-MD-2015,MD,Barley,Valor,2.81,8.63,8.04,27.74,42.67,40.31,,,,5.08,,,,Beltsville,,,,,4/27/2015,,,Blk1,33
NY-MD-2015,MD,Barley,Valor,3.08,9.63,7.59,26.26,37.63,44.42,,,,4.79,,,,Beltsville,,,,,4/27/2015,,,Blk2,33
NY-MD-2015,MD,Barley,Valor,2.88,10.33,7.85,27.48,44.68,37.07,,,,4.33,,,,Beltsville,,,,,4/27/2015,,,Blk4,33
NY-MD-2015,MD,Barley,P919,3.05,10.65,7.72,26.12,42.09,39.28,,,,3.67,,,,Beltsville,,,,,4/27/2015,,,Blk1,33
NY-MD-2015,MD,Barley,P919,3.13,10.55,7.95,26.5,40.28,40.79,,,,4.08,,,,Beltsville,,,,,4/27/2015,,,Blk2,33
NY-MD-2015,MD,Barley,P919,2.93,9.22,7.68,26.45,41.03,41.54,,,,4.04,,,,Beltsville,,,,,4/27/2015,,,Blk3,33
NY-MD-2015,MD,Barley,P919,3.24,12.63,7.97,24.59,37.01,41.98,,,,3.66,,,,Beltsville,,,,,4/27/2015,,,Blk4,33
NY-MD-2015,MD,Barley,Thoroughbred,3.28,11.44,6.82,27.49,46.87,34.93,,,,3.74,,,,Beltsville,,,,,4/27/2015,,,Blk1,34
NY-MD-2015,MD,Barley,Thoroughbred,3.03,10.22,6.45,26.82,39.53,43.32,,,,4.52,,,,Beltsville,,,,,4/27/2015,,,Blk2,33
NY-MD-2015,MD,Barley,Thoroughbred,3.12,10.13,7.58,27.58,44.23,37.79,,,,4.07,,,,Beltsville,,,,,4/27/2015,,,Blk3,33
NY-MD-2015,MD,Barley,Thoroughbred,3.32,14.88,9.53,25.26,38.03,38.03,,,,3.7,,,,Beltsville,,,,,4/27/2015,,,Blk4,33
NY-MD-2015,MD,Cereal rye,Huron,3.21,12.31,7.26,28.94,50.76,29.95,,,,3.7,,,,Beltsville,,,,,4/27/2015,,,Blk1,34
NY-MD-2015,MD,Cereal rye,Huron,3.17,10.88,7.03,29.33,48.99,33.12,,,,4.17,,,,Beltsville,,,,,4/27/2015,,,Blk2,34
NY-MD-2015,MD,Cereal rye,Huron,3.1,12.25,7.11,31.92,55.23,26.23,,,,4.04,,,,Beltsville,,,,,4/27/2015,,,Blk3,33
NY-MD-2015,MD,Cereal rye,Huron,3.18,11.36,7.44,29.81,50.81,30.61,,,,4.03,,,,Beltsville,,,,,4/27/2015,,,Blk4,37
NY-MD-2015,MD,Cereal rye,Spooner,3.03,10.89,6.8,31.36,53.51,29.23,,,,4.08,,,,Beltsville,,,,,4/27/2015,,,Blk1,39
NY-MD-2015,MD,Cereal rye,Spooner,3.11,10.81,7.25,30.62,51.84,30.33,,,,4.25,,,,Beltsville,,,,,4/27/2015,,,Blk2,37
NY-MD-2015,MD,Cereal rye,Spooner,3.17,11.95,7.77,31.53,54.21,26.72,,,,4.11,,,,Beltsville,,,,,4/27/2015,,,Blk3,39
NY-MD-2015,MD,Cereal rye,Spooner,3.04,10.59,7.73,31.35,53.19,28.84,,,,4.26,,,,Beltsville,,,,,4/27/2015,,,Blk4,37
NY-MD-2015,MD,Cereal rye,Aroostook,2.88,9.53,8.25,38.32,63.16,19.4,,,,6,,,,Beltsville,,,,,4/27/2015,,,Blk1,57
NY-MD-2015,MD,Cereal rye,Aroostook,2.93,8.92,7.77,38.91,63.98,19.58,,,,6.03,,,,Beltsville,,,,,4/27/2015,,,Blk2,57
NY-MD-2015,MD,Cereal rye,Aroostook,2.92,9.95,8.26,39.39,65.22,18,,,,6.23,,,,Beltsville,,,,,4/27/2015,,,Blk3,57
NY-MD-2015,MD,Cereal rye,Aroostook,3.1,10.99,8.58,36.11,60.5,21.14,,,,5.39,,,,Beltsville,,,,,4/27/2015,,,Blk4,57
NY-MD-2015,MD,Cereal rye,LakeviewVNS,3.09,12.19,7.87,32.98,57.47,23.4,,,,4.14,,,,Beltsville,,,,,4/27/2015,,,Blk1,41
NY-MD-2015,MD,Cereal rye,LakeviewVNS,3.18,11.53,6.82,28.84,49.66,32,,,,3.97,,,,Beltsville,,,,,4/27/2015,,,Blk2,41
NY-MD-2015,MD,Cereal rye,LakeviewVNS,3.03,12.67,7.48,32.74,57.05,23.77,,,,4.03,,,,Beltsville,,,,,4/27/2015,,,Blk3,39
NY-MD-2015,MD,Cereal rye,LakeviewVNS,3.24,13.88,7.69,29.33,50.52,28.5,,,,3.79,,,,Beltsville,,,,,4/27/2015,,,Blk4,33
NY-MD-2015,MD,Triticale,TriCal815,3.12,11.01,7.34,30.46,50.04,31.88,,,,4.11,,,,Beltsville,,,,,4/27/2015,,,Blk1,34
NY-MD-2015,MD,Triticale,TriCal815,3.23,11.52,6.72,29.59,48.48,33.52,,,,3.99,,,,Beltsville,,,,,4/27/2015,,,Blk2,33
NY-MD-2015,MD,Triticale,TriCal815,3.15,11.81,7.89,30.23,49.85,30.92,,,,3.93,,,,Beltsville,,,,,4/27/2015,,,Blk3,33
NY-MD-2015,MD,Triticale,TriCal815,3.19,11.08,8.43,30.38,49.05,31.76,,,,4.12,,,,Beltsville,,,,,4/27/2015,,,Blk4,33
NY-MD-2015,MD,Triticale,TriCal718,2.97,11.09,7.62,30.56,50.74,30.92,,,,4.04,,,,Beltsville,,,,,4/27/2015,,,Blk1,34
NY-MD-2015,MD,Triticale,TriCal718,3.06,11.15,7.52,29.94,47.84,33.67,,,,4.12,,,,Beltsville,,,,,4/27/2015,,,Blk2,33
NY-MD-2015,MD,Triticale,TriCal718,3.12,13.08,8.88,30.31,50.06,28.76,,,,3.83,,,,Beltsville,,,,,4/27/2015,,,Blk3,33
NY-MD-2015,MD,Triticale,TriCal718,3.35,13.04,8.36,28.18,45.66,33.29,,,,3.68,,,,Beltsville,,,,,4/27/2015,,,Blk4,33
NY-MD-2015,MD,Triticale,NE426GT,2.85,10.63,7.62,29.52,48.7,33.2,,,,3.99,,,,Beltsville,,,,,4/27/2015,,,Blk1,34
NY-MD-2015,MD,Triticale,NE426GT,2.97,10.93,7.1,29.87,48.21,33.86,,,,4.28,,,,Beltsville,,,,,4/27/2015,,,Blk2,34
NY-MD-2015,MD,Triticale,NE426GT,2.91,11.62,8.22,31.15,51.07,29.62,,,,4.16,,,,Beltsville,,,,,4/27/2015,,,Blk3,33
NY-MD-2015,MD,Triticale,NE426GT,3.03,11.11,7.69,29.36,47.63,33.84,,,,3.99,,,,Beltsville,,,,,4/27/2015,,,Blk4,33
NY-MD-2015,MD,Triticale,TriMark099,2.96,12.07,7.94,30.09,49.83,30.5,,,,4.02,,,,Beltsville,,,,,4/27/2015,,,Blk1,34
NY-MD-2015,MD,Triticale,TriMark099,2.98,11.45,7.69,28.75,46.6,34.54,,,,4.14,,,,Beltsville,,,,,4/27/2015,,,Blk2,33
NY-MD-2015,MD,Triticale,TriMark099,3.2,14.83,8.02,27.64,46.16,31.79,,,,3.51,,,,Beltsville,,,,,4/27/2015,,,Blk3,33
NY-MD-2015,MD,Triticale,TriMark099,3.13,12.73,8.62,28.15,45.79,33.21,,,,3.78,,,,Beltsville,,,,,4/27/2015,,,Blk4,33
NY-MD-2015,MD,Barley,Verdant,3.16,11.25,7.01,27.76,43.65,38.11,,,,3.64,,,,Beltsville,,,,,5/1/2015,,,Blk1,41
NY-MD-2015,MD,Barley,Verdant,3.18,9.67,7.94,26.7,41.43,40.64,,,,3.57,,,,Beltsville,,,,,5/1/2015,,,Blk2,47
NY-MD-2015,MD,Barley,Verdant,2.98,9.9,7.01,29.1,42.88,40.05,,,,4.62,,,,Beltsville,,,,,5/1/2015,,,Blk3,47
NY-MD-2015,MD,Barley,Verdant,3.3,11.4,8.6,27.11,40.21,39.84,,,,3.6,,,,Beltsville,,,,,5/1/2015,,,Blk4,37
NY-MD-2015,MD,Barley,Valor,2.52,9.92,7.45,29.26,49.92,33.15,,,,4.75,,,,Beltsville,,,,,5/1/2015,,,Blk1,50
NY-MD-2015,MD,Barley,Valor,2.71,10.15,7.57,28.93,46.58,35.81,,,,4.75,,,,Beltsville,,,,,5/1/2015,,,Blk2,47
NY-MD-2015,MD,Barley,Valor,2.68,10.32,8.5,31.35,51.45,30.37,,,,5.02,,,,Beltsville,,,,,5/1/2015,,,Blk3,47
NY-MD-2015,MD,Barley,Valor,2.84,10.39,8.32,30.82,48.95,32.47,,,,4.34,,,,Beltsville,,,,,5/1/2015,,,Blk4,45
NY-MD-2015,MD,Barley,P919,3.08,10.44,7.37,28.46,45.39,36.52,,,,4.23,,,,Beltsville,,,,,5/1/2015,,,Blk1,47
NY-MD-2015,MD,Barley,P919,2.88,9.51,6.6,27.13,43.34,40.07,,,,4.05,,,,Beltsville,,,,,5/1/2015,,,Blk2,47
NY-MD-2015,MD,Barley,P919,2.72,8.73,8.26,29.46,48.03,34.87,,,,4.22,,,,Beltsville,,,,,5/1/2015,,,Blk3,49
NY-MD-2015,MD,Barley,P919,3.11,11.39,7.79,26.54,42.55,38.02,,,,3.59,,,,Beltsville,,,,,5/1/2015,,,Blk4,41
NY-MD-2015,MD,Barley,Thoroughbred,2.85,12.29,7.77,31.27,52.58,28.07,,,,4.15,,,,Beltsville,,,,,5/1/2015,,,Blk1,50
NY-MD-2015,MD,Barley,Thoroughbred,3.19,10.37,6.64,28.36,46.61,36.15,,,,4.27,,,,Beltsville,,,,,5/1/2015,,,Blk2,41
NY-MD-2015,MD,Barley,Thoroughbred,2.91,11.32,8.11,31.45,53.74,27.54,,,,3.88,,,,Beltsville,,,,,5/1/2015,,,Blk3,47
NY-MD-2015,MD,Barley,Thoroughbred,3.3,12.29,8.77,27.22,40.71,38.26,,,,4.03,,,,Beltsville,,,,,5/1/2015,,,Blk4,47
NY-MD-2015,MD,Cereal rye,Huron,2.72,12.43,7.78,35.16,60.51,19.83,,,,4.44,,,,Beltsville,,,,,5/1/2015,,,Blk1,38
NY-MD-2015,MD,Cereal rye,Huron,3.04,10.7,6.75,31.4,53.48,29.49,,,,4.25,,,,Beltsville,,,,,5/1/2015,,,Blk2,47
NY-MD-2015,MD,Cereal rye,Huron,3.06,11.56,7.11,31.86,55.09,26.83,,,,4.19,,,,Beltsville,,,,,5/1/2015,,,Blk3,47
NY-MD-2015,MD,Cereal rye,Huron,2.95,8.85,7.96,28.14,42.62,40.08,,,,5.29,,,,Beltsville,,,,,5/1/2015,,,Blk4,47
NY-MD-2015,MD,Cereal rye,Spooner,2.77,11,7.87,36.35,61.47,20.78,,,,4.89,,,,Beltsville,,,,,5/1/2015,,,Blk1,47
NY-MD-2015,MD,Cereal rye,Spooner,2.91,10.17,7.36,33.12,55.68,27.44,,,,4.57,,,,Beltsville,,,,,5/1/2015,,,Blk2,47
NY-MD-2015,MD,Cereal rye,Spooner,2.97,12.06,7.84,34.63,59.43,21.85,,,,4.46,,,,Beltsville,,,,,5/1/2015,,,Blk3,47
NY-MD-2015,MD,Cereal rye,Spooner,2.99,11.5,8.48,31.37,52.1,28.63,,,,4.03,,,,Beltsville,,,,,5/1/2015,,,Blk4,41
NY-MD-2015,MD,Cereal rye,Aroostook,2.68,9.78,8.75,43.57,69.77,15.16,,,,6.75,,,,Beltsville,,,,,5/1/2015,,,Blk1,57
NY-MD-2015,MD,Cereal rye,Aroostook,2.59,9.29,8.63,44.32,70.69,14.72,,,,6.83,,,,Beltsville,,,,,5/1/2015,,,Blk2,57
NY-MD-2015,MD,Cereal rye,Aroostook,2.75,9.61,8.31,42.83,68.51,15.75,,,,6.74,,,,Beltsville,,,,,5/1/2015,,,Blk3,55
NY-MD-2015,MD,Cereal rye,Aroostook,2.83,10.66,9.18,42.93,68.48,15.17,,,,6.72,,,,Beltsville,,,,,5/1/2015,,,Blk4,53
NY-MD-2015,MD,Cereal rye,LakeviewVNS,2.85,11.98,8.57,35.76,62.19,18.76,,,,4.67,,,,Beltsville,,,,,5/1/2015,,,Blk1,49
NY-MD-2015,MD,Cereal rye,LakeviewVNS,2.88,12.52,8.15,35.92,61.84,19.09,,,,4.61,,,,Beltsville,,,,,5/1/2015,,,Blk2,47
NY-MD-2015,MD,Cereal rye,LakeviewVNS,2.93,11.24,7.28,33.39,57.59,24.6,,,,4.34,,,,Beltsville,,,,,5/1/2015,,,Blk2,47
NY-MD-2015,MD,Cereal rye,LakeviewVNS,3.03,11.5,8.36,31.24,51.09,29.51,,,,4.23,,,,Beltsville,,,,,5/1/2015,,,Blk4,47
NY-MD-2015,MD,Triticale,TriCal815,2.94,11.97,8.08,33.61,55.18,25.89,,,,4.52,,,,Beltsville,,,,,5/1/2015,,,Blk1,35
NY-MD-2015,MD,Triticale,TriCal815,2.65,11.54,8.81,34.04,55.71,25.2,,,,4.64,,,,Beltsville,,,,,5/1/2015,,,Blk3,39
NY-MD-2015,MD,Triticale,TriCal815,2.91,12.18,7.39,33.34,57.7,23.62,,,,4.22,,,,Beltsville,,,,,5/1/2015,,,Blk4,40
NY-MD-2015,MD,Triticale,TriCal718,2.58,11.59,9.13,35.59,57.19,23.64,,,,5.1,,,,Beltsville,,,,,5/1/2015,,,Blk1,41
NY-MD-2015,MD,Triticale,TriCal815,2.96,10.54,7.1,31.18,50.46,32.21,,,,4.33,,,,Beltsville,,,,,5/1/2015,,,Blk2,37
NY-MD-2015,MD,Triticale,TriCal718,3.01,11.21,7.44,31.39,51.84,30.03,,,,4.2,,,,Beltsville,,,,,5/1/2015,,,Blk2,37
NY-MD-2015,MD,Triticale,TriCal718,2.99,12.77,7.96,32.09,53.01,27.06,,,,4.04,,,,Beltsville,,,,,5/1/2015,,,Blk3,38
NY-MD-2015,MD,Triticale,TriCal718,3.04,12.74,8.22,29.07,47.52,31.95,,,,4.03,,,,Beltsville,,,,,5/1/2015,,,Blk4,38
NY-MD-2015,MD,Triticale,NE426GT,2.84,11.21,7.05,32.37,53.9,28.46,,,,4.39,,,,Beltsville,,,,,5/1/2015,,,Blk1,36
NY-MD-2015,MD,Triticale,NE426GT,2.89,10.68,6.97,31.46,52.5,30.28,,,,4.25,,,,Beltsville,,,,,5/1/2015,,,Blk2,39
NY-MD-2015,MD,Triticale,NE426GT,2.83,11.16,8.05,32.16,53.57,27.94,,,,4.23,,,,Beltsville,,,,,5/1/2015,,,Blk3,47
NY-MD-2015,MD,Triticale,NE426GT,2.94,10.55,7.15,33.71,56.49,26.35,,,,4.51,,,,Beltsville,,,,,5/1/2015,,,Blk4,41
NY-MD-2015,MD,Triticale,TriMark099,2.72,11.77,8.3,31.42,52,28.71,,,,4.06,,,,Beltsville,,,,,5/1/2015,,,Blk1,41
NY-MD-2015,MD,Triticale,TriMark099,2.53,11.59,8.35,33.53,55.87,25.35,,,,4.5,,,,Beltsville,,,,,5/1/2015,,,Blk2,41
NY-MD-2015,MD,Triticale,TriMark099,2.99,12.12,7.8,29.07,46.32,34.15,,,,4.11,,,,Beltsville,,,,,5/1/2015,,,Blk3,40
NY-MD-2015,MD,Triticale,TriMark099,3.23,12.26,7.84,29.87,51.25,29.05,,,,3.83,,,,Beltsville,,,,,5/1/2015,,,Blk4,38
NY-MD-2015,MD,Barley,Verdant,3.16,10.27,7.18,28.74,44.09,38.17,,,,4.14,,,,Beltsville,,,,,5/5/2015,,,Blk1,49
NY-MD-2015,MD,Barley,Verdant,2.96,8.63,7.87,30.24,43.21,40.11,,,,5.05,,,,Beltsville,,,,,5/5/2015,,,Blk2,49
NY-MD-2015,MD,Barley,Verdant,3.16,10.57,8.06,29.49,44.82,36.59,,,,4.12,,,,Beltsville,,,,,5/5/2015,,,Blk3,45
NY-MD-2015,MD,Barley,Verdant,3.29,10.04,8.41,28.62,40.67,40.67,,,,4.2,,,,Beltsville,,,,,5/5/2015,,,Blk4,40
NY-MD-2015,MD,Barley,Valor,2.54,9.48,7.23,34.05,56.62,27.47,,,,5.26,,,,Beltsville,,,,,5/5/2015,,,Blk1,62
NY-MD-2015,MD,Barley,Valor,2.57,9.47,7.88,33.98,56.07,27.37,,,,5.12,,,,Beltsville,,,,,5/5/2015,,,Blk2,60
NY-MD-2015,MD,Barley,Valor,2.48,9.73,8.1,35.82,58.57,24.69,,,,5.79,,,,Beltsville,,,,,5/5/2015,,,Blk3,63
NY-MD-2015,MD,Barley,Valor,2.56,8.88,8.06,33.68,55.24,28.4,,,,5.41,,,,Beltsville,,,,,5/5/2015,,,Blk4,62
NY-MD-2015,MD,Barley,P919,2.56,9.81,8.13,35.82,58.2,24.81,,,,4.72,,,,Beltsville,,,,,5/5/2015,,,Blk1,60
NY-MD-2015,MD,Barley,P919,2.86,9.45,6.66,31.28,50.53,33.28,,,,4.73,,,,Beltsville,,,,,5/5/2015,,,Blk2,62
NY-MD-2015,MD,Barley,P919,2.39,8.32,7.74,37.18,60.66,24,,,,5.08,,,,Beltsville,,,,,5/5/2015,,,Blk3,63
NY-MD-2015,MD,Barley,P919,2.84,9.74,8.03,31.32,50.69,31.76,,,,4.4,,,,Beltsville,,,,,5/5/2015,,,Blk4,59
NY-MD-2015,MD,Barley,Thoroughbred,2.19,10.27,8.53,39.27,65.75,17.35,,,,5.45,,,,Beltsville,,,,,5/5/2015,,,Blk1,62
NY-MD-2015,MD,Barley,Thoroughbred,2.57,10.7,8.35,35.76,63.07,19.46,,,,4.26,,,,Beltsville,,,,,5/5/2015,,,Blk3,60
NY-MD-2015,MD,Barley,Thoroughbred,3.17,10.45,8.62,29.99,47.36,33.66,,,,4.23,,,,Beltsville,,,,,5/5/2015,,,Blk4,49
NY-MD-2015,MD,Cereal rye,Huron,3.07,10.9,7.23,36.34,62.45,20.48,,,,4.66,,,,Beltsville,,,,,5/5/2015,,,Blk1,49
NY-MD-2015,MD,Cereal rye,Huron,3.05,10.66,7.5,36.9,63.36,19.79,,,,4.72,,,,Beltsville,,,,,5/5/2015,,,Blk3,53
NY-MD-2015,MD,Cereal rye,Spooner,3.09,9.66,8.14,38.05,63.68,18.98,,,,5.6,,,,Beltsville,,,,,5/5/2015,,,Blk2,57
NY-MD-2015,MD,Cereal rye,Spooner,2.95,10.13,7.9,40.04,67.05,16.77,,,,5.86,,,,Beltsville,,,,,5/5/2015,,,Blk3,57
NY-MD-2015,MD,Cereal rye,Spooner,3.24,10.52,8.48,37.66,62.51,19.96,,,,5.25,,,,Beltsville,,,,,5/5/2015,,,Blk4,55
NY-MD-2015,MD,Cereal rye,Aroostook,2.96,8.57,8.13,46.08,72.57,13.96,,,,7.49,,,,Beltsville,,,,,5/5/2015,,,Blk1,59
NY-MD-2015,MD,Cereal rye,Aroostook,2.65,8.02,8.27,47.14,73.37,13.25,,,,7.56,,,,Beltsville,,,,,5/5/2015,,,Blk2,59
NY-MD-2015,MD,Cereal rye,Aroostook,2.77,8.1,8.06,45.93,71.69,14.9,,,,7.6,,,,Beltsville,,,,,5/5/2015,,,Blk3,59
NY-MD-2015,MD,Cereal rye,Aroostook,2.67,9.15,9.16,46.93,73.33,12.82,,,,7.41,,,,Beltsville,,,,,5/5/2015,,,Blk4,59
NY-MD-2015,MD,Cereal rye,LakeviewVNS,2.96,10.14,7.96,41.04,68.57,14.86,,,,5.87,,,,Beltsville,,,,,5/5/2015,,,Blk1,57
NY-MD-2015,MD,Cereal rye,LakeviewVNS,3.04,10.93,9.19,41.69,69.17,14.83,,,,5.97,,,,Beltsville,,,,,5/5/2015,,,Blk3,57
NY-MD-2015,MD,Cereal rye,LakeviewVNS,3.33,11.16,7.97,36.74,62.08,19.89,,,,5.09,,,,Beltsville,,,,,5/5/2015,,,Blk4,57
NY-MD-2015,MD,Triticale,TriCal815,2.94,10.07,8.09,34.74,56.52,26.07,,,,4.6,,,,Beltsville,,,,,5/5/2015,,,Blk1,49
NY-MD-2015,MD,Triticale,TriCal815,2.74,10.2,7.03,35.24,57.13,26.7,,,,5.1,,,,Beltsville,,,,,5/5/2015,,,Blk2,49
NY-MD-2015,MD,Triticale,TriCal815,2.8,10.26,8.39,35.36,57.97,24.36,,,,4.62,,,,Beltsville,,,,,5/5/2015,,,Blk3,48
NY-MD-2015,MD,Triticale,TriCal815,2.94,10.21,7.86,33.42,54.57,27.93,,,,4.45,,,,Beltsville,,,,,5/5/2015,,,Blk4,49
NY-MD-2015,MD,Triticale,TriCal718,2.94,9.18,7.42,34.52,54.96,28.87,,,,4.8,,,,Beltsville,,,,,5/5/2015,,,Blk1,48
NY-MD-2015,MD,Triticale,TriCal718,2.92,10.66,7.66,34.79,55.87,26.63,,,,4.72,,,,Beltsville,,,,,5/5/2015,,,Blk2,48
NY-MD-2015,MD,Triticale,TriCal718,2.87,12.07,8.74,34.12,55.65,24.7,,,,4.38,,,,Beltsville,,,,,5/5/2015,,,Blk4,47
NY-MD-2015,MD,Triticale,NE426GT,2.74,9.67,7.53,35.21,58.3,25.21,,,,4.8,,,,Beltsville,,,,,5/5/2015,,,Blk1,50
NY-MD-2015,MD,Triticale,NE426GT,2.88,9.82,6.95,35.18,58.52,25.43,,,,4.78,,,,Beltsville,,,,,5/5/2015,,,Blk2,50
NY-MD-2015,MD,Triticale,NE426GT,2.81,10.5,8.02,35.53,58.7,23.77,,,,4.77,,,,Beltsville,,,,,5/5/2015,,,Blk3,49
NY-MD-2015,MD,Triticale,NE426GT,2.76,9.4,7.97,33.57,54.69,28.47,,,,4.56,,,,Beltsville,,,,,5/5/2015,,,Blk4,49
NY-MD-2015,MD,Triticale,TriMark099,2.97,10.65,7.68,34.02,55.66,26.7,,,,4.87,,,,Beltsville,,,,,5/5/2015,,,Blk2,49
NY-MD-2015,MD,Triticale,TriMark099,2.79,11.43,8.84,34.71,56.87,23.58,,,,4.76,,,,Beltsville,,,,,5/5/2015,,,Blk3,49
NY-MD-2015,MD,Triticale,TriMark099,2.94,13.35,7.9,31.27,51.86,27.72,,,,4.28,,,,Beltsville,,,,,5/5/2015,,,Blk4,48
NY-MD-2015,MD,Barley,Verdant,2.8,8.49,7.5,34.61,55.52,28.9,,,,4.48,,,,Beltsville,,,,,5/11/2015,,,Blk1,59
NY-MD-2015,MD,Barley,Verdant,2.88,8.64,7.4,32.84,51.35,32.8,,,,4.36,,,,Beltsville,,,,,5/11/2015,,,Blk2,60
NY-MD-2015,MD,Barley,Verdant,2.85,9.27,8.52,33.99,54.46,28.35,,,,4.32,,,,Beltsville,,,,,5/11/2015,,,Blk3,59
NY-MD-2015,MD,Barley,Verdant,3.06,8.13,7.9,31.34,46.91,36.83,,,,4.32,,,,Beltsville,,,,,5/11/2015,,,Blk4,55
NY-MD-2015,MD,Barley,Valor,2.37,7.4,6.32,38,58.81,27.78,,,,6.12,,,,Beltsville,,,,,5/11/2015,,,Blk1,70
NY-MD-2015,MD,Barley,Valor,2.5,8.96,7.66,37.16,60.41,23.78,,,,5.15,,,,Beltsville,,,,,5/11/2015,,,Blk2,65
NY-MD-2015,MD,Barley,Valor,2.46,8.53,8.14,37.69,59.79,24.28,,,,5.72,,,,Beltsville,,,,,5/11/2015,,,Blk3,70
NY-MD-2015,MD,Barley,Valor,2.53,8.7,7.64,35.83,57.19,26.88,,,,5.48,,,,Beltsville,,,,,5/11/2015,,,Blk4,65
NY-MD-2015,MD,Barley,P919,2.61,9.64,7.86,39.92,64.91,19.02,,,,5.11,,,,Beltsville,,,,,5/11/2015,,,Blk1,70
NY-MD-2015,MD,Barley,P919,2.65,7.95,6.42,35.1,53.75,31.94,,,,5.6,,,,Beltsville,,,,,5/11/2015,,,Blk2,70
NY-MD-2015,MD,Barley,P919,2.45,7.35,7.55,37.8,57.94,27.45,,,,5.91,,,,Beltsville,,,,,5/11/2015,,,Blk3,70
NY-MD-2015,MD,Barley,P919,2.38,7.25,6.91,37.39,58.3,27.88,,,,5.74,,,,Beltsville,,,,,5/11/2015,,,Blk4,69
NY-MD-2015,MD,Barley,Thoroughbred,2.64,8.34,7.35,39.67,64.59,20.86,,,,5.41,,,,Beltsville,,,,,5/11/2015,,,Blk1,71
NY-MD-2015,MD,Barley,Thoroughbred,2.72,9.08,6.64,34.86,57.2,27.59,,,,5.25,,,,Beltsville,,,,,5/11/2015,,,Blk2,69
NY-MD-2015,MD,Barley,Thoroughbred,2.56,8.99,8,37.25,60.5,23.34,,,,5.29,,,,Beltsville,,,,,5/11/2015,,,Blk3,69
NY-MD-2015,MD,Barley,Thoroughbred,2.69,9.5,7.93,35.93,59.49,23.99,,,,4.83,,,,Beltsville,,,,,5/11/2015,,,Blk4,69
NY-MD-2015,MD,Cereal rye,Huron,3.39,9.86,8.43,41.59,69.21,15.51,,,,5.7,,,,Beltsville,,,,,5/11/2015,,,Blk1,60
NY-MD-2015,MD,Cereal rye,Huron,2.89,8.53,8.17,41.55,68.9,16.22,,,,5.75,,,,Beltsville,,,,,5/11/2015,,,Blk2,60
NY-MD-2015,MD,Cereal rye,Huron,3.28,9.61,7.61,41.19,68.57,16.9,,,,5.74,,,,Beltsville,,,,,5/11/2015,,,Blk3,59
NY-MD-2015,MD,Cereal rye,Huron,3.13,9.39,7.45,41.52,68.84,16,,,,5.67,,,,Beltsville,,,,,5/11/2015,,,Blk4,60
NY-MD-2015,MD,Cereal rye,Spooner,3.04,8.5,7.94,44.22,71.77,14.45,,,,6.44,,,,Beltsville,,,,,5/11/2015,,,Blk1,65
NY-MD-2015,MD,Cereal rye,Spooner,2.94,8.6,7.55,44.33,72.07,13.98,,,,6.39,,,,Beltsville,,,,,5/11/2015,,,Blk2,65
NY-MD-2015,MD,Cereal rye,Spooner,2.94,9.5,8.4,44.1,71.82,13.59,,,,6.43,,,,Beltsville,,,,,5/11/2015,,,Blk3,67
NY-MD-2015,MD,Cereal rye,Spooner,2.41,7.4,8.26,47.75,76.17,11.44,,,,6.75,,,,Beltsville,,,,,5/11/2015,,,Blk4,65
NY-MD-2015,MD,Cereal rye,Aroostook,2.14,6.1,7.84,51.82,79.29,10.03,,,,7.94,,,,Beltsville,,,,,5/11/2015,,,Blk1,67
NY-MD-2015,MD,Cereal rye,Aroostook,1.93,5.12,7.71,53.98,81.97,8.66,,,,8.27,,,,Beltsville,,,,,5/11/2015,,,Blk2,67
NY-MD-2015,MD,Cereal rye,Aroostook,1.86,5.13,7.16,53.32,80.89,9.6,,,,8.34,,,,Beltsville,,,,,5/11/2015,,,Blk3,67
NY-MD-2015,MD,Cereal rye,Aroostook,1.96,5.88,8.29,53.11,81.05,8.53,,,,8.06,,,,Beltsville,,,,,5/11/2015,,,Blk4,65
NY-MD-2015,MD,Cereal rye,LakeviewVNS,2.65,8.55,8.07,45.7,74.22,11.8,,,,6.47,,,,Beltsville,,,,,5/11/2015,,,Blk1,65
NY-MD-2015,MD,Cereal rye,LakeviewVNS,2.81,7.89,8.12,44.84,72.95,13.68,,,,6.36,,,,Beltsville,,,,,5/11/2015,,,Blk2,65
NY-MD-2015,MD,Cereal rye,LakeviewVNS,2.5,7.82,8.07,47.17,75.93,11.46,,,,6.61,,,,Beltsville,,,,,5/11/2015,,,Blk3,67
NY-MD-2015,MD,Cereal rye,LakeviewVNS,3.05,9.81,8.27,41.99,69.25,14.67,,,,5.73,,,,Beltsville,,,,,5/11/2015,,,Blk4,65
NY-MD-2015,MD,Triticale,TriCal815,2.34,9.39,7.95,39.27,63.68,19.45,,,,5.53,,,,Beltsville,,,,,5/11/2015,,,Blk1,59
NY-MD-2015,MD,Triticale,TriCal815,2.74,8.69,7.34,39.85,64.93,19.26,,,,5.51,,,,Beltsville,,,,,5/11/2015,,,Blk2,59
NY-MD-2015,MD,Triticale,TriCal815,2.36,8.57,8.14,41,66.75,17.54,,,,5.53,,,,Beltsville,,,,,5/11/2015,,,Blk3,59
NY-MD-2015,MD,Triticale,TriCal815,2.71,8.62,7.73,39.56,63.98,20.86,,,,5.35,,,,Beltsville,,,,,5/11/2015,,,Blk4,59
NY-MD-2015,MD,Triticale,TriCal718,2.6,8.28,7.78,41.26,66.62,17.99,,,,5.58,,,,Beltsville,,,,,5/11/2015,,,Blk1,57
NY-MD-2015,MD,Triticale,TriCal718,2.63,8.66,7.02,41.39,67.33,18.45,,,,5.54,,,,Beltsville,,,,,5/11/2015,,,Blk2,57
NY-MD-2015,MD,Triticale,TriCal718,2.72,9.42,7.87,39.46,64.6,19.55,,,,4.97,,,,Beltsville,,,,,5/11/2015,,,Blk3,59
NY-MD-2015,MD,Triticale,TriCal718,2.52,8.45,8.2,38.46,58.76,25.32,,,,5.88,,,,Beltsville,,,,,5/11/2015,,,Blk4,57
NY-MD-2015,MD,Triticale,NE426GT,2.5,8.42,7.94,39.95,64.76,19.5,,,,5.58,,,,Beltsville,,,,,5/11/2015,,,Blk1,60
NY-MD-2015,MD,Triticale,NE426GT,2.48,8.27,7.07,40.48,65.55,20.37,,,,5.65,,,,Beltsville,,,,,5/11/2015,,,Blk2,59
NY-MD-2015,MD,Triticale,NE426GT,2.5,8.5,7.81,40.12,64.98,19,,,,5.49,,,,Beltsville,,,,,5/11/2015,,,Blk3,60
NY-MD-2015,MD,Triticale,NE426GT,2.58,8.69,8.18,39.75,64.65,19.34,,,,5.43,,,,Beltsville,,,,,5/11/2015,,,Blk4,59
NY-MD-2015,MD,Triticale,TriMark099,2.52,8.35,8.23,39.85,64.47,19.67,,,,5.55,,,,Beltsville,,,,,5/11/2015,,,Blk1,59
NY-MD-2015,MD,Triticale,TriMark099,2.63,8.88,6.99,39.08,64.01,21.13,,,,5.47,,,,Beltsville,,,,,5/11/2015,,,Blk2,59
NY-MD-2015,MD,Triticale,TriMark099,2.8,10.22,8.5,37.44,61.06,21.47,,,,5.04,,,,Beltsville,,,,,5/11/2015,,,Blk3,59
NY-MD-2015,MD,Triticale,TriMark099,2.57,8.99,7.56,37.39,60.38,23.96,,,,5.21,,,,Beltsville,,,,,5/11/2015,,,Blk4,59
NY-MD-2015,MD,Barley,Verdant,2.72,8.66,6.97,34.73,56.43,28.43,,,,4.63,,,,Beltsville,,,,,5/15/2015,,,Blk1,78
NY-MD-2015,MD,Barley,Verdant,2.9,8.51,7.39,32.91,52.98,31.16,,,,4.47,,,,Beltsville,,,,,5/15/2015,,,Blk2,70
NY-MD-2015,MD,Barley,Verdant,2.76,7.79,7.67,34.17,53.98,30.75,,,,4.74,,,,Beltsville,,,,,5/15/2015,,,Blk3,69
NY-MD-2015,MD,Barley,Verdant,3,7.73,7.46,31.81,49.25,35.32,,,,4.54,,,,Beltsville,,,,,5/15/2015,,,Blk4,60
NY-MD-2015,MD,Barley,Valor,2.73,7.86,6.91,36.3,56.31,29.24,,,,6.06,,,,Beltsville,,,,,5/15/2015,,,Blk1,84
NY-MD-2015,MD,Barley,Valor,2.61,8.06,7.21,36.86,58,27.15,,,,5.78,,,,Beltsville,,,,,5/15/2015,,,Blk2,83
NY-MD-2015,MD,Barley,Valor,2.67,8.17,7.27,35.22,54.15,30.54,,,,5.81,,,,Beltsville,,,,,5/15/2015,,,Blk3,75
NY-MD-2015,MD,Barley,Valor,2.78,7.6,6.93,34.63,53.13,32.22,,,,5.93,,,,Beltsville,,,,,5/15/2015,,,Blk4,83
NY-MD-2015,MD,Barley,P919,2.66,7.68,6.63,36.22,54.75,31.2,,,,6.28,,,,Beltsville,,,,,5/15/2015,,,Blk1,84
NY-MD-2015,MD,Barley,P919,2.59,6.52,6.77,34.76,51.72,35.02,,,,6.56,,,,Beltsville,,,,,5/15/2015,,,Blk2,80
NY-MD-2015,MD,Barley,P919,2.89,7.01,6.17,33.06,48.74,37.54,,,,5.83,,,,Beltsville,,,,,5/15/2015,,,Blk3,77
NY-MD-2015,MD,Barley,P919,2.56,7.51,6.88,35.15,53.7,32.01,,,,5.59,,,,Beltsville,,,,,5/15/2015,,,Blk4,78
NY-MD-2015,MD,Barley,Thoroughbred,2.8,8.48,7.03,34.8,55.87,29.08,,,,5.51,,,,Beltsville,,,,,5/15/2015,,,Blk1,85
NY-MD-2015,MD,Barley,Thoroughbred,2.81,8.13,6.83,34.89,56.75,28.63,,,,5.5,,,,Beltsville,,,,,5/15/2015,,,Blk2,83
NY-MD-2015,MD,Barley,Thoroughbred,2.76,8.61,7.49,33.74,53.95,30.09,,,,5.23,,,,Beltsville,,,,,5/15/2015,,,Blk3,77
NY-MD-2015,MD,Barley,Thoroughbred,2.49,8.46,7.69,35.9,57.78,26.73,,,,5.44,,,,Beltsville,,,,,5/15/2015,,,Blk4,71
NY-MD-2015,MD,Cereal rye,Huron,2.71,7.77,7.2,44.45,72.31,14.42,,,,6.05,,,,Beltsville,,,,,5/15/2015,,,Blk1,65
NY-MD-2015,MD,Cereal rye,Huron,2.62,6.68,8.06,44.87,72.46,15,,,,6.21,,,,Beltsville,,,,,5/15/2015,,,Blk2,65
NY-MD-2015,MD,Cereal rye,Huron,2.52,7.33,7.81,45.1,72.21,14.92,,,,6.32,,,,Beltsville,,,,,5/15/2015,,,Blk3,65
NY-MD-2015,MD,Cereal rye,Huron,3.01,7.73,7.6,42.22,70.08,16.88,,,,5.79,,,,Beltsville,,,,,5/15/2015,,,Blk4,65
NY-MD-2015,MD,Cereal rye,Spooner,2.35,6.6,7.05,47.62,75.36,12.92,,,,6.97,,,,Beltsville,,,,,5/15/2015,,,Blk1,68
NY-MD-2015,MD,Cereal rye,Spooner,2.5,7.21,7.23,45.33,72.86,14.75,,,,6.61,,,,Beltsville,,,,,5/15/2015,,,Blk2,69
NY-MD-2015,MD,Cereal rye,Spooner,2.18,6.62,7.55,49.06,76.32,12.01,,,,7.25,,,,Beltsville,,,,,5/15/2015,,,Blk3,61
NY-MD-2015,MD,Cereal rye,Spooner,2.16,6.3,8.38,48.85,75.87,12.76,,,,7.26,,,,Beltsville,,,,,5/15/2015,,,Blk4,67
NY-MD-2015,MD,Cereal rye,Aroostook,1.99,5.48,7.48,50.24,75.44,14.2,,,,8.23,,,,Beltsville,,,,,5/15/2015,,,Blk1,71
NY-MD-2015,MD,Cereal rye,Aroostook,1.98,4.8,7.22,50.56,75.9,13.81,,,,8.15,,,,Beltsville,,,,,5/15/2015,,,Blk2,71
NY-MD-2015,MD,Cereal rye,Aroostook,2.15,5.57,7.65,48.79,73.46,15.7,,,,8,,,,Beltsville,,,,,5/15/2015,,,Blk3,70
NY-MD-2015,MD,Cereal rye,Aroostook,1.87,4.96,7.46,50.99,76.29,12.95,,,,8.15,,,,Beltsville,,,,,5/15/2015,,,Blk4,71
NY-MD-2015,MD,Cereal rye,LakeviewVNS,2.36,7.06,7.16,47.44,75.57,12.52,,,,6.81,,,,Beltsville,,,,,5/15/2015,,,Blk1,68
NY-MD-2015,MD,Cereal rye,LakeviewVNS,2.28,6.53,7.68,48.41,76.15,12.17,,,,6.96,,,,Beltsville,,,,,5/15/2015,,,Blk3,65
NY-MD-2015,MD,Cereal rye,LakeviewVNS,2.9,7.9,7.53,43.4,70.14,16.06,,,,6.13,,,,Beltsville,,,,,5/15/2015,,,Blk4,63
NY-MD-2015,MD,Triticale,TriCal815,2.39,8.44,7.74,41.58,66.99,17.5,,,,5.88,,,,Beltsville,,,,,5/15/2015,,,Blk1,67
NY-MD-2015,MD,Triticale,TriCal815,2.75,7.98,6.11,39.83,64.84,22.09,,,,5.7,,,,Beltsville,,,,,5/15/2015,,,Blk2,67
NY-MD-2015,MD,Triticale,TriCal815,2.59,8.46,8.14,39.88,63.92,19.98,,,,5.48,,,,Beltsville,,,,,5/15/2015,,,Blk3,67
NY-MD-2015,MD,Triticale,TriCal815,2.56,7.55,7.54,41.06,65.63,20.38,,,,5.87,,,,Beltsville,,,,,5/15/2015,,,Blk4,67
NY-MD-2015,MD,Triticale,TriCal718,2.65,8.42,7.41,40.91,66.11,19.34,,,,5.56,,,,Beltsville,,,,,5/15/2015,,,Blk1,61
NY-MD-2015,MD,Triticale,TriCal718,2.41,7.57,6.72,43.26,69.21,18.02,,,,6.01,,,,Beltsville,,,,,5/15/2015,,,Blk2,62
NY-MD-2015,MD,Triticale,TriCal718,2.49,8.51,8.29,41.67,67.18,16.91,,,,5.57,,,,Beltsville,,,,,5/15/2015,,,Blk3,60
NY-MD-2015,MD,Triticale,TriCal718,2.44,7.4,7.57,42.64,68.43,17.94,,,,5.74,,,,Beltsville,,,,,5/15/2015,,,Blk4,60
NY-MD-2015,MD,Triticale,NE426GT,2.48,7.73,7.1,40.86,65.36,20.99,,,,5.92,,,,Beltsville,,,,,5/15/2015,,,Blk1,67
NY-MD-2015,MD,Triticale,NE426GT,2.25,7,6.62,41.81,66.16,21.38,,,,6.3,,,,Beltsville,,,,,5/15/2015,,,Blk2,67
NY-MD-2015,MD,Triticale,NE426GT,2.38,8.29,7.91,39.63,63.6,21.53,,,,5.51,,,,Beltsville,,,,,5/15/2015,,,Blk3,67
NY-MD-2015,MD,Triticale,NE426GT,2.23,7.24,7.55,41.93,66.06,20.01,,,,6.24,,,,Beltsville,,,,,5/15/2015,,,Blk4,65
NY-MD-2015,MD,Triticale,TriMark099,2.53,7.58,6.42,39.09,62.09,24.63,,,,5.89,,,,Beltsville,,,,,5/15/2015,,,Blk1,65
NY-MD-2015,MD,Triticale,TriMark099,2.45,7.75,7.42,40.56,65.3,19.73,,,,5.89,,,,Beltsville,,,,,5/15/2015,,,Blk2,67
NY-MD-2015,MD,Triticale,TriMark099,2.39,8.5,8.36,40.45,64.13,19.65,,,,5.74,,,,Beltsville,,,,,5/15/2015,,,Blk3,65
NY-MD-2015,MD,Triticale,TriMark099,2.5,8.03,7.74,39.62,63.09,22.2,,,,5.66,,,,Beltsville,,,,,5/15/2015,,,Blk4,63
NY-MD-2015,MD,Barley,Verdant,2.59,8.44,7.65,37.38,60.48,24.41,,,,5.23,,,,Beltsville,,,,,5/21/2015,,,Blk1,83
NY-MD-2015,MD,Barley,Verdant,2.51,7.05,7.76,37.68,60.37,25.5,,,,5.4,,,,Beltsville,,,,,5/21/2015,,,Blk2,85
NY-MD-2015,MD,Barley,Verdant,2.52,7.07,7.43,37.06,58.86,27.14,,,,5.38,,,,Beltsville,,,,,5/21/2015,,,Blk3,84
NY-MD-2015,MD,Barley,Verdant,2.37,7.34,7.87,38.46,61.81,23.9,,,,5.16,,,,Beltsville,,,,,5/21/2015,,,Blk4,84
NY-MD-2015,MD,Barley,Valor,2.67,6.83,6.43,37.16,58.1,28.57,,,,6.35,,,,Beltsville,,,,,5/21/2015,,,Blk1,86
NY-MD-2015,MD,Barley,Valor,2.69,6.78,7.02,36.33,55.71,31.14,,,,6.29,,,,Beltsville,,,,,5/21/2015,,,Blk2,85
NY-MD-2015,MD,Barley,Valor,2.79,7.16,6.33,34.09,51.76,34.67,,,,5.79,,,,Beltsville,,,,,5/21/2015,,,Blk3,86
NY-MD-2015,MD,Barley,Valor,2.85,6.82,7.37,36.04,55.81,30.7,,,,5.95,,,,Beltsville,,,,,5/21/2015,,,Blk4,86
NY-MD-2015,MD,Barley,P919,2.77,6.44,6.59,36.6,55.92,31.17,,,,6,,,,Beltsville,,,,,5/21/2015,,,Blk1,85
NY-MD-2015,MD,Barley,P919,3.15,7.01,6.03,36.49,57.16,29.97,,,,5.75,,,,Beltsville,,,,,5/21/2015,,,Blk2,86
NY-MD-2015,MD,Barley,P919,2.56,5.29,7.27,39.62,60.31,27.1,,,,6.52,,,,Beltsville,,,,,5/21/2015,,,Blk3,85
NY-MD-2015,MD,Barley,P919,2.82,5.99,6.31,34.62,51.76,35.61,,,,5.98,,,,Beltsville,,,,,5/21/2015,,,Blk4,86
NY-MD-2015,MD,Barley,Thoroughbred,3.04,7.27,6.18,32.87,51.94,34.24,,,,5.65,,,,Beltsville,,,,,5/21/2015,,,Blk1,86
NY-MD-2015,MD,Barley,Thoroughbred,2.97,6.32,5.65,34.13,54.14,33.83,,,,5.92,,,,Beltsville,,,,,5/21/2015,,,Blk2,85
NY-MD-2015,MD,Barley,Thoroughbred,2.65,6.85,7,35.24,54.73,31.5,,,,6,,,,Beltsville,,,,,5/21/2015,,,Blk3,85
NY-MD-2015,MD,Barley,Thoroughbred,2.65,6.36,6.73,36.49,56.69,30.37,,,,6.29,,,,Beltsville,,,,,5/21/2015,,,Blk4,84
NY-MD-2015,MD,Cereal rye,Huron,2.03,5.14,7.11,49.24,76.8,12.98,,,,7.3,,,,Beltsville,,,,,5/21/2015,,,Blk1,70
NY-MD-2015,MD,Cereal rye,Huron,2.22,5.74,7.55,47.45,74.94,14.49,,,,7.06,,,,Beltsville,,,,,5/21/2015,,,Blk2,70
NY-MD-2015,MD,Cereal rye,Huron,2.12,5.93,7.75,48.4,76.22,13.61,,,,7.14,,,,Beltsville,,,,,5/21/2015,,,Blk3,70
NY-MD-2015,MD,Cereal rye,Huron,2.16,5.06,7.65,48.67,75.86,14.37,,,,7.34,,,,Beltsville,,,,,5/21/2015,,,Blk4,71
NY-MD-2015,MD,Cereal rye,Spooner,2.06,5.35,6.64,49.35,75.72,13.83,,,,7.92,,,,Beltsville,,,,,5/21/2015,,,Blk1,71
NY-MD-2015,MD,Cereal rye,Spooner,2.01,5.15,8.09,50.35,77.35,13.01,,,,8,,,,Beltsville,,,,,5/21/2015,,,Blk2,72
NY-MD-2015,MD,Cereal rye,Spooner,2,5.27,7.47,49.44,75.47,14.11,,,,8.03,,,,Beltsville,,,,,5/21/2015,,,Blk3,71
NY-MD-2015,MD,Cereal rye,Spooner,2,5.19,7.71,49.49,75.66,14.17,,,,7.9,,,,Beltsville,,,,,5/21/2015,,,Blk4,71
NY-MD-2015,MD,Cereal rye,Aroostook,2.02,4.39,6.96,49.58,73.53,17.08,,,,8.7,,,,Beltsville,,,,,5/21/2015,,,Blk1,80
NY-MD-2015,MD,Cereal rye,Aroostook,2.1,4.4,7.33,49.32,73,17.18,,,,8.4,,,,Beltsville,,,,,5/21/2015,,,Blk2,82
NY-MD-2015,MD,Cereal rye,Aroostook,1.86,4.31,6.85,49.86,73.84,16.65,,,,8.62,,,,Beltsville,,,,,5/21/2015,,,Blk3,81
NY-MD-2015,MD,Cereal rye,Aroostook,2.17,6.02,6.97,43.66,68.11,19.76,,,,6.9,,,,Beltsville,,,,,5/21/2015,,,Blk4,80
NY-MD-2015,MD,Cereal rye,LakeviewVNS,2.05,5.25,6.35,48.14,73.86,15.33,,,,7.67,,,,Beltsville,,,,,5/21/2015,,,Blk1,75
NY-MD-2015,MD,Cereal rye,LakeviewVNS,2.01,4.96,6.91,49.2,75.97,13.77,,,,7.62,,,,Beltsville,,,,,5/21/2015,,,Blk2,73
NY-MD-2015,MD,Cereal rye,LakeviewVNS,2.02,5.18,8.03,48.68,74.25,15.18,,,,7.74,,,,Beltsville,,,,,5/21/2015,,,Blk3,77
NY-MD-2015,MD,Cereal rye,LakeviewVNS,2.09,4.84,7.67,49.13,75.41,14.74,,,,7.7,,,,Beltsville,,,,,5/21/2015,,,Blk4,71
NY-MD-2015,MD,Triticale,TriCal815,1.97,6.12,7.25,44.91,69.89,18.22,,,,7.01,,,,Beltsville,,,,,5/21/2015,,,Blk1,72
NY-MD-2015,MD,Triticale,TriCal815,2.2,5.86,6.81,43.17,67.21,20.35,,,,6.98,,,,Beltsville,,,,,5/21/2015,,,Blk2,71
NY-MD-2015,MD,Triticale,TriCal815,2.06,6.41,7.78,44.65,69.61,17.18,,,,6.83,,,,Beltsville,,,,,5/21/2015,,,Blk3,72
NY-MD-2015,MD,Triticale,TriCal815,2.23,5.97,8.13,43.57,67.41,19.58,,,,6.88,,,,Beltsville,,,,,5/21/2015,,,Blk4,71
NY-MD-2015,MD,Triticale,TriCal718,2.07,7.23,7.86,46.78,73.69,13.48,,,,6.86,,,,Beltsville,,,,,5/21/2015,,,Blk1,70
NY-MD-2015,MD,Triticale,TriCal718,1.92,5.43,6.62,47.42,73.85,15.74,,,,7.28,,,,Beltsville,,,,,5/21/2015,,,Blk2,70
NY-MD-2015,MD,Triticale,TriCal718,2.11,7.07,8.66,46.01,71.5,15.29,,,,6.74,,,,Beltsville,,,,,5/21/2015,,,Blk3,72
NY-MD-2015,MD,Triticale,TriCal718,2.09,6.27,7.89,46.63,72.98,14.05,,,,6.81,,,,Beltsville,,,,,5/21/2015,,,Blk4,72
NY-MD-2015,MD,Triticale,NE426GT,2.01,5.69,7.75,42.91,65.93,21.39,,,,7.02,,,,Beltsville,,,,,5/21/2015,,,Blk1,72
NY-MD-2015,MD,Triticale,NE426GT,2.34,5.5,6.91,41.42,63.39,24.84,,,,6.96,,,,Beltsville,,,,,5/21/2015,,,Blk2,73
NY-MD-2015,MD,Triticale,NE426GT,2.07,4.81,7.19,48.67,72.53,17.16,,,,8.22,,,,Beltsville,,,,,5/21/2015,,,Blk3,72
NY-MD-2015,MD,Triticale,NE426GT,2.26,6.25,7.67,41.05,63.41,22.98,,,,6.78,,,,Beltsville,,,,,5/21/2015,,,Blk4,72
NY-MD-2015,MD,Triticale,TriMark099,2.35,6.09,7.31,40.76,63.32,23.2,,,,6.82,,,,Beltsville,,,,,5/21/2015,,,Blk1,76
NY-MD-2015,MD,Triticale,TriMark099,2.33,5.98,7.03,41.56,63.44,24.18,,,,6.88,,,,Beltsville,,,,,5/21/2015,,,Blk2,73
NY-MD-2015,MD,Triticale,TriMark099,2.24,6.68,8.18,42.73,65.88,20.34,,,,6.73,,,,Beltsville,,,,,5/21/2015,,,Blk3,73
NY-MD-2015,MD,Triticale,TriMark099,2.11,6.07,7.45,42.97,66.56,20.48,,,,6.97,,,,Beltsville,,,,,5/21/2015,,,Blk4,74
,,,,,,,,,,,,,,,,,,,,,,,,,,
OnFarm,NC,Barley,,1.98,12.95,10.71,43.5,69.58,9.654,,26.11,67.81,6.09,,,,BJD,,,35.80604553,-81.14834595,,10/15/2016,4/10/2017,,
OnFarm,NC,Barley,,1.96,9.9,9.34,41.76,68.27,15.31,,28.47,65.93,5.61,,,,BJD,,,35.80604553,-81.14834595,,10/15/2016,4/10/2017,,
OnFarm,VA,Barley,,2.577693,9.087374,6.212528,28.873404,47.437153,38.00585,,51.150146,46.571136,2.2787187,Stem elongation,,,ELP,,,37.67750168,-76.60199738,,9/28/2020,4/14/2021,,
OnFarm,VA,Barley,,2.5768535,9.469514,5.199598,25.840864,44.283077,41.570774,,54.76713,43.59633,1.6365411,Stem elongation,,,ELP,,,37.67750168,-76.60199738,,9/28/2020,4/14/2021,,
OnFarm,VA,Barley,,2.0098462,9.488002,7.102185,28.748968,58.584877,26.91603,,42.731194,55.054485,2.2143192,Heading and Flowering,,,GFU,,,37.680912,-76.607016,,10/11/2021,4/12/2022,,
OnFarm,VA,Barley,,1.9183012,8.535118,6.7104573,30.57827,59.193466,27.7862,,42.150036,55.907013,1.942952,Heading and Flowering,,,GFU,,,37.680912,-76.607016,,10/11/2021,4/12/2022,,
OnFarm,VA,Barley,,1.6231562,7.7242465,4.1737123,27.508905,53.386623,36.829327,,48.408535,49.229786,2.361677,Heading and Flowering,,,ULW,,,37.695005,-76.629718,,10/11/2021,4/29/2022,,
OnFarm,VA,Barley,,1.9079477,8.696165,3.3621416,28.040163,57.586975,32.47786,,44.27437,53.04172,2.6839135,Heading and Flowering,,,ULW,,,37.695005,-76.629718,,10/11/2021,4/29/2022,,
OnFarm,FL,Cereal rye,,1.0109524,5.343107,5.1611557,47.313564,76.48309,17.355509,,24.949165,66.79429,8.256545,Ripening,,,NMO,,,30.58657292,-83.80799312,,1/15/2022,5/26/2022,,
OnFarm,FL,Cereal rye,,1.0159911,5.8456397,5.875934,47.965763,76.004555,16.5782,,25.050997,66.44631,8.502691,Ripening,,,NMO,,,30.58657292,-83.80799312,,1/15/2022,5/26/2022,,
OnFarm,FL,Cereal rye,,1.1869233,3.7023478,4.811062,50.148045,78.518295,17.277653,,23.120853,68.824295,8.05485,Ripening,,,DGF,,,30.60677586,-83.78413023,,1/15/2022,5/26/2022,,
OnFarm,FL,Cereal rye,,1.2745159,4.4617105,4.285929,50.669903,77.687744,17.728243,,24.223566,67.43107,8.345366,Ripening,,,DGF,,,30.60677586,-83.78413023,,1/15/2022,5/26/2022,,
OnFarm,FL,Cereal rye,,1.1169243,6.400768,5.4631176,49.44543,76.09155,16.254045,,23.804281,68.08965,8.106066,Ripening,,,BGP,,,30.62070084,-83.78639984,,1/8/2021,6/1/2021,,
OnFarm,FL,Cereal rye,,1.165977,5.2842693,3.563504,49.283154,77.17507,18.213432,,24.218365,68.09294,7.688693,Ripening,,,BGP,,,30.62070084,-83.78639984,,1/8/2021,6/1/2021,,
OnFarm,GA,Cereal rye,,2.6,12.15,5.77,30.99,60.08,23.6,,38.96,56.16,4.88,,,,YVX,,,32.99383926,-81.80843353,,12/9/2019,3/27/2020,,
OnFarm,GA,Cereal rye,,2.61,11.84,5.06,31.55,61.51,23.29,,38.02,56.97,5,,,,YVX,,,32.99383926,-81.80843353,,12/9/2019,3/27/2020,,
OnFarm,AL,Cereal rye,,2.4945433,8.907144,7.1856785,29.283323,45.80226,38.816532,,52.299488,45.41339,2.2871213,Stem elongation,,,TXE,,,34.10100174,-85.3769989,,11/15/2020,4/7/2021,,
OnFarm,AL,Cereal rye,,2.4718032,8.882232,6.9116716,27.154219,45.23458,39.666134,,53.005352,44.758842,2.235808,Stem elongation,,,TXE,,,34.10100174,-85.3769989,,11/15/2020,4/7/2021,,
OnFarm,AL,Cereal rye,,1.7142172,9.392247,8.180532,43.8699,64.492584,20.7349,,33.05311,60.09928,6.8476114,Heading and Flowering,,,IVU,,,34.11881256,-85.62352753,,11/1/2020,4/16/2021,,
OnFarm,AL,Cereal rye,,1.8631444,10.511223,7.182928,43.153797,65.32126,19.693933,,32.927864,60.79826,6.2738757,Heading and Flowering,,,IVU,,,34.11881256,-85.62352753,,11/1/2020,4/16/2021,,
OnFarm,NC,Cereal rye,,3.27,15.63,6.1,22.34,45.46,29.54,,51.59,44.96,3.45,,,,MKD,,,34.74963379,-78.15218353,,12/15/2017,3/29/2018,,
OnFarm,NC,Cereal rye,,3.2,13.73,5.4,22.82,45.23,32.44,,52.19,44.45,3.36,,,,MKD,,,34.74963379,-78.15218353,,12/15/2017,3/29/2018,,
OnFarm,NC,Cereal rye,,2.0843408,7.827995,6.0423956,37.403767,65.69909,22.945116,,35.51614,59.35646,5.1274033,Heading and Flowering,,,VYG,,,34.7754378,-79.23318296,,10/1/2021,4/6/2022,,
OnFarm,NC,Cereal rye,,1.8875428,6.417727,6.2187605,36.112717,65.01244,25.014397,,36.172462,59.099373,4.7281637,Heading and Flowering,,,VYG,,,34.7754378,-79.23318296,,10/1/2021,4/6/2022,,
OnFarm,SC,Cereal rye,,1.9956543,4.0413103,2.9719627,41.73557,72.06283,23.972643,,29.400208,64.99153,5.6082625,Heading and Flowering,,,WBD,,,35.10601314,-82.18501036,,11/16/2020,5/14/2021,,
OnFarm,SC,Cereal rye,,1.9389396,3.324376,2.422025,42.768536,73.05986,24.368994,,28.856012,66.05295,5.091042,Heading and Flowering,,,WBD,,,35.10601314,-82.18501036,,11/16/2020,5/14/2021,,
OnFarm,SC,Cereal rye,,1.879062,3.3088555,4.5258904,42.632553,71.06022,24.200191,,29.256756,65.56201,5.181228,Heading and Flowering,,,RKT,,,35.109713,-82.1556826,,11/16/2020,5/14/2021,,
OnFarm,SC,Cereal rye,,2.1584353,3.9956632,3.2407577,41.28386,72.1538,23.50211,,29.129272,65.83078,5.0399446,Heading and Flowering,,,RKT,,,35.109713,-82.1556826,,11/16/2020,5/14/2021,,
OnFarm,NC,Cereal rye,,2.69,14.26,6.99,32.2,62.98,13.08,,32.29,61.7,6.01,,,,KCF,,,35.26604462,-77.64817047,,11/15/2017,3/8/2018,,
OnFarm,NC,Cereal rye,,2.5,14.92,6.61,33.92,65.79,10.18,,29.55,65.19,5.26,,,,KCF,,,35.26604462,-77.64817047,,11/15/2017,3/8/2018,,
OnFarm,NC,Cereal rye,,2.69,14.69,6.02,29.91,59.8,16.8,,36.37,57.26,6.37,,,,KCW,,,35.26909256,-77.64774323,,11/15/2017,3/8/2018,,
OnFarm,NC,Cereal rye,,2.66,14.32,4.74,30.63,62.06,16.22,,34.85,58.78,6.37,,,,KCW,,,35.26909256,-77.64774323,,11/15/2017,3/8/2018,,
OnFarm,NC,Cereal rye,,2.66,8.64,3.49,31.86,59.68,25.53,,38.16,56.96,4.88,,,,LAC,,,35.2691803,-77.65574646,,10/15/2018,4/8/2019,,
OnFarm,NC,Cereal rye,,2.79,8.36,2.89,33.75,63.12,22.84,,35,59.21,5.79,,,,LAC,,,35.2691803,-77.65574646,,10/15/2018,4/8/2019,,
OnFarm,NC,Cereal rye,,2.67,10.55,3.52,28.23,56.22,27.04,,41.73,53.24,5.03,,,,LAB,,,35.27230835,-77.61370087,,10/15/2018,3/19/2019,,
OnFarm,NC,Cereal rye,,2.45,9.49,3.64,31.21,59.95,24.47,,37.79,56.85,5.37,,,,LAB,,,35.27230835,-77.61370087,,10/15/2018,3/19/2019,,
OnFarm,NC,Cereal rye,,2.3977408,8.488337,6.6539636,31.457369,55.59878,30.753092,,45.967472,50.908436,3.1240907,,,,FLZ,,,35.31312551,-80.1662335,,11/5/2021,4/20/2022,,
OnFarm,NC,Cereal rye,,2.514174,9.328859,7.7253394,32.299274,54.662506,29.595497,,46.889057,49.691265,3.4196773,,,,FLZ,,,35.31312551,-80.1662335,,11/5/2021,4/20/2022,,
OnFarm,NC,Cereal rye,,2.742968,6.8487606,10.628637,27.17,46.489807,36.544113,,49.808926,47.769566,2.4215088,Tillering,,,URF,,,35.36909866,-81.65080261,,10/1/2020,3/5/2021,,
OnFarm,NC,Cereal rye,,2.930975,7.7918835,9.643008,27.60347,47.88618,35.099983,,48.89907,48.37282,2.7281046,Tillering,,,URF,,,35.36909866,-81.65080261,,10/1/2020,3/5/2021,,
OnFarm,VA,Cereal rye,,2.0079331,5.8437653,3.1781888,29.390894,46.34843,45.866074,,53.68223,43.53934,2.7784255,Ripening,,,UFH,,,36.69830704,-76.01821899,,10/5/2020,4/21/2021,,
OnFarm,VA,Cereal rye,,2.2865667,7.041663,4.9356327,28.135538,43.96674,44.84707,,55.200912,42.07721,2.7218795,Ripening,,,UFH,,,36.69830704,-76.01821899,,10/5/2020,4/21/2021,,
OnFarm,VA,Cereal rye,,2.6695626,13.366344,8.86522,30.248709,48.693855,29.813587,,48.49574,47.78203,3.722234,Ripening,,,UCT,,,36.72269821,-75.99330139,,10/5/2020,4/21/2021,,
OnFarm,VA,Cereal rye,,2.655359,20.543232,9.342366,28.432304,46.217686,24.476595,,50.77615,45.345963,3.8778884,Ripening,,,UCT,,,36.72269821,-75.99330139,,10/5/2020,4/21/2021,,
OnFarm,VA,Cereal rye,,1.644899,6.074447,2.261103,40.72235,70.20777,24.726324,,32.31887,62.27479,5.4063387,,,,SOW,,,37.838713,-76.4270789,,9/29/2021,5/2/2022,,
OnFarm,VA,Cereal rye,,1.4165905,5.100177,2.3263838,42.60892,69.49546,26.526072,,32.972965,61.248802,5.778233,,,,SOW,,,37.838713,-76.4270789,,9/29/2021,5/2/2022,,
OnFarm,DE,Cereal rye,,2.395921,11.688545,7.1906223,24.975296,44.75767,37.100277,,57.671787,38.444756,3.8834572,,,,QKZ,,,38.67844447,-75.2233531,,10/22/2021,4/12/2022,,
OnFarm,DE,Cereal rye,,2.5655599,14.185062,7.320347,25.294384,46.669327,32.526558,,55.601166,40.060505,4.338329,,,,QKZ,,,38.67844447,-75.2233531,,10/22/2021,4/12/2022,,
OnFarm,MD,Cereal rye,,3.1,20.36,8.78,24.21,46.35,21.41,,49.19,45.65,5.16,,,,WYE,,,38.91451263,-76.14308167,,9/28/2017,4/27/2018,,
OnFarm,MD,Cereal rye,,3.04,19.49,8.1,25.12,48.64,20.73,,47.07,47.49,5.44,,,,WYE,,,38.91451263,-76.14308167,,9/28/2017,4/27/2018,,
OnFarm,MD,Cereal rye,,2.85,13.22,5.42,30.22,58.04,20.47,,38.63,55.85,5.52,,,,CJA,,,38.9702034,-75.84790802,,9/25/2017,4/18/2018,,
OnFarm,MD,Cereal rye,,2.73,12.23,3.56,30.35,61.82,19.66,,35.9,58.11,5.99,,,,CJA,,,38.9702034,-75.84790802,,9/25/2017,4/18/2018,,
OnFarm,MD,Cereal rye,,2.86,12.83,6.04,29.58,54.03,24.24,,42.5,51.34,6.16,,,,NSF,,,39.01596451,-76.94274902,,10/7/2017,5/3/2018,,
OnFarm,MD,Cereal rye,,2.54,8.48,5.82,41.44,70.43,12.73,,25.22,66.81,7.97,,,,NSF,,,39.01596451,-76.94274902,,10/7/2017,5/3/2018,,
OnFarm,MD,Cereal rye,,2.38,8.46,6.67,39.26,68.5,13.99,,26.6,66.07,7.33,,,,NSL,,,39.01613235,-76.94303131,,10/7/2017,5/3/2018,,
OnFarm,MD,Cereal rye,,2.7,17.35,6.7,24.76,45.97,27.28,,50.73,44.12,5.16,,,,NSL,,,39.01613235,-76.94303131,,10/7/2017,5/3/2018,,
OnFarm,MD,Cereal rye,,2.69,9.01,4.82,40.02,74.86,8.62,,21.35,70.49,8.16,,,,AWP,,,39.02483749,-76.89892578,,10/5/2017,5/5/2018,,
OnFarm,MD,Cereal rye,,2.55,21.97,7.7,37.21,52.04,15.74,,43.62,47.95,8.43,,,,AWP,,,39.02483749,-76.89892578,,10/5/2017,5/5/2018,,
OnFarm,MO,Cereal rye,,3.2189257,27.28376,13.670566,29.25267,44.58303,14.36453,,59.207447,36.33527,4.4572797,Tillering,,,EBT,,,39.123347,-90.995041,,11/4/2021,4/10/2022,,
OnFarm,MO,Cereal rye,,3.150623,27.629152,13.057037,27.231878,42.58169,16.562214,,61.58977,34.29664,4.113591,Tillering,,,EBT,,,39.123347,-90.995041,,11/4/2021,4/10/2022,,
OnFarm,MD,Cereal rye,,2.87,15.521,5.88,25.372,44.308,34.52,,54.43,40.12,5.46,,,,HFC,,,39.21099091,-75.83492279,,8/15/2019,4/4/2020,,
OnFarm,MD,Cereal rye,,2.965,16.11,5.666,23.821,42.017,36.18,,56.81,38.05,5.14,,,,HFC,,,39.21099091,-75.83492279,,8/15/2019,4/4/2020,,
OnFarm,MD,Cereal rye,,2.863,18.835,7.979,22.948,42.773,30.54,,54.98,39.84,5.17,,,,FMT,,,39.21203613,-75.83842468,,8/15/2019,4/4/2020,,
OnFarm,MD,Cereal rye,,2.859,15.238,5.406,24.506,44.84,34.8,,54.12,41.23,4.65,,,,FMT,,,39.21203613,-75.83842468,,8/15/2019,4/4/2020,,
OnFarm,MO,Cereal rye,,2.1866784,13.585994,8.4669895,37.43068,68.22032,12.315439,,31.975922,63.124134,4.899945,Heading and Flowering,,,BRW,,,39.332769,-90.661001,,10/23/2021,5/19/2022,,
OnFarm,MO,Cereal rye,,2.1380448,9.692384,9.136877,39.91257,71.828995,12.2317295,,27.73599,67.03037,5.2336383,Heading and Flowering,,,BRW,,,39.332769,-90.661001,,10/23/2021,5/19/2022,,
OnFarm,KS,Cereal rye,,2.6370845,7.7231274,8.062946,36.08509,60.431244,25.375786,,40.561016,53.980984,5.458001,Heading and Flowering,,,UCG,,,39.33554128,-96.43721437,,10/22/2021,5/10/2022,,
OnFarm,KS,Cereal rye,,2.8391972,9.984013,8.784489,32.53987,54.95325,27.285778,,46.488216,49.106655,4.4051275,Heading and Flowering,,,UCG,,,39.33554128,-96.43721437,,10/22/2021,5/10/2022,,
OnFarm,OH,Cereal rye,,3.431311,15.672668,9.995844,27.982841,48.834915,25.483706,,53.445305,43.512997,3.0416958,Tillering,,,PQY,,,39.485163,-83.420266,,10/15/2021,4/22/2022,,
OnFarm,OH,Cereal rye,,3.2047284,12.541229,8.6097355,26.55476,48.26263,30.760061,,53.977024,43.090282,2.9326916,Tillering,,,PQY,,,39.485163,-83.420266,,10/15/2021,4/22/2022,,
OnFarm,OH,Cereal rye,,2.1496556,8.664671,11.351485,40.48893,67.42653,15.127517,,31.62988,64.89222,3.477904,Heading and Flowering,,,ZZN,,,39.771088,-83.676166,,11/22/2021,5/12/2022,,
OnFarm,OH,Cereal rye,,1.7662561,9.726466,11.06639,40.964756,67.191055,14.953206,,32.028263,64.29895,3.672786,Heading and Flowering,,,ZZN,,,39.771088,-83.676166,,11/22/2021,5/12/2022,,
OnFarm,OH,Cereal rye,,2.8134332,11.631935,10.572215,37.63736,61.65632,17.64204,,38.579807,57.055317,4.3648767,Heading and Flowering,,,WBS,,,40.054597,-84.510809,,11/1/2021,5/18/2022,,
OnFarm,IN,Cereal rye,,3.1080039,11.276956,11.208975,37.457314,60.89883,17.770153,,39.28783,56.21113,4.5010424,Heading and Flowering,,,LHM,,,40.230937,-86.478022,,11/11/2021,5/24/2022,,
OnFarm,IN,Cereal rye,,3.201513,10.227475,10.021726,36.610207,61.733837,19.136818,,38.640972,57.496277,3.8627515,Heading and Flowering,,,LHM,,,40.230937,-86.478022,,11/11/2021,5/24/2022,,
OnFarm,MO,Cereal rye,,3.434117,10.757975,11.331807,32.98884,53.289642,24.916735,,48.242798,48.065094,3.6921072,Stem elongation,,,ECP,,,40.24389741,-94.03154715,,10/5/2021,4/27/2022,,
OnFarm,MO,Cereal rye,,3.3523073,9.767219,11.002836,31.845297,52.903946,26.676968,,48.71195,47.81887,3.4691808,Stem elongation,,,ECP,,,40.24389741,-94.03154715,,10/5/2021,4/27/2022,,
OnFarm,MO,Cereal rye,,3.0204341,13.303498,11.765061,30.093727,51.323997,24.17969,,50.589966,45.975716,3.4343178,Stem elongation,,,ZSB,,,40.282836,-93.913678,,9/12/2021,4/25/2022,,
OnFarm,MO,Cereal rye,,2.9000094,12.264814,11.949558,31.531336,53.150417,23.45573,,48.3837,48.166176,3.4501216,Stem elongation,,,ZSB,,,40.282836,-93.913678,,9/12/2021,4/25/2022,,
OnFarm,IN,Cereal rye,,4.1871367,13.834222,9.128993,25.976078,44.26668,31.681635,,52.89259,44.624973,2.4824402,Stem elongation,,,YAT,,,40.49361038,-87.08932495,,9/30/2020,4/13/2021,,
OnFarm,IN,Cereal rye,,3.9524195,14.451204,9.0663185,26.026596,45.414665,30.294418,,51.744385,46.049503,2.2061124,Stem elongation,,,YAT,,,40.49361038,-87.08932495,,9/30/2020,4/13/2021,,
OnFarm,PA,Cereal rye,,2.97,15.93,8.37,37.22,56.03,20.62,,41.36,55.45,3.19,,,,SRZ,,,40.51446533,-75.97917938,,9/25/2016,5/13/2017,,
OnFarm,PA,Cereal rye,,2.69,12.36,7.54,40.35,60.86,20.81,,37.07,59.33,3.6,,,,SRZ,,,40.51446533,-75.97917938,,9/25/2016,5/13/2017,,
OnFarm,PA,Cereal rye,,3.09,28.96,4.78,30.53,47.67,15.5,,49.94,44.43,5.63,,,,SRY,,,40.5153389,-75.98817444,,10/7/2017,5/3/2018,,
OnFarm,PA,Cereal rye,,2.8,15.22,6.83,29.47,53.68,21.47,,42.38,51.43,6.18,,,,SRY,,,40.5153389,-75.98817444,,10/7/2017,5/3/2018,,
OnFarm,WI,Cereal rye,,4.211834,22.404959,13.039504,22.951199,40.481304,22.69609,,64.24739,32.160763,3.5918455,,,,OZT,,,42.757972,-88.531861,,9/25/2021,4/27/2022,,
OnFarm,WI,Cereal rye,,3.9863305,21.543676,13.128611,22.260612,40.557568,23.622845,,64.18346,32.098026,3.7185194,,,,OZT,,,42.757972,-88.531861,,9/25/2021,4/27/2022,,
OnFarm,NH,Cereal rye,,3.7458782,28.442661,12.189356,22.515886,41.691032,16.849445,,62.437225,33.57098,3.9917939,Stem elongation,,,COE,,,43.137171,-70.95943264,,11/10/2021,5/23/2022,,
OnFarm,NH,Cereal rye,,3.31892,24.492807,10.398903,22.28366,43.70381,21.144825,,59.51335,37.37942,3.1072261,Stem elongation,,,COE,,,43.137171,-70.95943264,,11/10/2021,5/23/2022,,
OnFarm,NH,Cereal rye,,3.140432,24.36915,10.455281,22.085674,44.169025,20.957943,,58.976364,37.72001,3.3036246,Stem elongation,,,ERU,,,43.16786215,-70.93216584,,11/5/2021,5/20/2022,,
OnFarm,NH,Cereal rye,,3.3045552,23.601105,11.010869,22.495514,42.429447,22.624084,,61.18687,35.24821,3.5649197,Stem elongation,,,ERU,,,43.16786215,-70.93216584,,11/5/2021,5/20/2022,,
OnFarm,WI,Cereal rye,,4.2416625,31.089054,14.989693,19.53623,32.249012,19.68801,,76.12094,19.919132,3.95993,,,,YBR,,,43.759061,-88.906954,,10/10/2021,5/15/2022,,
OnFarm,WI,Cereal rye,,3.8510308,28.75178,16.042355,22.629347,35.93554,17.934784,,71.75498,23.623514,4.6215014,,,,YBR,,,43.759061,-88.906954,,10/10/2021,5/15/2022,,
OnFarm,WI,Cereal rye,,4.1915417,17.151083,11.641101,23.521206,39.360573,30.410942,,56.800808,40.296402,2.9027917,Tillering,,,ABZ,,,44.0136389,-87.785022,,9/18/2020,4/18/2021,,
OnFarm,WI,Cereal rye,,4.112301,17.49445,11.577884,24.070337,40.84225,28.832073,,55.256607,41.896576,2.8468175,Tillering,,,ABZ,,,44.0136389,-87.785022,,9/18/2020,4/18/2021,,
OnFarm,MN,Cereal rye,,2.5902739,13.964152,8.747326,28.776821,50.368683,27.855373,,46.856415,50.198723,2.944862,Stem elongation,,,LZU,,,44.73679733,-93.05194092,,9/30/2020,5/18/2021,,
OnFarm,MN,Cereal rye,,2.8182411,15.049636,8.818574,28.993492,50.686707,26.174911,,46.493217,50.455315,3.051471,Stem elongation,,,LZU,,,44.73679733,-93.05194092,,9/30/2020,5/18/2021,,
OnFarm,VT,Cereal rye,,2.6204352,18.833218,10.947224,29.330961,54.343437,17.059727,,47.019375,48.43405,4.5465736,Stem elongation,,,GMG,,,44.90796251,-72.78384465,,9/26/2021,5/25/2022,,
OnFarm,VT,Cereal rye,,2.8433473,19.348864,10.469643,29.133703,53.682995,17.412962,,47.821636,47.823174,4.3551917,Stem elongation,,,GMG,,,44.90796251,-72.78384465,,9/26/2021,5/25/2022,,
OnFarm,VA,Hairy vetch,,1.6495025,25.946844,10.765133,28.792301,32.41345,31.494013,,73.18718,20.469173,6.343647,Flowering,,,HGI,,,37.881058,-76.799492,,10/27/2021,4/30/2022,,
OnFarm,VA,Hairy vetch,,1.9700123,18.45525,10.845941,32.91618,39.119267,32.34788,,65.11467,26.550365,8.334963,Flowering,,,HGI,,,37.881058,-76.799492,,10/27/2021,4/30/2022,,
OnFarm,GA,Oats/Black Oats,,2.46,8.7,3.01,29.15,52.85,36.68,,47.51,47.51,4.98,,,,AMD,,,32.86539078,-82.25836182,,1/5/2020,5/5/2020,,
OnFarm,GA,Oats/Black Oats,,2.72,10.15,2.54,27.78,52.58,35.69,,48.01,47.6,4.39,,,,AMD,,,32.86539078,-82.25836182,,1/5/2020,5/5/2020,,
OnFarm,NC,Oats/Black Oats,,2.6994877,6.0792365,5.343153,22.789593,35.45515,52.90483,,63.500492,33.643784,2.8557231,Stem elongation,,,TOX,,,34.53170013,-79.24880219,,9/25/2020,3/10/2021,,
OnFarm,NC,Oats/Black Oats,,2.628525,5.757141,5.0475416,22.500643,33.864937,55.072403,,65.20357,31.897625,2.8988116,Stem elongation,,,TOX,,,34.53170013,-79.24880219,,9/25/2020,3/10/2021,,
OnFarm,NC,Ryegrass,,3.3139052,9.881067,8.48906,29.047516,54.27917,27.836338,,47.259434,49.312977,3.4275901,Stem elongation,,,ZRI,,,35.35693842,-81.64687506,,9/28/2021,3/4/2022,,
OnFarm,NC,Ryegrass,,3.191674,9.917313,8.082248,29.91144,55.97667,26.750463,,45.42187,50.80604,3.7720883,Stem elongation,,,ZRI,,,35.35693842,-81.64687506,,9/28/2021,3/4/2022,,
OnFarm,NC,Ryegrass,,2.84,17.97,8.91,25.21,46.28,24,,49.19,45.45,5.36,,,,BRL,,,35.58715439,-79.07606506,,9/15/2017,4/11/2018,,
OnFarm,NC,Ryegrass,,2.8,19.5,10.5,26.2,46.33,20.87,,48.23,45.99,5.78,,,,BRL,,,35.58715439,-79.07606506,,9/15/2017,4/11/2018,,
OnFarm,MD,Ryegrass,,3.14,11.4,5.31,23.69,36.55,46.17,,62.42,34.9,2.68,,,,TKC,,,38.79192352,-76.09435272,,10/8/2016,3/23/2017,,
OnFarm,MD,Ryegrass,,3.27,12.68,4.64,22.5,35.2,46.67,,64.02,33.62,2.36,,,,TKC,,,38.79192352,-76.09435272,,10/8/2016,3/23/2017,,
OnFarm,PA,Ryegrass,,2.96,21.78,6.8,24.83,43.71,24.75,,53.1,42.65,4.25,,,,BGS,,,39.73715973,-76.3698349,,10/7/2017,4/12/2018,,
OnFarm,PA,Ryegrass,,3.18,19.08,7.66,22.22,41.21,28.87,,55.37,40.41,4.22,,,,BGS,,,39.73715973,-76.3698349,,10/7/2017,4/12/2018,,
OnFarm,AL,Triticale,,2.48,10.6,6.42,32.28,58.39,22.11,,37.6,56.72,5.67,,,,DNY,,,31.3522892,-85.47933197,,11/1/2018,3/19/2019,,
OnFarm,AL,Triticale,,2.36,9.05,6.24,34.59,61.13,21.22,,34.8,59.61,5.59,,,,DNY,,,31.3522892,-85.47933197,,11/1/2018,3/19/2019,,
OnFarm,NC,Triticale,,2.27,11.49,6.99,43.7,68.09,15.93,,30.36,66.2,3.44,,,,SCF,,,35.34018326,-80.32267761,,11/28/2016,4/14/2017,,
OnFarm,NC,Triticale,,2.2,11.08,6.86,43.33,68.63,16.04,,29.93,66.24,3.83,,,,SCF,,,35.34018326,-80.32267761,,11/28/2016,4/14/2017,,
OnFarm,KS,Triticale,,2.4641106,7.2652164,7.3822255,40.891056,68.377495,19.297377,,29.80026,65.88669,4.3130493,Heading and Flowering,,,OOA,,,39.33585739,-96.43672943,,10/14/2020,5/26/2021,,
OnFarm,KS,Triticale,,2.1935654,6.6386604,7.802153,39.524883,67.05421,21.005209,,30.794643,65.51999,3.6853657,Heading and Flowering,,,OOA,,,39.33585739,-96.43672943,,10/14/2020,5/26/2021,,
OnFarm,SC,Wheat,,1.8560537,5.14412,3.6187854,36.46366,61.546124,32.143147,,40.324566,54.628757,5.0466766,Heading and Flowering,,,CRK,,,34.560791,-83.022958,,11/8/2021,5/10/2022,,
OnFarm,SC,Wheat,,2.0223985,6.58353,4.1965475,37.237534,61.072903,30.399725,,40.68089,53.71811,5.6010036,Heading and Flowering,,,CRK,,,34.560791,-83.022958,,11/8/2021,5/10/2022,,
OnFarm,NC,Wheat,,1.6931387,7.391158,6.1876264,34.344128,59.1364,29.731226,,42.299156,54.683014,3.0178282,Stem elongation,,,XFS,,,35.30613058,-80.34304729,,11/4/2021,4/7/2022,,
OnFarm,NC,Wheat,,1.4042575,9.236566,3.3769522,34.87545,59.08262,31.035389,,42.79668,53.698524,3.504793,Stem elongation,,,XFS,,,35.30613058,-80.34304729,,11/4/2021,4/7/2022,,
OnFarm,NC,Wheat,,3.0676975,11.821931,5.395845,23.59919,41.472836,41.14479,,57.466923,40.446156,2.086923,Tillering,,,IFC,,,36.24829865,-76.550354,,11/5/2020,4/7/2021,,
OnFarm,NC,Wheat,,2.964328,12.035053,6.1610637,25.17013,44.3721,37.5735,,54.229607,43.65551,2.1148827,Tillering,,,IFC,,,36.24829865,-76.550354,,11/5/2020,4/7/2021,,
OnFarm,NC,Wheat,,3.0893,9.214189,6.497774,23.717564,38.82148,45.09476,,59.653305,38.253952,2.0927415,,,,LRH,,,36.27129531,-76.53645329,,11/5/2020,4/4/2021,,
OnFarm,NC,Wheat,,3.1481493,10.062754,6.7419386,23.529638,38.201965,44.51933,,60.17816,37.863323,1.9585153,,,,LRH,,,36.27129531,-76.53645329,,11/5/2020,4/4/2021,,
OnFarm,VA,Wheat,,2.8741426,13.039626,6.8110023,21.126528,37.936134,41.994625,,60.41909,37.646675,1.9342332,Tillering,,,PID,,,37.05570221,-78.05918121,,9/1/2020,3/27/2021,,
OnFarm,VA,Wheat,,3.0318034,16.499683,9.264253,20.817673,37.325726,36.491337,,60.014668,38.084694,1.900638,Tillering,,,YLT,,,37.05570221,-78.05918121,,9/1/2020,3/27/2021,,
OnFarm,VA,Wheat,,3.0318034,16.499683,9.264253,20.817673,37.325726,36.491337,,60.014668,38.084694,1.900638,Tillering,,,YLT,,,37.05570221,-78.05918121,,9/1/2020,3/27/2021,,
OnFarm,VA,Wheat,,2.8741426,13.039626,6.8110023,21.126528,37.936134,41.994625,,60.41909,37.646675,1.9342332,Tillering,,,PID,,,37.05570221,-78.05918121,,9/1/2020,3/27/2021,,
OnFarm,VA,Wheat,,2.335219,11.283312,6.3140483,25.27048,44.76384,38.43705,,57.516563,39.82569,2.657746,Stem elongation,,,DCN,,,37.756294,-75.608528,,11/8/2021,4/12/2022,,
OnFarm,VA,Wheat,,2.400641,11.249119,6.3184156,24.31192,43.827454,39.272293,,58.521965,38.843803,2.634231,Stem elongation,,,DCN,,,37.756294,-75.608528,,11/8/2021,4/12/2022,,
OnFarm,VA,Wheat,,1.2991436,7.1729383,1.7481772,28.490393,51.78318,41.621384,,50.029194,47.536247,2.4345598,Ripening,,,VWD,,,37.795829,-75.581851,,10/15/2021,5/6/2022,,
OnFarm,VA,Wheat,,1.1975933,7.3365426,2.70248,27.935146,51.498253,40.87001,,50.30976,47.871128,1.8191086,Ripening,,,VWD,,,37.795829,-75.581851,,10/15/2021,5/6/2022,,
OnFarm,VA,Wheat,,1.8670685,7.939805,1.3659872,28.897354,52.67248,39.841732,,48.522358,48.35912,3.1185234,Ripening,,,OJW,,,37.80005646,-75.5603714,,11/16/2020,5/14/2021,,
OnFarm,VA,Wheat,,2.0939467,9.134955,1.6409043,28.862772,54.02573,36.886265,,47.106663,49.6365,3.2568362,Ripening,,,OJW,,,37.80005646,-75.5603714,,11/16/2020,5/14/2021,,
OnFarm,VA,Wheat,,2.026125,9.706378,3.0827925,28.396158,50.916115,37.832718,,49.32779,47.39717,3.2750385,Ripening,,,BZW,,,37.88252258,-76.79955292,,10/24/2020,5/12/2021,,
OnFarm,VA,Wheat,,1.788302,9.150173,3.1169562,29.848251,53.092236,36.56879,,47.224155,49.323376,3.452469,Ripening,,,BZW,,,37.88252258,-76.79955292,,10/24/2020,5/12/2021,,
OnFarm,VA,Wheat,,3.2866046,22.122313,9.302653,24.309444,42.977386,25.31946,,54.135815,43.21021,2.6539776,Stem elongation,,,QLR,,,37.88700104,-76.80020142,,10/23/2020,4/19/2021,,
OnFarm,VA,Wheat,,3.1728485,15.939942,7.549166,24.564661,42.342365,33.959644,,55.622852,41.911068,2.466078,Stem elongation,,,QLR,,,37.88700104,-76.80020142,,10/23/2020,4/19/2021,,
OnFarm,MD,Wheat,,3.5,15.54,5.69,27.35,46.63,31.91,,52.21,46,1.78,,,,SGK,,,38.19068909,-75.68442535,,10/20/2016,4/5/2017,,
OnFarm,MD,Wheat,,3.55,16.31,6.91,27,45.93,30.51,,52.31,45.62,2.08,,,,SGK,,,38.19068909,-75.68442535,,10/20/2016,4/5/2017,,
OnFarm,MD,Wheat,,3.41,14.21,3.62,20.8,35.65,45.61,,63.94,34.48,1.58,,,,TKD,,,38.677742,-76.0242157,,10/20/2016,4/3/2017,,
OnFarm,MD,Wheat,,3.35,14.59,3.23,22.16,36.59,44.8,,63.16,35.16,1.68,,,,TKD,,,38.677742,-76.0242157,,10/20/2016,4/3/2017,,
OnFarm,MD,Wheat,,3.18,14.11,4.91,24.49,46.98,30.82,,50.59,44.67,4.73,,,,CSA,,,38.75826263,-75.77186584,,9/27/2017,4/11/2018,,
OnFarm,MD,Wheat,,3.04,13.11,5.6,25.24,48.34,29.91,,48.79,46.17,5.04,,,,CSA,,,38.75826263,-75.77186584,,9/27/2017,4/11/2018,,
OnFarm,MD,Wheat,,2.89,22.93,7.02,23.65,40.68,26.48,,56.25,38.67,5.08,,,,TCE,,,38.79428864,-76.18173981,,10/21/2017,4/27/2018,,
OnFarm,MD,Wheat,,3.06,23.53,7.33,22.14,39.46,26.62,,57.42,37.24,5.34,,,,TCE,,,38.79428864,-76.18173981,,10/21/2017,4/27/2018,,
OnFarm,MD,Wheat,,2.92,20.79,7.18,22.43,41.78,27.33,,54.99,39.38,5.63,,,,TCD,,,38.79532623,-76.17949677,,10/21/2017,4/27/2018,,
OnFarm,MD,Wheat,,3.21,23.69,7.82,20.41,39.46,25.82,,57.19,37.24,5.57,,,,TCD,,,38.79532623,-76.17949677,,10/21/2017,4/27/2018,,
OnFarm,MD,Wheat,,2.82,16.88,6.51,22.75,40.89,32.9,,56.26,38.12,5.62,,,,TCF,,,38.82228088,-76.13711548,,10/21/2017,4/27/2018,,
OnFarm,MD,Wheat,,2.71,16.49,6.55,23.65,43.06,31.19,,53.92,40.67,5.4,,,,TCF,,,38.82228088,-76.13711548,,10/21/2017,4/27/2018,,
OnFarm,MD,Wheat,,3.53,20.28,7.35,22.12,35.93,35.43,,62.25,35.81,1.94,,,,TCC,,,38.84377289,-76.17765045,,10/7/2016,4/1/2017,,
OnFarm,MD,Wheat,,3.54,19.58,7.41,23.22,36.9,35.15,,61.23,36.77,2.01,,,,TCB,,,38.84377289,-76.17765045,,10/7/2016,4/1/2017,,
OnFarm,MD,Wheat,,3.51,20.06,7.4,23.07,37.95,33.74,,60.16,38.11,1.73,,,,TCB,,,38.84377289,-76.17765045,,10/7/2016,4/1/2017,,
OnFarm,MD,Wheat,,3.44,20.68,6.9,22.25,37.02,34.54,,61.31,36.89,1.8,,,,TCC,,,38.84377289,-76.17765045,,10/7/2016,4/1/2017,,
OnFarm,MD,Wheat,,3.59,19.04,5.49,24.62,41.15,33.6,,57.74,41.25,1.01,,,,TCA,,,38.86626053,-76.15480042,,10/7/2016,4/1/2017,,
OnFarm,MD,Wheat,,3.58,18.91,6.68,24.95,42.56,31.25,,55.81,42.93,1.27,,,,TCA,,,38.86626053,-76.15480042,,10/7/2016,4/1/2017,,
OnFarm,MD,Wheat,,3.49,18.49,6.41,23.86,38.78,35.55,,59.73,38.07,2.2,,,,CRD,,,38.87722015,-75.80059814,,10/5/2016,4/29/2017,,
OnFarm,MD,Wheat,,3.39,22.91,8.9,23.73,37.98,29.47,,59.49,37.56,2.95,,,,CRD,,,38.87722015,-75.80059814,,10/5/2016,4/29/2017,,
OnFarm,MD,Wheat,,3.14,12.81,2.37,24.15,40.04,44.45,,60.14,38.61,1.25,,,,CJL,,,38.96836472,-75.84695435,,10/5/2016,4/29/2017,,
OnFarm,MD,Wheat,,3.05,12.19,1.96,25.52,41.79,43.94,,58.61,40.01,1.38,,,,CJL,,,38.96836472,-75.84695435,,10/5/2016,4/29/2017,,
OnFarm,MD,Wheat,,3.64,20.62,8.44,19.75,35.35,34.43,,62.41,34.81,2.78,,,,TKA,,,39.0239563,-76.08381653,,11/14/2016,3/30/2017,,
OnFarm,MD,Wheat,,3.72,22.68,7.04,17.6,32.42,36.41,,65.96,32.1,1.94,,,,TKA,,,39.0239563,-76.08381653,,11/14/2016,3/30/2017,,
OnFarm,MD,Wheat,,2.3,10.5,4.34,35.98,58.19,28.75,,41.66,56.19,2.16,,,,QHS,,,39.19632721,-75.84911346,,11/1/2016,3/3/2017,,
OnFarm,MD,Wheat,,2.36,12.03,4.38,35.28,57.22,28.01,,42.56,55.55,1.89,,,,QHS,,,39.19632721,-75.84911346,,11/1/2016,3/3/2017,,
OnFarm,MD,Wheat,,2.53,13.8,4.25,29.36,56.81,26.59,,43.03,50.9,6.07,,,,WEU,,,39.19632721,-75.84911346,,8/12/2018,4/8/2019,,
OnFarm,MD,Wheat,,2.45,13.51,4.6,30.65,59.31,24.28,,40.42,53.64,5.94,,,,WEU,,,39.19632721,-75.84911346,,8/12/2018,4/8/2019,,
OnFarm,MD,Wheat,,2.98,22.88,9.23,26.92,50.7,17.76,,46.25,48.7,5.06,,,,RGE,,,39.20301437,-75.85373688,,8/12/2019,4/8/2019,,
OnFarm,MD,Wheat,,2.73,19.75,6.99,28.07,56.13,18.33,,42.1,52.68,5.22,,,,RGE,,,39.20301437,-75.85373688,,8/12/2019,4/8/2019,,
OnFarm,MD,Wheat,,2.87,18.96,7.32,21.84,41.08,29.77,,55.68,39.72,4.61,,,,QAS,,,39.21961594,-75.83161926,,9/30/2017,4/11/2018,,
OnFarm,MD,Wheat,,3.24,20.26,5.76,20.59,38.75,31.99,,58.88,36.71,4.4,,,,QAS,,,39.21961594,-75.83161926,,9/30/2017,4/11/2018,,
OnFarm,PA,Wheat,,2.51,13.92,8.04,28.97,46.36,32.42,,51.31,41.79,6.9,,,,BBS,,,39.73755264,-76.37100983,,11/1/2018,4/23/2019,,
OnFarm,PA,Wheat,,2.86,17.41,7.61,26.28,42.62,32.48,,55.31,36.83,7.85,,,,BBS,,,39.73755264,-76.37100983,,11/1/2018,4/23/2019,,
OnFarm,PA,Wheat,,3.19,18.73,6.14,29.6,47.84,27.45,,50.79,47.33,1.88,,,,SSB,,,40.58691025,-76.78962708,,10/1/2016,5/12/2017,,
OnFarm,PA,Wheat,,3.35,21.4,6.76,25.28,42.15,29.29,,56.18,42.34,1.48,,,,SSB,,,40.58691025,-76.78962708,,10/1/2016,5/12/2017,,
OnFarm,PA,Wheat,,2.98,14.08,5.3,32.85,53.09,28.26,,46.05,52.09,1.86,,,,SSA,,,40.63262177,-76.65533447,,10/1/2016,5/12/2017,,
OnFarm,PA,Wheat,,3.04,12.86,5.35,31.43,50.98,31.34,,48.1,49.69,2.21,,,,SSA,,,40.63262177,-76.65533447,,10/1/2016,5/12/2017,,
,,,,,,,,,,,,,,,,,,,,,,,,,,
UGA,GA,Oats,,2.8998356,9.5494194,4.924,29.3136139,49.2976723,36.1,,49.62,49.54,0.85,,10149,1516,,,Julia Gaskin/Katie Chatham,32.8756,-82.21609,,,4/5/2016,,
UGA,GA,Clover,,2.8897538,26.5559177,7.423636,21.859148,28.778616,36.7418289,,69.7,27.81,2.5,,10150,1516,,,Julia Gaskin/Katie Chatham,32.8756,-82.21609,,,4/5/2016,,
UGA,GA,Oats,,3.1095319,7.5777144,1.212,27.5371532,46.1533241,43.74,,54.12,44.64,1.24,,10152,1516,,,Julia Gaskin/Katie Chatham,32.8756,-82.21609,,,4/5/2016,,
UGA,GA,Clover,,2.4968741,22.2864933,6.2613711,25.8238297,35.3475685,35.6045685,,63.08,34.69,2.24,,10153,1516,,,Julia Gaskin/Katie Chatham,32.8756,-82.21609,,,4/5/2016,,
UGA,GA,Oats,,2.4679112,8.4317808,4.828,40.2294464,65.212204,25.08,,35.56,55.52,8.93,,10927,1516,,,Julia Gaskin/Mike Nugent,31.48864,-82.785,,,5/11/2016,,
UGA,GA,Oats,,2.3311343,8.5972061,4.937,39.4572906,64.0391617,25.65,,36.35,54.74,8.91,,10928,1516,,,Julia Gaskin/Mike Nugent,31.48864,-82.785,,,5/11/2016,,
UGA,GA,Oats,,2.4648795,7.8568468,3.898,37.0308838,60.3871727,30.43,,40.29,50.8,8.91,,10929,1516,,,Julia Gaskin/Mike Nugent,31.48864,-82.785,,,5/11/2016,,
UGA,GA,Oats,,2.6806931,8.3911724,5,37.7844086,62.536911,26.23,,37.36,52.79,9.85,,10930,1516,,,Julia Gaskin/Mike Nugent,31.48864,-82.785,,,5/11/2016,,
UGA,GA,Oats,,2.7171221,9.2160902,6.001,38.1578484,61.8781776,25.11,,37.45,53.62,8.94,,10931,1516,,,Julia Gaskin/Mike Nugent,31.48864,-82.785,,,5/11/2016,,
UGA,GA,Oats,,2.4335911,8.0725164,5.361,39.2803535,63.6221237,25.42,,36.09,54.4,9.51,,10932,1516,,,Julia Gaskin/Mike Nugent,31.48864,-82.785,,,5/11/2016,,
UGA,GA,Oats,,2.7499971,8.989974,4.151,37.6283035,60.9956779,27.19,,38.96,51.25,9.8,,10933,1516,,,Julia Gaskin/Mike Nugent,31.48864,-82.785,,,5/11/2016,,
UGA,GA,Oats,,2.4461644,9.1295834,4.63,38.3260384,61.9366226,26.32,,37.96,52.46,9.59,,10934,1516,,,Julia Gaskin/Mike Nugent,31.48864,-82.785,,,5/11/2016,,
UGA,GA,Oats,,2.7878604,10.5865278,6.675,36.7662086,60.5241241,23.29,,37.73,53.57,8.7,,10935,1516,,,Julia Gaskin/Mike Nugent,31.48864,-82.785,,,5/11/2016,,
UGA,GA,Crimson clover,,2.7538803,26.7256775,7.6137118,24.150713,35.7403488,29.67,,62.34,32.03,5.64,,1308,1617,,,Julia Gaskin/Pennington,33.87285,-83.53545,,,4/6/2016,,
UGA,GA,Crimson clover,,2.6866121,23.6844692,5.2235928,24.7694168,32.0170479,38.63,,67,30.06,2.95,,1309,1617,,,Julia Gaskin/Pennington,33.87285,-83.53545,,,4/6/2016,,
UGA,GA,Crimson clover,,3.1147106,22.3555164,7.0879402,26.282299,33.8199425,35.99,,64.5,31.95,3.55,,1310,1617,,,Julia Gaskin/Pennington,33.87285,-83.53545,,,4/6/2016,,
UGA,GA,Crimson clover,,2.8577933,22.8266602,6.7504854,24.3943348,31.0951195,38.65,,67.41,29.42,3.16,,1311,1617,,,Julia Gaskin/Pennington,33.87285,-83.53545,,,4/6/2016,,
UGA,GA,Radish,,2.1072428,15.7519026,7.7608209,35.2439651,51.8451653,26.16,,45.92,47.62,6.47,,1312,1617,,,Julia Gaskin/Pennington,33.87285,-83.53545,,,4/6/2016,,
UGA,GA,Radish,,2.0375605,16.2894783,10.2985268,32.5894241,46.8589859,27.8,,49.61,44.36,6.03,,1313,1617,,,Julia Gaskin/Pennington,33.87285,-83.53545,,,4/6/2016,,
UGA,GA,Radish,,2.0550864,16.1933937,8.7818909,34.4263229,51.0259285,25.52,,46.17,47.27,6.56,,1314,1617,,,Julia Gaskin/Pennington,33.87285,-83.53545,,,4/6/2016,,
UGA,GA,Radish,,2.1006954,18.8737984,10.1929569,31.9549885,46.6670036,25.43,,49.85,44.17,5.97,,1315,1617,,,Julia Gaskin/Pennington,33.87285,-83.53545,,,4/6/2016,,
UGA,GA,Oats,,2.38325,11.3962231,2.9820011,27.1300907,48.714447,37.93,,51.49,42.91,5.6,,1316,1617,,,Julia Gaskin/Pennington,33.87285,-83.53545,,,4/6/2016,,
UGA,GA,Oats,,2.5124168,12.2434254,3.6077831,25.1940842,46.7119789,38.19,,53.13,41.89,4.99,,1317,1617,,,Julia Gaskin/Pennington,33.87285,-83.53545,,,4/6/2016,,
UGA,GA,Oats,,2.371367,12.2209854,2.6001546,25.8988876,48.2245903,37.96,,52.15,42.6,5.25,,1318,1617,,,Julia Gaskin/Pennington,33.87285,-83.53545,,,4/6/2016,,
UGA,GA,Oats,,2.5485101,14.1450386,3.8367929,24.2227516,45.7638168,36.91,,53.95,41.24,4.81,,1319,1617,,,Julia Gaskin/Pennington,33.87285,-83.53545,,,4/6/2016,,
UGA,GA,Cereal rye,,2.4089332,9.9147367,2.6470985,35.3670845,66.1072159,23.55,,35.17,59.17,5.66,,1328,1617,,,Julia Gaskin/Pennington,33.87285,-83.53545,,,4/6/2016,,
UGA,GA,Cereal rye,,2.4478762,11.6287909,1.0031965,31.4062729,61.0018196,28.19,,40.93,53.74,5.33,,1329,1617,,,Julia Gaskin/Pennington,33.87285,-83.53545,,,4/6/2016,,
UGA,GA,Cereal rye,,2.4257782,11.4921532,4.7160063,39.3301926,70.5186157,15.78,,29.63,64.15,6.22,,1330,1617,,,Julia Gaskin/Pennington,33.87285,-83.53545,,,4/6/2016,,
UGA,GA,Cereal rye,,2.5688236,10.4930334,3.5094473,38.2994843,70.3033295,18.05,,30.68,63.25,6.07,,1331,1617,,,Julia Gaskin/Pennington,33.87285,-83.53545,,,4/6/2016,,
UGA,GA,Ryegrass,,2.2326334,12.5253553,6.018404,27.8754578,46.9556389,35.55,,51.72,43.11,5.17,,1336,1617,,,Julia Gaskin/Pennington,33.87285,-83.53545,,,4/6/2016,,
UGA,GA,Ryegrass,,2.1284397,12.49333,6.2902513,28.1703148,47.2219124,35.17,,51.32,44.14,4.54,,1337,1617,,,Julia Gaskin/Pennington,33.87285,-83.53545,,,4/6/2016,,
UGA,GA,Ryegrass,,2.2199101,12.8250256,4.7207851,27.1267071,44.7304497,38.63,,54.55,40.85,4.6,,1338,1617,,,Julia Gaskin/Pennington,33.87285,-83.53545,,,4/6/2016,,
UGA,GA,Ryegrass,,2.104768,13.0722866,4.3593593,26.4131298,43.9120445,39.63,,55.52,39.75,4.73,,1339,1617,,,Julia Gaskin/Pennington,33.87285,-83.53545,,,4/6/2016,,
UGA,GA,Cereal rye,,3.2436306,13.3284693,4.2699122,30.7961826,61.2589188,22.19,,38.75,57.45,3.8,,12186,1617,,,Peyton Sapp,32.8756,-82.21609,,,4/10/2017,,
UGA,GA,Oats,,2.7844622,19.6910248,8.0577316,23.976614,36.9669266,35.09,,60.89,34.51,4.6,,12842,1617,,,Julia Gaskin - Iron Horse,33.88689,-83.41941,,,3/29/2017,,
UGA,GA,Oats,,2.8462579,14.4757652,7.3733163,26.6539555,41.6600304,36.56,,56.4,38.96,4.64,,12843,1617,,,Julia Gaskin - Iron Horse,33.88689,-83.41941,,,3/29/2017,,
UGA,GA,Oats,,2.6099937,12.2073669,6.166676,24.8937912,39.6109123,42.18,,59,36.32,4.68,,12844,1617,,,Julia Gaskin - Iron Horse,33.88689,-83.41941,,,3/29/2017,,
UGA,GA,Cereal rye,,3.5068798,23.4056969,7.1134329,21.6728249,45.5894089,23.58,,50.92,44.24,4.84,,15155,1617,,,Julia Gaskin,32.8756,-82.21609,,,3/15/2017,,
UGA,GA,Cereal rye,,3.3793149,22.5813484,6.2651582,21.3790417,44.7585335,26.15,,52.25,42.87,4.89,,15157,1617,,,Julia Gaskin,32.8756,-82.21609,,,3/15/2017,,
UGA,GA,Cereal rye,,3.2605228,19.8814697,7.3055549,23.0649986,45.3224525,27.4,,51.11,43.51,5.38,,15160,1617,,,Julia Gaskin,32.8756,-82.21609,,,3/15/2017,,
UGA,GA,Buckwheat,,2.883642,17.175518,11.3518229,34.7430954,50.6041985,21.53,,45.11,46.85,8.04,,3335,1718,,,Sarah C. Fankhauser,33.4385,-83.84468,,,9/18/2017,,
UGA,GA,Buckwheat,,2.1219838,17.0998669,10.8152475,35.9367714,47.810833,25.5,,48.33,44.03,7.64,,3336,1718,,,Sarah C. Fankhauser,33.4385,-83.84468,,,9/18/2017,,
UGA,GA,Buckwheat,,2.3923354,16.132309,12.0592737,33.5506096,51.8202667,21.22,,43.4,47.88,8.72,,3337,1718,,,Sarah C. Fankhauser,33.4385,-83.84468,,,9/18/2017,,
UGA,GA,Cereal rye,,3.5876536,22.4094753,11.2429199,30.6080246,60.0162964,6.94,,32.38,63.94,3.68,,9627,1718,,,Steven Williams,32.8756,-82.21609,,,2/21/2018,,
UGA,GA,Cereal rye,,3.1949947,19.22089,8.8621626,32.3852425,66.6778488,6.71,,26.84,66.56,6.61,,9628,1718,,,Steven Williams,32.8756,-82.21609,,,2/21/2018,,
UGA,GA,Cereal rye,,3.4300137,21.9762115,8.3370056,34.2997437,62.1060829,8.5,,32.24,63.47,4.29,,9629,1718,,,Steven Williams,32.8756,-82.21609,,,2/21/2018,,
UGA,GA,Crimson clover,,2.4134214,24.3453808,8.6336823,22.1317997,26.5107002,39.95,,70.99,24.71,4.3,,10034,1718,,,Julia Gaskin,32.8756,-82.21609,,,3/1/2018,,
UGA,GA,Crimson clover,,2.4935005,21.2063885,10.4211378,24.2862072,31.0395184,37.01,,65.35,29.49,5.16,,10035,1718,,,Julia Gaskin,32.8756,-82.21609,,,3/1/2018,,
UGA,GA,Crimson clover,,2.5723112,22.568573,10.2932863,24.0414734,30.3089466,36.38,,66.21,28.97,4.82,,10036,1718,,,Julia Gaskin,32.8756,-82.21609,,,3/1/2018,,
UGA,GA,Cereal rye,,2.3558602,11.6488533,6.433104,37.0351448,68.8152084,15.56,,26.45,66.28,7.27,,10111,1718,,,Julia Gaskin,32.8756,-82.21609,,,3/1/2018,,
UGA,FL,Cereal rye,,3.0941987,14.2935581,4.9022446,31.5747128,62.3541794,19.72,,34.44,60.93,4.64,,10163,1718,,,Patrick Troy,30.82442,-83.31546,,,2/28/2018,,
UGA,FL,Cereal rye,,2.8546293,10.7716284,2.7833214,34.6062355,67.7822647,20.55,,30.28,64.5,5.21,,10164,1718,,,Patrick Troy,30.82442,-83.31546,,,2/28/2018,,
UGA,FL,Cereal rye,,3.0694926,14.4603424,3.3261137,28.0122967,58.4032059,24.83,,39.59,56.48,3.93,,10165,1718,,,Patrick Troy,30.82442,-83.31546,,,2/28/2018,,
UGA,GA,Crimson clover,,2.3601923,22.6743698,9.7082062,20.7431278,27.7373638,39.46,,69.28,24.34,6.38,,10280,1718,,,Julia Gaskin,34.34328,-85.11632,,,3/8/2018,,
UGA,GA,Crimson clover,,2.4713347,23.5019321,10.8934135,24.9933834,32.7527542,32.67,,63.25,30.8,5.95,,10281,1718,,,Julia Gaskin,34.34328,-85.11632,,,3/8/2018,,
UGA,GA,Crimson clover,,2.6288209,18.8952675,10.3227911,26.4109764,38.163929,32.66,,57.45,36.88,5.68,,10282,1718,,,Julia Gaskin,34.34328,-85.11632,,,3/8/2018,,
UGA,GA,Oats,,2.9693635,12.145587,5.2374883,21.9945736,44.2924423,38.46,,53.26,43.63,3.11,,10287,1718,,,Julia Gaskin,34.34328,-85.11632,,,3/8/2018,,
UGA,GA,Cereal rye,,3.5169733,16.5715961,5.1013412,23.0917797,48.7546806,29.47,,48.63,49,2.37,,10288,1718,,,Julia Gaskin,34.34328,-85.11632,,,3/8/2018,,
UGA,GA,Oats,,3.0073605,12.1846952,6.094265,26.2802353,52.5409813,29.85,,44.05,52.73,3.22,,10289,1718,,,Julia Gaskin,34.34328,-85.11632,,,3/8/2018,,
UGA,GA,Oats,,3.0040104,13.1855354,6.2909737,22.8889694,45.6795883,35.04,,51.25,45.89,2.86,,10290,1718,,,Julia Gaskin,34.34328,-85.11632,,,3/8/2018,,
UGA,GA,Oats,,2.8654137,11.0465117,6.291811,26.3107777,55.5089569,28.17,,40.76,54.99,4.25,,10291,1718,,,Julia Gaskin,34.34328,-85.11632,,,3/8/2018,,
UGA,GA,Oats,,3.1326411,13.7879877,6.6327968,22.932251,47.9453392,31.86,,48.65,48.5,2.86,,10292,1718,,,Julia Gaskin,34.34328,-85.11632,,,3/8/2018,,
UGA,GA,Cereal rye,,3.4537983,16.1815586,5.8028431,22.9388256,48.5404282,29.42,,48.47,48.97,2.56,,10293,1718,,,Julia Gaskin,34.34328,-85.11632,,,3/8/2018,,
UGA,GA,Oats,,3.0591967,13.7889662,7.5452404,25.3038158,51.8455811,27.39,,43.92,52.51,3.57,,10294,1718,,,Julia Gaskin,34.34328,-85.11632,,,3/8/2018,,
UGA,GA,Cereal rye,,3.4322498,15.8555231,9.1610336,25.5230255,51.4368248,23.71,,43.37,53.26,3.37,,10295,1718,,,Julia Gaskin,34.34328,-85.11632,,,3/8/2018,,
UGA,GA,Oats,,3.1473007,11.0465021,9.2200813,26.4930954,52.2820282,27.96,,42.41,52.35,5.24,,10296,1718,,,Julia Gaskin,34.34328,-85.11632,,,3/8/2018,,
UGA,GA,Oats,,3.0880773,13.609313,8.9165583,24.9761009,50.6816216,27.25,,44.36,51.83,3.81,,10297,1718,,,Julia Gaskin,34.34328,-85.11632,,,3/8/2018,,
UGA,GA,Oats,,2.873095,10.6276808,6.141664,23.2439175,48.5944824,35.16,,48.23,48.56,3.21,,10298,1718,,,Julia Gaskin,34.34328,-85.11632,,,3/8/2018,,
UGA,GA,Oats,,3.0573111,12.8138723,7.7279477,26.8206234,52.9814072,27.13,,42.58,52.57,4.84,,10299,1718,,,Julia Gaskin,34.34328,-85.11632,,,3/8/2018,,
UGA,GA,Oats,,3.0292666,12.0580759,6.8918133,23.7005253,50.0676193,31.46,,46.22,50.48,3.3,,10301,1718,,,Julia Gaskin,34.34328,-85.11632,,,3/8/2018,,
UGA,GA,Oats,,3.0427127,13.0149889,6.4499311,23.9027748,49.2473946,31.69,,47.35,49.48,3.16,,10302,1718,,,Julia Gaskin,34.34328,-85.11632,,,3/8/2018,,
UGA,GA,Crimson clover,,2.4501593,21.7177505,9.5911713,20.0122948,28.5003643,39.74,,68.48,26.77,4.76,,10444,1718,,,Julia Gaskin,33.88689,-83.41941,,,3/15/2018,,
UGA,GA,Crimson clover,,2.2825108,23.1588573,11.1572485,19.353508,27.356226,37.96,,69.2,26.06,4.74,,10445,1718,,,Julia Gaskin,33.88689,-83.41941,,,3/15/2018,,
UGA,GA,Crimson clover,,2.3784456,21.8691692,12.2544823,20.0479984,29.0058384,36.52,,66.94,27.98,5.08,,10446,1718,,,Julia Gaskin,33.88689,-83.41941,,,3/15/2018,,
UGA,GA,Crimson clover,,2.6795092,20.9580135,10.8954363,24.4740486,38.961937,29.23,,56.27,37.89,5.84,,10447,1718,,,Julia Gaskin,33.88689,-83.41941,,,3/15/2018,,
UGA,GA,Crimson clover,,2.7443404,17.3188915,9.4253559,22.5061321,35.7621498,37.25,,60.52,34.46,5.02,,10448,1718,,,Julia Gaskin,33.88689,-83.41941,,,3/15/2018,,
UGA,GA,Winter pea,,2.66328,15.3538761,10.5488205,25.0094318,40.2158432,34.03,,55.04,39.2,5.77,,10449,1718,,,Julia Gaskin,33.88689,-83.41941,,,3/15/2018,,
UGA,GA,Crimson clover,,2.8532801,14.0769768,8.9249325,24.8728142,40.2533455,36.71,,55.81,38.92,5.27,,10450,1718,,,Julia Gaskin,33.88689,-83.41941,,,3/15/2018,,
UGA,FL,Cereal rye,,3.1318984,11.7637644,4.077117,18.3367672,30.0323467,53.1,,68.69,28.7,2.61,,10484,1718,,,Patrick Troy,30.82442,-83.31546,,,3/15/2018,,
UGA,FL,Cereal rye,,3.1014271,12.331521,5.2889552,20.3045559,37.0247688,44.85,,60.91,35.69,3.4,,10485,1718,,,Patrick Troy,30.82442,-83.31546,,,3/15/2018,,
UGA,FL,Cereal rye,,3.0154016,12.3418026,5.1802692,22.2200813,40.5186577,41.78,,57.27,39.5,3.24,,10486,1718,,,Patrick Troy,30.82442,-83.31546,,,3/15/2018,,
UGA,GA,Cereal rye,,2.2517745,17.0860653,8.111865,31.6529541,57.337513,19.23,,37.6,57.72,4.68,,10693,1718,,,Stevie Williams,32.8756,-82.21609,,,3/26/2018,,
UGA,GA,Cereal rye,,2.3618689,18.9641666,8.7667427,29.4223652,52.4286385,21.15,,42.53,53.74,3.73,,10694,1718,,,Stevie Williams,32.8756,-82.21609,,,3/26/2018,,
UGA,GA,Ryegrass,,2.3536966,11.8999529,8.29599,30.5974331,52.4355431,28.69,,42.81,52.32,4.86,,10878,1718,,,Buckhead Creek,32.8756,-82.21609,,,4/20/2018,,
UGA,GA,Cereal rye,,2.6982772,8.8264589,5.748939,35.4445496,64.7645798,22.5,,31.29,63.06,5.66,,10879,1718,,,Buckhead Creek,32.8756,-82.21609,,,4/20/2018,,
UGA,GA,Cereal rye,,2.7986753,8.9572897,5.8671942,36.9640579,67.4749146,19.63,,28.32,64.8,6.87,,10881,1718,,,Buckhead Creek,32.8756,-82.21609,,,4/20/2018,,
UGA,GA,Cereal rye,,3.1681013,16.1944046,7.0292921,29.7940159,57.8633041,19.8,,37.76,57.24,4.99,,11140,1718,,,Julia Gaskin,32.8756,-82.21609,,,4/4/2018,,
UGA,GA,Cereal rye,,2.8125954,13.9480476,6.5307159,30.3076382,58.2653008,22.52,,37.66,56.54,5.8,,11141,1718,,,Julia Gaskin,32.8756,-82.21609,,,4/4/2018,,
UGA,GA,Cereal rye,,2.8931441,13.4021702,5.5967007,31.7575016,59.7176552,22.57,,36.74,57.54,5.72,,11142,1718,,,Julia Gaskin,32.8756,-82.21609,,,4/4/2018,,
UGA,GA,Hairy vetch,,2.4583437,25.3398552,9.2608967,28.0974483,36.5680122,28.93,,59.7,34.84,5.47,,11631,1718,,,Ralph Sandeford,32.8756,-82.21609,,,4/12/2018,,
UGA,GA,Cereal rye,,2.3267722,13.0670519,5.4555554,37.2234383,66.3123703,17.48,,29.86,63.89,6.25,,11633,1718,,,Ralph Sandeford,32.8756,-82.21609,,,4/12/2018,,
UGA,GA,Crimson clover,,1.8807205,17.416544,8.0762377,33.2757492,40.6788063,34.8,,55.74,36.98,7.28,,12090,1718,,,Middleton Orchard &Wildlife,33.4385,-83.84468,,,5/6/2018,,
UGA,GA,Cereal rye,,2.0805783,12.2389412,3.3159359,39.7460861,68.8859863,18.3,,28.74,64.28,6.97,,12323,1718,,,Julia Gaskin,32.8756,-82.21609,,,4/10/2018,,
UGA,GA,Cereal rye,,2.1149499,12.3275127,3.1929517,39.7605171,68.507164,18.65,,29.23,63.78,6.98,,12325,1718,,,Julia Gaskin,32.8756,-82.21609,,,4/10/2018,,
UGA,GA,Cereal rye,,2.0835655,11.4221191,4.141767,38.1034164,66.5561523,20.46,,30.57,62.67,6.76,,12330,1718,,,Julia Gaskin,32.8756,-82.21609,,,4/10/2018,,
UGA,GA,Cereal rye,,1.8264183,12.2809353,4.6515193,41.2868118,70.5985718,15.58,,25.96,66.27,7.77,,12333,1718,,,Julia Gaskin,32.8756,-82.21609,,,4/10/2018,,
UGA,GA,Oats,,2.4490471,6.8194871,5.2380776,34.9816933,62.850975,27.04,,33.67,59.62,6.7,,13008,1718,,,Julia Gaskin,31.49416,-83.52634,,,4/9/2018,,
UGA,GA,Triticale,,1.9798431,8.0795879,3.6411295,33.9334221,59.2074394,31.24,,38.55,51.4,10.05,,13009,1718,,,Julia Gaskin,31.49416,-83.52634,,,4/9/2018,,
UGA,GA,Oats,,2.3851342,6.6151714,5.3797531,35.0529671,62.6885643,27.32,,33.75,56.63,9.63,,13010,1718,,,Julia Gaskin,31.49416,-83.52634,,,4/9/2018,,
UGA,GA,Cereal rye,,2.2171419,8.3595991,6.1572571,41.2529068,72.6009064,15.75,,22.63,68.06,9.3,,13011,1718,,,Julia Gaskin,31.49416,-83.52634,,,4/9/2018,,
UGA,GA,Oats,,2.2070236,5.6009574,4.8629313,37.3518791,65.7934189,26.14,,30.85,60.31,8.84,,13012,1718,,,Julia Gaskin,31.49416,-83.52634,,,4/9/2018,,
UGA,GA,Oats,,2.2197609,4.8372531,3.9827456,36.5133324,65.5088806,28.04,,31.77,59.14,9.08,,13013,1718,,,Julia Gaskin,31.49416,-83.52634,,,4/9/2018,,
UGA,GA,Oats,,2.562407,6.7901483,4.8475246,35.8942413,63.8545418,26.42,,32.9,57.57,9.53,,13014,1718,,,Julia Gaskin,31.49416,-83.52634,,,4/9/2018,,
UGA,GA,Oats,,2.5027235,6.7573667,6.3267875,33.5476112,62.1351929,26.63,,33.66,59.18,7.16,,13015,1718,,,Julia Gaskin,31.49416,-83.52634,,,4/9/2018,,
UGA,GA,Triticale,,2.07897,9.489069,3.2398298,31.9195976,57.9278488,31.32,,40.13,49.44,10.43,,13016,1718,,,Julia Gaskin,31.49416,-83.52634,,,4/9/2018,,
UGA,GA,Cereal rye,,2.3671021,8.7028084,5.6563606,40.0380821,72.3824844,15.96,,23.28,67.74,8.98,,13017,1718,,,Julia Gaskin,31.49416,-83.52634,,,4/9/2018,,
UGA,GA,Cereal rye,,2.1689208,8.6585541,4.7392802,43.3688698,74.831955,14.84,,21.45,69.65,8.9,,13018,1718,,,Julia Gaskin,31.49416,-83.52634,,,4/9/2018,,
UGA,GA,Oats,,2.3370938,5.832737,3.944488,38.4793167,67.1659927,25.42,,30.07,61.53,8.39,,13019,1718,,,Julia Gaskin,31.49416,-83.52634,,,4/9/2018,,
UGA,GA,Oats,,2.5009525,5.903059,4.7842994,35.2710495,63.5947456,27.67,,33.22,57.11,9.67,,13020,1718,,,Julia Gaskin,31.49416,-83.52634,,,4/9/2018,,
UGA,GA,Oats,,2.3851612,5.6096115,4.8790932,34.7991142,64.0271835,27.58,,32.69,60.34,6.97,,13021,1718,,,Julia Gaskin,31.49416,-83.52634,,,4/9/2018,,
UGA,GA,Triticale,,2.166924,7.7295961,3.11027,33.449913,60.5220108,30.71,,37.54,51.78,10.68,,13022,1718,,,Julia Gaskin,31.49416,-83.52634,,,4/9/2018,,
UGA,GA,Cereal rye,,2.2007239,9.3666239,5.8328404,40.2604103,70.6083069,16.93,,25.02,66.1,8.88,,13023,1718,,,Julia Gaskin,31.49416,-83.52634,,,4/9/2018,,
UGA,GA,Oats,,2.3278558,5.8993049,4.9951143,36.897541,65.8690567,25.52,,30.66,60.64,8.69,,13024,1718,,,Julia Gaskin,31.49416,-83.52634,,,4/9/2018,,
UGA,GA,Triticale,,2.1243825,7.3640504,2.9486971,33.6736526,60.5108337,31.29,,37.65,52.1,10.25,,13025,1718,,,Julia Gaskin,31.49416,-83.52634,,,4/9/2018,,
UGA,GA,Oats,,2.4267001,6.6647406,6.2969098,36.0276375,67.0445251,22.26,,28.45,63.98,7.57,,13026,1718,,,Julia Gaskin,31.49416,-83.52634,,,4/9/2018,,
UGA,GA,Oats,,2.4234776,5.9336605,3.4613192,35.8737373,62.9181366,29.67,,34.82,55.22,9.95,,13027,1718,,,Julia Gaskin,31.49416,-83.52634,,,4/9/2018,,
UGA,NC,Cereal rye,,1.9758731,6.2496982,3.0522985,41.4862823,74.1165009,19.79,,23.55,68.64,7.81,,13034,1718,,,Julia Gaskin,34.35205,-83.79279,,,5/3/2018,,
UGA,NC,Cereal rye,,2.0118446,7.1876636,2.7943904,41.3868294,72.8083725,20.29,,25.1,67.03,7.87,,13035,1718,,,Julia Gaskin,34.35205,-83.79279,,,5/3/2018,,
UGA,NC,Cereal rye,,2.0851102,6.3097081,1.8023429,42.7995567,76.9627533,18.23,,21.63,70.34,8.03,,13036,1718,,,Julia Gaskin,34.35205,-83.79279,,,5/3/2018,,
UGA,GA,Oats,,2.7577941,8.7596045,5.4536242,23.4482937,40.920639,44.97,,56.72,39.44,3.84,,13037,1718,,,Julia Gaskin,33.88689,-83.41941,,,3/21/2018,,
UGA,GA,Cereal rye,,3.2164893,12.6819019,4.6244354,27.2099285,52.5999451,30.56,,44.85,50.44,4.71,,13038,1718,,,Julia Gaskin,33.88689,-83.41941,,,3/21/2018,,
UGA,GA,Oats,,2.6913972,9.5930691,6.7008238,24.8357811,44.3093452,39.81,,52.51,42.67,4.82,,13039,1718,,,Julia Gaskin,33.88689,-83.41941,,,3/21/2018,,
UGA,GA,Oats,,2.7089794,9.6167545,5.9964538,25.0872955,43.4532318,41.27,,53.78,41.16,5.06,,13040,1718,,,Julia Gaskin,33.88689,-83.41941,,,3/21/2018,,
UGA,GA,Oats,,2.7846861,9.1028633,5.4950013,24.7552204,42.5987587,43,,54.92,40.79,4.29,,13041,1718,,,Julia Gaskin,33.88689,-83.41941,,,3/21/2018,,
UGA,GA,Oats,,2.8239222,9.6985111,6.3021183,22.8151283,38.9467583,44.95,,58.43,37.49,4.08,,13042,1718,,,Julia Gaskin,33.88689,-83.41941,,,3/21/2018,,
UGA,GA,Cereal rye,,2.8747056,11.3147631,6.0368047,29.5132637,56.1259117,27.58,,40.26,54.14,5.6,,13043,1718,,,Julia Gaskin,33.88689,-83.41941,,,3/21/2018,,
UGA,GA,Oats,,2.8585887,8.2816391,4.9417644,24.3735695,40.2124786,46.52,,57.7,37.45,4.85,,13044,1718,,,Julia Gaskin,33.88689,-83.41941,,,3/21/2018,,
UGA,GA,Cereal rye,,2.9581537,10.7776976,5.8075123,29.4600983,58.1239815,26.4,,38.29,56.42,5.29,,13045,1718,,,Julia Gaskin,33.88689,-83.41941,,,3/21/2018,,
UGA,GA,Oats,,2.6237111,8.7300348,6.8463039,25.5295162,43.1429787,41.68,,53.69,40.85,5.46,,13046,1718,,,Julia Gaskin,33.88689,-83.41941,,,3/21/2018,,
UGA,GA,Oats,,2.8805099,8.4391289,6.0746417,24.4487114,41.1630173,44.32,,56.18,39.6,4.22,,13047,1718,,,Julia Gaskin,33.88689,-83.41941,,,3/21/2018,,
UGA,GA,Oats,,2.6911945,7.6986322,6.1055503,24.4437809,40.6219177,45.73,,56.74,38.89,4.38,,13048,1718,,,Julia Gaskin,33.88689,-83.41941,,,3/21/2018,,
UGA,GA,Oats,,2.6391749,7.4065509,5.951674,25.7411728,42.8018227,44.2,,54.49,40.32,5.19,,13049,1718,,,Julia Gaskin,33.88689,-83.41941,,,3/21/2018,,
UGA,GA,Cereal rye,,3.023612,11.1055851,6.0264869,28.7123604,54.2998199,29.35,,42.22,52.66,5.13,,13050,1718,,,Julia Gaskin,33.88689,-83.41941,,,3/21/2018,,
UGA,GA,Oats,,2.6651351,7.4157271,6.4845943,25.9003296,41.5726051,44.77,,55.55,39.51,4.94,,13051,1718,,,Julia Gaskin,33.88689,-83.41941,,,3/21/2018,,
UGA,GA,Oats,,2.8759453,8.4503717,4.9902325,23.2818756,36.9019852,49.36,,61.16,34.92,3.92,,13052,1718,,,Julia Gaskin,33.88689,-83.41941,,,3/21/2018,,
UGA,GA,Oats,,2.6075177,6.4747787,2.739501,26.3687763,45.8064117,45.58,,52.9,42.51,4.59,,13053,1718,,,Julia Gaskin,33.88689,-83.41941,,,3/21/2018,,
UGA,GA,Cereal rye,,2.0872486,5.5948043,2.4235036,42.494751,76.5739288,18.68,,21.53,70.35,8.12,,13054,1718,,,Julia Gaskin,33.88689,-83.41941,,,3/21/2018,,
UGA,GA,Oats,,2.4082601,6.142643,3.9915709,31.5866623,57.7234383,33.77,,39.88,54.28,5.84,,13055,1718,,,Julia Gaskin,33.88689,-83.41941,,,3/21/2018,,
UGA,GA,Oats,,2.4185803,7.1844311,2.946332,32.6247406,59.0945015,32.49,,39.11,54.85,6.04,,13056,1718,,,Julia Gaskin,33.88689,-83.41941,,,3/21/2018,,
UGA,GA,Oats,,2.5332463,6.9832764,3.5752287,31.4173088,55.3427887,35.44,,42.61,52.21,5.19,,13057,1718,,,Julia Gaskin,33.88689,-83.41941,,,3/21/2018,,
UGA,GA,Oats,,2.2974267,7.0284224,4.2009921,32.7093048,57.8772659,32.65,,39.58,54.33,6.09,,13058,1718,,,Julia Gaskin,33.88689,-83.41941,,,3/21/2018,,
UGA,GA,Cereal rye,,2.2214067,5.9315672,1.3632168,42.1690407,75.8772583,19.92,,23.07,68.62,8.3,,13059,1718,,,Julia Gaskin,33.88689,-83.41941,,,3/21/2018,,
UGA,GA,Oats,,2.4773452,6.133297,3.1269209,27.3003712,47.0700378,44.49,,51.41,43.15,5.44,,13060,1718,,,Julia Gaskin,33.88689,-83.41941,,,3/21/2018,,
UGA,GA,Cereal rye,,2.0741451,5.1876225,1.935343,41.6990395,75.1514664,20.91,,23.36,68.17,8.46,,13061,1718,,,Julia Gaskin,33.88689,-83.41941,,,3/21/2018,,
UGA,GA,Oats,,2.3624957,6.4776359,4.785048,30.5294094,54.9971542,35.23,,42.23,51.38,6.39,,13062,1718,,,Julia Gaskin,33.88689,-83.41941,,,3/21/2018,,
UGA,GA,Oats,,2.4236333,6.9466157,4.4038229,32.0583725,57.8684235,32.41,,39.47,53.41,7.12,,13063,1718,,,Julia Gaskin,33.88689,-83.41941,,,3/21/2018,,
UGA,GA,Oats,,2.4669261,6.7491546,2.8136117,26.4002743,44.8697357,46.24,,53.83,40.44,5.73,,13064,1718,,,Julia Gaskin,33.88689,-83.41941,,,3/21/2018,,
UGA,GA,Oats,,2.3523774,6.7964654,5.0382352,31.1279964,56.364563,33.39,,40.65,52.99,6.36,,13065,1718,,,Julia Gaskin,33.88689,-83.41941,,,3/21/2018,,
UGA,GA,Cereal rye,,2.061331,5.3740788,1.0486468,40.3937492,73.4532471,23.2,,25.77,66.31,7.92,,13066,1718,,,Julia Gaskin,33.88689,-83.41941,,,3/21/2018,,
UGA,GA,Oats,,2.6455534,6.6066213,2.8552213,27.2994823,45.9965439,45.12,,52.65,42.27,5.09,,13067,1718,,,Julia Gaskin,33.88689,-83.41941,,,3/21/2018,,
UGA,GA,Oats,,2.2901077,6.4798012,3.7040062,31.7419415,56.4238548,35.05,,41.41,51.88,6.71,,13068,1718,,,Julia Gaskin,33.88689,-83.41941,,,3/21/2018,,
UGA,GA,Cowpea,,3.4202085,21.6058617,9.0058336,30.3666935,32.8469086,35.42,,63.9,31.81,4.3,,5173,1819,,,Julia Gaskin,33.4385,-83.84468,,,7/26/2018,,
UGA,GA,Sunn hemp,,2.5393469,20.2183437,7.9325614,36.9869461,43.7599449,28.61,,52.47,43.04,4.49,,5174,1819,,,Julia Gaskin,33.4385,-83.84468,,,7/26/2018,,
UGA,GA,Millet,,2.760649,12.3249693,6.8653755,33.4319,62.4724998,19.95,,32.92,58.33,8.75,,5175,1819,,,Julia Gaskin,33.88689,-83.41941,,,8/2/2018,,
UGA,GA,Sunn hemp,,2.1422031,17.6389027,8.0047932,42.6764565,50.2162285,25.51,,45.41,50.08,4.51,,5176,1819,,,Julia Gaskin,33.88689,-83.41941,,,8/2/2018,,
UGA,GA,Cowpea,,3.662148,22.6660881,9.2305126,30.1907444,34.4261513,32.42,,62.07,34.36,3.57,,5177,1819,,,Julia Gaskin,33.88689,-83.41941,,,8/2/2018,,
UGA,GA,Sunn hemp,,2.3176818,19.9369068,7.6556768,38.9357033,45.5289421,27.75,,50.69,45.02,4.29,,5178,1819,,,Julia Gaskin,33.88689,-83.41941,,,8/2/2018,,
UGA,GA,Cowpea,,3.9898555,23.4576359,9.0492392,27.5574417,31.8385448,33.89,,64.99,31.65,3.35,,5179,1819,,,Julia Gaskin,33.88689,-83.41941,,,8/2/2018,,
UGA,GA,Millet,,2.719044,14.3936977,7.6607184,31.778326,60.4284019,19.03,,34.56,57.92,7.53,,5180,1819,,,Julia Gaskin,33.88689,-83.41941,,,8/2/2018,,
UGA,GA,Sunn hemp,,2.4705369,20.325346,8.628171,39.564785,46.9242439,24.94,,48.65,46.28,5.07,,5181,1819,,,Julia Gaskin,33.88689,-83.41941,,,8/7/2018,,
UGA,GA,Sunn hemp,,2.4929545,21.1074963,8.7353897,39.269825,46.8834496,24.06,,48.63,46.69,4.68,,5182,1819,,,Julia Gaskin,33.88689,-83.41941,,,8/7/2018,,
UGA,GA,Cereal rye,,2.3906286,8.3654947,20.673521,41.6376266,71.5552597,2.02,,9.79,83.26,6.95,,7055,1819,,,Julia Gaskin,33.4385,-83.84468,,,5/6/2016,,
UGA,GA,Crimson clover,,2.8042915,26.629221,11.3620472,22.6793823,27.4400597,33.69,,69.04,26.53,4.42,,10555,1819,,,Julia Gaskin/Anna Birnbaum,32.04676,-84.37102,,,3/15/2019,,
UGA,GA,Cereal rye,,2.8155718,15.3267841,5.874496,33.1724625,60.3474503,19.86,,35.89,59.01,5.1,,10557,1819,,,Julia Gaskin/Anna Birnbaum,32.04676,-84.37102,,,3/15/2019,,
UGA,GA,Cereal rye,,3.6404796,20.2592449,6.8735228,22.6701622,47.6606178,24.9,,48.82,48.66,2.51,,10558,1819,,,Julia Gaskin/Anna Birnbaum,32.04676,-84.37102,,,3/15/2019,,
UGA,GA,Crimson clover,,4.8775759,18.864048,15.7317257,30.0524712,35.4642525,27.54,,57.92,37.15,4.92,,10559,1819,,,Julia Gaskin/Anna Birnbaum,32.04676,-84.37102,,,3/15/2019,,
UGA,GA,Lupine,,2.5157382,21.5324707,8.2764263,29.1061764,32.6855965,37.28,,64.36,28.3,7.34,,10560,1819,,,Julia Gaskin/Anna Birnbaum,32.04676,-84.37102,,,3/15/2019,,
UGA,GA,Black oats,,2.9231858,18.8051014,9.763401,24.9777584,46.3904953,25.37,,48.59,47.55,3.86,,10561,1819,,,Julia Gaskin/Anna Birnbaum,32.04676,-84.37102,,,3/15/2019,,
UGA,GA,Crimson clover,,2.6107609,25.8229408,9.8587322,23.383213,27.9666443,35.7,,68.97,26.3,4.73,,10562,1819,,,Julia Gaskin/Anna Birnbaum,32.04676,-84.37102,,,3/15/2019,,
UGA,GA,Black oats,,2.7432323,17.5337543,9.6203041,27.9744072,50.1310921,23.48,,44.53,50.85,4.61,,10563,1819,,,Julia Gaskin/Anna Birnbaum,32.04676,-84.37102,,,3/15/2019,,
UGA,GA,Hairy vetch,,2.6006916,30.3123589,12.3503609,26.568409,31.1648808,25.75,,64.45,29.83,5.72,,10564,1819,,,Julia Gaskin/Anna Birnbaum,32.04676,-84.37102,,,3/15/2019,,
UGA,GA,Triticale,,2.0350239,7.7760134,1.7508303,32.2551231,52.0511971,40.03,,47.02,49.15,3.83,,10565,1819,,,Julia Gaskin/Anna Birnbaum,33.88689,-83.41941,,,4/20/2018,,
UGA,GA,Cereal rye,,1.3967181,11.228302,5.8821726,41.7032394,67.439415,18.77,,28.35,62.95,8.7,,10566,1819,,,Julia Gaskin/Anna Birnbaum,33.88689,-83.41941,,,4/20/2018,,
UGA,GA,Oats,,1.4407502,9.1260443,5.712503,41.7822456,66.7106934,21.68,,29.25,61.95,8.8,,10567,1819,,,Julia Gaskin/Anna Birnbaum,33.88689,-83.41941,,,4/20/2018,,
UGA,GA,Oats,,2.025773,8.1644449,6.3013964,39.6227341,67.0787659,21.13,,28.41,60.74,10.85,,10568,1819,,,Julia Gaskin/Anna Birnbaum,33.88689,-83.41941,,,4/20/2018,,
UGA,GA,Cereal rye,,1.7471462,6.9496727,2.8647749,40.2846146,65.2464371,27.76,,32.83,61.03,6.15,,10569,1819,,,Julia Gaskin/Anna Birnbaum,33.88689,-83.41941,,,4/20/2018,,
UGA,GA,Oats,,2.0995612,7.6608243,5.518189,35.8763657,63.4233551,25.74,,32.87,56.22,10.9,,10570,1819,,,Julia Gaskin/Anna Birnbaum,33.88689,-83.41941,,,4/20/2018,,
UGA,GA,Triticale,,1.9716723,8.0940895,1.7015599,33.3101463,54.976181,37.1,,44.07,52.37,3.56,,10571,1819,,,Julia Gaskin/Anna Birnbaum,33.88689,-83.41941,,,4/20/2018,,
UGA,GA,Cereal rye,,1.6789076,7.1985722,3.5100167,42.1827736,68.1786346,24.21,,29.34,64.14,6.52,,10572,1819,,,Julia Gaskin/Anna Birnbaum,33.88689,-83.41941,,,4/20/2018,,
UGA,GA,Cereal rye,,1.8135031,12.027236,5.6690593,41.4096375,66.4509048,18.69,,29.56,62.28,8.16,,10573,1819,,,Julia Gaskin/Anna Birnbaum,33.88689,-83.41941,,,4/20/2018,,
UGA,GA,Oats,,1.4916379,6.123457,3.1584933,41.4493599,65.9327393,27.91,,31.92,62.09,5.99,,10574,1819,,,Julia Gaskin/Anna Birnbaum,33.88689,-83.41941,,,4/20/2018,,
UGA,GA,Cereal rye,,2.2801044,13.5467558,7.7557735,41.3943977,71.4772949,9.94,,26.5,66.89,6.61,,10909,1819,,,Stevie Williams,32.8756,-82.21609,,,3/16/2019,,
UGA,GA,Cereal rye,,1.9731187,12.173173,5.9030008,43.1123848,73.1583405,11.91,,26.26,66.89,6.85,,10910,1819,,,Stevie Williams,32.8756,-82.21609,,,3/16/2019,,
UGA,GA,Cereal rye,,1.8455037,12.099699,6.1161976,42.6961174,74.8424683,10.34,,24.5,68.48,7.01,,10911,1819,,,Stevie Williams,32.8756,-82.21609,,,3/16/2019,,
UGA,GA,Crimson clover,,2.1460359,18.6985397,8.2477016,20.7263584,26.6433296,46.13,,71.54,21.99,6.46,,10935,1819,,,Savanah Laur,33.88689,-83.41941,,,3/22/2019,,
UGA,GA,Crimson clover,,2.1881239,17.5794811,7.2148671,22.6114368,29.3766022,45.7,,69.02,25.14,5.83,,10936,1819,,,Savanah Laur,33.88689,-83.41941,,,3/22/2019,,
UGA,GA,Crimson clover,,2.099416,21.7710629,6.4025908,21.4226475,26.7023506,44.89,,72.03,22.99,4.98,,10937,1819,,,Savanah Laur,33.88689,-83.41941,,,3/22/2019,,
UGA,GA,Crimson clover,,1.7856859,16.4938698,7.632834,24.4058876,31.3288097,44.95,,66.87,27.03,6.1,,10938,1819,,,Savanah Laur,33.88689,-83.41941,,,3/22/2019,,
UGA,GA,Crimson clover,,1.5867802,17.2455502,9.587431,23.4145126,30.0963306,43.59,,67.47,24.77,7.76,,10939,1819,,,Savanah Laur,33.88689,-83.41941,,,3/22/2019,,
UGA,GA,Crimson clover,,1.7730644,17.1968269,8.5400496,23.1647511,29.3714066,45.17,,68.59,24.21,7.2,,10940,1819,,,Savanah Laur,33.88689,-83.41941,,,3/22/2019,,
UGA,GA,Crimson clover,,1.8094528,19.4857216,8.2252073,21.6525974,28.1082096,44.34,,70.02,23.18,6.81,,10941,1819,,,Savanah Laur,33.88689,-83.41941,,,3/22/2019,,
UGA,GA,Crimson clover,,1.896904,18.840498,8.2971506,22.0429192,28.6247883,44.34,,69.46,24.14,6.4,,10942,1819,,,Savanah Laur,33.88689,-83.41941,,,3/22/2019,,
UGA,GA,Crimson clover,,1.7484121,18.8127899,8.698411,22.0774078,28.4789066,44.26,,69.47,23.99,6.54,,10943,1819,,,Savanah Laur,33.88689,-83.41941,,,3/22/2019,,
UGA,GA,Crimson clover,,1.8978707,19.2507553,7.0402117,28.9195881,37.021965,37.38,,61.26,33.31,5.43,,11533,1819,,,Darryl Lewis,31.82782,-83.81641,,,4/5/2019,,
UGA,GA,Oats,,2.9157565,16.22258,6.3851776,26.5542126,50.0265656,27.95,,46.55,48.71,4.73,,12635,1819,,,Julia Gaskin/Anna Birnbaum,32.8756,-82.21609,,,4/22/2019,,
UGA,GA,Oats,,2.1472855,5.16048,2.7102733,33.4023476,60.3592072,33.85,,37.96,56.97,5.07,,12636,1819,,,Julia Gaskin/Anna Birnbaum,32.8756,-82.21609,,,4/22/2019,,
UGA,GA,Oats,,3.3630111,22.5560951,9.1083136,21.1373787,39.4974785,28.24,,56.54,38.83,4.63,,12637,1819,,,Julia Gaskin/Anna Birnbaum,32.8756,-82.21609,,,4/22/2019,,
UGA,GA,Oats,,2.2272577,5.3380003,2.2627723,35.4637146,63.8780594,30.77,,34.64,59.55,5.81,,12638,1819,,,Julia Gaskin/Anna Birnbaum,32.8756,-82.21609,,,4/22/2019,,
UGA,GA,Lupine,,2.2231982,22.8098297,5.7425613,25.7099972,31.2411003,40.17,,66.86,27.77,5.37,,15448,1819,,,Jimmy Carter PMC,32.04676,-84.37102,,,4/17/2019,,
UGA,GA,Hairy vetch,,2.1787069,27.6204605,11.4438505,33.9021416,44.9309311,16.97,,49.27,42.6,8.13,,15449,1819,,,Jimmy Carter PMC,32.04676,-84.37102,,,4/17/2019,,
UGA,GA,Crimson clover,,1.8504417,18.5158253,8.8077669,33.3882942,41.7255821,32.02,,54.24,39.79,5.98,,15450,1819,,,Jimmy Carter PMC,32.04676,-84.37102,,,4/17/2019,,
UGA,GA,Cereal rye,,2.105047,5.9357562,1.2785318,41.6791496,72.3184052,23.42,,30.32,63.13,6.55,,589,1920,,,Crop and Soil - Birnbaum,32.8756,-82.21609,,,4/5/2019,,
UGA,GA,Cereal rye,,2.0998473,5.6341939,0.7748768,40.9921265,73.0499954,23.55,,29.99,63.36,6.66,,594,1920,,,Crop and Soil - Birnbaum,32.8756,-82.21609,,,4/5/2019,,
UGA,GA,Cereal rye,,2.2437463,5.4622822,0.1051629,41.4517403,74.5893936,22.82,,29.04,64.61,6.34,,596,1920,,,Crop and Soil - Birnbaum,32.8756,-82.21609,,,4/5/2019,,
UGA,GA,Cereal rye,,2.1528814,6.9588628,1.2758219,41.2895203,72.2578735,22.41,,30.38,63.3,6.32,,600,1920,,,Crop and Soil - Birnbaum,32.8756,-82.21609,,,4/5/2019,,
UGA,GA,Cereal rye,,2.8998206,10.3261728,8.1448259,35.8478737,65.9051285,17.34,,28.25,65.51,6.24,,11516,1920,,,James Hawkins,32.8756,-82.21609,,,3/21/2020,,
UGA,GA,Cereal rye,,2.3199852,6.492692,1.4643344,37.9681969,68.894928,25.65,,30.09,63.8,6.11,,11785,1920,,,Crop and Soil Sciences - Weisberger,33.88689,-83.41941,,,4/14/2020,,
UGA,GA,Cereal rye,,2.5623229,7.4604087,1.0089544,38.8975563,70.9719315,22.96,,28.31,65.65,6.04,,11787,1920,,,Crop and Soil Sciences - Weisberger,33.88689,-83.41941,,,4/14/2020,,
UGA,GA,Crimson clover,,2.1678557,21.4809113,8.5489798,32.9407158,40.399044,30.23,,55.82,38.98,5.19,,11788,1920,,,Crop and Soil Sciences - Weisberger,33.88689,-83.41941,,,4/14/2020,,
UGA,GA,Crimson clover,,1.4049997,12.7633619,4.8700962,37.6715775,48.1093483,36.22,,49.43,44.72,5.86,,11789,1920,,,Crop and Soil Sciences - Weisberger,33.88689,-83.41941,,,4/14/2020,,
UGA,GA,Crimson clover,,2.3142858,21.3966923,7.1343398,30.3997288,37.0099869,34.74,,60.15,35.23,4.62,,11790,1920,,,Crop and Soil Sciences - Weisberger,33.88689,-83.41941,,,4/14/2020,,
UGA,GA,Crimson clover,,1.6361713,15.9880934,6.6086044,36.3149529,44.8795586,34.03,,51.94,42.04,6.02,,11791,1920,,,Crop and Soil Sciences - Weisberger,33.88689,-83.41941,,,4/14/2020,,
UGA,GA,Cereal rye,,2.4747267,7.3829627,3.028671,41.0603447,69.2291946,22.73,,32,62.24,5.76,,11892,1920,,,Peyton Sapp,32.8756,-82.21609,,,4/21/2020,,
UGA,GA,Cereal rye,,2.1939912,6.5047116,3.0695276,43.3925323,72.1796951,21.1,,29.22,64.45,6.32,,11894,1920,,,Peyton Sapp,32.8756,-82.21609,,,4/21/2020,,
UGA,GA,Cereal rye,,2.684248,9.0408964,3.2327025,38.0160484,67.3854065,22.37,,33.6,60.81,5.6,,11899,1920,,,Peyton Sapp,32.8756,-82.21609,,,4/21/2020,,
UGA,GA,Cereal rye,,2.1857347,6.6411457,2.7496099,42.2741394,71.0900269,22.31,,30.46,63.03,6.51,,11902,1920,,,Peyton Sapp,32.8756,-82.21609,,,4/21/2020,,
UGA,GA,Cereal rye,,2.3231335,10.5628548,5.974628,38.4333267,67.8993378,17.99,,31.26,61.73,7.01,,13397,1920,,,Anna Birnbaum CRSS,32.8756,-82.21609,,,5/9/2020,,
UGA,GA,Cereal rye,,2.4460194,10.6679478,4.4363599,37.6086159,68.3617172,18.87,,31.88,60.53,7.59,,13398,1920,,,Anna Birnbaum CRSS,32.8756,-82.21609,,,5/9/2020,,
UGA,GA,Oats,,2.4638307,8.6986074,3.0050442,29.1477718,52.851284,36.68,,47.51,47.51,4.98,,13403,1920,,,Anna Birnbaum CRSS,32.8756,-82.21609,,,5/5/2020,,
UGA,GA,Oats,,2.7179129,10.1458464,2.5442121,27.7805691,52.5815659,35.69,,48.01,47.6,4.39,,13404,1920,,,Anna Birnbaum CRSS,32.8756,-82.21609,,,5/5/2020,,
UGA,GA,Cereal rye,,2.7692924,13.3257656,7.6143441,34.664669,63.4103127,17.32,,34.51,58.89,6.6,,13405,1920,,,Anna Birnbaum CRSS,33.2778,-82.96622,,,4/3/2020,,
UGA,GA,Cereal rye,,2.6402767,11.5824194,7.2205424,37.3244629,66.9326096,16.31,,31.33,61.56,7.11,,13406,1920,,,Anna Birnbaum CRSS,33.2778,-82.96622,,,4/3/2020,,
UGA,GA,Cereal rye,,2.6037529,12.1467276,5.7726088,30.9883499,60.0796432,23.6,,38.96,56.16,4.88,,13411,1920,,,Anna Birnbaum CRSS,32.8756,-82.21609,,,3/27/2020,,
UGA,GA,Cereal rye,,2.6054709,11.844717,5.0619864,31.5467854,61.5065613,23.29,,38.02,56.97,5,,13412,1920,,,Anna Birnbaum CRSS,32.8756,-82.21609,,,3/27/2020,,
UGA,GA,Sunn hemp,,1.7170389,13.9190674,6.2699347,50.5084534,59.1648712,23.07,,39.55,53.66,6.8,,2593,2021,,,Timothy Coolong,33.8693,-83.44993,,,9/16/2020,,
UGA,FL,Cowpea,,3.0320578,23.083149,11.49366,33.7893066,36.286026,28.65,,60.15,33.83,6.02,,3275,2021,,,Shufang Tian,29.4111703,-82.1621466,,,9/1/2020,,
UGA,FL,Cowpea,,3.3993025,19.8867989,12.3495722,34.9307251,37.1589317,29.81,,58.83,35.16,6.02,,3276,2021,,,Shufang Tian,29.4111703,-82.1621466,,,9/1/2020,,
UGA,FL,Cowpea,,2.7756288,19.3941574,11.1619062,35.5548439,39.8795967,29.58,,56.48,37.33,6.19,,3277,2021,,,Shufang Tian,29.4111703,-82.1621466,,,9/1/2020,,
UGA,FL,Cowpea,,3.0214641,27.487112,12.0625067,27.8407059,31.3236542,28.3,,65.25,29.34,5.41,,3278,2021,,,Shufang Tian,29.4111703,-82.1621466,,,8/28/2020,,
UGA,GA,Cereal rye,,2.6522267,5.5245404,5.4602456,29.0606766,50.003582,39.86,,49,48.35,2.66,,8404,2021,,,Burke Co Extension,32.8756,-82.21609,,,3/19/2021,,
UGA,GA,Cereal rye,,4.3864994,9.2814302,6.2003117,28.8919697,55.6388206,28.39,,43.05,56.08,0.88,,8418,2021,,,Burke Co Extension,32.8756,-82.21609,,,3/19/2021,,
UGA,GA,Cereal rye,,2.7066054,6.23207,4.9510379,30.090765,50.421936,39.22,,48.85,48.14,3.01,,8421,2021,,,Burke Co Extension,32.8756,-82.21609,,,3/19/2021,,
UGA,GA,Cereal rye,,2.6934793,6.9130125,5.1060691,29.493597,49.198349,39.53,,49.97,46.99,3.04,,8423,2021,,,Burke Co Extension,32.8756,-82.21609,,,3/19/2021,,
UGA,GA,Cereal rye,,2.5459454,8.6167727,7.750493,37.7345123,64.818634,20.81,,33.03,62.43,4.54,,8907,2021,,,Robbie Faust,31.75824,-84.43584,,,4/5/2021,,
UGA,GA,Crimson clover,,2.5544899,21.0315056,9.1214523,25.1453876,29.1944027,40.14,,68.58,25.36,6.06,,8909,2021,,,Robbie Faust,31.75824,-84.43584,,,4/5/2021,,
UGA,GA,Cereal rye,,2.9507086,10.9127903,6.4775724,37.8105621,65.1472778,19.07,,33.58,61.14,5.28,,8971,2021,,,James Hawkins,32.8756,-82.21609,,,4/15/2021,,
UGA,GA,Cereal rye,,1.5281404,4.5168262,3.1191757,42.9772873,72.5594177,23.36,,28.84,65.88,5.28,,9610,2021,,,David Weisberger,33.88689,-83.41941,,,4/22/2021,,
UGA,GA,Crimson clover,,1.6158036,19.7003651,7.3683009,28.514473,34.9023476,38.86,,63.29,31.28,5.43,,9611,2021,,,David Weisberger,33.88689,-83.41941,,,4/22/2021,,
UGA,MS,Cereal rye,,3.8402317,5.4757013,20.1415958,35.2799873,50.8383942,23.26,,39.06,58.46,2.49,,10964,2021,,,Nolan Mullican,33.464194,-88.761222,,,2/22/2021,,
UGA,MS,Berseem clover,,4.5128207,13.0071516,55.5599518,41.4776955,44.1656227,28.3,,28.4,62.57,9.03,,10965,2021,,,Nolan Mullican,33.464194,-88.761222,,,2/22/2021,,
UGA,MS,Berseem clover,,3.6998422,13.6898174,42.4803848,39.3483658,42.76091,0.36,,29.34,59.22,11.45,,10968,2021,,,Nolan Mullican,33.464194,-88.761222,,,2/22/2021,,
UGA,MS,Berseem clover,,3.6045806,12.7814426,30.6234608,36.5728607,41.3765678,14.51,,42.75,46.34,10.91,,10971,2021,,,Nolan Mullican,33.464194,-88.761222,,,2/22/2021,,
UGA,MS,Cereal rye,,4.3333917,1.9126602,33.4174194,41.8197212,54.1648331,9.96,,23.03,75.11,1.85,,10974,2021,,,Nolan Mullican,33.464194,-88.761222,,,2/22/2021,,
UGA,MS,Cereal rye,,4.4088311,2.091527,33.6502419,42.8665543,57.5932808,6.29,,18.17,78.96,2.87,,10975,2021,,,Nolan Mullican,33.464194,-88.761222,,,2/22/2021,,
UGA,MS,Berseem clover,,4.1742334,12.023737,47.8106232,39.4519348,42.2274551,6.56,,27.72,61.2,11.07,,10978,2021,,,Nolan Mullican,33.464194,-88.761222,,,2/22/2021,,
UGA,MS,Cereal rye,,3.9469588,6.6512718,16.0023708,32.532608,49.0172997,27.81,,43.93,53.79,2.27,,10980,2021,,,Nolan Mullican,33.464194,-88.761222,,,3/8/2021,,
UGA,MS,Berseem clover,,3.2062976,17.4507179,13.3162956,28.2207413,34.618969,33.83,,61.15,30.37,8.49,,10981,2021,,,Nolan Mullican,33.464194,-88.761222,,,3/8/2021,,
UGA,MS,Berseem clover,,3.5317833,18.9569759,22.5089931,30.8424339,36.1638985,21.37,,54.81,35.89,9.31,,10984,2021,,,Nolan Mullican,33.464194,-88.761222,,,3/8/2021,,
UGA,MS,Cereal rye,,4.0752482,6.5705185,15.1781197,31.0466022,45.9326668,31.46,,47.83,49.7,2.47,,10985,2021,,,Nolan Mullican,33.464194,-88.761222,,,3/8/2021,,
UGA,MS,Berseem clover,,3.0969741,20.1215458,15.2917662,28.663868,34.1724052,29.71,,60.77,30.63,8.6,,10987,2021,,,Nolan Mullican,33.464194,-88.761222,,,3/8/2021,,
UGA,MS,Cereal rye,,4.1153927,5.9144831,21.6603413,34.1871262,48.3846779,23.31,,40.8,56.77,2.44,,10990,2021,,,Nolan Mullican,33.464194,-88.761222,,,3/8/2021,,
UGA,MS,Cereal rye,,3.9156053,6.9461298,15.7675476,31.4132633,47.344677,29.34,,45.92,51.86,2.22,,10991,2021,,,Nolan Mullican,33.464194,-88.761222,,,3/8/2021,,
UGA,MS,Berseem clover,,3.3638651,19.0007858,20.5758629,29.4108334,33.7096405,25.71,,58.78,32.37,8.85,,10994,2021,,,Nolan Mullican,33.464194,-88.761222,,,3/8/2021,,
UGA,MS,Cereal rye,,3.3621943,7.7009397,9.3352957,33.5378609,54.7750092,28.66,,42.04,55.15,2.81,,10996,2021,,,Nolan Mullican,33.464194,-88.761222,,,3/22/2021,,
UGA,MS,Berseem clover,,3.0217118,21.9772568,14.6755753,29.0893803,33.9559631,28.75,,61.28,30.58,8.13,,10997,2021,,,Nolan Mullican,33.464194,-88.761222,,,3/22/2021,,
UGA,MS,Berseem clover,,2.8243103,23.2983494,13.8800011,29.8940525,33.8458824,28.52,,61.75,30.01,8.24,,11000,2021,,,Nolan Mullican,33.464194,-88.761222,,,3/22/2021,,
UGA,MS,Cereal rye,,3.1584086,7.8790832,9.3491468,33.5117302,55.0060005,28.46,,41.79,55.16,3.05,,11001,2021,,,Nolan Mullican,33.464194,-88.761222,,,3/22/2021,,
UGA,MS,Berseem clover,,2.8316891,19.4437714,15.8696508,29.6594658,34.3014069,29.95,,60.36,31.22,8.42,,11003,2021,,,Nolan Mullican,33.464194,-88.761222,,,3/22/2021,,
UGA,MS,Cereal rye,,3.3023701,8.9512367,8.1762753,31.3250751,51.0281868,32.11,,46.51,50.61,2.88,,11006,2021,,,Nolan Mullican,33.464194,-88.761222,,,3/22/2021,,
UGA,MS,Cereal rye,,3.5854173,8.7155628,9.9744215,33.703701,53.3737564,28.09,,43.08,53.95,2.98,,11007,2021,,,Nolan Mullican,33.464194,-88.761222,,,3/22/2021,,
UGA,MS,Berseem clover,,3.1002064,20.8432026,16.172636,29.641571,33.8535194,28.4,,60.73,30.99,8.28,,11010,2021,,,Nolan Mullican,33.464194,-88.761222,,,3/22/2021,,
UGA,MS,Cereal rye,,3.0300133,6.9746656,6.9822159,36.3572731,61.6383286,25.69,,36.67,59.68,3.65,,11012,2021,,,Nolan Mullican,33.464194,-88.761222,,,4/6/2021,,
UGA,MS,Berseem clover,,2.3865731,18.4574966,8.8045034,34.5108986,40.6264839,32.57,,56.8,35.27,7.93,,11013,2021,,,Nolan Mullican,33.464194,-88.761222,,,4/6/2021,,
UGA,MS,Berseem clover,,2.5179105,19.7331963,10.2761116,34.6980667,40.4903641,29.82,,56.25,35.3,8.44,,11016,2021,,,Nolan Mullican,33.464194,-88.761222,,,4/6/2021,,
UGA,MS,Cereal rye,,2.7534459,7.1577048,6.8326473,38.8635063,64.0007553,23.74,,34.46,61.09,4.45,,11017,2021,,,Nolan Mullican,33.464194,-88.761222,,,4/6/2021,,
UGA,MS,Berseem clover,,2.5599544,19.1388378,9.6216669,34.2991829,40.1335297,31.36,,56.93,34.82,8.24,,11019,2021,,,Nolan Mullican,33.464194,-88.761222,,,4/6/2021,,
UGA,MS,Cereal rye,,2.3649073,6.301198,6.0971017,38.7249947,64.1547928,25.57,,34.8,61.2,4.01,,11022,2021,,,Nolan Mullican,33.464194,-88.761222,,,4/6/2021,,
UGA,MS,Cereal rye,,3.0312212,7.4410748,7.2180381,34.218338,57.12043,29.19,,40.98,55.93,3.09,,11023,2021,,,Nolan Mullican,33.464194,-88.761222,,,4/6/2021,,
UGA,MS,Berseem clover,,2.5824022,21.6984272,11.143609,30.6977901,36.104084,31,,60.49,31.7,7.8,,11026,2021,,,Nolan Mullican,33.464194,-88.761222,,,4/6/2021,,
UGA,MS,Cereal rye,,3.9053824,6.5660667,11.2426882,31.1973038,48.8833809,32.82,,46.97,50.23,2.8,,11028,2021,,,Nolan Mullican,33.479444,-88.784889,,,2/22/2021,,
UGA,MS,Berseem clover,,3.0714397,18.2995853,11.1313,28.9802837,36.1245422,33.9,,60.48,30.4,9.13,,11029,2021,,,Nolan Mullican,33.479444,-88.784889,,,2/22/2021,,
UGA,MS,Berseem clover,,3.2740541,18.9930668,14.4392796,30.8914165,37.9585342,27.99,,56.97,33.11,9.91,,11032,2021,,,Nolan Mullican,33.479444,-88.784889,,,2/22/2021,,
UGA,MS,Cereal rye,,3.942132,7.4117904,11.3479471,31.024601,50.2086372,30.6,,45.52,52.19,2.28,,11033,2021,,,Nolan Mullican,33.479444,-88.784889,,,2/22/2021,,
UGA,MS,Berseem clover,,3.0168059,15.4475479,13.0811968,30.3418941,38.1016731,33.02,,57.47,33.25,9.28,,11035,2021,,,Nolan Mullican,33.479444,-88.784889,,,2/22/2021,,
UGA,MS,Cereal rye,,4.0632439,5.3117061,15.423584,34.9922829,52.0632935,26.78,,40.99,57.03,1.98,,11038,2021,,,Nolan Mullican,33.479444,-88.784889,,,2/22/2021,,
UGA,MS,Cereal rye,,4.0856605,6.4789734,16.7244434,33.9297791,48.3158684,27.78,,44.25,52.21,3.55,,11039,2021,,,Nolan Mullican,33.479444,-88.784889,,,2/22/2021,,
UGA,MS,Berseem clover,,3.5380113,14.9869337,18.8011665,31.9561272,39.410408,26.02,,53.06,37.06,9.88,,11042,2021,,,Nolan Mullican,33.479444,-88.784889,,,2/22/2021,,
UGA,MS,Cereal rye,,3.4150963,9.0315123,7.4017243,29.9179268,49.2854958,34.32,,48.69,49,2.31,,11044,2021,,,Nolan Mullican,33.479444,-88.784889,,,3/8/2021,,
UGA,MS,Berseem clover,,3.0503345,16.2848816,10.9874716,29.6263428,37.9328156,34.4,,58.62,32.71,8.67,,11045,2021,,,Nolan Mullican,33.479444,-88.784889,,,3/8/2021,,
UGA,MS,Berseem clover,,3.0244067,19.6627903,12.1304951,29.5476799,35.5819969,32.09,,60.62,30.53,8.84,,11048,2021,,,Nolan Mullican,33.479444,-88.784889,,,3/8/2021,,
UGA,MS,Cereal rye,,3.6066544,8.2447834,8.4825764,28.2411613,46.3922615,36.52,,51.04,46.35,2.6,,11049,2021,,,Nolan Mullican,33.479444,-88.784889,,,3/8/2021,,
UGA,MS,Berseem clover,,2.7196965,18.8102798,11.7621889,31.1259785,37.7420769,31.61,,58.47,32.3,9.23,,11051,2021,,,Nolan Mullican,33.479444,-88.784889,,,3/8/2021,,
UGA,MS,Cereal rye,,3.6808903,7.7080607,9.1754017,27.9612103,43.8278275,38.68,,53.32,43.85,2.83,,11054,2021,,,Nolan Mullican,33.479444,-88.784889,,,3/8/2021,,
UGA,MS,Cereal rye,,3.5954385,8.3576174,8.336482,27.5925598,44.3945923,38.42,,53.16,44.23,2.62,,11055,2021,,,Nolan Mullican,33.479444,-88.784889,,,3/8/2021,,
UGA,MS,Berseem clover,,3.1811373,16.6560955,12.2423258,27.6662273,35.4235153,34.98,,60.74,31.03,8.23,,11058,2021,,,Nolan Mullican,33.479444,-88.784889,,,3/8/2021,,
UGA,MS,Cereal rye,,3.2221467,8.1244316,7.6419125,31.0515022,51.6729393,32.96,,46.16,51.01,2.83,,11060,2021,,,Nolan Mullican,33.479444,-88.784889,,,3/22/2021,,
UGA,MS,Berseem clover,,2.8721941,20.6047535,11.6440496,31.7893677,36.915966,30.55,,59.41,31.62,8.97,,11061,2021,,,Nolan Mullican,33.479444,-88.784889,,,3/22/2021,,
UGA,MS,Berseem clover,,2.5102229,19.3769875,13.774539,32.0202026,35.8718948,30.98,,59.57,30.82,9.61,,11064,2021,,,Nolan Mullican,33.479444,-88.784889,,,3/22/2021,,
UGA,MS,Cereal rye,,3.0987225,8.034421,6.8231196,32.3722382,55.286232,30.63,,43.03,53.95,3.02,,11065,2021,,,Nolan Mullican,33.479444,-88.784889,,,3/22/2021,,
UGA,MS,Berseem clover,,2.7262087,16.9434471,10.9832239,32.3405571,38.1348038,33.88,,58.41,32.43,9.16,,11067,2021,,,Nolan Mullican,33.479444,-88.784889,,,3/22/2021,,
UGA,MS,Cereal rye,,3.1190641,8.6743097,6.8040323,34.0533943,57.5872803,27.85,,40.77,55.99,3.24,,11070,2021,,,Nolan Mullican,33.479444,-88.784889,,,3/22/2021,,
UGA,MS,Cereal rye,,3.3663559,8.0405884,8.287612,33.6414108,56.4706726,27.79,,40.97,56.03,3,,11071,2021,,,Nolan Mullican,33.479444,-88.784889,,,3/22/2021,,
UGA,MS,Berseem clover,,3.0251524,17.4493008,11.3360863,31.8796482,38.1860237,32.68,,58.19,32.68,9.13,,11074,2021,,,Nolan Mullican,33.479444,-88.784889,,,3/22/2021,,
UGA,MS,Cereal rye,,3.0289276,8.1756001,6.7406816,35.9488449,59.5728874,26.65,,38.86,56.68,4.46,,11076,2021,,,Nolan Mullican,33.479444,-88.784889,,,4/6/2021,,
UGA,MS,Berseem clover,,2.8233206,14.0223055,10.1589184,31.8618088,39.8198242,35.96,,57.01,34.45,8.54,,11077,2021,,,Nolan Mullican,33.479444,-88.784889,,,4/6/2021,,
UGA,MS,Berseem clover,,2.6680589,18.5243187,12.4837856,30.4992218,36.4521866,32.42,,59.53,31.97,8.5,,11080,2021,,,Nolan Mullican,33.479444,-88.784889,,,4/6/2021,,
UGA,MS,Cereal rye,,3.1871016,8.7738752,7.465003,35.3698196,59.0252037,25.68,,38.94,56.37,4.69,,11081,2021,,,Nolan Mullican,33.479444,-88.784889,,,4/6/2021,,
UGA,MS,Berseem clover,,2.9721215,18.9237881,11.5858822,30.3011131,37.0324135,32.08,,59.31,31.82,8.87,,11083,2021,,,Nolan Mullican,33.479444,-88.784889,,,4/6/2021,,
UGA,MS,Cereal rye,,3.0002542,7.4767222,5.7111597,32.8160133,55.4084511,32.28,,43.56,52.81,3.63,,11086,2021,,,Nolan Mullican,33.479444,-88.784889,,,4/6/2021,,
UGA,MS,Cereal rye,,3.3596718,8.156209,7.7098989,36.5782661,61.5021172,23.58,,36.33,58.99,4.68,,11087,2021,,,Nolan Mullican,33.479444,-88.784889,,,4/6/2021,,
UGA,MS,Berseem clover,,2.9464421,17.3238773,12.7979813,30.281126,36.6751862,32.82,,59.15,31.75,9.11,,11090,2021,,,Nolan Mullican,33.479444,-88.784889,,,4/6/2021,,
UGA,MS,Berseem clover,,3.1909204,14.0379696,19.8096275,30.1162739,35.7469254,29.72,,56.77,34.37,8.86,,11093,2021,,,Nolan Mullican,34.169889,-88.738444,,,3/4/2021,,
UGA,MS,Cereal rye,,4.3626103,12.4582968,19.4157181,33.2310867,42.0991096,24.61,,49.6,44.82,5.58,,11094,2021,,,Nolan Mullican,34.169889,-88.738444,,,3/4/2021,,
UGA,MS,Cereal rye,,2.958919,9.7554712,13.7046366,31.6749077,42.9448013,33.64,,51.91,43.33,4.76,,11095,2021,,,Nolan Mullican,34.169889,-88.738444,,,3/4/2021,,
UGA,MS,Berseem clover,,2.9272356,13.845479,14.8111324,29.8560619,35.3418694,35.55,,59.68,31.75,8.57,,11096,2021,,,Nolan Mullican,34.169889,-88.738444,,,3/4/2021,,
UGA,MS,Berseem clover,,3.6816716,15.8615122,24.0499859,30.6335316,35.6556702,23.25,,54.55,36.25,9.2,,11099,2021,,,Nolan Mullican,34.169889,-88.738444,,,3/4/2021,,
UGA,MS,Cereal rye,,3.3583305,12.5381842,13.137063,29.2382355,41.2173996,32.63,,54.07,41.14,4.78,,11101,2021,,,Nolan Mullican,34.169889,-88.738444,,,3/4/2021,,
UGA,MS,Cereal rye,,2.8111746,9.12537,14.7225323,31.1913166,41.2199554,35.01,,53.25,41.41,5.35,,11104,2021,,,Nolan Mullican,34.169889,-88.738444,,,3/4/2021,,
UGA,MS,Berseem clover,,3.4770784,13.5944366,20.8498001,29.5857067,38.2746658,26.48,,53.23,39.23,7.54,,11106,2021,,,Nolan Mullican,34.169889,-88.738444,,,3/4/2021,,
UGA,MS,Berseem clover,,4.5970802,13.1870804,24.1093445,36.1685257,43.0158882,18.1,,45.48,43.87,10.65,,11109,2021,,,Nolan Mullican,34.169889,-88.738444,,,3/19/2021,,
UGA,MS,Cereal rye,,3.8444188,10.2686501,16.1827793,33.8634605,47.7386856,25.31,,45.23,51.28,3.49,,11110,2021,,,Nolan Mullican,34.169889,-88.738444,,,3/19/2021,,
UGA,MS,Cereal rye,,3.7514706,11.0994759,14.2967644,32.4962311,46.5574799,27.55,,47.67,47.79,4.55,,11111,2021,,,Nolan Mullican,34.169889,-88.738444,,,3/19/2021,,
UGA,MS,Berseem clover,,3.2003982,12.0463676,20.1346722,34.9341202,42.1095695,25.46,,49.15,41.04,9.81,,11112,2021,,,Nolan Mullican,34.169889,-88.738444,,,3/19/2021,,
UGA,MS,Berseem clover,,3.5338986,13.7516136,22.9077988,35.9065933,42.9535255,19.86,,46.37,43.64,9.99,,11115,2021,,,Nolan Mullican,34.169889,-88.738444,,,3/19/2021,,
UGA,MS,Cereal rye,,3.9656265,11.6061544,12.7114582,34.2896385,45.4360771,29.46,,49.78,44.16,6.06,,11117,2021,,,Nolan Mullican,34.169889,-88.738444,,,3/19/2021,,
UGA,MS,Cereal rye,,3.6433244,10.899786,10.2904768,31.187645,47.117981,31.35,,49.34,46.88,3.78,,11120,2021,,,Nolan Mullican,34.169889,-88.738444,,,3/19/2021,,
UGA,MS,Berseem clover,,3.8032024,13.4451065,14.4434576,32.6472931,39.7669563,31.32,,54.98,35.28,9.74,,11122,2021,,,Nolan Mullican,34.169889,-88.738444,,,3/19/2021,,
UGA,MS,Berseem clover,,3.3561075,12.2512274,10.0687227,31.0182724,42.6506119,34.66,,54.1,38.17,7.73,,11125,2021,,,Nolan Mullican,34.169889,-88.738444,,,4/2/2021,,
UGA,MS,Cereal rye,,3.115864,8.3903313,6.0469575,30.2100925,50.8277779,35.18,,47.87,49.59,2.54,,11126,2021,,,Nolan Mullican,34.169889,-88.738444,,,4/2/2021,,
UGA,MS,Cereal rye,,3.2535155,9.1497116,9.5446911,32.3407173,52.1611366,29.54,,44.57,52.23,3.2,,11127,2021,,,Nolan Mullican,34.169889,-88.738444,,,4/2/2021,,
UGA,MS,Berseem clover,,3.0417178,11.8125477,14.9712849,33.0347137,43.6263313,29.6,,50.47,40.97,8.56,,11128,2021,,,Nolan Mullican,34.169889,-88.738444,,,4/2/2021,,
UGA,MS,Berseem clover,,2.9637539,13.2656069,27.0772743,38.7533646,45.7873726,14.11,,39.85,49.48,10.66,,11131,2021,,,Nolan Mullican,34.169889,-88.738444,,,4/2/2021,,
UGA,MS,Cereal rye,,3.343199,8.7010679,9.8415527,32.8709488,51.2653732,30.44,,45.32,51.23,3.45,,11133,2021,,,Nolan Mullican,34.169889,-88.738444,,,4/2/2021,,
UGA,MS,Cereal rye,,3.1419392,8.6939268,8.6066866,32.4028168,51.1021652,32.03,,46.19,50.96,2.85,,11136,2021,,,Nolan Mullican,34.169889,-88.738444,,,4/2/2021,,
UGA,MS,Berseem clover,,3.5347865,12.2141457,13.9950886,34.9028625,44.880703,28.52,,49.66,41.19,9.15,,11138,2021,,,Nolan Mullican,34.169889,-88.738444,,,4/2/2021,,
UGA,MS,Berseem clover,,3.1334856,20.2480545,12.1341219,29.9138126,37.1934052,29.89,,58.89,32.98,8.14,,11141,2021,,,Nolan Mullican,34.169889,-88.738444,,,4/20/2021,,
UGA,MS,Cereal rye,,3.2588601,7.3375139,7.79705,35.8698578,59.1803093,26.57,,38.57,57.15,4.28,,11142,2021,,,Nolan Mullican,34.169889,-88.738444,,,4/20/2021,,
UGA,MS,Cereal rye,,3.2339356,7.0311918,7.5942082,37.6515083,62.4386139,24.07,,35.48,60.15,4.37,,11143,2021,,,Nolan Mullican,34.169889,-88.738444,,,4/20/2021,,
UGA,MS,Berseem clover,,3.3581073,19.6559334,15.6488094,28.2493019,34.4603653,29.29,,60.28,31.74,7.98,,11144,2021,,,Nolan Mullican,34.169889,-88.738444,,,4/20/2021,,
UGA,MS,Berseem clover,,3.099205,18.3952122,9.7253332,28.6402378,36.1218872,35.19,,61.08,31.85,7.08,,11147,2021,,,Nolan Mullican,34.169889,-88.738444,,,4/20/2021,,
UGA,MS,Cereal rye,,3.2535269,7.5844054,7.0428553,37.241024,60.1255875,26.2,,38.12,57.65,4.23,,11149,2021,,,Nolan Mullican,34.169889,-88.738444,,,4/20/2021,,
UGA,MS,Cereal rye,,3.3118963,7.576128,7.8185229,38.3431282,62.3611679,23.3,,35.41,59.76,4.83,,11152,2021,,,Nolan Mullican,34.169889,-88.738444,,,4/20/2021,,
UGA,MS,Berseem clover,,3.1614521,20.0355778,11.2451611,28.1220188,35.6679535,32.39,,60.91,31.59,7.5,,11154,2021,,,Nolan Mullican,34.169889,-88.738444,,,4/20/2021,,
UGA,FL,Cowpea,,3.0244491,13.2819633,9.9259071,37.1031303,45.1636543,31.77,,51.56,41.2,7.24,,2654,2122,,,Shufang Tian,30.82442,-83.31546,,,8/25/2021,,
UGA,FL,Sunn hemp,,1.915145,18.6508598,8.028739,35.8331604,42.668808,31.72,,55.07,37.82,7.11,,2656,2122,,,Shufang Tian,30.82442,-83.31546,,,8/25/2021,,
UGA,GA,Sunn hemp,,1.4148015,12.2836666,6.9125566,51.3163757,60.6631851,22.97,,37.68,51.96,10.37,,3294,2122,,,JoHanna Biang,33.87285,-83.53545,,,10/4/2021,,
UGA,GA,Sunn hemp,,1.5295526,12.0897722,7.2832208,53.954483,63.5966988,19.95,,34.55,54.04,11.41,,3295,2122,,,JoHanna Biang,33.87285,-83.53545,,,10/4/2021,,
UGA,GA,Cereal rye,,1.4776937,4.7206879,3.2080405,42.0995178,71.872139,23.75248863,,30.37,63.93,5.69,,9021,2122,,,Nicholas Basinger,33.87285,-83.53545,,,4/21/2022,,
UGA,GA,Crimson clover,,2.2316711,22.130003,6.930913,24.0161743,28.2630444,42.42278161,,75.79,18.02,6.19,,9022,2122,,,Nicholas Basinger,33.87285,-83.53545,,,4/21/2022,,
UGA,GA,Cereal rye,,3.0567238,12.9278421,7.7340708,31.851202,58.0194702,22.32325601,,43.24,51.66,5.1,,9091,2122,,,Robbie Faust,31.75824,-84.43584,,,4/12/2022,,
UGA,GA,Cereal rye,,3.1972473,8.4935808,8.0042171,35.4584656,63.0299568,21.68709498,,37.76,56.52,5.73,,9092,2122,,,Robbie Faust,31.75824,-84.43584,,,4/12/2022,,
UGA,GA,Crimson clover,,2.317909,23.8149757,8.9044771,25.9216995,29.2393646,37.77002912,,75.86,17.77,6.37,,9093,2122,,,Robbie Faust,31.75824,-84.43584,,,4/12/2022,,
UGA,GA,Crimson clover,,2.2089469,17.0699005,6.146904,29.387495,34.4587212,42.52763788,,68.58,24.71,6.71,,9094,2122,,,Robbie Faust,31.75824,-84.43584,,,4/12/2022,,
UGA,GA,Cereal rye,,1.8425955,4.4465332,6.1127644,42.7821579,72.6572266,20.02688616,,28.34,64.68,6.98,,9295,2122,,,Peyton Sapp,32.8756,-82.21609,,,4/27/2022,,
UGA,GA,Cereal rye,,2.3066063,6.043931,5.0891018,41.6188164,71.2526627,20.29538459,,30.21,63.04,6.74,,9296,2122,,,Peyton Sapp,32.8756,-82.21609,,,4/27/2022,,
UGA,GA,Cereal rye,,1.9981979,5.6939774,5.5808501,41.1327896,68.5261612,22.99764468,,32.78,60.53,6.7,,9297,2122,,,Peyton Sapp,32.8756,-82.21609,,,4/27/2022,,
UGA,GA,Cereal rye,,2.2134283,6.4221506,6.01403,41.061409,72.0548706,18.33936144,,29,64.82,6.18,,9298,2122,,,Peyton Sapp,32.8756,-82.21609,,,4/27/2022,,
UGA,FL,Sunn hemp,,1.769872,15.5713234,7.0446186,46.9968262,56.2348824,23.31574537,,45.25,44.34,10.41,,5162,2223,,,Nan Xu University of Fl,29.4111703,-82.1621466,,,9/7/2022,,
UGA,FL,Sunn hemp,,2.0594015,16.727211,8.2407494,47.3386993,55.849144,21.03293418,,45.55,43.71,10.74,,5163,2223,,,Nan Xu University of Fl,29.4111703,-82.1621466,,,9/7/2022,,
UGA,GA,Oats,,2.7315531,8.8199043,7.2455621,23.5621014,36.3329964,47.41329385,,66.97,31.27,1.77,,9966,2223,,,USDA - NRCS,33.8693,-83.44993,,,4/12/2023,,
UGA,GA,Cereal rye,,2.1986721,7.6066537,4.5948105,41.2907143,65.5288544,24.65802911,,36.13,56.92,6.96,,10178,2223,,,Peyton Sapp,32.8756,-82.21609,,,4/20/2023,,
UGA,GA,Cereal rye,,2.051949,6.546916,4.7769942,42.589817,68.2289124,23.17125227,,33.36,59.63,7.01,,10180,2223,,,Peyton Sapp,32.8756,-82.21609,,,4/20/2023,,
UGA,GA,Cereal rye,,2.038944,6.5332003,6.0587764,42.0482826,68.5677795,21.60104437,,32.56,60.54,6.9,,10185,2223,,,Peyton Sapp,32.8756,-82.21609,,,4/20/2023,,
UGA,GA,Cereal rye,,2.0663471,5.5834184,4.9035692,41.9966431,70.1055527,22.24850129,,31.44,61.71,6.85,,10188,2223,,,Peyton Sapp,32.8756,-82.21609,,,4/20/2023,,
UGA,GA,Lupine,,3.5552225,13.7966146,7.4750838,23.0410156,44.7266045,33.57733692,,57.76,39.15,3.09,,10282,2223,,,Robbie Faust,31.75824,-84.43584,,,4/13/2023,,
UGA,GA,Oats,,2.5750041,17.624197,12.6246662,33.5157852,53.4644165,17.45422536,,47.97,47.95,4.08,,4007,2324,,,UGA - Dr. Kate Cassity-Duffey,33.88689,-83.41941,,,1/27/2023,,
UGA,GA,Oats,,2.4994819,18.7367058,12.590292,32.4164467,54.1050491,15.85582464,,47.19,49.23,3.58,,4008,2324,,,UGA - Dr. Kate Cassity-Duffey,33.88689,-83.41941,,,1/27/2023,,
UGA,GA,Oats,,2.317276,17.3876781,12.6029205,34.1381378,56.2695656,15.36142939,,44.54,51.67,3.79,,4009,2324,,,UGA - Dr. Kate Cassity-Duffey,33.88689,-83.41941,,,1/27/2023,,
UGA,GA,Oats,,2.4860201,17.4910984,13.4886303,35.3749657,54.9103737,15.46760366,,46.11,49.65,4.24,,4010,2324,,,UGA - Dr. Kate Cassity-Duffey,33.88689,-83.41941,,,1/27/2023,,
UGA,GA,Oats,,2.451678,16.9577198,12.4632158,34.2904015,56.0481262,16.00262903,,44.83,51.35,3.82,,4011,2324,,,UGA - Dr. Kate Cassity-Duffey,33.88689,-83.41941,,,1/27/2023,,
UGA,GA,Oats,,2.647676,19.0209332,12.394556,32.4595566,54.1240387,15.60147881,,47.18,49.05,3.77,,4012,2324,,,UGA - Dr. Kate Cassity-Duffey,33.88689,-83.41941,,,1/27/2023,,
UGA,GA,Oats,,2.2871511,18.0990543,12.7460804,34.2430763,55.829155,14.94660005,,45.06,51.02,3.92,,4013,2324,,,UGA - Dr. Kate Cassity-Duffey,33.88689,-83.41941,,,1/27/2023,,
UGA,GA,Oats,,2.3981831,18.5337601,12.2390652,32.883606,54.6348724,16.01856027,,46.57,49.67,3.76,,4014,2324,,,UGA - Dr. Kate Cassity-Duffey,33.88689,-83.41941,,,1/27/2023,,
UGA,GA,Oats,,2.4530499,18.7495079,11.9335308,31.8694649,53.0617447,17.51648883,,48.49,47.93,3.58,,4015,2324,,,UGA - Dr. Kate Cassity-Duffey,33.88689,-83.41941,,,1/27/2023,,
UGA,GA,Oats,,2.562191,17.1229,13.4547644,35.5525436,56.1467667,14.64365157,,44.57,51.03,4.4,,4016,2324,,,UGA - Dr. Kate Cassity-Duffey,33.88689,-83.41941,,,1/27/2023,,
UGA,GA,Oats,,2.6006539,18.1246986,13.2713299,33.8517838,54.3042412,15.50037328,,46.89,49.16,3.95,,4017,2324,,,UGA - Dr. Kate Cassity-Duffey,33.88689,-83.41941,,,1/27/2023,,
UGA,GA,Oats,,2.395287,17.2667007,12.4630451,34.7989578,57.2261925,14.65460818,,43.39,52.83,3.77,,4018,2324,,,UGA - Dr. Kate Cassity-Duffey,33.88689,-83.41941,,,1/27/2023,,
UGA,GA,Oats,,2.4799039,18.0281296,12.7128963,32.4376335,54.2086029,16.3650695,,47.05,49.23,3.72,,4019,2324,,,UGA - Dr. Kate Cassity-Duffey,33.88689,-83.41941,,,1/27/2023,,
UGA,GA,Oats,,2.5468049,17.2105408,13.0127506,34.7112541,55.7087402,15.42077531,,45.17,50.88,3.94,,4020,2324,,,UGA - Dr. Kate Cassity-Duffey,33.88689,-83.41941,,,1/27/2023,,
UGA,GA,Oats,,2.3115349,16.8691349,13.8560867,35.9582825,56.4357872,14.4779614,,44.15,51.58,4.27,,4021,2324,,,UGA - Dr. Kate Cassity-Duffey,33.88689,-83.41941,,,1/27/2023,,
UGA,GA,Oats,,2.499105,17.6123314,13.0046911,34.8362808,55.2783318,15.47502393,,45.71,50.21,4.09,,4022,2324,,,UGA - Dr. Kate Cassity-Duffey,33.88689,-83.41941,,,1/27/2023,,
UGA,GA,Oats,,2.936528,13.6336546,8.7589493,43.823719,65.1152649,14.11367174,,35.25,59.97,4.78,,4023,2324,,,UGA - Dr. Kate Cassity-Duffey,33.88689,-83.41941,,,1/27/2023,,
UGA,GA,Oats,,2.7931349,12.0057774,10.1174717,44.0800667,66.9972153,12.77620577,,32.65,62.84,4.51,,4024,2324,,,UGA - Dr. Kate Cassity-Duffey,33.88689,-83.41941,,,1/27/2023,,
UGA,GA,Oats,,1.948921,10.7030754,7.4278612,47.0027657,70.4802551,14.37350516,,30,64.19,5.81,,4025,2324,,,UGA - Dr. Kate Cassity-Duffey,33.88689,-83.41941,,,1/27/2023,,
UGA,GA,Oats,,3.2313349,14.4146976,11.6576815,44.672905,63.6331902,11.51741911,,35.94,58.97,5.09,,4026,2324,,,UGA - Dr. Kate Cassity-Duffey,33.88689,-83.41941,,,1/27/2023,,
UGA,GA,Oats,,2.878706,10.8755913,14.0269012,49.0228729,69.0335846,8.017567822,,28.36,65.59,6.06,,4027,2324,,,UGA - Dr. Kate Cassity-Duffey,33.88689,-83.41941,,,1/27/2023,,
UGA,GA,Oats,,3.2923779,13.5793152,13.9306326,45.7919121,65.3664703,8.406856921,,32.95,61.29,5.76,,4028,2324,,,UGA - Dr. Kate Cassity-Duffey,33.88689,-83.41941,,,1/27/2023,,
UGA,GA,Oats,,2.8492911,13.093092,12.4016857,45.1240997,66.3233948,9.975174036,,32.46,62.24,5.3,,4029,2324,,,UGA - Dr. Kate Cassity-Duffey,33.88689,-83.41941,,,1/27/2023,,
UGA,GA,Oats,,3.1422369,17.3317299,8.0329609,39.6352577,58.2138901,17.35415451,,42.98,53.06,3.96,,4030,2324,,,UGA - Dr. Kate Cassity-Duffey,33.88689,-83.41941,,,1/27/2023,,
UGA,GA,Oats,,2.900027,14.8716803,10.1994591,40.6371689,59.8570023,16.36182146,,40.74,54.49,4.77,,4031,2324,,,UGA - Dr. Kate Cassity-Duffey,33.88689,-83.41941,,,1/27/2023,,
UGA,GA,Oats,,2.694783,12.094883,11.4149361,46.7172394,68.4825974,10.10658232,,30.37,63.93,5.7,,4032,2324,,,UGA - Dr. Kate Cassity-Duffey,33.88689,-83.41941,,,1/27/2023,,
UGA,GA,Oats,,3.195446,14.5238514,9.4137621,43.865284,64.0243835,13.32426385,,36.24,59.1,4.66,,4033,2324,,,UGA - Dr. Kate Cassity-Duffey,33.88689,-83.41941,,,1/27/2023,,
UGA,GA,Oats,,3.3250761,15.5764322,9.6466293,44.0637703,65.2391205,10.77948034,,34.81,60.27,4.93,,4034,2324,,,UGA - Dr. Kate Cassity-Duffey,33.88689,-83.41941,,,1/27/2023,,
UGA,GA,Oats,,2.8031149,13.6466961,9.6203032,41.4230156,62.9248581,15.40976777,,37.41,57.83,4.76,,4035,2324,,,UGA - Dr. Kate Cassity-Duffey,33.88689,-83.41941,,,1/27/2023,,
UGA,GA,Oats,,3.257169,14.8815422,9.0869389,42.7234383,62.7036438,14.45996117,,37.81,57.71,4.48,,4036,2324,,,UGA - Dr. Kate Cassity-Duffey,33.88689,-83.41941,,,1/27/2023,,
UGA,GA,Oats,,3.0877471,14.5779791,10.8103809,42.1540527,61.5538788,14.27878562,,38.63,56.61,4.76,,4037,2324,,,UGA - Dr. Kate Cassity-Duffey,33.88689,-83.41941,,,1/27/2023,,
UGA,GA,Crimson clover,,2.982527,20.2897072,11.0522327,30.662611,48.325489,20.73282833,,54.14,41.76,4.1,,4768,2324,,,UGA - Dr. Kate Cassity-Duffey,33.88689,-83.41941,,,2/1/2023,,
UGA,GA,Crimson clover,,2.9133561,27.4322376,11.173336,21.5967598,25.8677673,34.42404671,,81.51,12.23,6.26,,4769,2324,,,UGA - Dr. Kate Cassity-Duffey,33.88689,-83.41941,,,2/1/2023,,
UGA,GA,Cereal rye,,3.1879189,14.7600298,8.727006,25.8744373,46.5499268,30.03361338,,55.92,39.65,4.43,,4770,2324,,,UGA - Dr. Kate Cassity-Duffey,33.88689,-83.41941,,,2/1/2023,,
UGA,GA,Cereal rye,,4.003911,14.4872217,9.8146935,24.8614731,44.8290062,30.00319803,,58.07,38.25,3.68,,4771,2324,,,UGA - Dr. Kate Cassity-Duffey,33.88689,-83.41941,,,2/1/2023,,
UGA,GA,Crimson clover,,3.3343191,21.2918472,10.415884,25.9414482,32.1782303,35.03219552,,73.27,18.82,7.91,,4774,2324,,,UGA - Dr. Kate Cassity-Duffey,33.88689,-83.41941,,,2/1/2023,,
UGA,GA,Crimson clover,,3.233762,22.1924744,11.7498894,28.4388561,42.065033,23.70339351,,61.84,33,5.15,,4775,2324,,,UGA - Dr. Kate Cassity-Duffey,33.88689,-83.41941,,,2/1/2023,,
UGA,GA,Cereal rye,,3.77426,16.1353474,10.0004396,22.7883072,39.1856613,33.64728799,,64.73,31.31,3.96,,4776,2324,,,UGA - Dr. Kate Cassity-Duffey,33.88689,-83.41941,,,2/1/2023,,
UGA,GA,Cereal rye,,3.304769,16.4336319,9.4898853,25.5708809,41.855629,31.84597883,,61.45,34.42,4.13,,4777,2324,,,UGA - Dr. Kate Cassity-Duffey,33.88689,-83.41941,,,2/1/2023,,
UGA,GA,Crimson clover,,3.1561661,24.1764851,12.6799412,28.0736637,33.4771309,28.85367586,,72.98,19.42,7.6,,4780,2324,,,UGA - Dr. Kate Cassity-Duffey,33.88689,-83.41941,,,2/1/2023,,
UGA,GA,Crimson clover,,3.1187339,21.0396175,11.3166161,29.9052486,45.4620285,22.245346,,57.61,37.83,4.56,,4781,2324,,,UGA - Dr. Kate Cassity-Duffey,33.88689,-83.41941,,,2/1/2023,,
UGA,GA,Cereal rye,,3.1495831,11.4516726,11.5695343,31.934557,54.202446,23.42093522,,47.14,48.28,4.58,,4782,2324,,,UGA - Dr. Kate Cassity-Duffey,33.88689,-83.41941,,,2/1/2023,,
UGA,GA,Cereal rye,,3.9632721,15.2014856,8.821207,24.7516766,48.7700195,26.65791717,,53.42,43.96,2.61,,4783,2324,,,UGA - Dr. Kate Cassity-Duffey,33.88689,-83.41941,,,2/1/2023,,
UGA,GA,Crimson clover,,3.264142,26.6269436,13.8476696,27.1091652,31.3415375,27.11361493,,76.52,15.47,8.01,,4785,2324,,,UGA - Dr. Kate Cassity-Duffey,33.88689,-83.41941,,,2/1/2023,,
UGA,GA,Crimson clover,,3.6726339,25.5211697,12.1148357,30.4082451,45.5303726,16.34811418,,57.68,37.5,4.82,,4786,2324,,,UGA - Dr. Kate Cassity-Duffey,33.88689,-83.41941,,,2/1/2023,,
UGA,GA,Cereal rye,,3.6680701,13.3772783,9.0130463,29.7535667,49.4047966,27.99514446,,52.72,44.08,3.2,,4787,2324,,,UGA - Dr. Kate Cassity-Duffey,33.88689,-83.41941,,,2/1/2023,,
UGA,GA,Cereal rye,,3.6521821,14.960515,8.5507193,29.0757446,49.4106636,26.88466645,,52.69,43.49,3.82,,4788,2324,,,UGA - Dr. Kate Cassity-Duffey,33.88689,-83.41941,,,2/1/2023,,
UGA,GA,Cowpea,,2.4725249,14.7420359,10.0706263,32.947567,45.1365433,30.73782763,,57.76,36.24,6,,4791,2324,,,UGA - Dr. Kate Cassity-Duffey,33.88689,-83.41941,,,4/6/2023,,
UGA,GA,Cowpea,,2.664124,18.1059303,9.3423748,29.6429844,38.4846039,34.09688927,,65.31,28.12,6.57,,4792,2324,,,UGA - Dr. Kate Cassity-Duffey,33.88689,-83.41941,,,4/6/2023,,
UGA,GA,Sudex,,2.9416499,12.6584377,6.623805,29.6651211,46.5868225,34.45036248,,55.6,39.52,4.88,,4793,2324,,,UGA - Dr. Kate Cassity-Duffey,33.88689,-83.41941,,,4/6/2023,,
UGA,GA,Sudex,,3.0355999,11.3208504,8.6081562,30.2014675,50.4613113,30.10637399,,51.51,44.15,4.34,,4794,2324,,,UGA - Dr. Kate Cassity-Duffey,33.88689,-83.41941,,,4/6/2023,,
UGA,GA,Cowpea,,2.520149,19.0364971,7.447031,31.0120602,35.6177864,37.87178155,,67.84,23.92,8.24,,4796,2324,,,UGA - Dr. Kate Cassity-Duffey,33.88689,-83.41941,,,4/6/2023,,
UGA,GA,Cowpea,,2.67891,16.988842,8.1097231,32.7504539,47.2591705,28.27149634,,55.05,38.75,6.2,,4797,2324,,,UGA - Dr. Kate Cassity-Duffey,33.88689,-83.41941,,,4/6/2023,,
UGA,GA,Sudex,,3.3876319,11.2021275,8.7368689,31.7440796,52.2682228,28.0639245,,49.49,46.66,3.85,,4798,2324,,,UGA - Dr. Kate Cassity-Duffey,33.88689,-83.41941,,,4/6/2023,,
UGA,GA,Sudex,,3.0044439,15.8502159,9.5996675,32.4035263,55.2045898,20.20540419,,46.13,49.45,4.42,,4799,2324,,,UGA - Dr. Kate Cassity-Duffey,33.88689,-83.41941,,,4/6/2023,,
UGA,GA,Cowpea,,2.5657511,21.3966942,9.3736095,29.5651188,38.5942764,30.77126815,,65.19,29.17,5.63,,4802,2324,,,UGA - Dr. Kate Cassity-Duffey,33.88689,-83.41941,,,4/6/2023,,
UGA,GA,Cowpea,,2.4526179,18.8143883,9.5433025,32.1436272,46.3615799,26.07342199,,56.25,38.63,5.12,,4803,2324,,,UGA - Dr. Kate Cassity-Duffey,33.88689,-83.41941,,,4/6/2023,,
UGA,GA,Sudex,,3.2615039,12.518589,9.2230024,32.1343613,45.2442741,32.91972979,,57.48,36.92,5.6,,4804,2324,,,UGA - Dr. Kate Cassity-Duffey,33.88689,-83.41941,,,4/6/2023,,
UGA,GA,Sudex,,3.203531,13.4465466,8.3856411,30.4739819,53.5677032,25.14631732,,48.05,47.87,4.08,,4805,2324,,,UGA - Dr. Kate Cassity-Duffey,33.88689,-83.41941,,,4/6/2023,,
UGA,GA,Cowpea,,2.1174359,21.2486935,11.7348881,30.4353752,33.3948631,33.84175982,,72.54,19.32,8.14,,4808,2324,,,UGA - Dr. Kate Cassity-Duffey,33.88689,-83.41941,,,4/6/2023,,
UGA,GA,Cowpea,,2.528899,21.6197414,11.4136353,30.8504906,33.3577843,33.4149849,,72.4,19,8.6,,4809,2324,,,UGA - Dr. Kate Cassity-Duffey,33.88689,-83.41941,,,4/6/2023,,
UGA,GA,Sudex,,2.993829,10.6505175,8.6596203,33.0499649,47.0969734,33.89584794,,55.29,39.61,5.09,,4810,2324,,,UGA - Dr. Kate Cassity-Duffey,33.88689,-83.41941,,,4/6/2023,,
UGA,GA,Sudex,,3.0966079,11.1388454,7.9747701,34.3494072,57.4961739,24.31833487,,43.77,51.99,4.23,,4811,2324,,,UGA - Dr. Kate Cassity-Duffey,33.88689,-83.41941,,,4/6/2023,,
UGA,GA,Cowpea,,2.2146599,9.3619528,9.3621178,39.2948914,52.2279892,30.48923954,,49.53,40.53,9.94,,4814,2324,,,UGA - Dr. Kate Cassity-Duffey,33.88689,-83.41941,,,7/14/2023,,
UGA,GA,Cowpea,,2.4855299,10.6607285,10.4263964,38.2631302,54.5271263,25.71711774,,46.84,44.88,8.28,,4815,2324,,,UGA - Dr. Kate Cassity-Duffey,33.88689,-83.41941,,,7/14/2023,,
UGA,GA,Sudex,,2.4086781,9.4232998,8.9562311,37.4835472,50.2676086,32.462915,,51.74,38.53,9.73,,4816,2324,,,UGA - Dr. Kate Cassity-Duffey,33.88689,-83.41941,,,7/14/2023,,
UGA,GA,Sudex,,2.257941,9.1385803,9.7547894,39.1725311,50.5978546,31.79268452,,51.4,38.57,10.03,,4817,2324,,,UGA - Dr. Kate Cassity-Duffey,33.88689,-83.41941,,,7/14/2023,,
UGA,GA,Cowpea,,3.143986,10.2336216,9.9113054,38.8727798,58.7978516,22.02908501,,42,52.27,5.73,,4820,2324,,,UGA - Dr. Kate Cassity-Duffey,33.88689,-83.41941,,,7/14/2023,,
UGA,GA,Cowpea,,2.6062319,11.9417105,10.1814957,40.9076195,59.0885544,20.31820631,,41.62,51.9,6.48,,4821,2324,,,UGA - Dr. Kate Cassity-Duffey,33.88689,-83.41941,,,7/14/2023,,
UGA,GA,Sudex,,2.9398561,10.8394146,9.398241,39.3170471,44.4351883,35.49776318,,58.44,31.21,10.34,,4822,2324,,,UGA - Dr. Kate Cassity-Duffey,33.88689,-83.41941,,,7/14/2023,,
UGA,GA,Sudex,,2.6423919,12.9278927,11.0187016,38.1355782,51.7419586,25.2909923,,50.08,42.1,7.82,,4823,2324,,,UGA - Dr. Kate Cassity-Duffey,33.88689,-83.41941,,,7/14/2023,,
UGA,GA,Cowpea,,2.188942,8.7586813,9.2304001,42.225071,59.5360489,24.45345112,,41.3,49.86,8.84,,4826,2324,,,UGA - Dr. Kate Cassity-Duffey,33.88689,-83.41941,,,7/14/2023,,
UGA,GA,Cowpea,,2.3757191,12.1353521,10.0476484,41.8743629,63.1368561,16.72400423,,37.04,57.95,5.01,,4827,2324,,,UGA - Dr. Kate Cassity-Duffey,33.88689,-83.41941,,,7/14/2023,,
UGA,GA,Sudex,,2.5954559,10.5830574,10.2968502,38.180809,41.7087669,37.73548328,,61.84,29.17,8.99,,4828,2324,,,UGA - Dr. Kate Cassity-Duffey,33.88689,-83.41941,,,7/14/2023,,
UGA,GA,Sudex,,2.746433,18.6970978,11.8948917,33.7079201,45.7448158,24.11889881,,57.37,34.61,8.01,,4829,2324,,,UGA - Dr. Kate Cassity-Duffey,33.88689,-83.41941,,,7/14/2023,,
UGA,GA,Cowpea,,2.5203791,10.0288677,9.1386204,38.8138809,59.0626945,23.38382692,,41.85,52.6,5.55,,4832,2324,,,UGA - Dr. Kate Cassity-Duffey,33.88689,-83.41941,,,7/14/2023,,
UGA,GA,Cowpea,,2.4096191,10.5771599,11.3008385,42.0287132,64.5302582,15.69924237,,35.02,59.14,5.84,,4833,2324,,,UGA - Dr. Kate Cassity-Duffey,33.88689,-83.41941,,,7/14/2023,,
UGA,GA,Sudex,,2.7151501,12.3895588,10.1363792,33.8940392,47.9014511,30.21056238,,54.54,39.04,6.42,,4834,2324,,,UGA - Dr. Kate Cassity-Duffey,33.88689,-83.41941,,,7/14/2023,,
UGA,GA,Sudex,,2.107682,14.9918022,10.9169207,38.9687119,51.7465782,23.85927737,,50.08,40.92,9,,4835,2324,,,UGA - Dr. Kate Cassity-Duffey,33.88689,-83.41941,,,7/14/2023,,
UGA,GA,Cowpea,,2.74699,13.2554951,9.6548595,36.1116905,50.9381638,26.97016307,,51,41.34,7.65,,4838,2324,,,UGA - Dr. Kate Cassity-Duffey,33.88689,-83.41941,,,8/9/2023,,
UGA,GA,Cowpea,,3.0415609,12.1599312,9.3385782,37.0782738,60.3630066,19.32233356,,40.36,54.57,5.08,,4839,2324,,,UGA - Dr. Kate Cassity-Duffey,33.88689,-83.41941,,,8/9/2023,,
UGA,GA,Sudex,,2.8725181,9.357645,11.4445858,33.8900719,47.976635,31.70698055,,54.6,38.28,7.12,,4840,2324,,,UGA - Dr. Kate Cassity-Duffey,33.88689,-83.41941,,,8/9/2023,,
UGA,GA,Sudex,,2.3029821,8.5398769,8.1458015,36.2529984,60.5839081,24.66830497,,40.38,53.96,5.67,,4841,2324,,,UGA - Dr. Kate Cassity-Duffey,33.88689,-83.41941,,,8/9/2023,,
UGA,GA,Cowpea,,2.1758239,8.9692421,9.2451038,39.755024,54.8439331,28.60497242,,46.57,45.35,8.07,,4844,2324,,,UGA - Dr. Kate Cassity-Duffey,33.88689,-83.41941,,,8/9/2023,,
UGA,GA,Cowpea,,2.2267809,9.779995,9.4421349,41.4770775,65.4163895,17.71384697,,34.68,60.3,5.01,,4845,2324,,,UGA - Dr. Kate Cassity-Duffey,33.88689,-83.41941,,,8/9/2023,,
UGA,GA,Sudex,,2.6923671,9.3948679,9.4933949,38.2137337,57.4150085,25.0234122,,43.64,50.52,5.84,,4846,2324,,,UGA - Dr. Kate Cassity-Duffey,33.88689,-83.41941,,,8/9/2023,,
UGA,GA,Sudex,,3.0399649,13.7803478,9.6583223,33.9268723,51.727562,25.41473234,,50.1,44.33,5.57,,4847,2324,,,UGA - Dr. Kate Cassity-Duffey,33.88689,-83.41941,,,8/9/2023,,
UGA,GA,Cowpea,,2.572753,8.6194172,10.1175795,39.488102,60.6799965,22.25785356,,39.82,53.86,6.33,,4850,2324,,,UGA - Dr. Kate Cassity-Duffey,33.88689,-83.41941,,,8/9/2023,,
UGA,GA,Cowpea,,2.017019,7.1407051,9.7289057,41.9674911,65.0872421,20.58223505,,34.95,58.6,6.45,,4851,2324,,,UGA - Dr. Kate Cassity-Duffey,33.88689,-83.41941,,,8/9/2023,,
UGA,GA,Sudex,,3.0952721,14.6184254,11.8899879,34.4772186,48.260376,25.51416492,,54.31,39.15,6.54,,4852,2324,,,UGA - Dr. Kate Cassity-Duffey,33.88689,-83.41941,,,8/9/2023,,
UGA,GA,Sudex,,3.1302519,22.1595726,13.2995195,27.8570728,38.7754326,25.34950368,,66.53,26.79,6.68,,4853,2324,,,UGA - Dr. Kate Cassity-Duffey,33.88689,-83.41941,,,8/9/2023,,
UGA,GA,Cowpea,,2.7642901,10.9655247,10.2952194,38.8067284,61.9115448,18.39722914,,38.36,56.91,4.73,,4856,2324,,,UGA - Dr. Kate Cassity-Duffey,33.88689,-83.41941,,,8/9/2023,,
UGA,GA,Cowpea,,2.5864329,10.2367544,10.7548466,42.3451042,66.6599503,14.42821232,,32.77,61.39,5.84,,4857,2324,,,UGA - Dr. Kate Cassity-Duffey,33.88689,-83.41941,,,8/9/2023,,
UGA,GA,Sudex,,3.1251991,16.1839199,11.6645765,32.5290489,46.0555878,26.19460785,,56.95,36.54,6.5,,4858,2324,,,UGA - Dr. Kate Cassity-Duffey,33.88689,-83.41941,,,8/9/2023,,
UGA,GA,Sudex,,3.322237,20.0658169,12.7542896,29.3171616,39.8125496,26.83198537,,64.99,27.97,7.04,,4859,2324,,,UGA - Dr. Kate Cassity-Duffey,33.88689,-83.41941,,,8/9/2023,,
UGA,GA,Ryegrass,,2.7892101,13.6026106,11.3466377,31.6641026,49.2733765,26.43730146,,53.04,45.35,1.62,,9328,2324,,,Ronnie Lee - Terrell Co,31.75824,-84.43584,,,3/29/2024,,
UGA,GA,Oats,,2.7625239,14.8933945,8.8414326,26.3108292,45.861393,30.85155351,,56.72,41.12,2.17,,9509,2324,,,UGA: Jonathan Pulliam,33.88689,-83.41941,,,2/1/2024,,
UGA,GA,Oats,,3.1233361,17.9756432,10.5580759,21.4233685,37.1515007,33.79204915,,67.36,30.27,2.37,,9510,2324,,,UGA: Jonathan Pulliam,33.88689,-83.41941,,,2/1/2024,,
UGA,GA,Oats,,2.80777,13.8305426,8.8869009,28.0103168,47.4535065,30.34302546,,54.92,42.1,2.98,,9511,2324,,,UGA: Jonathan Pulliam,33.88689,-83.41941,,,2/1/2024,,
UGA,GA,Oats,,2.826041,17.3523426,10.2614517,26.8822517,47.2063179,25.65828905,,55.37,42.11,2.52,,9512,2324,,,UGA: Jonathan Pulliam,33.88689,-83.41941,,,2/1/2024,,
UGA,GA,Cereal rye,,3.0831239,11.3857708,6.3036561,34.6258926,59.4702225,23.92014228,,41.93,53.57,4.5,,9553,2324,,,UGA: Hannah Lindell,33.88689,-83.41941,,,4/1/2024,,
UGA,GA,Crimson clover,,3.035831,23.2831802,9.7307386,22.089922,22.9999542,42.56029279,,83.85,9.31,6.85,,9554,2324,,,UGA: Hannah Lindell,33.88689,-83.41941,,,4/1/2024,,
UGA,GA,White clover,,2.9171269,19.2717552,10.4361362,20.1392345,22.3803139,46.56128977,,85.2,9.52,5.28,,9555,2324,,,UGA: Hannah Lindell,33.88689,-83.41941,,,4/2/2024,,
UGA,GA,Crimson clover,,2.628062,25.4459248,7.0428128,22.0263138,23.9786358,42.58306911,,80.67,12.75,6.58,,9711,2324,,,Ariail;  Mark,34.14541,-83.23844,,,4/10/2024,,
UGA,GA,Cereal rye,,2.5496011,5.3949981,5.7773881,43.2209206,70.2369919,20.95761023,,30.96,62.59,6.45,,9846,2324,,,Burke County Extension,32.8756,-82.21609,,,4/2/2024,,
UGA,GA,Cereal rye,,2.696559,4.3528318,4.8467979,44.5370407,73.526268,19.72438206,,28.05,65.64,6.31,,9848,2324,,,Burke County Extension,32.8756,-82.21609,,,4/2/2024,,
UGA,GA,Cereal rye,,2.4108059,6.6975222,4.95228,43.7090149,68.8607635,21.89888185,,32.67,60.37,6.97,,9853,2324,,,Burke County Extension,32.8756,-82.21609,,,4/2/2024,,
UGA,GA,Cereal rye,,2.70522,6.0014582,5.0641699,41.9743614,69.4897232,21.60370932,,31.99,61.77,6.24,,9856,2324,,,Burke County Extension,32.8756,-82.21609,,,4/2/2024,,
UGA,GA,Oats,,2.8091011,4.218401,4.3588161,31.7660675,52.7179298,39.58600709,,49.08,49.36,1.56,,10323,2324,,,Smith;  Tripp,32.48523,-81.81386,,,4/8/2024,,
UGA,GA,Oats,,2.859303,5.4486871,6.1245079,33.7028542,58.6905823,30.98526046,,42.78,54.72,2.5,,10324,2324,,,Smith;  Tripp,32.48523,-81.81386,,,4/8/2024,,
UGA,GA,Crimson clover,,2.952858,17.5845299,7.5991378,22.9889374,24.3553448,49.21300364,,80.63,11.92,7.45,,3133,2425,,,UGA - Dr. Kate Cassity-Duffey,33.88689,-83.41941,,,4/2/2024,,
UGA,GA,Ryegrass,,2.9966769,13.9233866,10.2501249,24.5348129,34.4750214,40.7680417,,70.43,25.1,4.48,,3134,2425,,,UGA - Dr. Kate Cassity-Duffey,33.88689,-83.41941,,,4/2/2024,,
UGA,GA,Crimson clover,,2.9962399,19.0140209,8.1914721,24.9084358,29.6542549,42.21981004,,74.95,17.9,7.15,,3136,2425,,,UGA - Dr. Kate Cassity-Duffey,33.88689,-83.41941,,,4/2/2024,,
UGA,GA,Ryegrass,,3.2399311,13.5397577,7.0995069,21.6978188,32.064518,46.30080256,,71.65,23.02,5.34,,3137,2425,,,UGA - Dr. Kate Cassity-Duffey,33.88689,-83.41941,,,4/2/2024,,
UGA,GA,Crimson clover,,3.1139469,21.0331821,6.5891218,20.9456139,24.1321678,46.82083315,,80.18,12.56,7.26,,3139,2425,,,UGA - Dr. Kate Cassity-Duffey,33.88689,-83.41941,,,4/2/2024,,
UGA,GA,Ryegrass,,3.3584001,13.0982513,8.595458,22.1076584,33.5161438,43.77787687,,70.73,24.37,4.9,,3140,2425,,,UGA - Dr. Kate Cassity-Duffey,33.88689,-83.41941,,,4/2/2024,,
UGA,GA,Ryegrass,,2.9468219,13.2443705,10.2068157,23.1968822,31.6276073,44.18831711,,73.81,21,5.19,,3142,2425,,,UGA - Dr. Kate Cassity-Duffey,33.88689,-83.41941,,,4/2/2024,,
UGA,GA,Ryegrass,,2.7911739,11.3955393,8.9510899,24.3668022,35.9069595,43.46872457,,68.14,27.2,4.66,,3143,2425,,,UGA - Dr. Kate Cassity-Duffey,33.88689,-83.41941,,,4/2/2024,,
UGA,GA,Crimson clover,,3.3411751,19.3420563,8.5817432,23.8825989,30.1965446,40.65223892,,74.56,17.76,7.69,,3144,2425,,,UGA - Dr. Kate Cassity-Duffey,33.88689,-83.41941,,,4/2/2024,,
UGA,GA,Ryegrass,,3.133954,14.4747324,8.5382328,19.7231541,31.334671,44.71183677,,73.22,23.37,3.41,,3147,2425,,,UGA - Dr. Kate Cassity-Duffey,33.88689,-83.41941,,,4/2/2024,,
UGA,GA,Crimson clover,,3.0374119,21.3195648,7.2552409,22.0057392,24.6414642,45.47122069,,80.06,12.81,7.13,,3148,2425,,,UGA - Dr. Kate Cassity-Duffey,33.88689,-83.41941,,,4/2/2024,,
UGA,GA,Crimson clover,,3.534548,20.058876,7.0157518,20.4886284,22.7114296,48.26919467,,82.07,10.55,7.37,,3149,2425,,,UGA - Dr. Kate Cassity-Duffey,33.88689,-83.41941,,,4/2/2024,,
UGA,GA,Crimson clover,,2.484921,15.9678478,7.5508552,22.5754051,24.96175,50.7819485,,79.91,13.21,6.89,,3150,2425,,,UGA - Dr. Kate Cassity-Duffey,33.88689,-83.41941,,,4/2/2024,,
UGA,GA,Crimson clover,,3.0960779,19.3048382,8.831049,23.1434937,31.8905487,39.10982461,,72.73,21.9,5.37,,3151,2425,,,UGA - Dr. Kate Cassity-Duffey,33.88689,-83.41941,,,4/2/2024,,
UGA,GA,Ryegrass,,2.194438,13.3445396,9.5542078,22.1440411,32.5794449,44.60793084,,72.32,23.2,4.48,,3154,2425,,,UGA - Dr. Kate Cassity-Duffey,33.88689,-83.41941,,,4/2/2024,,
UGA,GA,Ryegrass,,3.233777,12.6609707,9.0153151,20.8856716,32.0019379,45.32813495,,72.7,23.12,4.18,,3156,2425,,,UGA - Dr. Kate Cassity-Duffey,33.88689,-83.41941,,,4/2/2024,,
UGA,GA,Ryegrass,,2.6417241,14.7103004,10.39781,32.7736168,40.1012039,34.95604587,,63.78,27.47,8.75,,3157,2425,,,UGA - Dr. Kate Cassity-Duffey,33.88689,-83.41941,,,4/2/2024,,
UGA,GA,Crimson clover,,2.0839651,21.6761608,10.7384892,33.9624977,39.7484131,28.53536072,,64.32,25.29,10.39,,3158,2425,,,UGA - Dr. Kate Cassity-Duffey,33.88689,-83.41941,,,4/2/2024,,
UGA,GA,Crimson clover,,2.466085,20.1409569,7.8244939,31.232708,36.2927742,35.81618419,,67.24,24.13,8.64,,3159,2425,,,UGA - Dr. Kate Cassity-Duffey,33.88689,-83.41941,,,4/2/2024,,
UGA,GA,Ryegrass,,2.3318269,11.3057117,8.279974,33.0549431,50.440815,31.17252945,,51.52,44.28,4.2,,3160,2425,,,UGA - Dr. Kate Cassity-Duffey,33.88689,-83.41941,,,4/2/2024,,
UGA,GA,Crimson clover,,2.4280269,13.2949886,9.7181778,36.6969757,42.3958702,35.13064741,,60.88,27.12,12,,3162,2425,,,UGA - Dr. Kate Cassity-Duffey,33.88689,-83.41941,,,4/2/2024,,
UGA,GA,Crimson clover,,2.1830399,18.5445786,9.9153395,37.4157829,45.5814552,26.96628866,,57.21,33.87,8.92,,3167,2425,,,UGA - Dr. Kate Cassity-Duffey,33.88689,-83.41941,,,4/2/2024,,
UGA,GA,Crimson clover,,2.3425281,15.4531221,9.6014042,39.4110451,55.311882,21.16289534,,46.01,47.4,6.59,,3168,2425,,,UGA - Dr. Kate Cassity-Duffey,33.88689,-83.41941,,,4/2/2024,,
UGA,GA,Crimson clover,,2.5707641,17.4886246,10.1988773,35.5446587,45.8718796,27.08088597,,56.92,35.26,7.82,,3169,2425,,,UGA - Dr. Kate Cassity-Duffey,33.88689,-83.41941,,,4/2/2024,,
UGA,GA,Ryegrass,,2.4833031,13.2395124,10.6867523,33.8314629,45.0639267,31.68098037,,57.96,35.88,6.16,,3170,2425,,,UGA - Dr. Kate Cassity-Duffey,33.88689,-83.41941,,,4/2/2024,,
UGA,GA,Ryegrass,,2.6693261,14.0986919,8.6949368,30.6651688,39.6478958,37.66450211,,63.75,29.92,6.33,,3172,2425,,,UGA - Dr. Kate Cassity-Duffey,33.88689,-83.41941,,,4/2/2024,,
UGA,GA,Ryegrass,,2.5002,13.3533134,8.0190611,28.170948,43.1209106,36.02497864,,59.64,36.57,3.79,,3173,2425,,,UGA - Dr. Kate Cassity-Duffey,33.88689,-83.41941,,,4/2/2024,,
UGA,GA,Crimson clover,,2.9956291,17.4932899,10.354867,34.6980438,39.9238205,32.02706094,,63.98,23.93,12.1,,3174,2425,,,UGA - Dr. Kate Cassity-Duffey,33.88689,-83.41941,,,4/2/2024,,
UGA,GA,Ryegrass,,2.5968969,18.0478153,11.6306667,30.5002213,40.9761467,29.61680467,,63.14,29.87,7,,3175,2425,,,UGA - Dr. Kate Cassity-Duffey,33.88689,-83.41941,,,4/2/2024,,
UGA,GA,Crimson clover,,2.6359241,18.3752232,9.3384275,34.8565292,44.988102,27.81149034,,57.8,34.39,7.81,,3176,2425,,,UGA - Dr. Kate Cassity-Duffey,33.88689,-83.41941,,,4/2/2024,,
UGA,GA,Ryegrass,,2.2699909,12.8443279,7.139894,31.0143127,49.7253952,31.50116966,,52.26,43.49,4.26,,3177,2425,,,UGA - Dr. Kate Cassity-Duffey,33.88689,-83.41941,,,4/2/2024,,
UGA,GA,Ryegrass,,3.082335,19.5595303,12.5837803,31.3914394,41.7875214,25.9119595,,62.44,29.3,8.25,,3180,2425,,,UGA - Dr. Kate Cassity-Duffey,33.88689,-83.41941,,,4/2/2024,,
UGA,GA,Oats,,2.843915,9.6284924,10.7512083,25.3299007,34.6512604,44.55071213,,70.47,26.32,3.22,,3588,2425,,,UGA: James Pulliam,33.88689,-83.41941,,,2/1/2024,,
UGA,GA,Oats,,3.045392,13.3364038,11.8547134,26.1501236,42.4103203,32.32189292,,61.45,36.4,2.15,,3589,2425,,,UGA: James Pulliam,33.88689,-83.41941,,,2/1/2024,,
UGA,GA,Oats,,2.8204229,14.3123798,11.6593819,26.3756371,42.7782631,31.42403072,,60.94,36.86,2.2,,3590,2425,,,UGA: James Pulliam,33.88689,-83.41941,,,2/1/2024,,
UGA,GA,Oats,,2.830548,10.3509808,11.157671,24.1864567,38.0891418,40.23789833,,66.48,31.55,1.97,,3591,2425,,,UGA: James Pulliam,33.88689,-83.41941,,,2/1/2024,,
UGA,GA,Oats,,2.958045,10.4472027,10.9097862,26.3010387,43.4456062,35.28055233,,59.94,37.99,2.06,,3592,2425,,,UGA: James Pulliam,33.88689,-83.41941,,,2/1/2024,,
UGA,GA,Oats,,2.88662,14.6356268,11.2689953,26.1490402,42.6370087,31.55633981,,61.01,36.56,2.44,,3593,2425,,,UGA: James Pulliam,33.88689,-83.41941,,,2/1/2024,,
UGA,GA,Oats,,2.7810161,15.3616114,11.4881516,26.9912262,45.1975594,28.33549066,,57.96,40.1,1.94,,3594,2425,,,UGA: James Pulliam,33.88689,-83.41941,,,2/1/2024,,
UGA,GA,Oats,,2.91803,16.0973225,12.9714756,27.8763618,33.6068077,36.75884074,,72.99,22.7,4.31,,3595,2425,,,UGA: James Pulliam,33.88689,-83.41941,,,2/1/2024,,
UGA,GA,Oats,,2.993978,15.7543821,11.5338764,25.6347046,43.7544899,29.02608789,,59.72,38.37,1.91,,3596,2425,,,UGA: James Pulliam,33.88689,-83.41941,,,2/1/2024,,
UGA,GA,Oats,,2.8350401,14.1682501,11.4937,25.8051071,42.9653816,31.54520491,,60.67,37.09,2.24,,3597,2425,,,UGA: James Pulliam,33.88689,-83.41941,,,2/1/2024,,
UGA,GA,Oats,,2.8696871,14.3990383,11.1823444,25.0095329,41.1926155,33.23979779,,62.73,35.43,1.84,,3598,2425,,,UGA: James Pulliam,33.88689,-83.41941,,,2/1/2024,,
UGA,GA,Oats,,2.924088,13.9545565,13.0411043,25.6027985,39.831749,33.03672463,,65.07,32.2,2.73,,3599,2425,,,UGA: James Pulliam,33.88689,-83.41941,,,2/1/2024,,
UGA,GA,Oats,,2.740705,21.882019,9.7542677,27.2060547,47.6431351,21.31489266,,54.8,42.55,2.65,,3600,2425,,,UGA: James Pulliam,33.88689,-83.41941,,,2/1/2024,,
UGA,GA,Oats,,2.7479169,17.0435295,10.3056307,26.7813377,47.1722832,26.03269952,,55.42,42.42,2.16,,3601,2425,,,UGA: James Pulliam,33.88689,-83.41941,,,2/1/2024,,
UGA,GA,Oats,,2.860548,15.2644291,10.9430132,25.939806,43.750309,30.24422233,,59.59,38.26,2.15,,3602,2425,,,UGA: James Pulliam,33.88689,-83.41941,,,2/1/2024,,
UGA,GA,Oats,,3.034595,13.7072392,10.791256,25.414011,41.300724,34.05723648,,62.48,35.62,1.91,,3603,2425,,,UGA: James Pulliam,33.88689,-83.41941,,,2/1/2024,,
UGA,GA,Oats,,2.397893,8.7915058,9.6283445,28.7264233,48.0914612,34.45719778,,54.27,43.19,2.54,,3604,2425,,,UGA: James Pulliam,33.88689,-83.41941,,,2/1/2024,,
UGA,GA,Oats,,2.8024001,12.9991693,12.1553965,33.2586746,52.603363,23.12190651,,49.04,47.2,3.76,,3605,2425,,,UGA: James Pulliam,33.88689,-83.41941,,,2/1/2024,,
UGA,GA,Oats,,2.8088,10.5589457,9.439373,30.4835205,51.1250191,29.64661354,,50.78,46.3,2.91,,3606,2425,,,UGA: James Pulliam,33.88689,-83.41941,,,2/1/2024,,
UGA,GA,Oats,,2.760854,10.877285,8.8285198,32.2991791,55.7684174,25.66871302,,45.57,51.88,2.55,,3607,2425,,,UGA: James Pulliam,33.88689,-83.41941,,,2/1/2024,,
UGA,GA,Oats,,2.67712,8.8262701,9.6086655,28.6727943,49.1322212,33.19497868,,53.07,44.69,2.24,,3608,2425,,,UGA: James Pulliam,33.88689,-83.41941,,,2/1/2024,,
UGA,GA,Oats,,2.7129691,15.242466,10.0201263,33.8000679,56.6665878,19.32451195,,44.42,52.12,3.46,,3609,2425,,,UGA: James Pulliam,33.88689,-83.41941,,,2/1/2024,,
UGA,GA,Oats,,2.7148211,14.1782017,9.6338263,33.0579834,57.4431801,20.05099341,,43.59,53.53,2.88,,3610,2425,,,UGA: James Pulliam,33.88689,-83.41941,,,2/1/2024,,
UGA,GA,Oats,,3.2042329,15.9393625,12.4185419,36.0624504,55.3260231,16.98466122,,45.71,49.77,4.51,,3611,2425,,,UGA: James Pulliam,33.88689,-83.41941,,,2/1/2024,,
UGA,GA,Oats,,2.975698,16.0767117,10.1437998,29.441391,49.2702713,24.98243819,,52.95,44.99,2.06,,3612,2425,,,UGA: James Pulliam,33.88689,-83.41941,,,2/1/2024,,
UGA,GA,Oats,,2.779212,14.8054533,13.7042656,34.4313583,56.185154,16.45887588,,44.49,51.52,3.99,,3613,2425,,,UGA: James Pulliam,33.88689,-83.41941,,,2/1/2024,,
UGA,GA,Oats,,2.777612,12.3998518,11.7559824,33.1215019,55.4839401,21.46648951,,45.59,51.4,3.01,,3614,2425,,,UGA: James Pulliam,33.88689,-83.41941,,,2/1/2024,,
UGA,GA,Oats,,2.8408971,14.8391008,9.1516247,33.5639343,55.0775566,21.94624976,,46.32,49.99,3.69,,3615,2425,,,UGA: James Pulliam,33.88689,-83.41941,,,2/1/2024,,
UGA,GA,Oats,,3.57234,17.954464,9.5013571,34.1308479,54.8562393,17.95553635,,46.54,51.32,2.14,,3616,2425,,,UGA: James Pulliam,33.88689,-83.41941,,,2/1/2024,,
UGA,GA,Oats,,3.135453,17.7038136,10.4756117,37.6834946,62.467617,10.59023789,,37.68,58.74,3.59,,3617,2425,,,UGA: James Pulliam,33.88689,-83.41941,,,2/1/2024,,
UGA,GA,Oats,,2.7306061,17.185112,8.7118254,38.0096359,62.5832443,13.1700393,,38.05,58.2,3.75,,3618,2425,,,UGA: James Pulliam,33.88689,-83.41941,,,2/1/2024,,
UGA,GA,Oats,,2.8118989,13.6164827,8.5620489,32.1783409,54.5892372,24.2415789,,46.91,50.43,2.66,,3619,2425,,,UGA: James Pulliam,33.88689,-83.41941,,,2/1/2024,,
,,,,,,,,,,,,,,,,,,,,,,,,,,
MIT,,Cereal rye,,,,,,,,,33.4534,57.8105,8.73606,,1,,,,,,,,,,,
MIT,,Hairy vetch,,,,,,,,,56.1809,36.7391,7.07998,,5,,,,,,,,,,,
MIT,,Cereal rye,,,,,,,,,37.3313,54.5302,8.1385,,6,,,,,,,,,,,
MIT,,Hairy vetch,,,,,,,,,56.4205,37.1719,6.40762,,10,,,,,,,,,,,
MIT,,Cereal rye,,,,,,,,,33.1506,58.0155,8.8339,,11,,,,,,,,,,,
MIT,,Hairy vetch,,,,,,,,,59.0206,33.6805,7.29898,,15,,,,,,,,,,,
MIT,,Cereal rye,,,,,,,,,26.8246,65.0284,8.147,,16,,,,,,,,,,,
MIT,,Hairy vetch,,,,,,,,,60.1884,34.961,4.85058,,20,,,,,,,,,,,
MIT,,Cereal rye,,,,,,,,,35.9214,56.4692,7.60939,,21,,,,,,,,,,,
MIT,,Hairy vetch,,,,,,,,,57.0236,37.0285,5.94786,,25,,,,,,,,,,,
MIT,,Cereal rye,,,,,,,,,31.9931,60.1248,7.88208,,26,,,,,,,,,,,
MIT,,Hairy vetch,,,,,,,,,61.1414,33.2745,5.5841,,30,,,,,,,,,,,
MIT,,Cereal rye,,,,,,,,,28.136,64.3832,7.48081,,31,,,,,,,,,,,
MIT,,Hairy vetch,,,,,,,,,62.4185,31.7656,5.81587,,35,,,,,,,,,,,
MIT,,Cereal rye,,,,,,,,,28.3738,63.6573,7.96893,,36,,,,,,,,,,,
MIT,,Hairy vetch,,,,,,,,,65.3406,29.9723,4.68702,,40,,,,,,,,,,,
,,,,,,,,,,,,,,,,,,,,,,,,,,
Resham,FL,Crimson clover,,0.6651446,12.9862995,12.0049257,57.04702,68.9651413,10.2060488,,29.5201303,58.6232766,11.856593,Full bloom,5930,,,SP21 L FL L N5 1 A-FL,,,,,10/19/2020,4/22/2021,,
Resham,FL,Crimson clover,,1.0420432,13.3253193,11.9622755,55.0943298,67.1245499,11.2445306,,31.7080248,56.5664301,11.7255451,Full bloom,5931,,,SP21 L FL L N5 2 A-FL,,,,,10/19/2020,4/22/2021,,
Resham,FL,Crimson clover,,0.8247272,12.6517372,11.9947968,56.5463867,68.5922699,10.7379278,,29.963907,58.8058122,11.2302808,Full bloom,5932,,,SP21 L FL L N5 3 A-FL,,,,,10/19/2020,4/22/2021,,
Resham,FL,Crimson clover,,1.0562192,13.0619526,12.060379,55.8598366,68.8760986,9.7666775,,29.5968785,59.2204732,11.1826483,Full bloom,5933,,,SP21 L FL L N5 4 A-FL,,,,,10/19/2020,4/22/2021,,
Resham,FL,Cereal rye,,0.4481212,3.5153131,4.0632687,55.7503357,85.0589066,12.8685139,,17.2057278,73.0188341,9.77543808,Feekes 11,5938,,,SP21 L FL R N5 1 A-FL,,,,,10/19/2020,4/22/2021,,
Resham,FL,Cereal rye,,0.3073987,4.7820415,3.7794888,55.5804482,85.5324249,11.5859158,,16.941629,72.6826854,10.3756857,Feekes 12,5939,,,SP21 L FL R N5 2 A-FL,,,,,10/19/2020,4/22/2021,,
Resham,FL,Cereal rye,,0.5975953,3.4927657,3.9769681,55.9898376,84.4370651,13.4062004,,17.8615335,72.4764123,9.66205418,Feekes 13,5940,,,SP21 L FL R N5 3 A-FL,,,,,10/19/2020,4/22/2021,,
Resham,FL,Cereal rye,,0.7354323,3.5424409,4.4050384,54.9208336,83.8842926,13.3046963,,18.1148147,72.4960677,9.38911763,Feekes 14,5941,,,SP21 L FL R N5 4 A-FL,,,,,10/19/2020,4/22/2021,,
Resham,IL,Crimson clover,,2.1772251,14.0325518,7.5682826,29.0526028,39.4072762,39.5731736,,63.6632194,29.9725896,6.36419102,Late bloom,5942,,,SP21 L IL L N5 1 A-IL,,,,,9/23/2020,4/20/2021,,
Resham,IL,Crimson clover,,2.3625107,12.7471075,5.4250274,28.2255077,44.5291672,38.0532289,,57.6184927,38.0736599,4.3078474,Late bloom,5943,,,SP21 L IL L N5 2 A-IL,,,,,9/23/2020,4/20/2021,,
Resham,IL,Crimson clover,,2.581074,13.4356308,5.1243415,26.982729,42.9904823,38.8778052,,59.1786598,36.5061561,4.31518404,Late bloom,5944,,,SP21 L IL L N5 3 A-IL,,,,,9/23/2020,4/20/2021,,
Resham,IL,Crimson clover,,2.2177382,13.8425779,6.0347409,28.9984283,39.772541,40.9164799,,62.8088515,31.0695223,6.12162611,Late bloom,5945,,,SP21 L IL L N5 4 A-IL,,,,,9/23/2020,4/20/2021,,
Resham,IL,Cereal rye,,2.382443,9.6470814,4.5600109,26.6657562,50.664959,36.2920528,,51.1737322,46.8717898,1.95447793,Feekes 10.1,5950,,,SP21 L IL R N5 1 A-IL,,,,,9/23/2020,4/20/2021,,
Resham,IL,Cereal rye,,2.4783511,10.0922308,5.0444784,26.5250645,49.6042442,36.2529926,,52.28296,45.7211336,1.99590633,Feekes 10.2,5951,,,SP21 L IL R N5 2 A-IL,,,,,9/23/2020,4/20/2021,,
Resham,IL,Cereal rye,,2.5430651,9.3494377,5.1239653,26.8752823,48.6882439,37.7034651,,53.2372656,43.9343845,2.82834986,Feekes 10.3,5952,,,SP21 L IL R N5 3 A-IL,,,,,9/23/2020,4/20/2021,,
Resham,IL,Cereal rye,,2.6080587,10.4642124,5.5995846,27.0265827,49.7660828,35.0456873,,52.1409132,45.6261334,2.23295339,Feekes 10.4,5953,,,SP21 L IL R N5 4 A-IL,,,,,9/23/2020,4/20/2021,,
Resham,IN,Hairy vetch,,2.3741031,20.6848526,9.5693378,24.0007477,27.5070286,41.7901699,,78.3326723,14.1808013,7.48652644,Vegetative,5954,,,SP21 L IN L N5 1 A-IN,,,,,9/18/2020,4/18/2021,,
Resham,IN,Hairy vetch,,2.3796096,20.8379574,9.5235329,24.6301117,27.9933529,41.2250819,,77.7237124,14.5249504,7.75133715,Vegetative,5955,,,SP21 L IN L N5 2 A-IN,,,,,9/18/2020,4/18/2021,,
Resham,IN,Hairy vetch,,2.2491121,20.2183704,8.5828285,24.7312775,28.2555771,42.6720023,,76.8043503,15.4178124,7.77783739,Vegetative,5956,,,SP21 L IN L N5 3 A-IN,,,,,9/18/2020,4/18/2021,,
Resham,IN,Hairy vetch,,2.2294645,17.6905956,11.4737396,25.7432671,28.7618961,41.8576369,,78.1344844,12.8520951,9.01342044,Vegetative,5957,,,SP21 L IN L N5 4 A-IN,,,,,9/18/2020,4/18/2021,,
Resham,IN,Cereal rye,,2.5308919,9.1775246,4.3565693,23.9308796,43.480072,43.4985472,,58.5250618,39.1719116,2.30302667,Feekes 10.1,5962,,,SP21 L IN R N5 1 A-IN,,,,,9/18/2020,4/18/2021,,
Resham,IN,Cereal rye,,2.506196,10.0693283,6.0395923,22.5974655,41.3801613,42.9013334,,61.086137,37.1980972,1.71576575,Feekes 10.1,5963,,,SP21 L IN R N5 3 A-IN,,,,,9/18/2020,4/18/2021,,
Resham,KY,Crimson clover,,2.1195185,16.8463516,21.8695488,37.6315536,43.7979698,18.4324692,,63.0378924,24.7787665,12.1833412,Vegetative,5964,,,SP21 L KY L N5 1 A-KY,,,,,9/18/2020,4/16/2021,,
Resham,KY,Crimson clover,,2.7042358,19.0173492,11.1770639,28.4859276,36.96838,32.7207577,,67.8547427,23.7886325,8.35662489,Vegetative,5965,,,SP21 L KY L N5 2 A-KY,,,,,9/18/2020,4/16/2021,,
Resham,KY,Crimson clover,,2.6676404,18.086401,14.3107653,31.6060619,38.5105782,29.1203556,,67.3303125,22.0228452,10.6468423,Vegetative,5966,,,SP21 L KY L N5 3 A-KY,,,,,9/18/2020,4/16/2021,,
Resham,KY,Crimson clover,,2.873456,19.1656227,11.3761587,29.5575104,38.1112213,31.1413268,,66.5458224,24.8787403,8.57543723,Vegetative,5967,,,SP21 L KY L N5 4 A-KY,,,,,9/18/2020,4/16/2021,,
Resham,KY,Cereal rye,,2.663836,9.5567446,10.0551319,34.9327278,56.4890251,25.1894942,,44.6186836,51.590312,3.79100438,Feekes 10.2,5972,,,SP21 L KY R N5 1 A-KY,,,,,9/18/2020,4/16/2021,,
Resham,KY,Cereal rye,,2.9236066,13.2619076,8.5111647,33.0077858,57.4473724,21.8772648,,43.7508302,51.972322,4.27684775,Feekes 10.2,5973,,,SP21 L KY R N5 2 A-KY,,,,,9/18/2020,4/16/2021,,
Resham,KY,Cereal rye,,2.6550579,11.240798,7.429368,33.5056992,60.35466,22.5449423,,40.7769861,55.6382576,3.58475625,Feekes 10.2,5974,,,SP21 L KY R N5 3 A-KY,,,,,9/18/2020,4/16/2021,,
Resham,KY,Cereal rye,,2.6378901,11.2000723,6.8013296,31.9030819,57.8429832,25.5667336,,43.566928,53.490733,2.94233898,Feekes 10.2,5975,,,SP21 L KY R N5 4 A-KY,,,,,9/18/2020,4/16/2021,,
Resham,LA,Crimson clover,,0.9060142,14.2584772,8.950922,40.6487885,47.5538483,31.6595077,,54.8117574,35.2707143,9.9175283,Full bloom,5976,,,SP21 L LA L N5 1 A-LA,,,,,10/5/2020,4/23/2021,,
Resham,LA,Crimson clover,,1.1899731,13.9356775,9.5196609,43.8404808,49.7987747,29.041828,,52.3022627,37.9898987,9.7078386,Full bloom,5977,,,SP21 L LA L N5 3 A-LA,,,,,10/5/2020,4/23/2021,,
Resham,LA,Crimson clover,,1.1847386,15.6486835,9.4294186,41.2560997,46.5784111,30.419237,,55.9854673,35.5510195,8.46351317,Full bloom,5978,,,SP21 L LA L N5 4 A-LA,,,,,10/5/2020,4/23/2021,,
Resham,LA,Cereal rye,,2.0514615,9.8642092,7.3451829,40.1046104,68.7416458,16.8094158,,31.8737158,62.5659739,5.56031031,Feekes 11.2,5982,,,SP21 L LA R N5 4 A-LA,,,,,10/5/2020,4/23/2021,,
Resham,MD,Crimson clover,,2.0444469,18.8451843,7.6088786,35.8750954,43.4931259,31.0528831,,59.1420125,33.4049152,7.45307237,Full bloom,5983,,,SP21 L MD L N5 1 A-MD,,,,,9/25/2020,5/4/2021,,
Resham,MD,Crimson clover,,1.8711179,16.3081169,7.033915,38.2155952,46.2851105,31.7416974,,55.9826635,36.2628761,7.75446036,Full bloom,5984,,,SP21 L MD L N5 2 A-MD,,,,,9/25/2020,5/4/2021,,
Resham,MD,Crimson clover,,1.9577597,15.9836454,8.426424,39.9612961,48.8728638,28.1804076,,53.2779759,38.6317282,8.09029592,Full bloom,5985,,,SP21 L MD L N5 3 A-MD,,,,,9/25/2020,5/4/2021,,
Resham,MD,Crimson clover,,1.8621308,14.9336185,6.1920843,38.8941078,47.8712387,32.4919144,,54.1820245,38.1452342,7.67274128,Full bloom,5986,,,SP21 L MD L N5 4 A-MD,,,,,9/25/2020,5/4/2021,,
Resham,MD,Cereal rye,,1.6674296,5.2171249,4.9434967,44.8936768,73.4852524,19.8306641,,28.0454201,66.294253,5.66032696,Feekes 10.5,5991,,,SP21 L MD R N5 1 A-MD,,,,,9/25/2020,5/4/2021,,
Resham,MD,Cereal rye,,1.3293774,3.4805484,2.4915645,45.6956863,76.0706177,21.9528352,,26.6715937,67.8640529,5.46435336,Feekes 10.6,5992,,,SP21 L MD R N5 2 A-MD,,,,,9/25/2020,5/4/2021,,
Resham,MD,Cereal rye,,1.8112293,6.3128977,5.0627518,43.7543068,71.8080978,20.0315902,,29.668495,64.2184748,6.11303014,Feekes 10.7,5993,,,SP21 L MD R N5 3 A-MD,,,,,9/25/2020,5/4/2021,,
Resham,MD,Cereal rye,,1.6480727,7.0306721,4.9751935,42.6240349,68.532814,22.6105447,,32.9892555,60.995792,6.01495252,Feekes 10.8,5994,,,SP21 L MD R N5 4 A-MD,,,,,9/25/2020,5/4/2021,,
Resham,NC,Crimson clover,,2.1186295,23.7694855,9.8568916,31.7439709,37.8873787,29.0197312,,66.2032187,27.873787,5.92299423,Mid bloom,5995,,,SP21 L NC L N5 1 A-NC,,,,,10/7/2020,4/21/2021,,
Resham,NC,Crimson clover,,1.8496286,21.2179585,7.4224243,30.9158115,36.6189346,35.4543794,,66.7156666,27.783725,5.50060839,Mid bloom,5996,,,SP21 L NC L N5 2 A-NC,,,,,10/7/2020,4/21/2021,,
Resham,NC,Crimson clover,,1.8963134,16.6141281,7.2469325,39.0986023,46.1682968,31.30611,,56.1389695,36.9333459,6.92768457,Mid bloom,5997,,,SP21 L NC L N5 3 A-NC,,,,,10/7/2020,4/21/2021,,
Resham,NC,Crimson clover,,1.5149012,16.5108089,5.1071606,32.4338112,39.745575,39.9037446,,62.5805209,31.4879508,5.93152825,Mid bloom,5998,,,SP21 L NC L N5 4 A-NC,,,,,10/7/2020,4/21/2021,,
Resham,NC,Cereal rye,,1.2015691,5.175477,3.5457373,44.8755417,76.2769165,19.1396843,,25.9717794,69.3014819,4.72673864,Feekes 10.5,6003,,,SP21 L NC R N5 1 A-NC,,,,,10/7/2020,4/21/2021,,
Resham,NC,Cereal rye,,1.5230882,6.9380832,4.66959,42.4975319,72.8689194,19.1011436,,28.7822073,65.4453558,5.77243691,Feekes 10.5,6004,,,SP21 L NC R N5 2 A-NC,,,,,10/7/2020,4/21/2021,,
Resham,NC,Cereal rye,,0.9747342,4.2018538,2.7153001,44.6565895,75.1758194,22.1945999,,27.4173293,66.7993755,5.78329527,Feekes 10.5,6005,,,SP21 L NC R N5 3 A-NC,,,,,10/7/2020,4/21/2021,,
Resham,NC,Cereal rye,,1.6024241,7.2571893,3.1329327,41.613102,72.2638245,20.8020971,,30.0242223,64.3202581,5.65551961,Feekes 10.5,6006,,,SP21 L NC R N5 4 A-NC,,,,,10/7/2020,4/21/2021,,
Resham,NE,Hairy vetch,,2.9445574,23.416729,11.3762255,24.2751923,26.708334,37.4237375,,80.6210007,11.7985711,7.58042818,Vegetative,6007,,,SP21 L NE L N5 1 A-NE,,,,,8/26/2020,4/29/2021,,
Resham,NE,Hairy vetch,,2.8939438,19.8734112,9.9359932,26.3734531,30.2988453,39.1187257,,75.2424118,16.7554421,8.00214614,Vegetative,6008,,,SP21 L NE L N5 2 A-NE,,,,,8/26/2020,4/29/2021,,
Resham,NE,Hairy vetch,,3.131784,19.5698681,9.5952396,25.3405876,28.5144787,41.1846431,,77.1522046,14.6927378,8.1550577,Vegetative,6009,,,SP21 L NE L N5 3 A-NE,,,,,8/26/2020,4/29/2021,,
Resham,NE,Hairy vetch,,2.8498757,19.770237,11.2474318,26.8672199,30.5329227,37.7368374,,75.7849073,15.6151586,8.59993405,Vegetative,6010,,,SP21 L NE L N5 4 A-NE,,,,,8/26/2020,4/29/2021,,
Resham,NE,Cereal rye,,2.9407375,16.2957039,8.8823423,27.9295998,51.7798538,23.7259523,,50.0377837,46.1827289,3.7794874,Feekes 7,6015,,,SP21 L NE R N5 1 A-NE,,,,,8/26/2020,4/29/2021,,
Resham,NE,Cereal rye,,2.8660281,14.4537296,7.1555705,26.7093754,50.8483543,28.2357023,,51.0435366,45.6270148,3.3294486,Feekes 7,6016,,,SP21 L NE R N5 2 A-NE,,,,,8/26/2020,4/29/2021,,
Resham,NE,Cereal rye,,2.6364372,13.4478664,8.149394,29.6476059,52.3634109,27.0683303,,49.3925697,46.9792323,3.62819803,Feekes 7,6017,,,SP21 L NE R N5 3 A-NE,,,,,8/26/2020,4/29/2021,,
Resham,NE,Cereal rye,,2.7058084,13.6740465,7.8147101,29.654089,52.2269821,27.2343416,,49.5466844,46.2953449,4.15797073,Feekes 7,6018,,,SP21 L NE R N5 4 A-NE,,,,,8/26/2020,4/29/2021,,
Resham,NY,Hairy vetch,,1.606336,7.9667816,4.933794,40.1546364,63.5093651,26.4293789,,38.0664327,56.5984687,5.33509854,Vegetative,6019,,,SP21 L NY L N5 1 A-NY,,,,,9/10/2020,5/14/2021,,
Resham,NY,Hairy vetch,,1.573099,7.625607,4.6011491,38.4943237,61.5291557,28.9780301,,40.1417795,54.4727693,5.38545119,Vegetative,6020,,,SP21 L NY L N5 2 A-NY,,,,,9/10/2020,5/14/2021,,
Resham,NY,Hairy vetch,,1.6359826,7.6558342,5.1555238,41.5682449,65.8469391,24.315006,,35.6388661,59.1457512,5.2153827,Vegetative,6021,,,SP21 L NY L N5 3 A-NY,,,,,9/10/2020,5/14/2021,,
Resham,NY,Hairy vetch,,1.6641304,6.760735,4.4892921,39.1692352,63.2853928,28.2304272,,38.4020509,56.5403089,5.05764026,Vegetative,6022,,,SP21 L NY L N5 4 A-NY,,,,,9/10/2020,5/14/2021,,
Resham,NY,Cereal rye,,2.0279243,17.787117,9.7140303,28.9665585,36.5251961,36.502496,,67.7474028,25.2373872,7.01521001,Feekes 10.5,6027,,,SP21 L NY R N5 1 A-NY,,,,,9/10/2020,5/14/2021,,
Resham,NY,Cereal rye,,1.9534336,9.9171381,6.0945711,27.3144741,39.0749092,45.6951916,,63.576192,32.5583608,3.86544715,Feekes 10.5,6028,,,SP21 L NY R N5 2 A-NY,,,,,9/10/2020,5/14/2021,,
Resham,NY,Cereal rye,,2.0901673,17.2742004,9.5281925,27.3529739,35.9231415,37.6989182,,68.3734636,25.3883259,6.23821041,Feekes 10.5,6029,,,SP21 L NY R N5 3 A-NY,,,,,9/10/2020,5/14/2021,,
Resham,VT,Hairy vetch,,1.8727378,24.2670326,12.1716547,20.8562317,20.9650612,42.191068,,88.5983889,5.38483924,6.01677191,Vegetative,6031,,,SP21 L VT L N5 1 A-VT,,,,,8/28/2020,5/3/2021,,
Resham,VT,Hairy vetch,,1.8946716,19.8435135,11.2424221,23.7794914,25.5364552,43.2704895,,81.975353,11.9064753,6.11817168,Vegetative,6032,,,SP21 L VT L N5 2 A-VT,,,,,8/28/2020,5/3/2021,,
Resham,VT,Cereal rye,,3.1077204,15.5878582,9.8956242,24.3593636,45.6525688,28.9519082,,57.1282437,39.8115615,3.06019483,Feekes 6,6037,,,SP21 L VT R N5 1 A-VT,,,,,8/28/2020,5/3/2021,,
Resham,VT,Cereal rye,,3.0611839,15.0143623,10.378171,28.33284,51.5459404,23.6085582,,50.3116013,46.4407789,3.24761985,Feekes 6,6038,,,SP21 L VT R N5 2 A-VT,,,,,8/28/2020,5/3/2021,,
Resham,VT,Cereal rye,,3.1590838,12.534709,8.5322666,25.0205154,46.0193329,32.975961,,56.4897285,40.7137248,2.79654669,Feekes 6,6039,,,SP21 L VT R N5 3 A-VT,,,,,8/28/2020,5/3/2021,,
Resham,VT,Cereal rye,,2.9015682,14.6374149,9.5599298,26.1469841,47.4960976,28.7297163,,54.9477732,42.2742721,2.77795474,Feekes 6,6040,,,SP21 L VT R N5 4 A-VT,,,,,8/28/2020,5/3/2021,,
Resham,WI,Cereal rye,,3.9658694,22.8137455,11.5831347,23.3570976,42.4741516,22.1362894,,61.2928097,35.7689448,2.93824554,Feekes 6,6044,,,SP21 L WI R N5 1 A-WI,,,,,9/23/2020,4/16/2021,,
Resham,WI,Cereal rye,,4.0283737,22.4573536,11.7228651,24.5131931,43.7460709,21.1075617,,59.7781768,37.223165,2.99865826,Feekes 6,6045,,,SP21 L WI R N5 2 A-WI,,,,,9/23/2020,4/16/2021,,
Resham,WI,Cereal rye,,4.0902362,20.3933697,11.438797,23.262579,42.9491234,24.1349123,,60.6754265,36.1262705,3.19830295,Feekes 6,6046,,,SP21 L WI R N5 3 A-WI,,,,,9/23/2020,4/16/2021,,
Resham,WI,Cereal rye,,4.0410314,20.4880581,11.9803247,23.2559757,42.6686096,23.8087789,,61.1669256,35.6236412,3.2094332,Feekes 6,6047,,,SP21 L WI R N5 4 A-WI,,,,,9/23/2020,4/16/2021,,
Resham,FL,Cereal rye,,1.646413,4.3862882,1.562601,39.34161,68.1522675,29.02308903,,34.48830017,60.41125543,5.100444395,Milky ripe,1238,,,SP22 L FL R N5 1 A,,,,,10/10/2021,4/8/2022,,
Resham,FL,Crimson clover,,1.826439,21.1060047,9.7011852,30.8730183,36.5726357,33.3538199,,67.68616022,24.5717388,7.742100982,Early bloom,1239,,,SP22 L FL L N5 1 A,,,,,10/10/2021,4/8/2022,,
Resham,FL,Cereal rye,,1.724969,5.4644818,2.506561,39.3654747,68.1952667,26.88239017,,34.15362296,60.41299653,5.433380511,Milky ripe,1241,,,SP22 L FL R N5 2 A,,,,,10/10/2021,4/8/2022,,
Resham,FL,Crimson clover,,1.820424,21.8728142,10.5552998,31.9944324,37.1297722,31.22077385,,67.38867758,25.01039912,7.600923298,Early bloom,1242,,,SP22 L FL L N5 2 A,,,,,10/10/2021,4/8/2022,,
Resham,FL,Cereal rye,,1.848017,5.1288629,1.656832,39.5925827,69.5026245,26.72884732,,33.19076594,61.47018171,5.33905235,Milky ripe,1244,,,SP22 L FL R N5 3 A,,,,,10/10/2021,4/8/2022,,
Resham,FL,Crimson clover,,1.7493711,18.9467697,9.6133261,34.7302361,40.678894,31.85916168,,62.84950425,28.75787562,8.39262013,Early bloom,1245,,,SP22 L FL L N5 3 A,,,,,10/10/2021,4/8/2022,,
Resham,FL,Cereal rye,,1.780835,4.2863131,2.0323999,39.5046043,67.9161224,28.73845817,,34.56732376,60.15013919,5.282537052,Milky ripe,1247,,,SP22 L FL R N5 4 A,,,,,10/10/2021,4/8/2022,,
Resham,FL,Crimson clover,,1.771909,19.8042183,10.3385372,33.4117622,38.9207764,31.88901345,,65.16373927,26.6425936,8.193667128,Early bloom,1248,,,SP22 L FL L N5 4 A,,,,,10/10/2021,4/8/2022,,
Resham,IL,Cereal rye,,2.5153141,7.0578399,4.8175678,33.3523827,60.2587662,29.56862563,,41.3835348,56.05487108,2.561594116,Feekes 10.5,1250,,,SP22 L IL R N5 1 A,,,,,10/18/2021,5/11/2022,,
Resham,IL,Crimson clover,,2.5574729,15.4591446,6.169703,31.5279655,38.1396713,40.34378519,,64.60773055,28.36293156,7.029337896,Mid bloom,1251,,,SP22 L IL L N5 1 A,,,,,10/18/2021,5/11/2022,,
Resham,IL,Cereal rye,,2.535861,7.451879,4.977921,33.4519539,62.085247,27.29505929,,39.49862253,57.78879923,2.712578241,Feekes 10.5,1253,,,SP22 L IL R N5 2 A,,,,,10/18/2021,5/11/2022,,
Resham,IL,Crimson clover,,2.5120649,17.8290749,6.743278,30.9252338,36.7414818,38.74600413,,66.32644473,27.08071486,6.592840405,Mid bloom,1254,,,SP22 L IL L N5 2 A,,,,,10/18/2021,5/11/2022,,
Resham,IL,Cereal rye,,2.579545,6.8037648,3.595403,32.7262535,60.8460464,30.43446405,,41.02031843,56.14404236,2.83563921,Feekes 10.5,1256,,,SP22 L IL R N5 3 A,,,,,10/18/2021,5/11/2022,,
Resham,IL,Crimson clover,,2.8423901,16.0189552,6.9283128,28.5210934,35.2678795,41.41121397,,68.01841013,25.14290382,6.838686053,Mid bloom,1257,,,SP22 L IL L N5 3 A,,,,,10/18/2021,5/11/2022,,
Resham,IL,Cereal rye,,2.619328,6.468956,3.9350989,33.355072,61.1153831,30.13931082,,40.68920011,56.33895264,2.971847249,Feekes 10.5,1259,,,SP22 L IL R N5 4 A,,,,,10/18/2021,5/11/2022,,
Resham,IL,Crimson clover,,2.8377709,15.7662544,6.7763901,29.1405411,37.0838585,40.1315962,,65.96314387,27.30457268,6.732283445,Mid bloom,1260,,,SP22 L IL L N5 4 A,,,,,10/18/2021,5/11/2022,,
Resham,KY,Cereal rye,,2.506423,6.5461111,7.7223358,34.4782257,54.4742813,32.56404849,,47.09434851,49.16426961,3.741381883,Feekes 10.1,1262,,,SP22 L KY R N5 1 A,,,,,9/28/2021,4/22/2022,,
Resham,KY,Crimson clover,,2.2078159,20.4397984,9.2050524,25.4954052,33.2551537,37.22004036,,71.34086699,21.38329034,7.275842675,Vegetative,1263,,,SP22 L KY L N5 1 A,,,,,9/28/2021,4/22/2022,,
Resham,KY,Cereal rye,,2.285799,6.3306112,6.285253,36.3376045,61.5237274,27.88127032,,39.78549194,56.67189174,3.542616325,Feekes 10.1,1265,,,SP22 L KY R N5 2 A,,,,,9/28/2021,4/22/2022,,
Resham,KY,Crimson clover,,2.173878,17.3824329,11.1344357,27.4305477,34.902317,36.85009859,,70.35473458,21.88765779,7.75760763,Vegetative,1266,,,SP22 L KY L N5 2 A,,,,,9/28/2021,4/22/2022,,
Resham,KY,Cereal rye,,2.722888,10.3788605,7.294385,34.5917511,59.792511,23.99683127,,41.40618726,55.20157753,3.39223521,Feekes 10.1,1268,,,SP22 L KY R N5 3 A,,,,,9/28/2021,4/22/2022,,
Resham,KY,Crimson clover,,2.395622,20.4831924,9.2427645,26.8529243,34.3992119,35.88715403,,70.02416202,23.00573,6.970107976,Vegetative,1269,,,SP22 L KY L N5 3 A,,,,,9/28/2021,4/22/2022,,
Resham,KY,Cereal rye,,2.3186131,6.6413188,7.1662011,33.6831627,53.7547379,33.88196075,,47.90527443,49.0096525,3.085073075,Feekes 10.1,1271,,,SP22 L KY R N5 4 A,,,,,9/28/2021,4/22/2022,,
Resham,KY,Crimson clover,,2.024055,18.0086803,15.669095,31.0574875,37.853817,29.09411989,,68.89043424,22.02370459,9.085861168,Vegetative,1272,,,SP22 L KY L N5 4 A,,,,,9/28/2021,4/22/2022,,
Resham,LA,Cereal rye,,3.170135,9.986145,8.7216005,33.0271378,58.5981102,23.62587701,,42.44486837,54.55835359,2.996778047,Feekes 11.2,1274,,,SP22 L LA R N5 1 A,,,,,,,,
Resham,LA,Cereal rye,,3.2698381,9.1753244,9.3224564,35.0855598,60.7811966,21.70586826,,39.89151049,56.93061032,3.177879195,Feekes 11.2,1276,,,SP22 L LA R N5 2 A,,,,,,,,
Resham,LA,Cereal rye,,3.1302309,9.6423416,8.8973646,33.7298737,57.8993187,24.48369651,,43.19155631,53.97282198,2.835621709,Feekes 11.2,1278,,,SP22 L LA R N5 3 A,,,,,,,,
Resham,LA,Cereal rye,,3.000912,9.7746382,7.8804379,32.4361305,59.0771217,24.40228872,,42.0685032,55.33811238,2.593384416,Feekes 11.2,1280,,,SP22 L LA R N5 4 A,,,,,,,,
Resham,MD,Cereal rye,,2.138962,6.1009569,4.9552059,38.2252083,64.9135513,26.43527249,,36.6415465,58.49393785,4.864515642,Feekes 10.5,1282,,,SP22 L MD R N5 1 A,,,,,10/5/2021,4/29/2022,,
Resham,MD,Crimson clover,,1.87869,16.2089233,7.966032,35.0540924,40.2304649,36.53202234,,62.86496081,29.51068065,7.62435854,Full bloom,1283,,,SP22 L MD L N5 1 A,,,,,10/5/2021,4/29/2022,,
Resham,MD,Cereal rye,,2.5439529,6.3560872,6.4076862,39.2607269,66.6430817,22.71420772,,34.41956515,60.82968804,4.75074681,Feekes 10.5,1285,,,SP22 L MD R N5 2 A,,,,,10/5/2021,4/29/2022,,
Resham,MD,Crimson clover,,2.023339,14.8620949,7.4788508,33.7750397,39.7671432,38.65227212,,63.23606565,29.25322884,7.510705507,Full bloom,1286,,,SP22 L MD L N5 2 A,,,,,10/5/2021,4/29/2022,,
Resham,MD,Cereal rye,,2.428051,5.985806,6.2354512,38.7763557,65.1998749,24.71480814,,35.97301986,58.80812358,5.218856551,Feekes 10.5,1288,,,SP22 L MD R N5 3 A,,,,,10/5/2021,4/29/2022,,
Resham,MD,Crimson clover,,1.879095,18.4984341,8.5789804,32.9730568,37.793293,35.89572801,,65.82624503,26.77653591,7.397219059,Full bloom,1289,,,SP22 L MD L N5 3 A,,,,,10/5/2021,4/29/2022,,
Resham,MD,Cereal rye,,2.5238969,6.809299,6.0734792,37.7958832,63.5349274,25.50584242,,37.74523801,56.98024137,5.274520627,Feekes 10.5,1291,,,SP22 L MD R N5 4 A,,,,,10/5/2021,4/29/2022,,
Resham,MD,Crimson clover,,1.800745,19.3780441,9.0177565,31.1119308,35.2276459,37.04174371,,68.95681827,23.9764588,7.066722922,Full bloom,1292,,,SP22 L MD L N5 4 A,,,,,10/5/2021,4/29/2022,,
Resham,NE,Cereal rye,,2.995851,10.6085262,9.4554834,31.1934986,52.6913223,27.93720966,,49.00076464,47.339306,3.659929365,Feekes 7,1294,,,SP22 L NE R N5 1 A,,,,,9/19/2021,5/9/2022,,
Resham,NE,Hairy vetch,,1.427417,27.274683,19.3605461,29.5251789,30.0684738,23.97367327,,83.10618103,5.404341728,11.48947725,Vegetative,1295,,,SP22 L NE L N5 1 A,,,,,9/19/2021,5/9/2022,,
Resham,NE,Cereal rye,,3.0559371,11.548152,7.2845812,29.2973232,51.4573593,30.25598555,,50.38597918,46.0586129,3.555407922,Feekes 7,1297,,,SP22 L NE R N5 2 A,,,,,9/19/2021,5/9/2022,,
Resham,NE,Hairy vetch,,1.618001,24.9602108,20.3367538,31.4193592,30.5953388,24.63136932,,83.31073522,3.563591756,13.12567303,Vegetative,1298,,,SP22 L NE L N5 2 A,,,,,9/19/2021,5/9/2022,,
Resham,NE,Cereal rye,,3.0743411,11.9167023,9.3121586,31.4813995,53.0272408,26.38146406,,48.62343336,47.67745962,3.699107018,Feekes 7,1300,,,SP22 L NE R N5 3 A,,,,,9/19/2021,5/9/2022,,
Resham,NE,Hairy vetch,,1.4259371,21.7086143,17.6910439,33.1799393,33.4644661,28.05245123,,76.44366469,11.10209578,12.45423953,Vegetative,1301,,,SP22 L NE L N5 3 A,,,,,9/19/2021,5/9/2022,,
Resham,NE,Cereal rye,,2.9579561,11.3493319,9.5034285,31.3516827,51.5346947,28.26201743,,50.31798794,45.83315733,3.848854727,Feekes 7,1303,,,SP22 L NE R N5 4 A,,,,,9/19/2021,5/9/2022,,
Resham,NE,Hairy vetch,,1.330591,25.7482376,19.0094166,30.3375473,30.2988968,25.73378078,,82.38828052,6.900580198,10.71113929,Vegetative,1304,,,SP22 L NE L N5 4 A,,,,,9/19/2021,5/9/2022,,
Resham,NY,Cereal rye,,2.202291,5.7860999,5.6965952,41.8806534,69.5192184,21.66214079,,31.7209061,62.4482324,5.830861499,Feekes 10.5,1306,,,SP22 L NY R N5 1 A,,,,,9/12/2021,5/19/2022,,
Resham,NY,Hairy vetch,,2.571033,14.5448971,3.751754,27.2847977,42.6953392,39.42565044,,59.21504152,37.11221405,3.672744423,Vegetative,1307,,,SP22 L NY L N5 1 A,,,,,9/12/2021,5/19/2022,,
Resham,NY,Cereal rye,,2.2425809,6.3297982,5.4115129,40.4585495,67.7321625,23.02519688,,33.64371056,60.48808967,5.868199773,Feekes 10.5,1309,,,SP22 L NY R N5 2 A,,,,,9/12/2021,5/19/2022,,
Resham,NY,Cereal rye,,2.234386,6.0929508,6.2492661,42.618721,71.3460236,19.07159515,,29.62184737,64.42651193,5.951640701,Feekes 10.5,1311,,,SP22 L NY R N5 3 A,,,,,9/12/2021,5/19/2022,,
Resham,NY,Hairy vetch,,2.234638,25.2907143,10.4933319,26.2606564,29.9890785,34.0914728,,75.96458084,16.76481773,7.270601433,Vegetative,1312,,,SP22 L NY L N5 3 A,,,,,9/12/2021,5/19/2022,,
Resham,NY,Cereal rye,,2.293237,6.4819851,5.8351951,42.3344383,70.2582016,20.04945531,,30.91194998,63.23394226,5.85410776,Feekes 10.5,1314,,,SP22 L NY R N5 4 A,,,,,9/12/2021,5/19/2022,,
Resham,NY,Hairy vetch,,2.2627709,24.6654129,10.9542599,28.3937798,32.2370911,32.13706158,,73.51171041,18.27050208,8.217787508,Vegetative,1315,,,SP22 L NY L N5 4 A,,,,,9/12/2021,5/19/2022,,
Resham,PA,Cereal rye,,2.1770539,8.4744654,6.0124359,40.1640396,68.424057,19.70167179,,32.72058701,61.7575468,5.521866189,Feekes 10.1,1316,,,SP22 L PA R N5 1 A,,,,,10/13/2021,5/12/2022,,
Resham,PA,Cereal rye,,1.78476,6.291635,4.1957369,39.8953209,68.6775131,23.85778092,,33.12125765,62.47828381,4.400458541,Feekes 10.1,1318,,,SP22 L PA R N5 2 A,,,,,10/13/2021,5/12/2022,,
Resham,PA,Cereal rye,,2.2655809,7.681417,5.6214638,35.3431892,61.218853,27.49800501,,40.2450991,55.53103486,4.223866037,Feekes 10.1,1320,,,SP22 L PA R N5 3 A,,,,,10/13/2021,5/12/2022,,
Resham,PA,Cereal rye,,2.2382579,8.0238171,4.5331621,36.2624664,64.3938217,25.31850872,,37.28009242,58.59946471,4.120442864,Feekes 10.1,1322,,,SP22 L PA R N5 4 A,,,,,10/13/2021,5/12/2022,,
Resham,SC,Cereal rye,,1.975245,5.307404,2.8928361,41.583683,73.4967499,21.47253749,,28.94066714,65.2339814,5.82535146,Feekes 11,1324,,,SP22 L SC R N5 1 A,,,,,,4/19/2022,,
Resham,SC,Crimson clover,,1.996773,15.8011532,8.278348,41.9590569,46.7528114,30.4436112,,55.63164463,34.58921251,9.779142859,Late pod set,1325,,,SP22 L SC L N5 1 A,,,,,,4/19/2022,,
Resham,SC,Cereal rye,,2.0825031,5.7593198,2.4685421,40.7279091,73.2490845,21.56798642,,29.3539336,65.1859617,5.460104697,Feekes 12,1327,,,SP22 L SC R N5 2 A,,,,,,4/19/2022,,
Resham,SC,Crimson clover,,1.67284,16.7460213,10.2080536,39.9988518,45.4764061,29.08002743,,57.38851268,32.69708039,9.91440693,Late pod set,1328,,,SP22 L SC L N5 2 A,,,,,,4/19/2022,,
Resham,SC,Cereal rye,,1.745313,5.4589939,2.5165291,41.3275795,72.8105316,22.56536961,,29.75073154,64.20547009,6.043798369,Feekes 13,1330,,,SP22 L SC R N5 3 A,,,,,,4/19/2022,,
Resham,SC,Crimson clover,,1.681168,15.9961205,7.5499821,41.0913925,47.199234,30.87744178,,55.04822921,35.8829273,9.068843495,Late pod set,1331,,,SP22 L SC L N5 3 A,,,,,,4/19/2022,,
Resham,SC,Cereal rye,,1.813042,6.0441818,2.095222,40.9485474,73.2633591,21.91263024,,29.49321034,65.18104369,5.325745975,Feekes 14,1333,,,SP22 L SC R N5 4 A,,,,,,4/19/2022,,
Resham,SC,Crimson clover,,1.720471,15.1321888,7.379189,39.9840202,46.5471344,32.47931621,,55.74239527,34.87532803,9.382276693,Late pod set,1334,,,SP22 L SC L N5 4 A,,,,,,4/19/2022,,
Resham,VT,Cereal rye,,3.3836989,19.8925781,9.6255236,25.4510441,43.7712288,26.39095662,,59.25962544,37.62800069,3.112373861,Feekes 6,1336,,,SP22 L VT R N5 1 A,,,,,8/28/2020,5/3/2021,,
Resham,VT,Hairy vetch,,1.532511,18.538826,19.6093884,34.5041466,32.4666023,30.12533446,,79.60916472,10.53920763,9.851627643,Vegetative,1337,,,SP22 L VT L N5 1 A,,,,,8/28/2020,5/3/2021,,
Resham,VT,Cereal rye,,3.0206139,17.7918148,10.0538292,26.1069202,43.0232582,29.12211197,,60.23178488,36.1523604,3.615854719,Feekes 6,1339,,,SP22 L VT R N5 2 A,,,,,8/28/2020,5/3/2021,,
Resham,VT,Hairy vetch,,1.720943,21.6688595,12.1940536,25.2324257,26.0740662,40.16726233,,82.07575355,9.409154686,8.51509176,Vegetative,1340,,,SP22 L VT L N5 2 A,,,,,8/28/2020,5/3/2021,,
Resham,VT,Cereal rye,,3.1187479,12.8972425,8.6500826,25.2822342,41.9794807,36.29300995,,61.08124544,36.2690775,2.649677062,Feekes 6,1342,,,SP22 L VT R N5 3 A,,,,,8/28/2020,5/3/2021,,
Resham,VT,Hairy vetch,,1.872726,22.6334152,12.8713503,24.0512161,24.3579369,39.96962718,,84.87858018,7.176962064,7.944457753,Vegetative,1343,,,SP22 L VT L N5 3 A,,,,,8/28/2020,5/3/2021,,
Resham,VT,Cereal rye,,3.112875,12.5802803,8.4700565,26.9538307,47.5521469,31.61329158,,54.76009708,42.35174313,2.888159793,Feekes 6,1345,,,SP22 L VT R N5 4 A,,,,,8/28/2020,5/3/2021,,
Resham,VT,Hairy vetch,,2.0674391,21.9629803,9.8459063,20.5847912,23.6203213,44.15677549,,83.19406486,10.66334594,6.142589203,Vegetative,1346,,,SP22 L VT L N5 4 A,,,,,8/28/2020,5/3/2021,,
Resham,WI,Cereal rye,,4.2313228,19.4648895,13.5888977,22.8143539,39.4915466,25.98775166,,65.73116863,31.49936212,2.76946925,Feekes 7-8,1348,,,SP22 L WI R N5 1 A,,,,,9/30/2021,4/28/2022,,
Resham,WI,Hairy vetch,,2.325624,21.8478794,25.4659843,28.0172405,30.8050728,21.7117946,,89.57705721,0.488946217,9.933996575,Vegetative,1349,,,SP22 L WI L N5 1 A,,,,,9/30/2021,4/28/2022,,
Resham,WI,Cereal rye,,4.238462,16.3955593,13.3199711,23.2255478,38.6298866,30.12021306,,66.72556579,30.53304157,2.741392632,Feekes 7-8,1351,,,SP22 L WI R N5 2 A,,,,,9/30/2021,4/28/2022,,
Resham,WI,Cereal rye,,4.29248,19.1130428,11.824892,21.8780632,37.7843704,29.63012073,,67.1378716,29.87280952,2.989318888,Feekes 7-8,1354,,,SP22 L WI R N5 3 A,,,,,9/30/2021,4/28/2022,,
Resham,WI,Hairy vetch,,2.35921,21.2845192,16.1566792,20.971138,24.5062504,37.40877873,,87.969278,4.568948279,7.461773718,Vegetative,1355,,,SP22 L WI L N5 3 A,,,,,9/30/2021,4/28/2022,,
Resham,WI,Cereal rye,,3.94752,20.8636417,11.3763447,20.4013786,35.1828003,31.09248932,,70.13370499,26.92084155,2.945453468,Feekes 7-8,1357,,,SP22 L WI R N5 4 A,,,,,9/30/2021,4/28/2022,,
Resham,WI,Hairy vetch,,2.432128,23.3100128,14.7452936,21.4326744,26.0732346,35.26445742,,84.33951315,7.742294152,7.918192694,Vegetative,1358,,,SP22 L WI L N5 4 A,,,,,9/30/2021,4/28/2022,,
Resham,NC,Crimson clover,,1.8464891,16.011179,6.7083216,39.7210655,45.2160378,33.3830951,,57.0937397,34.0921143,8.81414599,Mid bloom,6048,,,SP22 L NC L N5 1 A-NC,,,,,10/12/2021,4/25/2022,,
Resham,NC,Crimson clover,,1.7346518,15.1867561,7.010181,40.2272339,46.7945404,32.5494885,,55.4263118,35.3786946,9.19499353,Mid bloom,6049,,,SP22 L NC L N5 2 A-NC,,,,,10/12/2021,4/25/2022,,
Resham,NC,Crimson clover,,0.5192971,12.9939327,9.4472456,50.4911613,59.4635658,21.7384084,,41.3421863,46.3216332,12.3361805,Mid bloom,6050,,,SP22 L NC L N5 3 A-NC,,,,,10/12/2021,4/25/2022,,
Resham,NC,Crimson clover,,1.893357,17.3148441,7.8632684,38.4413872,44.1874733,31.8341803,,58.4232297,32.1082406,9.46852973,Mid bloom,6051,,,SP22 L NC L N5 4 A-NC,,,,,10/12/2021,4/25/2022,,
Resham,NC,Cereal rye,,1.356382,5.1075482,2.3611927,40.8313408,72.3155594,23.9214069,,30.2824664,64.8599667,4.85756696,Feekes 10.5,6056,,,SP22 L NC R N5 1 A-NC,,,,,10/12/2021,4/25/2022,,
Resham,NC,Cereal rye,,1.3593293,4.2978668,2.5224745,42.5932312,73.6230621,23.3508816,,28.9765902,65.7630471,5.26036271,Feekes 10.5,6057,,,SP22 L NC R N5 2 A-NC,,,,,10/12/2021,4/25/2022,,
Resham,NC,Cereal rye,,1.2108101,4.5021648,2.3383868,42.9855461,73.8265533,23.2899437,,28.8611856,66.0376732,5.10114115,Feekes 10.5,6058,,,SP22 L NC R N5 3 A-NC,,,,,10/12/2021,4/25/2022,,
Resham,NC,Cereal rye,,1.0286835,4.4991035,2.0145416,42.869915,74.2561264,23.3994738,,28.5930522,66.1987016,5.20824624,Feekes 10.5,6059,,,SP22 L NC R N5 4 A-NC,,,,,10/12/2021,4/25/2022,,
Resham,IN,Cereal rye,,2.8669319,13.9061794,9.6308994,27.4789467,46.5162621,30.33586555,,56.08589472,40.98966655,2.924438734,Feekes 9,7951,,,SP22 L IN R N5 1 A,,,,,10/11/2021,4/27/2022,,
Resham,IN,Cereal rye,,2.709403,14.938138,10.9193468,27.717104,45.6878929,28.9433718,,57.26551458,39.54860152,3.185883897,Feekes 9,7952,,,SP22 L IN R N5 3 A,,,,,10/11/2021,4/27/2022,,
Resham,KY,Cereal rye,,2.719322,8.0073338,8.7946053,38.0964012,62.1073914,22.7188649,,38.55022295,56.6600478,4.789729253,Feekes 10.1,7860,,,SP23 L KY R N5 1 A,,,,,9/26/2022,4/19/2023,,
Resham,KY,Crimson clover,,2.5920081,19.1214752,10.439271,30.0959301,36.0733185,34.2990595,,68.60365215,23.74861746,7.647730392,Vegetative,7861,,,SP23 L KY L N5 1 A,,,,,9/26/2022,4/19/2023,,
Resham,KY,Cereal rye,,2.681422,6.0410528,7.1431489,39.9392166,65.2543259,23.44785321,,35.63335371,59.33599356,5.030652734,Feekes 10.1,7863,,,SP23 L KY R N5 2 A,,,,,9/26/2022,4/19/2023,,
Resham,KY,Crimson clover,,2.947885,21.0536518,11.1436577,28.3344593,31.6312523,35.43774086,,74.36707578,17.49939326,8.133530959,Vegetative,7864,,,SP23 L KY L N5 2 A,,,,,9/26/2022,4/19/2023,,
Resham,KY,Cereal rye,,2.6626711,6.8536148,6.929553,39.9697952,65.5360031,22.60567822,,35.40452503,59.47522126,5.120253716,Feekes 10.1,7866,,,SP23 L KY R N5 3 A,,,,,9/26/2022,4/19/2023,,
Resham,KY,Crimson clover,,2.970006,21.2736607,10.7151146,29.8752937,34.9117012,32.57333658,,70.13268189,21.42204391,8.445274194,Vegetative,7867,,,SP23 L KY L N5 3 A,,,,,9/26/2022,4/19/2023,,
Resham,KY,Cereal rye,,2.4986801,7.0774989,8.1003847,42.6949081,69.4907837,17.69700746,,30.76030178,63.03743032,6.2022679,Feekes 10.1,7869,,,SP23 L KY R N5 4 A,,,,,9/26/2022,4/19/2023,,
Resham,KY,Crimson clover,,2.9806049,21.1525803,11.7180529,28.3215485,32.3149071,34.0958983,,73.87046091,18.20005016,7.929488925,Vegetative,7870,,,SP23 L KY L N5 4 A,,,,,9/26/2022,4/19/2023,,
Resham,IL,Cereal rye,,3.0049219,8.1684055,6.4180622,30.437233,52.4860687,33.59656651,,49.28547854,48.99901065,1.715510809,Feekes 10.1,7872,,,SP23 L IL R N5 1 A,,,,,10/18/2022,5/5/2023,,
Resham,IL,Crimson clover,,2.142843,16.6720104,6.9617949,34.9540749,40.8517799,36.23119639,,61.89397798,28.77496974,9.331052277,Mid bloom,7873,,,SP23 L IL L N5 1 A,,,,,10/18/2022,5/5/2023,,
Resham,IL,Cereal rye,,3.1147921,8.316494,6.7198749,30.0071621,50.6294327,34.76346659,,51.268083,47.04748926,1.684427739,Feekes 10.1,7875,,,SP23 L IL R N5 2 A,,,,,10/18/2022,5/5/2023,,
Resham,IL,Crimson clover,,2.274529,15.5184183,6.7688122,34.6222,40.9465103,37.35798592,,61.7393689,29.44857747,8.812053631,Mid bloom,7876,,,SP23 L IL L N5 2 A,,,,,10/18/2022,5/5/2023,,
Resham,IL,Cereal rye,,3.028533,12.1428242,6.0543871,26.3156548,47.3039932,34.78154202,,54.77141121,43.89400045,1.334588338,Feekes 10.1,7878,,,SP23 L IL R N5 3 A,,,,,10/18/2022,5/5/2023,,
Resham,IL,Crimson clover,,2.616051,16.5291557,7.6171718,31.3779488,37.1532173,38.68512941,,66.1928937,25.39357393,8.413532373,Mid bloom,7879,,,SP23 L IL L N5 3 A,,,,,10/18/2022,5/5/2023,,
Resham,IL,Cereal rye,,3.19014,11.5713444,6.47014,26.6824837,48.3632774,33.79052762,,53.68116735,44.94527629,1.373556358,Feekes 10.1,7881,,,SP23 L IL R N5 4 A,,,,,10/18/2022,5/5/2023,,
Resham,IL,Crimson clover,,2.2903261,17.2620621,6.5999041,31.5510826,37.5135384,38.96011699,,65.43109825,25.66342742,8.905474334,Mid bloom,7882,,,SP23 L IL L N5 4 A,,,,,10/18/2022,5/5/2023,,
Resham,FL,Cereal rye,,1.9473031,2.979027,3.349277,51.5180969,80.8919983,16.49483448,,21.645436,69.48073874,8.873825256,Mealy stage,7884,,,SP23 L FL R N5 1 A,,,,,11/16/2022,4/28/2023,,
Resham,FL,Crimson clover,,1.856851,16.2818604,9.7105885,41.5352249,49.5619431,26.05809302,,52.58509518,37.58844806,9.826456756,Pod set,7885,,,SP23 L FL L N5 1 A,,,,,11/16/2022,4/28/2023,,
Resham,FL,Cereal rye,,1.7147599,2.064137,2.8336091,53.8340073,83.2156067,15.99697977,,19.74470486,71.08658457,9.168710565,Mealy stage,7887,,,SP23 L FL R N5 2 A,,,,,11/16/2022,4/28/2023,,
Resham,FL,Crimson clover,,1.943055,14.6197958,8.6928329,40.0881042,48.1128998,29.99931949,,54.15324352,36.09833893,9.74841755,Pod set,7888,,,SP23 L FL L N5 2 A,,,,,11/16/2022,4/28/2023,,
Resham,FL,Cereal rye,,1.855372,3.070159,3.717931,51.8821716,82.1795807,14.92952795,,20.19499963,70.9147646,8.89023577,Mealy stage,7890,,,SP23 L FL R N5 3 A,,,,,11/16/2022,4/28/2023,,
Resham,FL,Crimson clover,,2.111582,15.3398504,10.0843563,43.4642372,50.2880554,25.69631978,,51.76604788,38.13744921,10.09650291,Pod set,7891,,,SP23 L FL L N5 3 A,,,,,11/16/2022,4/28/2023,,
Resham,FL,Cereal rye,,1.894393,3.570385,3.3168759,49.6658134,78.4974442,18.21572299,,23.95331263,67.59006167,8.456625707,Mealy stage,7893,,,SP23 L FL R N5 4 A,,,,,11/16/2022,4/28/2023,,
Resham,FL,Crimson clover,,2.2149091,17.8170719,10.4222183,39.7637787,45.6356812,27.10461718,,57.2392996,32.38415364,10.37654677,Pod set,7894,,,SP23 L FL L N5 4 A,,,,,11/16/2022,4/28/2023,,
Resham,MD,Crimson clover,,2.3499479,16.3367214,7.1904979,33.0863876,39.4744263,37.41161634,,63.4723697,28.07379818,8.453832121,Feekes 10.1,7896,,,SP23 L MD L N5 1 A,,,,,9/29/2022,4/26/2023,,
Resham,MD,Crimson clover,,2.367887,19.2878284,6.6245441,30.0204887,34.849514,39.30969248,,68.35424336,23.63796356,8.00779308,Feekes 10.1,7898,,,SP23 L MD L N5 2 A,,,,,9/29/2022,4/26/2023,,
Resham,MD,Crimson clover,,2.455519,19.6349506,5.885561,32.2043076,37.0876923,37.53241556,,65.64588423,26.32582534,8.028290425,Feekes 10.1,7900,,,SP23 L MD L N5 3 A,,,,,9/29/2022,4/26/2023,,
Resham,MD,Crimson clover,,2.477937,18.1743793,5.5236731,31.9804077,37.8223152,38.64925746,,64.73955678,27.00647708,8.253966138,Feekes 10.1,7902,,,SP23 L MD L N5 4 A,,,,,9/29/2022,4/26/2023,,
Resham,NC,Cereal rye,,2.2323811,5.0755472,4.156734,46.0142212,76.3924866,17.49032516,,25.5562503,67.88010438,6.563645322,Feekes 10.5,7904,,,SP23 L NC R N5 1 A,,,,,10/18/2022,4/12/2023,,
Resham,NC,Crimson clover,,2.5922239,24.8037548,8.3675232,27.0144119,29.9309826,36.40068428,,74.73825154,18.51398388,6.747764576,Mid bloom,7905,,,SP23 L NC L N5 1 A,,,,,10/18/2022,4/12/2023,,
Resham,NC,Cereal rye,,2.179059,4.7336292,4.6666021,47.3167191,76.9325409,16.87344666,,24.76379109,68.33719887,6.899010034,Feekes 10.5,7907,,,SP23 L NC R N5 2 A,,,,,10/18/2022,4/12/2023,,
Resham,NC,Crimson clover,,2.4561191,21.9023914,9.0994787,29.1020355,33.8603363,35.05189804,,70.58276686,22.45769069,6.959542453,Mid bloom,7908,,,SP23 L NC L N5 2 A,,,,,10/18/2022,4/12/2023,,
Resham,NC,Cereal rye,,2.493381,4.7105389,3.710382,46.6820335,76.2144852,18.20622686,,25.9514287,67.23672828,6.811843018,Feekes 10.5,7910,,,SP23 L NC R N5 3 A,,,,,10/18/2022,4/12/2023,,
Resham,NC,Crimson clover,,2.5095201,21.2503471,8.1157026,28.9432678,33.4946136,36.97443955,,70.52843726,22.12152025,7.350042497,Mid bloom,7911,,,SP23 L NC L N5 3 A,,,,,10/18/2022,4/12/2023,,
Resham,NC,Cereal rye,,2.4670651,5.0870171,4.663527,46.9068832,74.7212372,18.2916402,,26.94973652,65.78951909,7.260744387,Feekes 10.5,7913,,,SP23 L NC R N5 4 A,,,,,10/18/2022,4/12/2023,,
Resham,NC,Crimson clover,,2.5093939,20.9403324,10.0825958,31.335907,35.3062515,33.63286401,,69.35389849,23.25472298,7.391378535,Mid bloom,7914,,,SP23 L NC L N5 4 A,,,,,10/18/2022,4/12/2023,,
Resham,SC,Cereal rye,,2.2591431,4.324914,1.378864,45.8493271,75.0344543,22.2550364,,28.13716032,65.15988608,6.702953602,,7916,,,SP23 L SC R N5 1 A,,,,,,,,
Resham,SC,Crimson clover,,1.851693,15.1784172,9.4568653,45.0470009,52.8530655,24.35967359,,48.81677589,40.16228851,11.02093561,,7917,,,SP23 L SC L N5 1 A,,,,,,,,
Resham,SC,Cereal rye,,2.593076,3.6171341,2.0132029,45.0361786,74.8172913,22.19650609,,28.06688111,65.04029967,6.892819228,,7919,,,SP23 L SC R N5 2 A,,,,,,,,
Resham,SC,Crimson clover,,1.86094,13.0131931,9.2949581,44.7569122,52.8488235,26.68150295,,48.82608327,40.01338995,11.16052678,,7920,,,SP23 L SC L N5 2 A,,,,,,,,
Resham,SC,Cereal rye,,2.2224181,3.085741,1.008898,47.8160706,78.6097641,20.57586229,,25.01236849,68.14024155,6.847389964,,7922,,,SP23 L SC R N5 3 A,,,,,,,,
Resham,SC,Crimson clover,,1.8991539,15.7520828,8.48386,42.3936806,50.9454041,26.48567749,,50.96732097,39.03100456,10.00167448,,7923,,,SP23 L SC L N5 3 A,,,,,,,,
Resham,SC,Cereal rye,,2.4225349,2.9169919,0.848463,44.4270172,75.0891113,23.97913669,,28.31098719,65.27608414,6.412928674,,7925,,,SP23 L SC R N5 4 A,,,,,,,,
Resham,SC,Crimson clover,,1.956663,15.2490492,7.166748,42.4366379,50.16436,28.974685,,51.78451236,38.07293704,10.14255059,,7926,,,SP23 L SC L N5 4 A,,,,,,,,
Resham,VT,Cereal rye,,3.086221,11.643446,8.6770229,31.0055866,54.4837074,25.92346222,,47.01968171,50.7284675,2.251850792,Feekes 8-9,7928,,,SP23 L VT R N5 1 A,,,,,9/3/2022,5/9/2023,,
Resham,VT,Hairy vetch,,3.0539019,25.3209667,12.1841564,26.5865211,28.7378006,32.71482044,,78.67988981,14.8955537,6.424556484,Vegetative,7929,,,SP23 L VT L N5 1 A,,,,,9/3/2022,5/9/2023,,
Resham,VT,Hairy vetch,,2.8367951,16.0737801,18.9206142,32.6542282,35.6646996,29.00063997,,74.10253258,20.29022738,5.607240037,Vegetative,7931,,,SP23 L VT L N5 2 A,,,,,9/3/2022,5/9/2023,,
Resham,VT,Cereal rye,,3.0235419,13.7598314,8.5565624,28.6627083,51.0951843,27.1415429,,50.80166411,47.08431761,2.114018279,Feekes 8-9,7933,,,SP23 L VT R N5 3 A,,,,,9/3/2022,5/9/2023,,
Resham,VT,Hairy vetch,,2.8384571,23.5843487,12.1631908,23.8336964,25.7192593,37.49509225,,82.502421,11.70092704,5.796651959,Vegetative,7934,,,SP23 L VT L N5 3 A,,,,,9/3/2022,5/9/2023,,
Resham,VT,Cereal rye,,2.89535,12.1096535,8.9528933,33.4795494,58.6165543,21.5287077,,42.38378766,54.69250593,2.923706414,Feekes 8-9,7936,,,SP23 L VT R N5 4 A,,,,,9/3/2022,5/9/2023,,
Resham,VT,Hairy vetch,,2.939388,27.7239571,12.722971,23.8505516,26.0596046,32.37825162,,82.53869782,11.93613476,5.525167423,Vegetative,7937,,,SP23 L VT L N5 4 A,,,,,9/3/2022,5/9/2023,,
Resham,PA,Cereal rye,,2.7953341,8.5329838,4.7454572,29.8896255,52.4990273,35.10212951,,49.2975864,48.28685185,2.415561748,Feekes 7-8,7939,,,SP23 L PA R N5 1 A,,,,,10/15/2022,5/12/2023,,
Resham,PA,Hairy vetch,,3.107687,26.720562,10.7643833,32.3512115,37.1270676,24.87919483,,67.48162991,24.25397709,8.264393007,Vegetative,7940,,,SP23 L PA L N5 1 A,,,,,10/15/2022,5/12/2023,,
Resham,PA,Cereal rye,,2.7624199,7.5276651,4.484324,30.7270412,53.9427414,35.0588415,,47.83271489,49.81629741,2.350987707,Feekes 7-8,7943,,,SP23 L PA R N5 2 A,,,,,10/15/2022,5/12/2023,,
Resham,PA,Hairy vetch,,2.6662581,18.9611435,9.5673676,33.6604576,36.2075386,35.1322199,,68.05726945,22.70359821,9.239132339,Vegetative,7944,,,SP23 L PA L N5 2 A,,,,,10/15/2022,5/12/2023,,
Resham,PA,Hairy vetch,,2.6610489,22.3105545,9.5661888,33.3444023,37.2882271,30.7841566,,66.79112427,24.42798027,8.780895459,Vegetative,7945,,,SP23 L PA L N5 3 A,,,,,10/15/2022,5/12/2023,,
Resham,PA,Cereal rye,,2.71152,7.968493,4.3052011,29.8943253,54.1658287,34.64056521,,47.61504945,50.21445798,2.17049257,Feekes 7-8,7946,,,SP23 L PA R N5 3 A,,,,,10/15/2022,5/12/2023,,
Resham,PA,Hairy vetch,,3.2280531,23.3389416,9.3607635,32.854187,37.4317055,29.26075569,,66.54185995,24.8025309,8.655609156,Vegetative,7949,,,SP23 L PA L N5 4 A,,,,,10/15/2022,5/12/2023,,
Resham,PA,Cereal rye,,2.7520771,7.254292,4.4760642,30.1967697,52.476738,36.71420036,,49.32427812,48.4964041,2.179317784,Feekes 7-8,7950,,,SP23 L PA R N5 4 A,,,,,10/15/2022,5/12/2023,,
Resham,IN,Cereal rye,,3.360213,14.8740873,8.6653357,25.2755623,45.8614273,30.44923661,,56.68810841,40.45234045,2.859551145,Feekes 9,7953,,,SP23 L IN R N5 1 A,,,,,10/11/2021,4/27/2022,,
Resham,IN,Cereal rye,,3.5841689,14.5917454,8.4489641,25.7985878,45.7185631,30.85685792,,56.81509271,40.16614331,3.018763984,Feekes 9,7954,,,SP23 L IN R N5 3 A,,,,,10/11/2021,4/27/2022,,
Resham,NY,Cereal rye,,2.4617469,4.7632499,4.0545149,42.9378891,69.6090698,23.98405339,,32.25288078,61.54091174,6.206207483,Feekes 10.5,8582,,,SP23 L NY R N5 1 A,,,,,9/21/2022,5/26/2023,,
Resham,NY,Hairy vetch,,2.6214049,18.7676163,6.8851309,28.0019627,34.1838226,39.93489288,,69.19669484,24.14943198,6.653873183,Vegetative,8583,,,SP23 L NY L N5 1 A,,,,,9/21/2022,5/26/2023,,
Resham,NY,Cereal rye,,2.2358651,3.642905,2.083122,44.7770958,75.442337,21.87673449,,27.44951942,66.93302051,5.617460072,Feekes 10.5,8585,,,SP23 L NY R N5 2 A,,,,,9/21/2022,5/26/2023,,
Resham,NY,Hairy vetch,,2.493896,15.7864799,8.0634232,32.8165627,42.2129097,34.39819488,,60.66998667,32.47522447,6.854788863,Vegetative,8586,,,SP23 L NY L N5 2 A,,,,,9/21/2022,5/26/2023,,
Resham,NY,Cereal rye,,2.1776021,3.7956779,3.0405979,44.8690338,73.3741684,22.74814549,,28.9954335,65.01979225,5.984774257,Feekes 10.5,8588,,,SP23 L NY R N5 3 A,,,,,9/21/2022,5/26/2023,,
Resham,NY,Hairy vetch,,2.5179451,20.4925499,7.0432191,29.732687,36.365593,36.12628441,,66.85207488,26.12618608,7.021739037,Vegetative,8589,,,SP23 L NY L N5 3 A,,,,,9/21/2022,5/26/2023,,
Resham,NY,Cereal rye,,2.2150559,3.2124829,2.115175,45.8011856,75.9899292,21.78665204,,26.92103556,67.13984924,5.939115199,Feekes 10.5,8591,,,SP23 L NY R N5 4 A,,,,,9/21/2022,5/26/2023,,
Resham,NY,Hairy vetch,,2.603261,26.2608547,7.7183142,25.827095,27.5214062,37.82266233,,77.10357064,15.85657395,7.039855416,Vegetative,8592,,,SP23 L NY L N5 4 A,,,,,9/21/2022,5/26/2023,,
Resham,NE,Cereal rye,,3.1397851,13.878768,8.6715403,31.6904984,55.8644676,22.35595173,,45.484201,50.17759951,4.338199491,Feekes 7,8594,,,SP23 L NE R N5 1 A,,,,,9/2/2022,5/6/2023,,
Resham,NE,Hairy vetch,,2.8035719,24.7821522,11.9466743,24.2666626,24.0357246,38.11437772,,84.45920804,7.179429583,8.361362378,Vegetative,8595,,,SP23 L NE L N5 1 A,,,,,9/2/2022,5/6/2023,,
Resham,NE,Cereal rye,,3.1164069,9.8030167,7.9212298,30.6443329,52.487709,30.34577723,,49.25922038,46.9861798,3.75459982,Feekes 7,8597,,,SP23 L NE R N5 2 A,,,,,9/2/2022,5/6/2023,,
Resham,NE,Hairy vetch,,2.6993599,22.3724842,12.3035164,25.4465218,24.2880573,40.03674621,,84.45446344,6.248241606,9.297294957,Vegetative,8598,,,SP23 L NE L N5 2 A,,,,,9/2/2022,5/6/2023,,
Resham,NE,Cereal rye,,2.906945,9.8286114,5.6079068,30.5785522,55.3297424,30.19987637,,46.33790044,50.0845228,3.57757676,Feekes 7,8600,,,SP23 L NE R N5 3 A,,,,,9/2/2022,5/6/2023,,
Resham,NE,Hairy vetch,,2.681561,24.8864708,12.3285694,20.03,26.57,35.3932988,,81.55321082,9.577743833,8.869045347,Vegetative,8601,,,SP23 L NE L N5 3 A,,,,,9/2/2022,5/6/2023,,
Resham,NE,Cereal rye,,2.9595201,10.9295082,5.9220948,28.6417618,53.0659523,30.83754126,,48.68440367,48.10059114,3.215005192,Feekes 7,8603,,,SP23 L NE R N5 4 A,,,,,9/2/2022,5/6/2023,,
Resham,NE,Hairy vetch,,2.692163,26.841135,11.7400494,20.96,27.83,32.8447526,,79.49488919,11.9079493,8.597161514,Vegetative,8604,,,SP23 L NE L N5 4 A,,,,,9/2/2022,5/6/2023,,
Resham,LA,Cereal rye,,2.2858889,5.9394698,7.5039101,47.6015396,76.5457764,13.08315915,,23.5843135,69.57647263,6.839213865,,9225,,,SP23 L LA R N5 1 A,,,,,,,,
Resham,LA,Crimson clover,,1.399649,15.0179234,12.9682035,45.3388596,52.6289825,21.66927038,,48.9877914,39.31486662,11.69734198,,9226,,,SP23 L LA L N5 1 A,,,,,,,,
Resham,LA,Cereal rye,,3.204761,9.9875317,9.2710028,41.725708,68.9223709,13.43889956,,30.86509273,62.99117211,6.143735162,,9228,,,SP23 L LA R N5 2 A,,,,,,,,
Resham,LA,Crimson clover,,1.747081,16.7373123,9.1534662,38.6775665,44.1466866,31.30572196,,58.72629907,30.94995378,10.32374715,,9229,,,SP23 L LA L N5 2 A,,,,,,,,
Resham,LA,Cereal rye,,3.301686,10.7168331,8.3534174,39.1429176,68.0044479,14.38392695,,32.25590535,62.04714878,5.696945875,,9231,,,SP23 L LA R N5 3 A,,,,,,,,
Resham,LA,Crimson clover,,1.795427,16.03405,13.3457956,43.8627701,50.623497,21.74487519,,51.49420262,38.07946845,10.42632893,,9232,,,SP23 L LA L N5 3 A,,,,,,,,
Resham,LA,Cereal rye,,2.9327841,9.2796097,8.5822439,41.8048172,69.6542053,14.42695137,,30.3716205,63.44536044,6.183019057,,9234,,,SP23 L LA R N5 4 A,,,,,,,,
Resham,LA,Crimson clover,,1.677489,14.3975239,13.9604673,46.1096687,52.2902527,21.33458479,,49.39253023,38.64574031,11.96172946,,9235,,,SP23 L LA L N5 4 A,,,,,,,,
,,,,,,,,,,,,,,,,,,,,,,,,,,
2020 ALT,NC,Crimson clover,,1.38,12.02999973,5.01,42.15000153,50.75999832,,92.08000183,,,9.36,Flowering,,,,20NCCC-1-1-Harvest2,,,,,,,,
2020 ALT,NC,Crimson clover,,,,,,,,,,,,Flowering,,,,20NCCC-1-2-Harvest2,,,,,,,,
2020 ALT,NC,Crimson clover,,1.62,13.14999962,3.1,38.20999908,47.29000092,,92.16000366,,,8.56,Flowering,,,,20NCCC-1-3-Harvest2,,,,,,,,
2020 ALT,NC,Crimson clover,,,,,,,,,,,,Flowering,,,,20NCCC-1-5-Harvest2,,,,,,,,
2020 ALT,NC,Crimson clover,,1.39,12.47999954,5.59,43.27999878,52.25999832,,92.26000214,,,9.55,Flowering,,,,20NCCC-2-1-Harvest2,,,,,,,,
2020 ALT,NC,Crimson clover,,1.51,14.23999977,3.47,40.52999878,48.88000107,,92.36000061,,,8.64,Flowering,,,,20NCCC-2-2-Harvest2,,,,,,,,
2020 ALT,NC,Crimson clover,,1.6,13.35000038,3.73,37.59999847,46.15999985,,92.36000061,,,7.85,Flowering,,,,20NCCC-2-3-Harvest2,,,,,,,,
2020 ALT,NC,Crimson clover,,1.41,11.93000031,4.82,38.84000015,48.02999878,,92.26999664,,,8.22,Flowering,,,,20NCCC-2-5-Harvest2,,,,,,,,
2020 ALT,NC,Crimson clover,,1.69,11.75,7.62,38.54999924,46,,91.84999847,,,9.27,Flowering,,,,20NCCC-3-1-Harvest2,,,,,,,,
2020 ALT,NC,Crimson clover,,1.87,12.43999958,7.9,35.66999817,43.47999954,,91.79000092,,,9.27,Flowering,,,,20NCCC-3-2-Harvest2,,,,,,,,
2020 ALT,NC,Crimson clover,,,,,,,,,,,,Flowering,,,,20NCCC-3-3-Harvest2,,,,,,,,
2020 ALT,NC,Crimson clover,,,,,,,,,,,,Flowering,,,,20NCCC-3-4-Harvest2,,,,,,,,
2020 ALT,NC,Crimson clover,,,,,,,,,,,,Flowering,,,,20NCCC-4-1-Harvest2,,,,,,,,
2020 ALT,NC,Crimson clover,,1.71,12.81999969,7.45,37.97000122,45.54999924,,91.81999969,,,8.98,Flowering,,,,20NCCC-4-2-Harvest2,,,,,,,,
2020 ALT,NC,Crimson clover,,1.82,12.64000034,7.62,37.25999832,45.15000153,,92.08000183,,,8.93,Flowering,,,,20NCCC-4-3-Harvest2,,,,,,,,
2020 ALT,NC,Crimson clover,,1.64,9.869999886,8,40.93000031,48.52000046,,91.73999786,,,9.87,Flowering,,,,20NCCC-5-1-Harvest2,,,,,,,,
2020 ALT,NC,Crimson clover,,1.79,11.97999954,6.91,38.41999817,46.72000122,,91.91000366,,,10.09,Flowering,,,,20NCCC-5-2-Harvest2,,,,,,,,
2020 ALT,NC,Crimson clover,,1.99,12.03999996,7.77,35.54999924,43.09999847,,91.69999695,,,9.33,Flowering,,,,20NCCC-5-3-Harvest2,,,,,,,,
2020 ALT,NC,Crimson clover,,2.17,14.63000011,6.03,33.38000107,41.5,,92.12000275,,,7.98,Flowering,,,,20NCCC-5-5-Harvest2,,,,,,,,
2020 ALT,NC,Crimson clover,,1.85,13.28999996,6.87,34.97000122,42.54000092,,91.95999908,,,8.85,Flowering,,,,20NCCC-6-1-Harvest2,,,,,,,,
2020 ALT,NC,Crimson clover,,2.18,13.21000004,6.9,33.97999954,41.59999847,,91.97000122,,,8.17,Flowering,,,,20NCCC-6-3-Harvest2,,,,,,,,
2020 ALT,NC,Crimson clover,,,,,,,,,,,,Flowering,,,,20NCCC-7-1-Harvest2,,,,,,,,
2020 ALT,NC,Crimson clover,,,,,,,,,,,,Flowering,,,,20NCCC-7-2-Harvest2,,,,,,,,
2020 ALT,NC,Crimson clover,,1.71,12.73999977,7.32,37.59999847,45.27000046,,91.55999756,,,8.85,Flowering,,,,20NCCC-7-4-Harvest2,,,,,,,,
2020 ALT,NC,Crimson clover,,,,,,,,,,,,Flowering,,,,20NCCC-7-5-Harvest2,,,,,,,,
2020 ALT,NC,Crimson clover,,,,,,,,,,,,Flowering,,,,20NCCC-8-1-Harvest2,,,,,,,,
2020 ALT,NC,Crimson clover,,1.69,11.27999973,7.74,39.09000015,47.38000107,,91.98000336,,,9.61,Flowering,,,,20NCCC-8-2-Harvest2,,,,,,,,
2020 ALT,NC,Crimson clover,,1.89,14.23999977,8.2,34.65999985,41.34000015,,91.84999847,,,8.11,Flowering,,,,20NCCC-8-5-Harvest2,,,,,,,,
2020 ALT,NC,Hairy vetch,,2.35,24.21999931,10.96,32.20000076,40.18999863,,91.98000336,,,7.49,Flowering,,,,20NCHV-1-1-Harvest2,,,,,,,,
2020 ALT,NC,Hairy vetch,,2.29,22.01000023,9.26,32.06999969,38.95000076,,92.26999664,,,7.22,Flowering,,,,20NCHV-1-2-Harvest2,,,,,,,,
2020 ALT,NC,Hairy vetch,,2.27,23.19000053,10.47,32.16999817,39.34999847,,91.98999786,,,7.65,Flowering,,,,20NCHV-1-3-Harvest2,,,,,,,,
2020 ALT,NC,Hairy vetch,,2.42,21.69000053,9.07,30.31999969,36.33000183,,92.23999786,,,6.94,Flowering,,,,20NCHV-1-4-Harvest2,,,,,,,,
2020 ALT,NC,Hairy vetch,,2.31,21.90999985,9.7,32.61000061,39.15999985,,92.29000092,,,7.5,Flowering,,,,20NCHV-1-5-Harvest2,,,,,,,,
2020 ALT,NC,Hairy vetch,,2.41,22.77000046,9.93,32.93000031,39.54000092,,92.31999969,,,7.06,Flowering,,,,20NCHV-1-6-Harvest2,,,,,,,,
2020 ALT,NC,Hairy vetch,,2.33,21.35000038,9.86,33.68999863,40.72000122,,92.30000305,,,7.54,Flowering,,,,20NCHV-1-7-Harvest2,,,,,,,,
2020 ALT,NC,Hairy vetch,,,,,,,,,,,,Flowering,,,,20NCHV-2-2-Harvest2,,,,,,,,
2020 ALT,NC,Hairy vetch,,,,,,,,,,,,Flowering,,,,20NCHV-2-3-Harvest2,,,,,,,,
2020 ALT,NC,Hairy vetch,,,,,,,,,,,,Flowering,,,,20NCHV-2-4-Harvest2,,,,,,,,
2020 ALT,NC,Hairy vetch,,,,,,,,,,,,Flowering,,,,20NCHV-2-5-Harvest2,,,,,,,,
2020 ALT,NC,Hairy vetch,,2.14,22.89999962,9.85,35.70999908,45.70999908,,91.66000366,,,8.25,Flowering,,,,20NCHV-2-6-Harvest2,,,,,,,,
2020 ALT,NC,Hairy vetch,,1.89,17.94000053,7.63,40.29999924,48.99000168,,92.5,,,8.9,Flowering,,,,20NCHV-2-7-Harvest2,,,,,,,,
2020 ALT,NC,Hairy vetch,,,,,,,,,,,,Flowering,,,,20NCHV-3-1-Harvest2,,,,,,,,
2020 ALT,NC,Hairy vetch,,2.29,24.42000008,10.29,30.42000008,37,,92.13999939,,,6.69,Flowering,,,,20NCHV-3-3-Harvest2,,,,,,,,
2020 ALT,NC,Hairy vetch,,2.31,23.52000046,9.59,29.73999977,36.13999939,,92.18000031,,,6.92,Flowering,,,,20NCHV-3-4-Harvest2,,,,,,,,
2020 ALT,NC,Hairy vetch,,2.28,21.79000092,9.35,32.22999954,39.38000107,,92.33000183,,,7.47,Flowering,,,,20NCHV-3-5-Harvest2,,,,,,,,
2020 ALT,NC,Hairy vetch,,2.38,22.73999977,9.67,35.02999878,44.09999847,,92.02999878,,,7.68,Flowering,,,,20NCHV-3-6-Harvest2,,,,,,,,
2020 ALT,NC,Hairy vetch,,2.33,22.28000069,9.98,30.52000046,37.33000183,,92.40000153,,,7.24,Flowering,,,,20NCHV-3-6-Harvest2,,,,,,,,
2020 ALT,NC,Hairy vetch,,2.35,23.94000053,10.22,31.38999939,37.84000015,,92.12000275,,,7.71,Flowering,,,,20NCHV-4-2-Harvest2,,,,,,,,
2020 ALT,NC,Hairy vetch,,2.03,22.79999924,10.71,36.20000076,43.84000015,,92.08999634,,,8.36,Flowering,,,,20NCHV-4-3-Harvest2,,,,,,,,
2020 ALT,NC,Hairy vetch,,2.27,22.78000069,10.54,31.79000092,38.66999817,,92.23999786,,,7.41,Flowering,,,,20NCHV-4-4-Harvest2,,,,,,,,
2020 ALT,NC,Hairy vetch,,1.93,23.02000046,9.7,32.00999832,40.33000183,,92.23000336,,,8.51,Flowering,,,,20NCHV-4-5-Harvest2,,,,,,,,
2020 ALT,NC,Hairy vetch,,2.13,22.06999969,9.32,34.40999985,42.65000153,,92.56999969,,,8.07,Flowering,,,,20NCHV-4-6-Harvest2,,,,,,,,
2020 ALT,NC,Hairy vetch,,2.41,23.43000031,10.37,31.29999924,38.75999832,,92.13999939,,,7.81,Flowering,,,,20NCHV-4-7-Harvest2,,,,,,,,
2020 ALT,NC,Hairy vetch,,2.15,25.43000031,11.39,30.75,37.13999939,,92.05999756,,,7.58,Flowering,,,,20NCHV-5-1-Harvest2,,,,,,,,
2020 ALT,NC,Hairy vetch,,,,,,,,,,,,Flowering,,,,20NCHV-5-2-Harvest2,,,,,,,,
2020 ALT,NC,Hairy vetch,,,,,,,,,,,,Flowering,,,,20NCHV-5-4-Harvest2,,,,,,,,
2020 ALT,NC,Hairy vetch,,,,,,,,,,,,Flowering,,,,20NCHV-5-5-Harvest2,,,,,,,,
2020 ALT,NC,Hairy vetch,,1.85,21.09000015,9.48,37.13000107,45.47000122,,92.54000092,,,8.17,Flowering,,,,20NCHV-5-6-Harvest2,,,,,,,,
2020 ALT,NC,Hairy vetch,,,,,,,,,,,,Flowering,,,,20NCHV-5-7-Harvest2,,,,,,,,
2020 ALT,NC,Hairy vetch,,2.14,23.70999908,11.03,30.65999985,38.45000076,,91.95999908,,,7.38,Flowering,,,,20NCHV-6-1-Harvest2,,,,,,,,
2020 ALT,NC,Hairy vetch,,2.23,24.62000084,12.02,30.79999924,37.36000061,,92.12999725,,,6.87,Flowering,,,,20NCHV-6-2-Harvest2,,,,,,,,
2020 ALT,NC,Hairy vetch,,2.21,25.02000046,11.63,31.5,38.18999863,,91.75,,,7.28,Flowering,,,,20NCHV-6-3-Harvest2,,,,,,,,
2020 ALT,NC,Hairy vetch,,2.38,25.44000053,11.6,31.62000084,38.40999985,,91.83999634,,,6.84,Flowering,,,,20NCHV-6-4-Harvest2,,,,,,,,
2020 ALT,NC,Hairy vetch,,2.16,22.11000061,10.12,32.11000061,38.88000107,,92.06999969,,,7.51,Flowering,,,,20NCHV-6-5-Harvest2,,,,,,,,
2020 ALT,NC,Hairy vetch,,2.5,23.54999924,11.47,30.87000084,37.22000122,,92.08000183,,,7.15,Flowering,,,,20NCHV-6-6-Harvest2,,,,,,,,
2020 ALT,NC,Hairy vetch,,2.16,23.85000038,11.03,31.63999939,37.86000061,,92.16000366,,,7.08,Flowering,,,,20NCHV-7-1-Harvest2,,,,,,,,
2020 ALT,NC,Hairy vetch,,2.23,25.87000084,12.67,31.43000031,37.65000153,,92.13999939,,,6.96,Flowering,,,,20NCHV-7-2-Harvest2,,,,,,,,
2020 ALT,NC,Hairy vetch,,,,,,,,,,,,Flowering,,,,20NCHV-7-3-Harvest2,,,,,,,,
2020 ALT,NC,Hairy vetch,,,,,,,,,,,,Flowering,,,,20NCHV-7-4-Harvest2,,,,,,,,
2020 ALT,NC,Hairy vetch,,,,,,,,,,,,Flowering,,,,20NCHV-7-5-Harvest2,,,,,,,,
2020 ALT,NC,Hairy vetch,,,,,,,,,,,,Flowering,,,,20NCHV-7-6-Harvest2,,,,,,,,
2020 ALT,NC,Hairy vetch,,2.29,24.34000015,12.31,31.37999916,37.90999985,,92.04000092,,,7.36,Flowering,,,,20NCHV-7-7-Harvest2,,,,,,,,
2020 ALT,NC,Hairy vetch,,,,,,,,,,,,Flowering,,,,20NCHV-8-1-Harvest2,,,,,,,,
2020 ALT,NC,Hairy vetch,,,,,,,,,,,,Flowering,,,,20NCHV-8-2-Harvest2,,,,,,,,
2020 ALT,NC,Hairy vetch,,2.02,20.51000023,9.11,37.75999832,45.95000076,,92.18000031,,,8.36,Flowering,,,,20NCHV-8-3-Harvest2,,,,,,,,
2020 ALT,NC,Hairy vetch,,1.98,20.70999908,9.55,37.68000031,44.95999908,,92.11000061,,,8.12,Flowering,,,,20NCHV-8-4-Harvest2,,,,,,,,
2020 ALT,NC,Hairy vetch,,1.57,17.87999916,7.97,39.81999969,49.29000092,,92.15000153,,,9.2,Flowering,,,,20NCHV-8-5-Harvest2,,,,,,,,
2020 ALT,NC,Hairy vetch,,2.38,24.28000069,11.3,32.65999985,40.08000183,,91.90000153,,,7.96,Flowering,,,,20NCHV-8-6-Harvest2,,,,,,,,
2020 ALT,NC,Hairy vetch,,2.42,24.34000015,12.22,33.63000107,41.13999939,,91.77999878,,,7.48,Flowering,,,,20NCHV-8-7-Harvest2,,,,,,,,
2020 ALT,NC,Winter pea,,2.15,20.20000076,9.18,25.17000008,37.20000076,,92.90000153,,,5.05,Flowering,,,,20NCWP-1-1-Harvest2,,,,,,,,
2020 ALT,NC,Winter pea,,1.86,18.65999985,8.73,22.87000084,31.20999908,,92.37000275,,,4.61,Flowering,,,,20NCWP-1-2-Harvest2,,,,,,,,
2020 ALT,NC,Winter pea,,1.99,20.26000023,10.07,26.45999908,38.38999939,,92.52999878,,,5.83,Flowering,,,,20NCWP-1-4-Harvest2,,,,,,,,
2020 ALT,NC,Winter pea,,2,18.32999992,9.2,29.14999962,42.52000046,,92.94000244,,,6.02,Flowering,,,,20NCWP-1-5-Harvest2,,,,,,,,
2020 ALT,NC,Winter pea,,2.47,20.06999969,9.7,25.10000038,38.22000122,,93.06999969,,,5.28,Flowering,,,,20NCWP-1-6-Harvest2,,,,,,,,
2020 ALT,NC,Winter pea,,2.43,19.32999992,9.14,24.94000053,39.04999924,,92.87000275,,,5.19,Flowering,,,,20NCWP-1-7-Harvest2,,,,,,,,
2020 ALT,NC,Winter pea,,2.4,19.79999924,9.11,23.53000069,34.74000168,,92.70999908,,,4.53,Flowering,,,,20NCWP-1-8-Harvest2,,,,,,,,
2020 ALT,NC,Winter pea,,2.67,22.55999947,9.85,23.90999985,37.65999985,,92.77999878,,,4.88,Flowering,,,,20NCWP-1-9-Harvest2,,,,,,,,
2020 ALT,NC,Winter pea,,2.39,18.34000015,9.6,26.29999924,41.04999924,,92.73999786,,,5.24,Flowering,,,,20NCWP-1-10-Harvest2,,,,,,,,
2020 ALT,NC,Winter pea,,2.35,15.60999966,9.43,30.20000076,46.15999985,,92.84999847,,,6.07,Flowering,,,,20NCWP-1-11-Harvest2,,,,,,,,
2020 ALT,NC,Winter pea,,2.31,12.07999992,7.82,28.04000092,43.15999985,,92.56999969,,,6.04,Flowering,,,,20NCWP-1-12-Harvest2,,,,,,,,
2020 ALT,NC,Winter pea,,2.5,21.61000061,9.43,22.85000038,35.90999985,,93.09999847,,,4.62,Flowering,,,,20NCWP-2-1-Harvest2,,,,,,,,
2020 ALT,NC,Winter pea,,2.14,20.25,9.04,27.23999977,40.54999924,,93.06999969,,,5.69,Flowering,,,,20NCWP-2-2-Harvest2,,,,,,,,
2020 ALT,NC,Winter pea,,2.09,17.09000015,8.15,27.43000031,39.79999924,,93.11000061,,,5.59,Flowering,,,,20NCWP-2-3-Harvest2,,,,,,,,
2020 ALT,NC,Winter pea,,2.64,22.87999916,9.79,22.45999908,35.11000061,,93.38999939,,,4.41,Flowering,,,,20NCWP-2-4-Harvest2,,,,,,,,
2020 ALT,NC,Winter pea,,2.5,21.13999939,9.68,21.92000008,35.93000031,,93.26000214,,,4.28,Flowering,,,,20NCWP-2-5-Harvest2,,,,,,,,
2020 ALT,NC,Winter pea,,2.51,21.92000008,10.46,24.54000092,42.31999969,,93.55000305,,,4.85,Flowering,,,,20NCWP-2-6-Harvest2,,,,,,,,
2020 ALT,NC,Winter pea,,2.32,20.75,9.69,25.15999985,39.56000137,,93.31999969,,,4.96,Flowering,,,,20NCWP-2-7-Harvest2,,,,,,,,
2020 ALT,NC,Winter pea,,2.59,24.72999954,10.7,20.95000076,32.95000076,,93.15000153,,,4.09,Flowering,,,,20NCWP-2-8-Harvest2,,,,,,,,
2020 ALT,NC,Winter pea,,1.9,16.21999931,9.17,28.59000015,38.84000015,,92.55000305,,,5.96,Flowering,,,,20NCWP-2-9-Harvest2,,,,,,,,
2020 ALT,NC,Winter pea,,2.43,18.29000092,9.67,25.87000084,43.33000183,,93.45999908,,,5.3,Flowering,,,,20NCWP-2-12-Harvest2,,,,,,,,
2020 ALT,NC,Winter pea,,1.69,16.37999916,7.43,35.91999817,48.50999832,,92.55000305,,,7.64,Flowering,,,,20NCWP-3-1-Harvest2,,,,,,,,
2020 ALT,NC,Winter pea,,1.69,14.35999966,5.89,35.54000092,47.36999893,,92.72000122,,,6.79,Flowering,,,,20NCWP-3-2-Harvest2,,,,,,,,
2020 ALT,NC,Winter pea,,1.65,14.93999958,6.05,38.27999878,50.41999817,,92.66999817,,,7.27,Flowering,,,,20NCWP-3-3-Harvest2,,,,,,,,
2020 ALT,NC,Winter pea,,1.85,18.45000076,7.59,34.41999817,44.66999817,,92.47000122,,,6.6,Flowering,,,,20NCWP-3-4-Harvest2,,,,,,,,
2020 ALT,NC,Winter pea,,1.63,16.35000038,5.04,36.33000183,47.59000015,,92.83999634,,,6.9,Flowering,,,,20NCWP-3-5-Harvest2,,,,,,,,
2020 ALT,NC,Winter pea,,1.79,17.90999985,6.92,34.22999954,45.61000061,,92.73000336,,,6.72,Flowering,,,,20NCWP-3-7-Harvest2,,,,,,,,
2020 ALT,NC,Winter pea,,1.55,16.93000031,6.32,32.38000107,39.56999969,,91.79000092,,,6.92,Flowering,,,,20NCWP-3-8-Harvest2,,,,,,,,
2020 ALT,NC,Winter pea,,1.8,15.92000008,7.29,35.90999985,49.29000092,,92.68000031,,,7.34,Flowering,,,,20NCWP-3-9-Harvest2,,,,,,,,
2020 ALT,NC,Winter pea,,,,,,,,,,,,Flowering,,,,20NCWP-3-10-Harvest2,,,,,,,,
2020 ALT,NC,Winter pea,,1.58,14.35000038,7.21,42.22000122,54.90000153,,92.55000305,,,8.46,Flowering,,,,20NCWP-3-11-Harvest2,,,,,,,,
2020 ALT,NC,Winter pea,,,,,,,,,,,,Flowering,,,,20NCWP-4-1-Harvest2,,,,,,,,
2020 ALT,NC,Winter pea,,1.3,12.31000042,4.75,39.34999847,52.31000137,,93.04000092,,,7.93,Flowering,,,,20NCWP-4-2-Harvest2,,,,,,,,
2020 ALT,NC,Winter pea,,,,,,,,,,,,Flowering,,,,20NCWP-4-3-Harvest2,,,,,,,,
2020 ALT,NC,Winter pea,,1.78,18.11000061,7.83,34.20000076,45.29000092,,92.72000122,,,6.92,Flowering,,,,20NCWP-4-4-Harvest2,,,,,,,,
2020 ALT,NC,Winter pea,,1.44,15.57999992,7.09,37.68000031,49.54999924,,92.70999908,,,7.8,Flowering,,,,20NCWP-4-5-Harvest2,,,,,,,,
2020 ALT,NC,Winter pea,,,,,,,,,,,,Flowering,,,,20NCWP-4-7-Harvest2,,,,,,,,
2020 ALT,NC,Winter pea,,1.81,19.30999947,8.13,33.36999893,45.13000107,,92.66000366,,,6.89,Flowering,,,,20NCWP-4-8-Harvest2,,,,,,,,
2020 ALT,NC,Winter pea,,,,,,,,,,,,Flowering,,,,20NCWP-4-9-Harvest2,,,,,,,,
2020 ALT,NC,Winter pea,,1.42,14.76000023,6.73,42.52000046,55.47000122,,92.45999908,,,8.88,Flowering,,,,20NCWP-4-10-Harvest2,,,,,,,,
2020 ALT,NC,Winter pea,,,,,,,,,,,,Flowering,,,,20NCWP-4-11-Harvest2,,,,,,,,
2020 ALT,NC,Winter pea,,1.69,14.73999977,6.5,38.27999878,50.72999954,,92.47000122,,,8.16,Flowering,,,,20NCWP-4-12-Harvest2,,,,,,,,
2020 ALT,NC,Winter pea,,,,,,,,,,,,Flowering,,,,20NCWP-5-1-Harvest2,,,,,,,,
2020 ALT,NC,Winter pea,,1.89,16.79999924,7.83,32.52000046,43.93999863,,92.80999756,,,6.68,Flowering,,,,20NCWP-5-2-Harvest2,,,,,,,,
2020 ALT,NC,Winter pea,,1.62,16.07999992,5.95,35.74000168,47.49000168,,92.93000031,,,7.05,Flowering,,,,20NCWP-5-4-Harvest2,,,,,,,,
2020 ALT,NC,Winter pea,,,,,,,,,,,,,,,,20NCWP-5-5-Harvest2,,,,,,,,
2020 ALT,NC,Winter pea,,,,,,,,,,,,Flowering,,,,20NCWP-5-6-Harvest2,,,,,,,,
2020 ALT,NC,Winter pea,,,,,,,,,,,,Flowering,,,,20NCWP-5-7-Harvest2,,,,,,,,
2020 ALT,NC,Winter pea,,1.56,15.47000027,7.17,32.52000046,40.95000076,,92.20999908,,,6.34,Flowering,,,,20NCWP-5-8-Harvest2,,,,,,,,
2020 ALT,NC,Winter pea,,,,,,,,,,,,Flowering,,,,20NCWP-5-9-Harvest2,,,,,,,,
2020 ALT,NC,Winter pea,,,,,,,,,,,,Flowering,,,,20NCWP-5-10-Harvest2,,,,,,,,
2020 ALT,NC,Winter pea,,1.59,13.97999954,6.23,39.06999969,52.45999908,,92.69000244,,,7.56,Flowering,,,,20NCWP-5-11-Harvest2,,,,,,,,
2020 ALT,NC,Winter pea,,1.93,14.69999981,7.42,37.08000183,52.09000015,,93.05000305,,,7.21,Flowering,,,,20NCWP-5-12-Harvest2,,,,,,,,
2020 ALT,NC,Winter pea,,1.83,17.36000061,8.7,32.56999969,45.15999985,,92.69000244,,,6.82,Flowering,,,,20NCWP-6-1-Harvest2,,,,,,,,
2020 ALT,NC,Winter pea,,2.06,18.56999969,7.92,30.45000076,42.90000153,,92.76000214,,,6.15,Flowering,,,,20NCWP-6-2-Harvest2,,,,,,,,
2020 ALT,NC,Winter pea,,,,,,,,,,,,Flowering,,,,20NCWP-6-3-Harvest2,,,,,,,,
2020 ALT,NC,Winter pea,,,,,,,,,,,,Flowering,,,,20NCWP-6-4-Harvest2,,,,,,,,
2020 ALT,NC,Winter pea,,1.85,17.20999908,7.47,36.18000031,48.77999878,,92.75,,,7.24,Flowering,,,,20NCWP-6-5-Harvest2,,,,,,,,
2020 ALT,NC,Winter pea,,,,,,,,,,,,Flowering,,,,20NCWP-6-6-Harvest2,,,,,,,,
2020 ALT,NC,Winter pea,,,,,,,,,,,,Flowering,,,,20NCWP-6-7-Harvest2,,,,,,,,
2020 ALT,NC,Winter pea,,1.71,15.03999996,5.91,36.66999817,49.13000107,,92.66999817,,,6.9,Flowering,,,,20NCWP-6-8-Harvest2,,,,,,,,
2020 ALT,NC,Winter pea,,,,,,,,,,,,Flowering,,,,20NCWP-6-9-Harvest2,,,,,,,,
2020 ALT,NC,Winter pea,,1.86,16.30999947,7.7,34.18999863,48.81999969,,92.83999634,,,6.81,Flowering,,,,20NCWP-6-10-Harvest2,,,,,,,,
2020 ALT,NC,Winter pea,,,,,,,,,,,,Flowering,,,,20NCWP-6-11-Harvest2,,,,,,,,
2020 ALT,NC,Winter pea,,1.67,14.81000042,6.96,33.83000183,44.25999832,,92.41000366,,,6.66,Flowering,,,,20NCWP-6-12-Harvest2,,,,,,,,
2020 ALT,NC,Winter pea,,1.93,20.82999992,4.32,25.02000046,27.70999908,,90.88999939,,,5.33,,,,,20NCWP-7-1-Harvest2,,,,,,,,
2020 ALT,NC,Winter pea,,,,,,,,,,,,Flowering,,,,20NCWP-7-2-Harvest2,,,,,,,,
2020 ALT,NC,Winter pea,,,,,,,,,,,,Flowering,,,,20NCWP-7-3-Harvest2,,,,,,,,
2020 ALT,NC,Winter pea,,,,,,,,,,,,Flowering,,,,20NCWP-7-4-Harvest2,,,,,,,,
2020 ALT,NC,Winter pea,,,,,,,,,,,,Flowering,,,,20NCWP-7-5-Harvest2,,,,,,,,
2020 ALT,NC,Winter pea,,1.57,14.31999969,5.53,38.09999847,50.77999878,,92.79000092,,,7.74,Flowering,,,,20NCWP-7-6-Harvest2,,,,,,,,
2020 ALT,NC,Winter pea,,1.96,17.39999962,8.39,34.49000168,49.18999863,,92.83000183,,,7.13,Flowering,,,,20NCWP-7-7-Harvest2,,,,,,,,
2020 ALT,NC,Winter pea,,1.61,14.77000046,7.05,40.15000153,53.47000122,,92.62999725,,,8.1,Flowering,,,,20NCWP-7-8-Harvest2,,,,,,,,
2020 ALT,NC,Winter pea,,,,,,,,,,,,Flowering,,,,20NCWP-7-9-Harvest2,,,,,,,,
2020 ALT,NC,Winter pea,,1.59,14.18000031,6.76,39.02999878,51.91999817,,92.68000031,,,7.58,Flowering,,,,20NCWP-7-10-Harvest2,,,,,,,,
2020 ALT,NC,Winter pea,,1.6,13.94999981,5.85,36.72999954,49.68999863,,92.55000305,,,7.43,Flowering,,,,20NCWP-7-12-Harvest2,,,,,,,,
2020 ALT,NC,Winter pea,,,,,,,,,,,,Flowering,,,,20NCWP-8-1-Harvest2,,,,,,,,
2020 ALT,NC,Winter pea,,1.8,17.57999992,8.27,37.18999863,50.11000061,,92.5,,,7.57,Flowering,,,,20NCWP-8-3-Harvest2,,,,,,,,
2020 ALT,NC,Winter pea,,1.52,15.59000015,6.57,40.24000168,52.72999954,,92.36000061,,,8.46,Flowering,,,,20NCWP-8-4-Harvest2,,,,,,,,
2020 ALT,NC,Winter pea,,1.84,16.38999939,7.89,36.93999863,49.84000015,,92.58000183,,,7.16,Flowering,,,,20NCWP-8-5-Harvest2,,,,,,,,
2020 ALT,NC,Winter pea,,,,,,,,,,,,Flowering,,,,20NCWP-8-6-Harvest2,,,,,,,,
2020 ALT,NC,Winter pea,,1.53,14.88000011,7.13,41.09999847,55.40000153,,92.69000244,,,8.44,Flowering,,,,20NCWP-8-7-Harvest2,,,,,,,,
2020 ALT,NC,Winter pea,,1.66,16.62999916,5.34,34.36999893,43.08000183,,92.01000214,,,7.21,Flowering,,,,20NCWP-8-8-Harvest2,,,,,,,,
2020 ALT,NC,Winter pea,,1.64,15.82999992,7.6,39.56999969,54.47000122,,92.72000122,,,8.49,Flowering,,,,20NCWP-8-9-Harvest2,,,,,,,,
2020 ALT,NC,Winter pea,,1.64,14.52999973,6.79,38.68999863,54.04000092,,92.83000183,,,8.26,Flowering,,,,20NCWP-8-10-Harvest2,,,,,,,,
2020 ALT,NC,Winter pea,,1.59,13.09000015,7.22,39.83000183,55.27000046,,92.72000122,,,8.07,Flowering,,,,20NCWP-8-11-Harvest2,,,,,,,,
2020 ALT,NC,Winter pea,,1.68,15.48999977,7.63,38.25999832,51.08000183,,92.48000336,,,7.68,Flowering,,,,20NCWP-8-12-Harvest2,,,,,,,,
2020 ALT,NC,Crimson clover,,2.15,16.14999962,7.9,33.86000061,41.41999817,,92.23000336,,,7.58,Flowering,,,,20NCCC-1-1-Harvest1,,,,,,,,
2020 ALT,NC,Crimson clover,,2.57,16.20999908,6.16,31.06999969,38.65999985,,92.26999664,,,6.95,Flowering,,,,20NCCC-1-2-Harvest1,,,,,,,,
2020 ALT,NC,Crimson clover,,2.64,17.30999947,6.49,30.68000031,38.04000092,,92.06999969,,,6.66,Flowering,,,,20NCCC-1-3-Harvest1,,,,,,,,
2020 ALT,NC,Crimson clover,,2.22,13.77999973,5.52,33.59999847,41.52000046,,92.04000092,,,7.19,Flowering,,,,20NCCC-1-5-Harvest1,,,,,,,,
2020 ALT,NC,Crimson clover,,2.35,18.25,7.42,30.37999916,37.61999893,,92.37999725,,,7.48,Flowering,,,,20NCCC-2-1-Harvest1,,,,,,,,
2020 ALT,NC,Crimson clover,,2.33,14.90999985,6.44,31.84000015,40.20000076,,92.20999908,,,7.08,Flowering,,,,20NCCC-2-2-Harvest1,,,,,,,,
2020 ALT,NC,Crimson clover,,2.53,17.43000031,7.18,30.90999985,37.75,,92.22000122,,,6.83,Flowering,,,,20NCCC-2-3-Harvest1,,,,,,,,
2020 ALT,NC,Crimson clover,,2.66,20.14999962,6.87,28.02000046,34.52000046,,92.23999786,,,6.08,Flowering,,,,20NCCC-2-4-Harvest1,,,,,,,,
2020 ALT,NC,Crimson clover,,2.6,16.04999924,7.77,30.52000046,38.79999924,,92.13999939,,,6.99,Flowering,,,,20NCCC-2-5-Harvest1,,,,,,,,
2020 ALT,NC,Crimson clover,,1.51,13.10999966,1.34,37.58000183,46.36999893,,91.59999847,,,7.79,Flowering,,,,20NCCC-3-1-Harvest1,,,,,,,,
2020 ALT,NC,Crimson clover,,1.85,14.53999996,2.68,36.06999969,44.54999924,,91.93000031,,,7.76,Flowering,,,,20NCCC-3-2-Harvest1,,,,,,,,
2020 ALT,NC,Crimson clover,,,,,,,,,,,,Flowering,,,,20NCCC-3-3-Harvest1,,,,,,,,
2020 ALT,NC,Crimson clover,,1.75,15.02999973,2.09,36.56000137,45.00999832,,91.58999634,,,7.78,Flowering,,,,20NCCC-3-4-Harvest1,,,,,,,,
2020 ALT,NC,Crimson clover,,2.71,19.98999977,8.4,30.90999985,36.52999878,,91.33000183,,,7,Flowering,,,,20NCCC-3-5-Harvest1,,,,,,,,
2020 ALT,NC,Crimson clover,,1.94,19.31999969,4.11,32.47000122,39.08000183,,91.90000153,,,6.4,Flowering,,,,20NCCC-4-1-Harvest1,,,,,,,,
2020 ALT,NC,Crimson clover,,1.86,14.92000008,3.4,35.38000107,44.40000153,,92.05000305,,,7.5,Flowering,,,,20NCCC-4-2-Harvest1,,,,,,,,
2020 ALT,NC,Crimson clover,,2.65,18.28000069,7.39,30.51000023,36.99000168,,91.51000214,,,6.33,Flowering,,,,20NCCC-4-3-Harvest1,,,,,,,,
2020 ALT,NC,Crimson clover,,2.12,16.80999947,4.2,32.84000015,39.79000092,,92,,,7.08,Flowering,,,,20NCCC-4-4-Harvest1,,,,,,,,
2020 ALT,NC,Crimson clover,,2.21,16.04999924,7.64,32.54999924,40.25,,92.02999878,,,7.91,Flowering,,,,20NCCC-5-1-Harvest1,,,,,,,,
2020 ALT,NC,Crimson clover,,1.82,15.22000027,2.98,34.75,43.06000137,,92.23000336,,,7.67,Flowering,,,,20NCCC-5-2-Harvest1,,,,,,,,
2020 ALT,NC,Crimson clover,,,,,,,,,,,,Flowering,,,,20NCCC-5-3-Harvest1,,,,,,,,
2020 ALT,NC,Crimson clover,,2.62,18.23999977,7.85,35.31000137,41.59999847,,91.30000305,,,7.08,Flowering,,,,20NCCC-5-4-Harvest1,,,,,,,,
2020 ALT,NC,Crimson clover,,2.16,15.81999969,3.73,33.75,40.63000107,,90.83999634,,,7.23,Flowering,,,,20NCCC-5-5-Harvest1,,,,,,,,
2020 ALT,NC,Crimson clover,,,,,,,,,,,,Flowering,,,,20NCCC-6-1-Harvest1,,,,,,,,
2020 ALT,NC,Crimson clover,,2.81,17.57999992,8.47,32.41999817,38.90999985,,91.19999695,,,6.83,Flowering,,,,20NCCC-6-3-Harvest1,,,,,,,,
2020 ALT,NC,Crimson clover,,,,,,,,,,,,Flowering,,,,20NCCC-6-4-Harvest1,,,,,,,,
2020 ALT,NC,Crimson clover,,2.96,21.87000084,7.54,29.87000084,35.56999969,,91.61000061,,,5.92,Flowering,,,,20NCCC-6-5-Harvest1,,,,,,,,
2020 ALT,NC,Crimson clover,,,,,,,,,,,,Flowering,,,,20NCCC-7-1-Harvest1,,,,,,,,
2020 ALT,NC,Crimson clover,,2.14,17.32999992,4.23,31.40999985,38.91999817,,92,,,6.48,Flowering,,,,20NCCC-7-2-Harvest1,,,,,,,,
2020 ALT,NC,Crimson clover,,2.29,17.07999992,8.1,34.79000092,40.95000076,,92.11000061,,,7.3,Flowering,,,,20NCCC-7-3-Harvest1,,,,,,,,
2020 ALT,NC,Crimson clover,,2.03,16.65999985,3.32,34.77000046,42.41999817,,92.26000214,,,7.16,Flowering,,,,20NCCC-7-4-Harvest1,,,,,,,,
2020 ALT,NC,Crimson clover,,1.54,13.47999954,3.74,38.31000137,47.75,,92.12000275,,,8.1,Flowering,,,,20NCCC-7-5-Harvest1,,,,,,,,
2020 ALT,NC,Crimson clover,,2.59,17.53000069,6.59,30.29999924,37.5,,92.16000366,,,6.28,Flowering,,,,20NCCC-8-1-Harvest1,,,,,,,,
2020 ALT,NC,Crimson clover,,2.11,14.94999981,8.32,33.68000031,41.75,,92.25,,,8.3,Flowering,,,,20NCCC-8-2-Harvest1,,,,,,,,
2020 ALT,NC,Crimson clover,,2.55,21.12999916,8.11,27.70999908,34.56000137,,91.58999634,,,5.97,Flowering,,,,20NCCC-8-3-Harvest1,,,,,,,,
2020 ALT,NC,Crimson clover,,2.29,19.11000061,7.2,30.04000092,36.77000046,,92.12999725,,,6.58,Flowering,,,,20NCCC-8-5-Harvest1,,,,,,,,
2020 ALT,NC,Hairy vetch,,2.57,27.15999985,12.76,30.43000031,39.16999817,,92.06999969,,,6.4,Flowering,,,,20NCHV-1-1-Harvest1,,,,,,,,
2020 ALT,NC,Hairy vetch,,2.64,27.11000061,10.67,28.59000015,34.40000153,,92.63999939,,,5.76,Flowering,,,,20NCHV-1-2-Harvest1,,,,,,,,
2020 ALT,NC,Hairy vetch,,2.67,26.25,10.86,34.84000015,47.74000168,,91.61000061,,,6.4,Flowering,,,,20NCHV-1-3-Harvest1,,,,,,,,
2020 ALT,NC,Hairy vetch,,2.89,26.48999977,11.61,29.06999969,36.65000153,,92.04000092,,,6.15,Flowering,,,,20NCHV-1-4-Harvest1,,,,,,,,
2020 ALT,NC,Hairy vetch,,2.54,27.01000023,12.29,30.85000038,38.02000046,,92.01000214,,,6.22,Flowering,,,,20NCHV-1-5-Harvest1,,,,,,,,
2020 ALT,NC,Hairy vetch,,,,,,,,,,,,Flowering,,,,20NCHV-1-6-Harvest1,,,,,,,,
2020 ALT,NC,Hairy vetch,,2.87,26.02000046,10.73,30.09000015,37.16999817,,92.61000061,,,5.86,Flowering,,,,20NCHV-1-7-Harvest1,,,,,,,,
2020 ALT,NC,Hairy vetch,,,,,,,,,,,,Vegetative,,,,20NCHV-2-2-Harvest1,,,,,,,,
2020 ALT,NC,Hairy vetch,,2.42,28.09000015,11.25,29.38999939,35.97000122,,92.59999847,,,6.05,Vegetative,,,,20NCHV-2-3-Harvest1,,,,,,,,
2020 ALT,NC,Hairy vetch,,,,,,,,,,,,Flowering,,,,20NCHV-2-4-Harvest1,,,,,,,,
2020 ALT,NC,Hairy vetch,,,,,,,,,,,,Vegetative,,,,20NCHV-2-5-Harvest1,,,,,,,,
2020 ALT,NC,Hairy vetch,,,,,,,,,,,,Vegetative,,,,20NCHV-2-6-Harvest1,,,,,,,,
2020 ALT,NC,Hairy vetch,,2.65,27.17000008,9.85,29.20000076,35.06000137,,92.58000183,,,5.92,Vegetative,,,,20NCHV-2-7-Harvest1,,,,,,,,
2020 ALT,NC,Hairy vetch,,2.44,27.96999931,11.96,31.15999985,39.95000076,,91.98000336,,,5.99,Vegetative,,,,20NCHV-3-1-Harvest1,,,,,,,,
2020 ALT,NC,Hairy vetch,,2.64,26.75,11.15,29.54000092,36.70000076,,92.48000336,,,5.98,Vegetative,,,,20NCHV-3-2-Harvest1,,,,,,,,
2020 ALT,NC,Hairy vetch,,2.65,29.01000023,11.5,26.43000031,32.97999954,,92.41999817,,,5.68,Flowering,,,,20NCHV-3-3-Harvest1,,,,,,,,
2020 ALT,NC,Hairy vetch,,2.7,29.87999916,11.6,28.78000069,37.91999817,,92.02999878,,,5.9,Vegetative,,,,20NCHV-3-4-Harvest1,,,,,,,,
2020 ALT,NC,Hairy vetch,,2.83,27.22999954,10.85,28.64999962,35.18000031,,92.47000122,,,6,Flowering,,,,20NCHV-3-5-Harvest1,,,,,,,,
2020 ALT,NC,Hairy vetch,,2.68,27.81999969,11.32,29.94000053,37.90000153,,92.37000275,,,5.7,Vegetative,,,,20NCHV-3-6-Harvest1,,,,,,,,
2020 ALT,NC,Hairy vetch,,2.96,28.44000053,11.6,31.11000061,41.77000046,,91.80999756,,,5.81,Vegetative,,,,20NCHV-3-6-Harvest1,,,,,,,,
2020 ALT,NC,Hairy vetch,,2.84,28.54999924,11.96,26.72999954,33.40999985,,92.5,,,5.34,Vegetative,,,,20NCHV-4-2-Harvest1,,,,,,,,
2020 ALT,NC,Hairy vetch,,2.79,27,10.95,31.39999962,41.06999969,,92.27999878,,,6.56,Vegetative,,,,20NCHV-4-3-Harvest1,,,,,,,,
2020 ALT,NC,Hairy vetch,,2.71,27.28000069,11.73,27.45999908,34.50999832,,92.58999634,,,5.86,Flowering,,,,20NCHV-4-4-Harvest1,,,,,,,,
2020 ALT,NC,Hairy vetch,,2.67,26.92000008,11.69,27.59000015,34.09000015,,92.45999908,,,6.14,Flowering,,,,20NCHV-4-5-Harvest1,,,,,,,,
2020 ALT,NC,Hairy vetch,,2.96,26.5,11.53,28.37000084,36.11000061,,92.33999634,,,6.14,Vegetative,,,,20NCHV-4-6-Harvest1,,,,,,,,
2020 ALT,NC,Hairy vetch,,2.88,26.31999969,12.2,30.32999992,38.25,,92.19999695,,,6.22,Flowering,,,,20NCHV-4-7-Harvest1,,,,,,,,
2020 ALT,NC,Hairy vetch,,2.81,30.43000031,12.21,26.04000092,32.97999954,,92.48999786,,,5.18,Vegetative,,,,20NCHV-5-1-Harvest1,,,,,,,,
2020 ALT,NC,Hairy vetch,,2.79,27,11.81,30.79000092,39.09000015,,92.51999664,,,6.24,Flowering,,,,20NCHV-5-2-Harvest1,,,,,,,,
2020 ALT,NC,Hairy vetch,,2.54,27,11.19,29.65999985,37.04000092,,92.25,,,6.42,Flowering,,,,20NCHV-5-4-Harvest1,,,,,,,,
2020 ALT,NC,Hairy vetch,,2.87,27.82999992,11.24,27.57999992,35.02000046,,92.18000031,,,5.93,Vegetative,,,,20NCHV-5-5-Harvest1,,,,,,,,
2020 ALT,NC,Hairy vetch,,2.84,27.59000015,11.49,28.63999939,36.91999817,,92.04000092,,,5.84,Vegetative,,,,20NCHV-5-6-Harvest1,,,,,,,,
2020 ALT,NC,Hairy vetch,,2.81,27.61000061,11.21,29.78000069,38.61000061,,92.11000061,,,6.26,Vegetative,,,,20NCHV-5-7-Harvest1,,,,,,,,
2020 ALT,NC,Hairy vetch,,,,,,,,,,,,Flowering,,,,20NCHV-6-1-Harvest1,,,,,,,,
2020 ALT,NC,Hairy vetch,,,,,,,,,,,,Vegetative,,,,20NCHV-6-2-Harvest1,,,,,,,,
2020 ALT,NC,Hairy vetch,,,,,,,,,,,,Vegetative,,,,20NCHV-6-3-Harvest1,,,,,,,,
2020 ALT,NC,Hairy vetch,,2.46,27.38999939,10.82,34.58000183,44.41999817,,92.25,,,6.65,Vegetative,,,,20NCHV-6-4-Harvest1,,,,,,,,
2020 ALT,NC,Hairy vetch,,2.96,29.06999969,11.68,29.28000069,38.61000061,,91.76999664,,,6.12,Flowering,,,,20NCHV-6-5-Harvest1,,,,,,,,
2020 ALT,NC,Hairy vetch,,2.79,26.43000031,11.35,32.09000015,41.72000122,,91.98000336,,,5.94,Flowering,,,,20NCHV-6-6-Harvest1,,,,,,,,
2020 ALT,NC,Hairy vetch,,,,,,,,,,,,Flowering,,,,20NCHV-7-1-Harvest1,,,,,,,,
2020 ALT,NC,Hairy vetch,,2.4,27.22999954,10.57,30.90999985,37.95999908,,92.73999786,,,6.7,Vegetative,,,,20NCHV-7-2-Harvest1,,,,,,,,
2020 ALT,NC,Hairy vetch,,,,,,,,,,,,Vegetative,,,,20NCHV-7-3-Harvest1,,,,,,,,
2020 ALT,NC,Hairy vetch,,,,,,,,,,,,Vegetative,,,,20NCHV-7-4-Harvest1,,,,,,,,
2020 ALT,NC,Hairy vetch,,2.69,29.64999962,11.45,27.05999947,34.08000183,,92.29000092,,,5.95,Flowering,,,,20NCHV-7-5-Harvest1,,,,,,,,
2020 ALT,NC,Hairy vetch,,,,,,,,,,,,Vegetative,,,,20NCHV-7-6-Harvest1,,,,,,,,
2020 ALT,NC,Hairy vetch,,,,,,,,,,,,Vegetative,,,,20NCHV-7-7-Harvest1,,,,,,,,
2020 ALT,NC,Hairy vetch,,2.65,26.85000038,12.54,28.87000084,36.18000031,,92.04000092,,,5.94,Vegetative,,,,20NCHV-8-1-Harvest1,,,,,,,,
2020 ALT,NC,Hairy vetch,,2.58,28.37999916,12.12,29.98999977,37.77000046,,91.84999847,,,6.26,Vegetative,,,,20NCHV-8-2-Harvest1,,,,,,,,
2020 ALT,NC,Hairy vetch,,2.56,27.55999947,12.18,30.20999908,39.11999893,,92.37999725,,,6.24,Vegetative,,,,20NCHV-8-3-Harvest1,,,,,,,,
2020 ALT,NC,Hairy vetch,,2.97,28.25,11.57,30.45999908,40.58000183,,91.55999756,,,5.79,Vegetative,,,,20NCHV-8-4-Harvest1,,,,,,,,
2020 ALT,NC,Hairy vetch,,2.94,28.31999969,11.55,23.87999916,29.59000015,,92.66999817,,,5.39,Flowering,,,,20NCHV-8-5-Harvest1,,,,,,,,
2020 ALT,NC,Hairy vetch,,2.85,27.59000015,11.71,29.15999985,36.75,,92.16999817,,,5.89,Vegetative,,,,20NCHV-8-6-Harvest1,,,,,,,,
2020 ALT,NC,Hairy vetch,,3.06,28.57999992,11.92,26.56999969,33.24000168,,92.23999786,,,5,Vegetative,,,,20NCHV-8-7-Harvest1,,,,,,,,
2020 ALT,NC,Winter pea,,2.69,23.44000053,10.28,23.80999947,37.5,,93.72000122,,,4.64,Flowering,,,,20NCWP-1-1-Harvest1,,,,,,,,
2020 ALT,NC,Winter pea,,2.57,23.65999985,9.06,19.04999924,29.13999939,,93.08999634,,,3.96,Flowering,,,,20NCWP-1-2-Harvest1,,,,,,,,
2020 ALT,NC,Winter pea,,,,,,,,,,,,Flowering,,,,20NCWP-1-4-Harvest1,,,,,,,,
2020 ALT,NC,Winter pea,,,,,,,,,,,,Vegetative,,,,20NCWP-1-5-Harvest1,,,,,,,,
2020 ALT,NC,Winter pea,,,,,,,,,,,,Flowering,,,,20NCWP-1-6-Harvest1,,,,,,,,
2020 ALT,NC,Winter pea,,2.43,20.72999954,9.85,25.92000008,40.15000153,,92.81999969,,,5.91,Vegetative,,,,20NCWP-1-7-Harvest1,,,,,,,,
2020 ALT,NC,Winter pea,,,,,,,,,,,,Vegetative,,,,20NCWP-1-8-Harvest1,,,,,,,,
2020 ALT,NC,Winter pea,,2.39,22.23999977,8.6,21.54999924,35.34999847,,93.84999847,,,4.22,Vegetative,,,,20NCWP-1-9-Harvest1,,,,,,,,
2020 ALT,NC,Winter pea,,2.5,20.59000015,8.71,26.10000038,40.88999939,,93.83000183,,,5.53,Flowering,,,,20NCWP-1-10-Harvest1,,,,,,,,
2020 ALT,NC,Winter pea,,2.79,19.39999962,10.04,23.37999916,39.47999954,,93.27999878,,,4.83,Vegetative,,,,20NCWP-1-11-Harvest1,,,,,,,,
2020 ALT,NC,Winter pea,,2.34,16.07999992,7.67,20.56999969,31.88999939,,92.52999878,,,3.95,Flowering,,,,20NCWP-1-12-Harvest1,,,,,,,,
2020 ALT,NC,Winter pea,,2.34,21.05999947,9.22,26.72999954,41.63999939,,93.54000092,,,6.11,Vegetative,,,,20NCWP-2-1-Harvest1,,,,,,,,
2020 ALT,NC,Winter pea,,2.46,20.54000092,9.6,24.03000069,38.13000107,,93.55999756,,,5.14,Vegetative,,,,20NCWP-2-2-Harvest1,,,,,,,,
2020 ALT,NC,Winter pea,,2.66,22.12999916,9.48,22.78000069,36.45000076,,93.05000305,,,4.89,Flowering,,,,20NCWP-2-3-Harvest1,,,,,,,,
2020 ALT,NC,Winter pea,,2.66,22.40999985,9.8,23.63999939,38.16999817,,93.86000061,,,4.94,Vegetative,,,,20NCWP-2-4-Harvest1,,,,,,,,
2020 ALT,NC,Winter pea,,2.37,22.31999969,9.84,26.77000046,40.59999847,,93.80999756,,,5.59,Flowering,,,,20NCWP-2-5-Harvest1,,,,,,,,
2020 ALT,NC,Winter pea,,2.74,23.37000084,11.36,23.29000092,37.56000137,,92.69999695,,,5.26,Vegetative,,,,20NCWP-2-6-Harvest1,,,,,,,,
2020 ALT,NC,Winter pea,,2.49,22.72999954,10.33,25.60000038,38.31999969,,92.80999756,,,5.49,Vegetative,,,,20NCWP-2-7-Harvest1,,,,,,,,
2020 ALT,NC,Winter pea,,2.59,25.82999992,11.15,21.75,32.81999969,,93.69999695,,,4.23,Vegetative,,,,20NCWP-2-8-Harvest1,,,,,,,,
2020 ALT,NC,Winter pea,,1.91,22.63999939,9.85,24.53000069,37.38000107,,93.41999817,,,5.74,Flowering,,,,20NCWP-2-9-Harvest1,,,,,,,,
2020 ALT,NC,Winter pea,,1.53,22.85000038,8.97,26.18000031,37.16999817,,92.98000336,,,6.65,Flowering,,,,20NCWP-2-10-Harvest1,,,,,,,,
2020 ALT,NC,Winter pea,,1.77,20.53000069,9.15,26.64999962,37.56999969,,91.90000153,,,6.55,Flowering,,,,20NCWP-2-11-Harvest1,,,,,,,,
2020 ALT,NC,Winter pea,,2.82,20.30999947,9.97,23.70999908,38.56000137,,93.41999817,,,5.12,Vegetative,,,,20NCWP-2-12-Harvest1,,,,,,,,
2020 ALT,NC,Winter pea,,2.47,23.22999954,10.67,23.73999977,37.72000122,,93.12999725,,,5,Vegetative,,,,20NCWP-3-1-Harvest1,,,,,,,,
2020 ALT,NC,Winter pea,,2.4,22.38999939,10.33,24.55999947,36.83000183,,92.63999939,,,5.32,Flowering,,,,20NCWP-3-2-Harvest1,,,,,,,,
2020 ALT,NC,Winter pea,,2.77,23.22999954,9.71,20.79000092,32.29000092,,92.63999939,,,4.17,Flowering,,,,20NCWP-3-3-Harvest1,,,,,,,,
2020 ALT,NC,Winter pea,,2.62,24.72999954,10.23,20.72999954,30.96999931,,93.30999756,,,3.77,Vegetative,,,,20NCWP-3-4-Harvest1,,,,,,,,
2020 ALT,NC,Winter pea,,2.36,23.05999947,10.02,23.96999931,37.22000122,,92.80000305,,,5.08,Vegetative,,,,20NCWP-3-5-Harvest1,,,,,,,,
2020 ALT,NC,Winter pea,,2.12,22.62000084,9.1,21.17000008,29.55999947,,92.34999847,,,5.35,Flowering,,,,20NCWP-3-6-Harvest1,,,,,,,,
2020 ALT,NC,Winter pea,,2.4,21.37999916,9.3,23.63999939,35.77999878,,93.68000031,,,4.52,Flowering,,,,20NCWP-3-7-Harvest1,,,,,,,,
2020 ALT,NC,Winter pea,,2.17,21.32999992,8.22,19.95999908,29.18000031,,92.61000061,,,4.52,Flowering,,,,20NCWP-3-8-Harvest1,,,,,,,,
2020 ALT,NC,Winter pea,,2.34,20.42000008,9.03,25.63999939,42.75999832,,93.98999786,,,5.57,Vegetative,,,,20NCWP-3-9-Harvest1,,,,,,,,
2020 ALT,NC,Winter pea,,2.27,25.81999969,10.43,21.37999916,32.70999908,,92.62999725,,,5.14,Flowering,,,,20NCWP-3-10-Harvest1,,,,,,,,
2020 ALT,NC,Winter pea,,2.64,21.35000038,9.91,24.25,38.50999832,,93.54000092,,,5.06,Vegetative,,,,20NCWP-3-11-Harvest1,,,,,,,,
2020 ALT,NC,Winter pea,,1.74,20.35000038,8.6,24.04999924,33.25,,92.23000336,,,6.1,Flowering,,,,20NCWP-3-12-Harvest1,,,,,,,,
2020 ALT,NC,Winter pea,,1.93,22.56999969,9.13,25.59000015,38.81000137,,93.12999725,,,6.14,Flowering,,,,20NCWP-4-1-Harvest1,,,,,,,,
2020 ALT,NC,Winter pea,,2.05,20.57999992,9.2,29.11000061,42.20000076,,93.05000305,,,6.77,Flowering,,,,20NCWP-4-2-Harvest1,,,,,,,,
2020 ALT,NC,Winter pea,,2.34,22.48999977,9.65,24.78000069,40.5,,93.75,,,5.55,Vegetative,,,,20NCWP-4-3-Harvest1,,,,,,,,
2020 ALT,NC,Winter pea,,2.55,23.61000061,10.79,24.06999969,36.84000015,,93.48000336,,,5.13,Vegetative,,,,20NCWP-4-4-Harvest1,,,,,,,,
2020 ALT,NC,Winter pea,,2.42,22.69000053,9.8,24.38999939,36.52999878,,93.02999878,,,5.34,Flowering,,,,20NCWP-4-5-Harvest1,,,,,,,,
2020 ALT,NC,Winter pea,,2.65,25.96999931,10.21,18.77000046,30.34000015,,92.83000183,,,4.44,Vegetative,,,,20NCWP-4-6-Harvest1,,,,,,,,
2020 ALT,NC,Winter pea,,2.39,23.34000015,10,24.45000076,36.93999863,,92.58999634,,,5.49,Vegetative,,,,20NCWP-4-7-Harvest1,,,,,,,,
2020 ALT,NC,Winter pea,,2.37,24.25,9.96,23.04000092,36.18000031,,93.55999756,,,5.07,Vegetative,,,,20NCWP-4-8-Harvest1,,,,,,,,
2020 ALT,NC,Winter pea,,2.41,22.65999985,10.55,26.26000023,41.50999832,,93.29000092,,,5.61,Vegetative,,,,20NCWP-4-9-Harvest1,,,,,,,,
2020 ALT,NC,Winter pea,,2.06,20.37000084,9.02,27.52000046,42.47999954,,93.63999939,,,5.98,Vegetative,,,,20NCWP-4-10-Harvest1,,,,,,,,
2020 ALT,NC,Winter pea,,2.64,22.44000053,10.52,23.57999992,37.34999847,,93.76999664,,,4.61,Flowering,,,,20NCWP-4-11-Harvest1,,,,,,,,
2020 ALT,NC,Winter pea,,2.58,20.20000076,9.94,25.51000023,39.99000168,,93.12999725,,,5.24,Flowering,,,,20NCWP-4-12-Harvest1,,,,,,,,
2020 ALT,NC,Winter pea,,2.51,19.95999908,9.29,27.62000084,42.41999817,,93.59999847,,,5.79,Flowering,,,,20NCWP-5-1-Harvest1,,,,,,,,
2020 ALT,NC,Winter pea,,2.63,22.95000076,10.14,22.52000046,34.86999893,,93.65000153,,,4.55,Vegetative,,,,20NCWP-5-2-Harvest1,,,,,,,,
2020 ALT,NC,Winter pea,,1.75,21.90999985,8.81,25.55999947,35.43999863,,92.41999817,,,6.59,Flowering,,,,20NCWP-5-3-Harvest1,,,,,,,,
2020 ALT,NC,Winter pea,,2.46,23.20999908,9.76,22.97999954,35.36999893,,93.44000244,,,4.68,Vegetative,,,,20NCWP-5-4-Harvest1,,,,,,,,
2020 ALT,NC,Winter pea,,1.79,22.85000038,9.26,25.20000076,34.45999908,,93.05999756,,,6.09,Flowering,,,,20NCWP-5-5-Harvest1,,,,,,,,
2020 ALT,NC,Winter pea,,2.32,23.01000023,10.04,24.59000015,37.49000168,,93.83000183,,,5.13,Vegetative,,,,20NCWP-5-6-Harvest1,,,,,,,,
2020 ALT,NC,Winter pea,,2.52,25.60000038,10.41,23.77000046,37.72999954,,93.44999695,,,5.11,Vegetative,,,,20NCWP-5-7-Harvest1,,,,,,,,
2020 ALT,NC,Winter pea,,2.11,23.43000031,9.57,23.59000015,35.20000076,,93.56999969,,,5.14,Flowering,,,,20NCWP-5-8-Harvest1,,,,,,,,
2020 ALT,NC,Winter pea,,2.69,21.84000015,10.19,24.79999924,39.15999985,,93.76000214,,,4.91,Flowering,,,,20NCWP-5-9-Harvest1,,,,,,,,
2020 ALT,NC,Winter pea,,2.59,24.12000084,10.76,25.01000023,37.02999878,,93.51000214,,,5.03,Vegetative,,,,20NCWP-5-10-Harvest1,,,,,,,,
2020 ALT,NC,Winter pea,,2.72,21.63999939,10.22,24.44000053,38.81000137,,93.58999634,,,5,Flowering,,,,20NCWP-5-11-Harvest1,,,,,,,,
2020 ALT,NC,Winter pea,,2.95,21.65999985,9.7,22.95999908,37.72999954,,93.73999786,,,4.53,Vegetative,,,,20NCWP-5-12-Harvest1,,,,,,,,
2020 ALT,NC,Winter pea,,,,,,,,,,,,Flowering,,,,20NCWP-6-1-Harvest1,,,,,,,,
2020 ALT,NC,Winter pea,,2.26,24.73999977,9.6,25.01000023,39.31000137,,93.76000214,,,5.53,Vegetative,,,,20NCWP-6-2-Harvest1,,,,,,,,
2020 ALT,NC,Winter pea,,2.44,25.60000038,10,23.82999992,35.77999878,,93.56999969,,,5.19,Vegetative,,,,20NCWP-6-3-Harvest1,,,,,,,,
2020 ALT,NC,Winter pea,,1.97,22.35000038,8.98,28.98999977,41.81000137,,93.54000092,,,6.55,Vegetative,,,,20NCWP-6-4-Harvest1,,,,,,,,
2020 ALT,NC,Winter pea,,2.61,24.75,10.36,23,37.20000076,,93.83000183,,,4.8,Vegetative,,,,20NCWP-6-5-Harvest1,,,,,,,,
2020 ALT,NC,Winter pea,,2.18,22.29000092,9.83,28.87999916,43.04000092,,93.84999847,,,6.29,Flowering,,,,20NCWP-6-6-Harvest1,,,,,,,,
2020 ALT,NC,Winter pea,,1.96,23.95999908,9.38,21.96999931,32.72999954,,93.61000061,,,5.15,Flowering,,,,20NCWP-6-7-Harvest1,,,,,,,,
2020 ALT,NC,Winter pea,,2.11,21.79999924,9.41,29.53000069,43.81000137,,93.79000092,,,6.18,Vegetative,,,,20NCWP-6-8-Harvest1,,,,,,,,
2020 ALT,NC,Winter pea,,2.05,21.29999924,9.56,28.29999924,42.38999939,,93.54000092,,,6.24,Flowering,,,,20NCWP-6-9-Harvest1,,,,,,,,
2020 ALT,NC,Winter pea,,2.58,21.31999969,9.79,25.28000069,41.38999939,,93.83999634,,,5.57,Vegetative,,,,20NCWP-6-10-Harvest1,,,,,,,,
2020 ALT,NC,Winter pea,,2.46,20.42000008,9.96,26.31999969,41.72000122,,93.13999939,,,5.94,Vegetative,,,,20NCWP-6-11-Harvest1,,,,,,,,
2020 ALT,NC,Winter pea,,2.12,19.38999939,9.02,24.39999962,36.65999985,,93.26999664,,,5.33,Flowering,,,,20NCWP-6-12-Harvest1,,,,,,,,
2020 ALT,NC,Winter pea,,2.01,24.25,9.63,20.79000092,29.21999931,,92.76999664,,,5.17,Flowering,,,,20NCWP-7-1-Harvest1,,,,,,,,
2020 ALT,NC,Winter pea,,2.12,23.42000008,9.03,25.14999962,38.56000137,,92.97000122,,,5.82,Vegetative,,,,20NCWP-7-2-Harvest1,,,,,,,,
2020 ALT,NC,Winter pea,,2.37,24.31999969,9.7,21.60000038,33.88000107,,93.48000336,,,4.54,Vegetative,,,,20NCWP-7-3-Harvest1,,,,,,,,
2020 ALT,NC,Winter pea,,2.84,26.21999931,9.97,21.40999985,34.36000061,,93.58999634,,,4.6,Flowering,,,,20NCWP-7-4-Harvest1,,,,,,,,
2020 ALT,NC,Winter pea,,2.37,23.70000076,9.61,24.59000015,36.70000076,,93.62000275,,,5.37,Flowering,,,,20NCWP-7-5-Harvest1,,,,,,,,
2020 ALT,NC,Winter pea,,2.03,22.04999924,9.39,27.75,41.93999863,,93.70999908,,,6.29,Flowering,,,,20NCWP-7-6-Harvest1,,,,,,,,
2020 ALT,NC,Winter pea,,2.58,22.47999954,10.06,24.20999908,38.34000015,,93.98999786,,,4.7,Vegetative,,,,20NCWP-7-7-Harvest1,,,,,,,,
2020 ALT,NC,Winter pea,,2.43,22.96999931,9.54,23.42000008,37.08000183,,93.76999664,,,5.03,Vegetative,,,,20NCWP-7-8-Harvest1,,,,,,,,
2020 ALT,NC,Winter pea,,2.47,22.12000084,10.67,21.79000092,36.15999985,,94.48000336,,,4.4,Vegetative,,,,20NCWP-7-9-Harvest1,,,,,,,,
2020 ALT,NC,Winter pea,,2.37,20.22999954,9.84,25.39999962,40.22000122,,93.79000092,,,5.35,Vegetative,,,,20NCWP-7-10-Harvest1,,,,,,,,
2020 ALT,NC,Winter pea,,1.79,19.53000069,8.47,22.23999977,32.93000031,,93.12999725,,,5.33,Flowering,,,,20NCWP-7-11-Harvest1,,,,,,,,
2020 ALT,NC,Winter pea,,2.36,19.22999954,9.61,26.38999939,40.70999908,,94.02999878,,,5.12,Flowering,,,,20NCWP-7-12-Harvest1,,,,,,,,
2020 ALT,NC,Winter pea,,1.93,23.59000015,9.34,22.05999947,31.79000092,,92.61000061,,,5.4,Flowering,,,,20NCWP-8-1-Harvest1,,,,,,,,
2020 ALT,NC,Winter pea,,2.56,25.79000092,10.36,22.51000023,35.27999878,,93.37000275,,,4.82,Vegetative,,,,20NCWP-8-3-Harvest1,,,,,,,,
2020 ALT,NC,Winter pea,,1.99,23.87000084,8.95,25.45999908,40.5,,93.29000092,,,6.18,Vegetative,,,,20NCWP-8-4-Harvest1,,,,,,,,
2020 ALT,NC,Winter pea,,2.36,22.5,9.45,26.88999939,38.54999924,,93.33000183,,,5.59,Vegetative,,,,20NCWP-8-5-Harvest1,,,,,,,,
2020 ALT,NC,Winter pea,,2.06,22.48999977,9.23,23.81999969,33.97999954,,93.08000183,,,5.04,Flowering,,,,20NCWP-8-6-Harvest1,,,,,,,,
2020 ALT,NC,Winter pea,,2.41,22.98999977,10.03,26.71999931,40.20000076,,93.44000244,,,5.67,Vegetative,,,,20NCWP-8-7-Harvest1,,,,,,,,
2020 ALT,NC,Winter pea,,1.74,22.84000015,8.48,23.32999992,34.72999954,,93.51999664,,,5.81,Flowering,,,,20NCWP-8-8-Harvest1,,,,,,,,
2020 ALT,NC,Winter pea,,2.52,20.97999954,9.41,25.29000092,41.06000137,,93.62999725,,,5.66,Vegetative,,,,20NCWP-8-9-Harvest1,,,,,,,,
2020 ALT,NC,Winter pea,,2.05,19.29999924,8.96,28.26000023,42.54999924,,93.5,,,6.37,Flowering,,,,20NCWP-8-10-Harvest1,,,,,,,,
2020 ALT,NC,Winter pea,,2.35,17.57999992,9.57,27.12999916,43.11999893,,93.87999725,,,5.67,Vegetative,,,,20NCWP-8-11-Harvest1,,,,,,,,
2020 ALT,NC,Winter pea,,2.36,22.42000008,10.5,24.95000076,38.91999817,,93.83999634,,,5.17,Vegetative,,,,20NCWP-8-12-Harvest1,,,,,,,,
,,,,,,,,,,,,,,,,,,,,,,,,,,
FFAR Winter Pea,MO,Winter pea,,1.96,11.48,4.15,32.8,45.92,,91.36,,,6.6,,,,,19MOWP-1-2,,,,,,,,
FFAR Winter Pea,MO,Winter pea,,2.34,15.77,8.29,26.62,37.2,,91.58,,,6.56,,,,,19MOWP-1-6,,,,,,,,
FFAR Winter Pea,MO,Winter pea,,2.34,16.14,6.46,19.92,30.88,,91.8,,,4.62,,,,,19MOWP-1-7,,,,,,,,
FFAR Winter Pea,MO,Winter pea,,2.37,15.14,7,23.03,35.31,,91.95,,,5.14,,,,,19MOWP-1-9,,,,,,,,
FFAR Winter Pea,MO,Winter pea,,2.37,13.62,7.12,25.83,38.19,,91.7,,,6.08,,,,,19MOWP-2-2,,,,,,,,
FFAR Winter Pea,MO,Winter pea,,,,,,,,,,,,,,,,19MOWP-2-6,,,,,,,,
FFAR Winter Pea,MO,Winter pea,,2.29,15.08,8.83,30.92,42,,91.51,,,7.18,,,,,19MOWP-2-7,,,,,,,,
FFAR Winter Pea,MO,Winter pea,,2.05,15.75,9.18,32.42,44.5,,91.57,,,7.55,,,,,19MOWP-3-1,,,,,,,,
FFAR Winter Pea,MO,Winter pea,,2.02,11.39,4.99,31.13,44.37,,91.3,,,6.58,,,,,19MOWP-3-2,,,,,,,,
FFAR Winter Pea,MO,Winter pea,,2.22,21.32,13,24.59,34.46,,91.5,,,6.75,,,,,19MOWP-3-5,,,,,,,,
FFAR Winter Pea,MO,Winter pea,,,,,,,,,,,,,,,,19MOWP-3-6,,,,,,,,
FFAR Winter Pea,MO,Winter pea,,2.4,16.83,9.15,26.51,37.69,,91.73,,,6.73,,,,,19MOWP-4-5,,,,,,,,
FFAR Winter Pea,MO,Winter pea,,2.36,12.76,4.69,25.88,37.15,,91.16,,,5.99,,,,,19MOWP-5-1,,,,,,,,
FFAR Winter Pea,MO,Winter pea,,1.8,10.64,4.96,31.58,44.69,,91.5,,,6.46,,,,,19MOWP-5-3,,,,,,,,
FFAR Winter Pea,MO,Winter pea,,2.32,17.81,9.31,23.09,33.1,,91.41,,,6.12,,,,,19MOWP-5-6,,,,,,,,
FFAR Winter Pea,MO,Winter pea,,2.36,13.17,7.05,26.8,39.35,,91.3,,,6.17,,,,,19MOWP-5-7,,,,,,,,
FFAR Winter Pea,MO,Winter pea,,2.08,12.87,4.19,33.04,44.91,,91.53,,,6.93,,,,,19MOWP-6-1,,,,,,,,
FFAR Winter Pea,MO,Winter pea,,2.36,14.75,5.26,29.73,42.42,,91.47,,,6.15,,,,,19MOWP-6-2,,,,,,,,
FFAR Winter Pea,MO,Winter pea,,2.38,20.01,8.64,23.76,32.14,,91.6,,,6.16,,,,,19MOWP-6-9,,,,,,,,
FFAR Winter Pea,MO,Winter pea,,2.11,10,5.62,27.03,38.48,,91.39,,,6.09,,,,,19MOWP-7-1,,,,,,,,
FFAR Winter Pea,MO,Winter pea,,2.08,14.51,7.34,29.83,41.49,,91.38,,,6.92,,,,,19MOWP-7-7,,,,,,,,
FFAR Winter Pea,MO,Winter pea,,2.15,24.45,9.32,22.08,30.18,,91.59,,,6.09,,,,,19MOWP-7-8,,,,,,,,
FFAR Winter Pea,MO,Winter pea,,2.33,16.36,6.18,28.33,39.09,,91.66,,,6.12,,,,,19MOWP-8-1,,,,,,,,
FFAR Winter Pea,MO,Winter pea,,2.13,14.92,7.61,28.17,39.7,,91.34,,,6.47,,,,,19MOWP-8-2,,,,,,,,
FFAR Winter Pea,MO,Winter pea,,1.89,12.57,4.16,32.62,44.2,,91.24,,,6.64,,,,,19MOWP-8-5,,,,,,,,
,,,,,,,,,,,,,,,,,,,,,,,,,,
BARC,MD,Barley,,,17.38,,23.23,38.81,33.77,,58.45,39.34,2.21,,,,,NC2B:06,,,,,10/9/2023,5/25/2024,,
BARC,MD,Barley,,,13.05,,21.83,35.46,44.95,,63.27,33.87,2.86,,,,,NC2B:07,,,,,10/9/2023,5/25/2024,,
BARC,MD,Barley,,,16.94,,22.38,37.74,37.48,,60.35,37.05,2.6,,,,,NC2B:08,,,,,10/9/2023,5/25/2024,,
BARC,MD,Barley,,,15.8,,23.01,38.27,39.12,,60.24,36.87,2.89,,,,,NC2B:09,,,,,10/9/2023,5/25/2024,,
BARC,MD,Barley,,,16.22,,27.57,42.81,29.53,,53.61,43.42,2.96,,,,,NC2B:10,,,,,10/9/2023,5/25/2024,,
BARC,MD,Cereal rye,,,18.49,,20.88,31.87,41.2,,66.29,30.24,3.46,,,,,SH46:11,,,,,10/6/2023,4/25/2024,,
BARC,MD,Cereal rye,,,18.99,,20.36,30.36,44.06,,68.42,27.83,3.75,,,,,SH46:12,,,,,10/6/2023,4/25/2024,,
BARC,MD,Cereal rye,,,17.11,,18.3,30.35,44.96,,68.14,28.42,3.44,,,,,SH46:13,,,,,10/6/2023,4/25/2024,,
BARC,MD,Cereal rye,,,18.75,,18.97,33.83,38.65,,64.13,32.59,3.28,,,,,SH46:14,,,,,10/6/2023,4/25/2024,,
BARC,MD,Cereal rye,,,19.61,,19.52,32.81,41.06,,65.85,30.56,3.58,,,,,SH46:15,,,,,10/6/2023,4/25/2024,,
BARC,MD,Cereal rye,,,22.58,,17.56,32.32,36.73,,65.78,30.97,3.25,,,,,SH89:16,,,,,10/7/2023,5/30/2024,,
BARC,MD,Cereal rye,,,17.33,,20.99,32.28,43.05,,66.25,29.98,3.77,,,,,SH89:17,,,,,10/7/2023,5/30/2024,,
BARC,MD,Cereal rye,,,17.32,,21.69,35.26,39.4,,62.91,33.32,3.78,,,,,SH89:18,,,,,10/7/2023,5/30/2024,,
BARC,MD,Cereal rye,,,20.41,,23.26,33.02,35.29,,63.74,31.91,4.34,,,,,SH89:19,,,,,10/7/2023,5/30/2024,,
BARC,MD,Cereal rye,,,19.11,,22.48,31.19,39.4,,66.28,29.32,4.4,,,,,SH89:20,,,,,10/7/2023,5/30/2024,,
BARC,MD,Cereal rye,,,20.01,,16.7,31.2,39.79,,66.88,30.44,2.67,,,,,SE18A:22,,,,,10/10/2023,,,
BARC,MD,Cereal rye,,,19.34,,15.42,29.07,44.87,,69.82,27.38,2.8,,,,,SE18A:23,,,,,10/10/2023,,,
BARC,MD,Cereal rye,,,18.25,,16.82,29.96,44.71,,68.78,28.14,3.08,,,,,SE18A:24,,,,,10/10/2023,,,
BARC,MD,Cereal rye,,,17.53,,17.11,30.22,44,,68.14,29.08,2.79,,,,,SE18A:25,,,,,10/10/2023,,,
BARC,MD,Cereal rye,,,16.63,,27.27,34.09,39.47,,63.38,31.38,5.24,,,,,SD5:26,,,,,10/8/2023,4/25/2024,,
BARC,MD,Cereal rye,,,20.44,,19.69,30.39,41.52,,68.06,28.16,3.78,,,,,SD5:27,,,,,10/8/2023,4/25/2024,,
BARC,MD,Cereal rye,,,18.09,,29.09,36.42,35.37,,60.83,32.19,6.98,,,,,SD5:28,,,,,10/8/2023,4/25/2024,,
BARC,MD,Cereal rye,,,20.93,,28.83,35.26,31.5,,61.09,32.38,6.53,,,,,SD5:29,,,,,10/8/2023,4/25/2024,,
BARC,MD,Cereal rye,,,19.83,,23.59,34.09,37.61,,63.85,31.77,4.38,,,,,SD5:30,,,,,10/8/2023,4/25/2024,,
BARC,MD,Cereal rye,,,20.72,,20.48,34.19,35.61,,63.38,33.3,3.32,,,,,SE14:31,,,,,10/6/2023,6/13/2024,,
BARC,MD,Cereal rye,,,21.79,,16.74,31.86,37.19,,66,31.56,2.44,,,,,SE14:32,,,,,10/6/2023,6/13/2024,,
BARC,MD,Cereal rye,,,21.78,,16.16,31.14,37.14,,66.56,30.86,2.57,,,,,SE14:33,,,,,10/6/2023,6/13/2024,,
BARC,MD,Cereal rye,,,20.75,,14.98,28.94,42.43,,69.58,27.87,2.56,,,,,SE14:34,,,,,10/6/2023,6/13/2024,,
BARC,MD,Cereal rye,,,25.9,,13.99,31.01,35.28,,67.36,29.92,2.73,,,,,SE14:35,,,,,10/6/2023,6/13/2024,,
BARC,MD,Cereal rye,,,17.5,,18.73,34.41,39.97,,63.84,33.61,2.55,,,,,137:36:00,,,,,9/29/2023,4/30/2024,,
BARC,MD,Cereal rye,,,18.44,,16.03,28.99,44.12,,69.41,28.04,2.55,,,,,137:37:00,,,,,9/29/2023,4/30/2024,,
BARC,MD,Cereal rye,,,19.3,,16.87,31.14,40.96,,67.1,30.39,2.51,,,,,137:38:00,,,,,9/29/2023,4/30/2024,,
BARC,MD,Cereal rye,,,19.24,,15.77,29.54,43.29,,69,28.47,2.53,,,,,137:39:00,,,,,9/29/2023,4/30/2024,,
BARC,MD,Cereal rye,,,17.42,,16.15,29.57,44.94,,68.96,28.43,2.61,,,,,137:40:00,,,,,9/29/2023,4/30/2024,,
BARC,MD,Triticale,,,17.99,,20.89,34.11,35.52,,62.38,34.76,2.86,,,,,268B:41,,,,,9/29/2023,4/22/2024,,
BARC,MD,Triticale,,,19.72,,15.63,28.17,43.68,,70.25,27.23,2.53,,,,,268B:42,,,,,9/29/2023,4/22/2024,,
BARC,MD,Triticale,,,19.48,,18.11,32.54,38.34,,65.24,32.1,2.66,,,,,268B:43,,,,,9/29/2023,4/22/2024,,
BARC,MD,Triticale,,,20.8,,17.02,31.4,38.87,,66.69,30.76,2.55,,,,,268B:44,,,,,9/29/2023,4/22/2024,,
BARC,MD,Triticale,,,18.22,,21.13,33.32,36.34,,63.39,33.28,3.33,,,,,268B:45,,,,,9/29/2023,4/22/2024,,
BARC,MD,Wheat,,,20.11,,17.59,30.79,40.43,,67.32,30.03,2.65,,,,,232A:46,,,,,10/13/2023,6/21/2024,,
BARC,MD,Wheat,,,19.5,,20.07,33.12,39,,64.94,32.09,2.98,,,,,232A:47,,,,,10/13/2023,6/21/2024,,
BARC,MD,Wheat,,,16.93,,20,30.98,42.47,,66.71,30.64,2.65,,,,,232A:48,,,,,10/13/2023,6/21/2024,,
BARC,MD,Wheat,,,24.22,,17,34.47,34.21,,64.06,33.92,2.02,,,,,232A:49,,,,,10/13/2023,6/21/2024,,
BARC,MD,Wheat,,,22.72,,17.59,32.54,35.25,,65.23,32.57,2.2,,,,,232A:50,,,,,10/13/2023,6/21/2024,,
BARC,MD,Cereal rye,,,14.23,,19.98,33.23,45.35,,65.43,31.79,2.78,,,,,ND5:01,,,,,10/10/2023,10/3/2024,,
BARC,MD,Cereal rye,,,13.34,,20.94,37.66,40.26,,60.38,36.7,2.92,,,,,ND5:02,,,,,10/10/2023,10/3/2024,,
BARC,MD,Cereal rye,,,17.75,,16.52,28.5,43.35,,69.43,28.1,2.47,,,,,ND5:03,,,,,10/10/2023,10/3/2024,,
BARC,MD,Cereal rye,,,12.34,,21.91,33.52,47.19,,65.11,31.34,3.55,,,,,ND5:04,,,,,10/10/2023,10/3/2024,,
BARC,MD,Cereal rye,,,12.27,,19.81,31.68,48.14,,66.86,29.95,3.19,,,,,ND5:05,,,,,10/10/2023,10/3/2024,,
BARC,MD,Barley,,,12.47,,24.09,42.35,39.61,,56.66,40.84,2.5,,,,,NC2B:06,,,,,10/10/2023,5/25/2024,,
BARC,MD,Barley,,,11.88,,23.32,38.89,43.45,,60.06,37.3,2.64,,,,,NC2B:07,,,,,10/10/2023,5/25/2024,,
BARC,MD,Barley,,,14.93,,24,44.11,33.07,,53.87,44.15,1.98,,,,,NC2B:08,,,,,10/10/2023,5/25/2024,,
BARC,MD,Barley,,,11.88,,24.96,42.55,41.45,,56.8,40.17,3.03,,,,,NC2B:09,,,,,10/10/2023,5/25/2024,,
BARC,MD,Barley,,,13.41,,29,46.94,31.09,,50.48,46.21,3.31,,,,,NC2B:10,,,,,10/10/2023,5/25/2024,,
BARC,MD,Cereal rye,,,17.18,,19.9,30.65,45.66,,68.22,27.81,3.97,,,,,SH46:11,,,,,10/10/2023,4/25/2024,,
BARC,MD,Cereal rye,,,17.84,,17.91,28.68,46.65,,70.24,26.72,3.04,,,,,SH46:12,,,,,10/10/2023,4/25/2024,,
BARC,MD,Cereal rye,,,12.28,,23.05,33.48,45.94,,64.77,31.13,4.1,,,,,SH46:13,,,,,10/10/2023,4/25/2024,,
BARC,MD,Cereal rye,,,13.93,,22.53,35.11,41.36,,62.44,33.82,3.74,,,,,SH46:14,,,,,10/10/2023,4/25/2024,,
BARC,MD,Cereal rye,,,19.6,,19.32,28.86,44.49,,69.94,26.2,3.86,,,,,SH46:15,,,,,10/10/2023,4/25/2024,,
BARC,MD,Cereal rye,,,16.68,,21.77,31.81,43.16,,66.37,29.35,4.28,,,,,SH89:16,,,,,10/10/2023,5/30/2024,,
BARC,MD,Cereal rye,,,13.87,,26.67,37.3,38.88,,60.08,35.03,4.89,,,,,SH89:17,,,,,10/10/2023,5/30/2024,,
BARC,MD,Cereal rye,,,15.88,,21.51,31.89,45.57,,66.93,28.94,4.12,,,,,SH89:18,,,,,10/10/2023,5/30/2024,,
BARC,MD,Cereal rye,,,15.41,,23.81,33.66,42.59,,64.32,31.05,4.63,,,,,SH89:19,,,,,10/10/2023,5/30/2024,,
BARC,MD,Cereal rye,,,13.55,,18.16,29.08,50.12,,69.7,27.04,3.26,,,,,SE18A:22,,,,,10/10/2023,,,
BARC,MD,Cereal rye,,,13.23,,20.29,31.92,46.86,,66.5,30.23,3.27,,,,,SE18A:24,,,,,10/10/2023,,,
BARC,MD,Cereal rye,,,14.52,,17.45,28.38,50.86,,70.73,26.25,3.02,,,,,SE18A:25,,,,,10/10/2023,,,
BARC,MD,Cereal rye,,,16.06,,30.63,38.41,35.57,,58.91,33.72,7.37,,,,,SD5:26,,,,,10/10/2023,4/25/2024,,
BARC,MD,Cereal rye,,,17.22,,32.2,36.68,33.74,,59.81,32.6,7.59,,,,,SD5:27,,,,,10/10/2023,4/25/2024,,
BARC,MD,Cereal rye,,,17.85,,29.28,34.89,36.65,,62.38,30.85,6.77,,,,,SD5:28,,,,,10/10/2023,4/25/2024,,
BARC,MD,Cereal rye,,,18.14,,33.93,38.68,30.29,,57.12,34.89,7.99,,,,,SD5:29,,,,,10/10/2023,4/25/2024,,
BARC,MD,Cereal rye,,,20.86,,27.99,33.99,35.57,,63.67,29.47,6.87,,,,,SD5:30,,,,,10/10/2023,4/25/2024,,
BARC,MD,Cereal rye,,,21.87,,24.07,36.14,33.09,,61.53,33.52,4.94,,,,,SE14:31,,,,,10/10/2023,6/13/2024,,
BARC,MD,Cereal rye,,,22.61,,21.32,35.77,32.72,,61.98,33.63,4.39,,,,,SE14:32,,,,,10/10/2023,6/13/2024,,
BARC,MD,Cereal rye,,,22.36,,23.13,31.95,35.48,,65.68,28.87,5.45,,,,,SE14:33,,,,,10/10/2023,6/13/2024,,
BARC,MD,Cereal rye,,,20.45,,19.35,31.36,40.2,,67.1,29.04,3.86,,,,,SE14:34,,,,,10/10/2023,6/13/2024,,
BARC,MD,Cereal rye,,,23.2,,15.84,33.25,35.41,,65.04,32.12,2.83,,,,,SE14:35,,,,,10/10/2023,6/13/2024,,
BARC,MD,Triticale,,,18.46,,17.42,32.31,44.31,,66.94,30.49,2.57,,,,,268B:41,,,,,10/10/2023,4/22/2024,,
BARC,MD,Triticale,,,17.82,,18.45,33.38,42.86,,65.52,31.96,2.53,,,,,268B:42,,,,,10/10/2023,4/22/2024,,
BARC,MD,Triticale,,,16.92,,18.62,32.83,42.8,,65.69,32.17,2.14,,,,,268B:43,,,,,10/10/2023,4/22/2024,,
BARC,MD,Triticale,,,15.43,,23.43,40.47,36.07,,57.37,39.82,2.8,,,,,268B:44,,,,,10/10/2023,4/22/2024,,
BARC,MD,Triticale,,,14.79,,23.72,38.61,37.89,,58.97,37.82,3.21,,,,,268B:45,,,,,10/10/2023,4/22/2024,,
BARC,MD,Cereal rye,,,10.85,,27.15,47.46,36.28,,51.2,45.9,2.9,,,,,SH46:11,,,,,10/10/2023,4/25/2024,,
BARC,MD,Winter pea,,,19.31,,27.05,38.77,35.91,,59.63,34.98,5.39,,,,,SH46:11,,,,,10/10/2023,4/25/2024,,
BARC,MD,Cereal rye,,,13.94,,24.81,46,34.35,,52.55,45.02,2.42,,,,,SH46:12,,,,,10/10/2023,4/25/2024,,
BARC,MD,Winter pea,,,20.41,,24.96,29.15,43.53,,69.42,24.07,6.51,,,,,SH46:12,,,,,10/10/2023,4/25/2024,,
BARC,MD,Hairy vetch,,,21.63,,32.04,38.06,30.86,,58.88,33.86,7.26,,,,,SH46:12,,,,,10/10/2023,4/25/2024,,
BARC,MD,Cereal rye,,,10.68,,26.11,45.35,39.13,,53.61,43.39,3.01,,,,,SH46:13,,,,,10/10/2023,4/25/2024,,
BARC,MD,Winter pea,,,18.97,,26.74,33.18,38.38,,64.27,29.12,6.61,,,,,SH46:13,,,,,10/10/2023,4/25/2024,,
BARC,MD,Cereal rye,,,13.78,,24.59,47.14,33.52,,51.54,45.92,2.53,,,,,SH46:14,,,,,10/10/2023,4/25/2024,,
BARC,MD,Winter pea,,,21.86,,24.32,28.72,40.95,,69.36,24.52,6.12,,,,,SH46:14,,,,,10/10/2023,4/25/2024,,
BARC,MD,Hairy vetch,,,21.14,,31.73,37.55,31.75,,59.58,33.91,6.51,,,,,SH46:14,,,,,10/10/2023,4/25/2024,,
BARC,MD,Cereal rye,,,12.65,,25.24,45.95,35.86,,52.75,44.46,2.79,,,,,SH46:15,,,,,10/10/2023,4/25/2024,,
BARC,MD,Winter pea,,,20.71,,24.97,30.18,40.32,,67.76,25.9,6.33,,,,,SH46:15,,,,,10/10/2023,4/25/2024,,
BARC,MD,Cereal rye,,,11.27,,23.59,42.77,41.75,,56.53,40.73,2.74,,,,,SH89:16,,,,,10/10/2023,5/30/2024,,
BARC,MD,Hairy vetch,,,20.38,,30.55,31.9,36.56,,65.16,25.44,9.4,,,,,SH89:16,,,,,10/10/2023,5/30/2024,,
BARC,MD,Winter pea,,,20.32,,23.04,28.05,45.09,,70.74,23.16,6.1,,,,,SH89:16,,,,,10/10/2023,5/30/2024,,
BARC,MD,Canola,,,13.87,,28.85,40.11,39.08,,57.77,36.71,5.52,,,,,SH89:16,,,,,10/10/2023,5/30/2024,,
BARC,MD,Cereal rye,,,12,,26.09,45.4,35.32,,52.53,44.74,2.73,,,,,SH89:17,,,,,10/10/2023,5/30/2024,,
BARC,MD,Hairy vetch,,,23.23,,27.37,27.63,37.46,,69.75,21.2,9.05,,,,,SH89:17,,,,,10/10/2023,5/30/2024,,
BARC,MD,Winter pea,,,16.51,,25.83,33.19,43.83,,65.36,28.79,5.85,,,,,SH89:17,,,,,10/10/2023,5/30/2024,,
BARC,MD,Canola,,,13.24,,29.85,40.65,38.98,,57.28,36.99,5.73,,,,,SH89:17,,,,,10/10/2023,5/30/2024,,
BARC,MD,Cereal rye,,,14.83,,23.07,46.03,33.54,,52.69,44.85,2.46,,,,,SH89:18,,,,,10/10/2023,5/30/2024,,
BARC,MD,Hairy vetch,,,22.89,,27.93,29.9,36.52,,67.47,25.08,7.46,,,,,SH89:18,,,,,10/10/2023,5/30/2024,,
BARC,MD,Winter pea,,,20.96,,23.37,28.41,42.95,,69.97,24.1,5.92,,,,,SH89:18,,,,,10/10/2023,5/30/2024,,
BARC,MD,Cereal rye,,,13.85,,23.97,44.34,35.83,,54.27,42.95,2.78,,,,,SH89:19,,,,,10/10/2023,5/30/2024,,
BARC,MD,Hairy vetch,,,23.68,,28.29,29.35,36.97,,68.38,22.64,8.98,,,,,SH89:19,,,,,10/10/2023,5/30/2024,,
BARC,MD,Winter pea,,,18.86,,24.24,29.06,44.75,,69.46,24.71,5.83,,,,,SH89:19,,,,,10/10/2023,5/30/2024,,
BARC,MD,Canola,,,14.2,,28.5,40.15,38.7,,57.78,36.92,5.3,,,,,SH89:19,,,,,10/10/2023,5/30/2024,,
BARC,MD,Cereal rye,,,12.95,,23.95,46.3,35.91,,52.7,45.02,2.28,,,,,SH89:20,,,,,10/10/2023,5/30/2024,,
BARC,MD,Hairy vetch,,,21.45,,29.13,33.22,32.54,,63.04,30.33,6.64,,,,,SH89:20,,,,,10/10/2023,5/30/2024,,
BARC,MD,Winter pea,,,19.94,,23.89,28.76,44.05,,69.69,24.31,5.99,,,,,SH89:20,,,,,10/10/2023,5/30/2024,,
BARC,MD,Canola,,,11.62,,32.01,39.18,38.71,,57.25,37.04,5.71,,,,,SH89:20,,,,,10/10/2023,5/30/2024,,
BARC,MD,Cereal rye,,,12.53,,24.94,45.43,36.84,,53.47,43.85,2.68,,,,,SE18A:21,,,,,10/10/2023,,,
BARC,MD,Cereal rye,,,11.47,,26.45,46.06,35.08,,51.9,45.21,2.89,,,,,SE18A:22,,,,,10/10/2023,,,
BARC,MD,Cereal rye,,,14.71,,24.2,44.61,35.08,,54.1,43.2,2.7,,,,,SE18A:23,,,,,10/10/2023,,,
BARC,MD,Cereal rye,,,13.56,,25.94,47.57,32.55,,50.78,46.57,2.65,,,,,SE18A:24,,,,,10/10/2023,,,
BARC,MD,Cereal rye,,,13.41,,24.5,47.49,34.22,,51.49,46.59,1.91,,,,,SE18A:25,,,,,10/10/2023,,,
BARC,MD,Cereal rye,,,14.14,,28.28,47.44,28.13,,48.89,48.01,3.1,,,,,SD5:26,,,,,10/10/2023,4/25/2024,,
BARC,MD,Crimson clover,,,15.63,,39.35,45.94,25.47,,48.74,40.96,10.3,,,,,SD5:26,,,,,10/10/2023,4/25/2024,,
BARC,MD,Cereal rye,,,13.68,,26.44,45.87,33.87,,52.32,44.32,3.36,,,,,SD5:27,,,,,10/10/2023,4/25/2024,,
BARC,MD,Crimson clover,,,20.61,,29.71,36.45,31.75,,60.21,30.71,9.08,,,,,SD5:27,,,,,10/10/2023,4/25/2024,,
BARC,MD,Crimson clover,,,19.51,,29.69,34.73,34.09,,61.86,29.18,8.96,,,,,SD5:28,,,,,10/10/2023,4/25/2024,,
BARC,MD,Cereal rye,,,18.23,,22.01,42.43,33.58,,56.22,41.49,2.29,,,,,SD5:30,,,,,10/10/2023,4/25/2024,,
BARC,MD,Crimson clover,,,20.6,,27.47,31.45,36.38,,65.54,26.25,8.21,,,,,SD5:30,,,,,10/10/2023,4/25/2024,,
BARC,MD,Cereal rye,,,17.73,,24.31,45.19,29.61,,52.62,44.56,2.83,,,,,SE14:31,,,,,10/10/2023,6/13/2024,,
BARC,MD,Crimson clover,,,21.53,,28.57,32.94,33.43,,63.56,28.39,8.05,,,,,SE14:31,,,,,10/10/2023,6/13/2024,,
BARC,MD,Cereal rye,,,15.5,,26.15,48.07,30.15,,50.17,47.58,2.25,,,,,SE14:32,,,,,10/10/2023,6/13/2024,,
BARC,MD,Hairy vetch,,,23.57,,30.65,32.29,32.3,,64.37,26.95,8.68,,,,,SE14:32,,,,,10/10/2023,6/13/2024,,
BARC,MD,Crimson clover,,,19.67,,31.58,35,32.09,,60.72,31.32,7.96,,,,,SE14:32,,,,,10/10/2023,6/13/2024,,
BARC,MD,Cereal rye,,,18.33,,23.7,46.27,28.55,,51.73,46.14,2.12,,,,,SE14:33,,,,,10/10/2023,6/13/2024,,
BARC,MD,Hairy vetch,,,25.35,,28.85,31.33,32.54,,66.07,25.76,8.16,,,,,SE14:33,,,,,10/10/2023,6/13/2024,,
BARC,MD,Crimson clover,,,21.3,,30.14,31.95,30.66,,63.06,28.85,8.09,,,,,SE14:33,,,,,10/10/2023,6/13/2024,,
BARC,MD,Cereal rye,,,16.11,,23.73,48.88,29.92,,49.97,48.04,1.99,,,,,SE14:34,,,,,10/10/2023,6/13/2024,,
BARC,MD,Hairy vetch,,,23.36,,29.39,30.19,36.41,,67.42,23.67,8.91,,,,,SE14:34,,,,,10/10/2023,6/13/2024,,
BARC,MD,Crimson clover,,,19.82,,31.06,35.55,32.1,,60.5,31.92,7.58,,,,,SE14:34,,,,,10/10/2023,6/13/2024,,
BARC,MD,Cereal rye,,,15.25,,26.06,48.06,30.52,,50.27,47.05,2.68,,,,,SE14:35,,,,,10/10/2023,6/13/2024,,
BARC,MD,Hairy vetch,,,18.26,,35.63,38.93,29.3,,56.51,33.48,10.01,,,,,SE14:35,,,,,10/10/2023,6/13/2024,,
BARC,MD,Crimson clover,,,20.68,,27.23,32.18,37.48,,65.35,26.83,7.82,,,,,SE14:35,,,,,10/10/2023,6/13/2024,,
BARC,MD,Cereal rye,,,13.6,,23.52,46.32,36.05,,53.04,44.55,2.41,,,,,137:36:00,,,,,10/10/2023,4/30/2024,,
BARC,MD,Cereal rye,,,13.41,,24.36,45.81,36.42,,53.42,43.9,2.68,,,,,137:37:00,,,,,10/10/2023,4/30/2024,,
BARC,MD,Cereal rye,,,14.92,,23.59,46.2,35.57,,53.46,44.33,2.2,,,,,137:38:00,,,,,10/10/2023,4/30/2024,,
BARC,MD,Cereal rye,,,13.03,,23.93,47.2,37.5,,52.98,44.48,2.54,,,,,137:39:00,,,,,10/10/2023,4/30/2024,,
BARC,MD,Cereal rye,,,13.07,,23.81,47.94,36.29,,52.01,45.8,2.19,,,,,137:40:00,,,,,10/10/2023,4/30/2024,,
BARC,MD,Triticale,,,17.07,,21.47,44.87,35.72,,55.16,42.95,1.9,,,,,268B:41,,,,,10/10/2023,4/22/2024,,
BARC,MD,Triticale,,,17.17,,21.98,43.67,35.14,,55.75,42.46,1.79,,,,,268B:42,,,,,10/10/2023,4/22/2024,,
BARC,MD,Triticale,,,17.46,,22.85,47.5,32.09,,52.27,45.68,2.04,,,,,268B:43,,,,,10/10/2023,4/22/2024,,
BARC,MD,Triticale,,,15.33,,24.83,50.41,31.98,,49.67,48.27,2.06,,,,,268B:44,,,,,10/10/2023,4/22/2024,,
BARC,MD,Triticale,,,15.79,,24.55,46.67,34.92,,53.18,44.81,2.01,,,,,268B:45,,,,,10/10/2023,4/22/2024,,
BARC,MD,Wheat,,,14.09,,22.78,41.75,39.95,,57.54,40.44,2.01,,,,,232A:46,,,,,10/10/2023,6/21/2024,,
BARC,MD,Wheat,,,19.34,,20.93,38.39,36.46,,60.39,37.56,2.06,,,,,232A:47,,,,,10/10/2023,6/21/2024,,
BARC,MD,Wheat,,,15.92,,21.95,37.03,43.13,,62.43,35.45,2.12,,,,,232A:48,,,,,10/10/2023,6/21/2024,,
BARC,MD,Wheat,,,15.65,,22.88,39.1,40.53,,60.1,37.48,2.42,,,,,232A:49,,,,,10/10/2023,6/21/2024,,
BARC,MD,Wheat,,,15.02,,22.2,39.8,41.25,,59.67,38.35,1.98,,,,,232A:50,,,,,10/10/2023,6/21/2024,,
EMIT,MD,Crimson clover,,,18.8,,27.49,33.56,37.28,,63.76,27.56,8.68,,,,,SD5:26,,,,,10/8/2023,4/25/2024,,
EMIT,MD,Crimson clover,,,17.69,,28.57,35.8,35.4,,61.08,29.77,9.15,,,,,SD5:27,,,,,10/8/2023,4/25/2024,,
EMIT,MD,Crimson clover,,,18.04,,29.02,34.65,36.14,,62.12,29.33,8.54,,,,,SD5:28,,,,,10/8/2023,4/25/2024,,
EMIT,MD,Crimson clover,,,20.04,,26.8,31.54,36.04,,65.17,26.23,8.61,,,,,SD5:29,,,,,10/8/2023,4/25/2024,,
EMIT,MD,Crimson clover,,,19.38,,27.65,33.09,35.8,,63.68,27.81,8.51,,,,,SD5:30,,,,,10/8/2023,4/25/2024,,
EMIT,MD,Cereal rye,,,12.27,,22.29,38.9,43.61,,60.2,36.93,2.87,,,,,137:36:00,,,,,9/29/2023,4/30/2024,,
EMIT,MD,Cereal rye,,,17,,21.44,38.5,37.01,,59.78,37.66,2.56,,,,,137:37:00,,,,,9/29/2023,4/30/2024,,
EMIT,MD,Cereal rye,,,12.05,,22.08,37.77,44.6,,61.27,35.67,3.06,,,,,137:38:00,,,,,9/29/2023,4/30/2024,,
EMIT,MD,Cereal rye,,,11.11,,22.67,37.47,46.1,,61.62,35.05,3.33,,,,,137:39:00,,,,,9/29/2023,4/30/2024,,
EMIT,MD,Cereal rye,,,11.48,,24.72,41.26,40.26,,57.14,39.98,2.89,,,,,137:40:00,,,,,9/29/2023,4/30/2024,,
EMIT,MD,Triticale,,,12.21,,25.15,41.79,38.48,,56.26,40.93,2.81,,,,,268B:41,,,,,10/2/2023,4/22/2024,,
EMIT,MD,Triticale,,,13.7,,24.4,42.46,37.56,,56.13,41.12,2.75,,,,,268B:42,,,,,10/2/2023,4/22/2024,,
EMIT,MD,Triticale,,,10.18,,27.25,42.18,40.48,,55.99,40.56,3.44,,,,,268B:43,,,,,10/2/2023,4/22/2024,,
EMIT,MD,Triticale,,,12.29,,23.97,42.04,39.96,,56.75,40.54,2.71,,,,,268B:44,,,,,10/2/2023,4/22/2024,,
EMIT,MD,Triticale,,,13.75,,23.82,40.94,38.75,,57.55,39.91,2.53,,,,,268B:45,,,,,10/2/2023,4/22/2024,,
EMIT,MD,Wheat,,,12.88,,25,39.67,41.18,,58.95,37.28,3.77,,,,,232A:46,,,,,10/13/2023,6/21/2024,,
EMIT,MD,Wheat,,,19.51,,21.36,36.58,37.04,,61.93,35.35,2.72,,,,,232A:47,,,,,10/13/2023,6/21/2024,,
EMIT,MD,Wheat,,,14.53,,24.47,38.73,40.22,,59.74,36.27,3.99,,,,,232A:48,,,,,10/13/2023,6/21/2024,,
EMIT,MD,Wheat,,,14.4,,24.28,39.22,39.55,,59.21,36.95,3.84,,,,,232A:49,,,,,10/13/2023,6/21/2024,,
EMIT,MD,Wheat,,,16.49,,25.77,43.19,32.57,,54.64,41.27,4.09,,,,,232A:50,,,,,10/13/2023,6/21/2024,,
EMIT,MD,Wheat,,,20.32,,21.43,39.04,33.49,,59.17,37.27,3.56,,,,,232C:51,,,,,10/18/2023,,,
EMIT,MD,Wheat,,,20.5,,20.03,37.02,36.04,,61.58,35.36,3.06,,,,,232C:52,,,,,10/18/2023,,,
EMIT,MD,Wheat,,,15.7,,21.53,37.6,39.53,,60.74,36.08,3.18,,,,,232C:53,,,,,10/18/2023,,,
EMIT,MD,Wheat,,,17.77,,20.48,35.25,40.22,,63.31,33.73,2.96,,,,,232C:54,,,,,10/18/2023,,,
EMIT,MD,Wheat,,,17.44,,19.67,34.45,41.71,,64.27,32.67,3.06,,,,,232C:55,,,,,10/18/2023,,,
EMIT,MD,Cereal rye,,,13.85,,21.17,35.77,44.52,,63.15,34.24,2.62,,,,,271:56:00,,,,,9/30/2023,,,
EMIT,MD,Cereal rye,,,12.87,,22.52,36.75,44.36,,62.08,34.64,3.27,,,,,271:57:00,,,,,9/30/2023,,,
EMIT,MD,Cereal rye,,,9.49,,27.45,44.25,39.27,,53.94,42.04,4.02,,,,,271:58:00,,,,,9/30/2023,,,
EMIT,MD,Cereal rye,,,12.27,,21.53,32.71,50.63,,66.67,29.71,3.62,,,,,271:59:00,,,,,9/30/2023,,,
EMIT,MD,Triticale,,,10.69,,26.17,43.23,40.28,,55.5,40.66,3.84,,,,,272:65,,,,,9/30/2023,4/22/2024,,
EMIT,MD,Triticale,,,12.35,,25.12,42.48,38.31,,55.83,41.22,2.95,,,,,272:66,,,,,9/30/2023,4/22/2024,,
EMIT,MD,Triticale,,,13.28,,25.52,44.28,35.55,,53.85,43.03,3.13,,,,,272:67,,,,,9/30/2023,4/22/2024,,
EMIT,MD,Triticale,,,11.83,,24.3,42.34,40.35,,56.6,40.14,3.26,,,,,272:68,,,,,9/30/2023,4/22/2024,,
EMIT,MD,Triticale,,,9.97,,26.12,43.43,41.36,,55.55,41.07,3.39,,,,,272:69,,,,,9/30/2023,4/22/2024,,
Eastern Shore,MD,Radish,,,19.68,,29.73,40.1,30.8,,56.08,37.52,6.4,,,,,21907:B,,,,,8/29/2023,4/1/2024,,
Eastern Shore,MD,Cereal rye,,,11.43,,27.22,42.84,36.16,,53.98,42.52,3.5,,,,,21907:B,,,,,8/29/2023,4/1/2024,,
Eastern Shore,MD,Cereal rye,,,14.92,,20.6,35.82,39.95,,61.94,35.14,2.92,,,,,3333:B,,,,,9/9/2023,4/24/2024,,
Eastern Shore,MD,Cereal rye,,,15.85,,19.02,33.63,40.54,,64.05,33.5,2.46,,,,,3333:W,,,,,9/9/2023,4/24/2024,,
Eastern Shore,MD,Legume,,,12.36,,22.42,28.86,55.61,,70.64,22.23,7.13,,,,,3878:W,,,,,9/30/2023,4/24/2024,,
Eastern Shore,MD,Cereal rye,,,11.67,,23.54,40.5,40.95,,57.7,39.18,3.12,,,,,3878:W,,,,,9/30/2023,4/24/2024,,
Eastern Shore,MD,Radish,,,23.97,,25.88,35.76,28.32,,60.07,34.35,5.58,,,,,11258:W,,,,,8/29/2023,4/10/2024,,
Eastern Shore,MD,Cereal rye,,,13.72,,25.37,47.92,31.79,,50.27,47.8,1.93,,,,,11258:W,,,,,8/29/2023,4/10/2024,,
Eastern Shore,MD,Wheat,,,7.5,,38.33,48.7,20.29,,38.17,55.09,6.74,,,,,9139:B,,,,,11/1/2023,4/1/2024,,
Eastern Shore,MD,Radish,,,21.07,,27.55,34.75,33.57,,61.6,32.03,6.38,,,,,11258:B,,,,,8/29/2023,4/10/2024,,
Eastern Shore,MD,Cereal rye,,,12.7,,26.42,48.2,32.74,,49.92,47.69,2.39,,,,,11258:B,,,,,8/29/2023,4/10/2024,,
Eastern Shore,MD,Legume,,,14.06,,23.31,39.05,40.18,,59.31,36.96,3.73,,,,,3878:B,,,,,9/30/2023,4/24/2024,,
Eastern Shore,MD,Barley,,,15.26,,25.82,48.15,29.05,,49.4,48.11,2.49,,,,,A127905:B,,,,,10/14/2023,4/10/2024,,
Eastern Shore,MD,Barley,,,14.18,,25.95,47.84,29.41,,49.3,48.44,2.26,,,,,A127905:W,,,,,10/14/2023,4/10/2024,,
Eastern Shore,MD,Barley,,,19.47,,24.04,47.47,25.47,,50.2,47.39,2.41,,,,,13785:W,,,,,9/27/2023,4/15/2024,,
Eastern Shore,MD,Barley,,,17.33,,25.18,46.26,29.93,,51.88,45.39,2.73,,,,,13785:B,,,,,9/27/2023,4/15/2024,,
Eastern Shore,MD,Wheat,,,10.45,,29.71,45.23,35.98,,51.14,43,5.86,,,,,9139:W,,,,,11/1/2023,4/1/2024,,
Eastern Shore,MD,Cereal rye,,,25.91,,19.54,38.38,23.93,,58.14,38.88,2.98,,,,,16730:W,,,,,11/9/2023,6/6/2024,,
Eastern Shore,MD,Cereal rye,,,23.74,,21.69,40.75,23.75,,55.38,41.46,3.15,,,,,16730:B,,,,,11/9/2023,6/6/2024,,
Eastern Shore,MD,Radish,,,24.32,,24.75,33.18,30.8,,62.97,30.71,6.32,,,,,6416:W,,,,,9/21/2023,3/20/2024,,
Eastern Shore,MD,Cereal rye,,,11.78,,23.3,38.38,41.71,,59.44,37.71,2.85,,,,,6416:W,,,,,9/21/2023,3/20/2024,,
Eastern Shore,MD,Radish,,,19.74,,28.79,36.1,32.74,,60.09,34.33,5.59,,,,,21907:W,,,,,8/29/2023,4/1/2024,,
Eastern Shore,MD,Cereal rye,,,14.46,,21.5,38.44,39.2,,59.56,37.93,2.5,,,,,21907:W,,,,,8/29/2023,4/1/2024,,
Eastern Shore,MD,Radish,,,22.68,,26.39,35.82,29.52,,59.92,33.7,6.38,,,,,6416:B,,,,,9/21/2023,3/20/2024,,
Eastern Shore,MD,Cereal rye,,,11.31,,27.39,44.35,35.53,,52.7,44.18,3.12,,,,,6416:B,,,,,9/21/2023,3/20/2024,,
BARC,MD,Cereal rye,,,12.05,,30.73,61.5,23.26,,38.12,58.79,3.09,,,,,ND5:01,,,,,10/10/2023,10/3/2024,,
BARC,MD,Cereal rye,,,12.56,,31.87,63.66,20.4,,35.87,61.01,3.12,,,,,ND5:02,,,,,10/10/2023,10/3/2024,,
BARC,MD,Cereal rye,,,12.5,,34.7,64.22,19.15,,34.78,61.4,3.81,,,,,ND5:03,,,,,10/10/2023,10/3/2024,,
BARC,MD,Cereal rye,,,14.96,,29.58,57.47,23.12,,41.46,55.52,3.02,,,,,ND5:04,,,,,10/10/2023,10/3/2024,,
BARC,MD,Cereal rye,,,12,,32.13,64.55,20.74,,35.42,61.37,3.22,,,,,ND5:05,,,,,10/10/2023,10/3/2024,,
BARC,MD,Barley,,,13,,31.23,63.49,21.11,,36.37,60.78,2.85,,,,,NC2B:06,,,,,10/9/2023,5/25/2024,,
BARC,MD,Barley,,,13.6,,29.2,57.98,25.18,,41.6,55.62,2.78,,,,,NC2B:07,,,,,10/9/2023,5/25/2024,,
BARC,MD,Barley,,,14.19,,29.22,59.92,23.58,,39.95,57.32,2.73,,,,,NC2B:08,,,,,10/9/2023,5/25/2024,,
BARC,MD,Barley,,,16.02,,27.61,55.19,24.88,,43.93,53.58,2.49,,,,,NC2B:09,,,,,10/9/2023,5/25/2024,,
BARC,MD,Barley,,,13.6,,30.14,59.29,22.68,,39.59,57.83,2.58,,,,,NC2B:10,,,,,10/9/2023,5/25/2024,,
BARC,MD,Cereal rye,,,9.99,,31.23,61.24,26.44,,38.82,58.55,2.63,,,,,SH46:11,,,,,10/6/2023,4/25/2024,,
BARC,MD,Winter pea,,,19.82,,33.34,40.44,30.66,,56.36,36.41,7.23,,,,,SH46:11,,,,,10/6/2023,4/25/2024,,
BARC,MD,Hairy vetch,,,26.82,,29.03,32.44,32.73,,65.4,28.16,6.45,,,,,SH46:11,,,,,10/6/2023,4/25/2024,,
BARC,MD,Cereal rye,,,9.44,,32.35,60.56,26.77,,38.87,58.09,3.04,,,,,SH46:12,,,,,10/6/2023,4/25/2024,,
BARC,MD,Winter pea,,,20.22,,30.2,35.02,37.22,,62.91,30.23,6.86,,,,,SH46:12,,,,,10/6/2023,4/25/2024,,
BARC,MD,Hairy vetch,,,21.6,,36.79,42.86,27.17,,54.04,37.11,8.86,,,,,SH46:12,,,,,10/6/2023,4/25/2024,,
BARC,MD,Cereal rye,,,10.38,,28.68,56.68,30.22,,43.22,54.22,2.56,,,,,SH46:13,,,,,10/6/2023,4/25/2024,,
BARC,MD,Winter pea,,,19.48,,29.32,36.66,37.44,,61.53,31.81,6.65,,,,,SH46:13,,,,,10/6/2023,4/25/2024,,
BARC,MD,Hairy vetch,,,24.33,,29.99,33.75,34.29,,64.1,28.77,7.13,,,,,SH46:13,,,,,10/6/2023,4/25/2024,,
BARC,MD,Cereal rye,,,9.25,,33.7,65.02,23.6,,35.18,61.56,3.26,,,,,SH46:14,,,,,10/6/2023,4/25/2024,,
BARC,MD,Winter pea,,,17.33,,35.01,42.21,32.82,,55.23,37.45,7.32,,,,,SH46:14,,,,,10/6/2023,4/25/2024,,
BARC,MD,Hairy vetch,,,20.93,,32.16,34.77,34.91,,62.53,30.67,6.8,,,,,SH46:14,,,,,10/6/2023,4/25/2024,,
BARC,MD,Cereal rye,,,9.39,,30.85,63.41,26.35,,37.49,59.86,2.66,,,,,SH46:15,,,,,10/6/2023,4/25/2024,,
BARC,MD,Winter pea,,,19.41,,29.24,35.66,38.05,,62.52,30.52,6.97,,,,,SH46:15,,,,,10/6/2023,4/25/2024,,
BARC,MD,Cereal rye,,,10.77,,33.44,64.31,21.2,,34.87,62.36,2.77,,,,,SH89:17,,,,,10/7/2023,5/30/2024,,
BARC,MD,Hairy vetch,,,23.88,,32.42,35.63,30.08,,61.35,30.29,8.36,,,,,SH89:17,,,,,10/7/2023,5/30/2024,,
BARC,MD,Winter pea,,,19.3,,27.62,34.16,39.54,,64.11,29.49,6.4,,,,,SH89:17,,,,,10/7/2023,5/30/2024,,
BARC,MD,Canola,,,7.58,,40.48,50.8,36.33,,47.37,44.03,8.6,,,,,SH89:17,,,,,10/7/2023,5/30/2024,,
BARC,MD,Cereal rye,,,10.19,,31.54,62.17,24.09,,37.19,60.14,2.67,,,,,SH89:18,,,,,10/7/2023,5/30/2024,,
BARC,MD,Hairy vetch,,,22.63,,33.4,36.8,31.73,,60.55,30.88,8.57,,,,,SH89:18,,,,,10/7/2023,5/30/2024,,
BARC,MD,Winter pea,,,19.15,,30.9,36.69,35.1,,60.45,32.21,7.34,,,,,SH89:18,,,,,10/7/2023,5/30/2024,,
BARC,MD,Cereal rye,,,10.31,,31.98,62.65,23.53,,36.66,60.74,2.59,,,,,SH89:19,,,,,10/7/2023,5/30/2024,,
BARC,MD,Hairy vetch,,,21.33,,32.98,36.52,31.93,,60.34,31.3,8.36,,,,,SH89:19,,,,,10/7/2023,5/30/2024,,
BARC,MD,Winter pea,,,21.07,,29.8,35.08,36.59,,62.99,30.21,6.8,,,,,SH89:19,,,,,10/7/2023,5/30/2024,,
BARC,MD,Canola,,,9.68,,36.14,52.53,35.16,,46.87,46.38,6.75,,,,,SH89:19,,,,,10/7/2023,5/30/2024,,
BARC,MD,Cereal rye,,,11.27,,33.18,63,21.16,,35.75,61.13,3.11,,,,,SH89:20,,,,,10/7/2023,5/30/2024,,
BARC,MD,Hairy vetch,,,20.44,,36.78,42.56,29.37,,54.76,36.44,8.8,,,,,SH89:20,,,,,10/7/2023,5/30/2024,,
BARC,MD,Winter pea,,,19.84,,33.15,38.52,33.37,,58.83,33.61,7.55,,,,,SH89:20,,,,,10/7/2023,5/30/2024,,
BARC,MD,Canola,,,7.43,,42.25,59.41,30.76,,39.58,51.61,8.81,,,,,SH89:20,,,,,10/7/2023,5/30/2024,,
BARC,MD,Cereal rye,,,16.5,,29.55,58.42,19.79,,40.04,57.05,2.91,,,,,SE18A:21,,,,,10/10/2023,,,
BARC,MD,Cereal rye,,,13.84,,29.94,60.36,21.66,,38.65,58.41,2.94,,,,,SE18A:22,,,,,10/10/2023,,,
BARC,MD,Cereal rye,,,16.87,,28.72,55.07,21.28,,42.66,54.35,2.98,,,,,SE18A:23,,,,,10/10/2023,,,
BARC,MD,Cereal rye,,,17.83,,29.17,58.01,18.02,,39.88,57,3.13,,,,,SE18A:24,,,,,10/10/2023,,,
BARC,MD,Cereal rye,,,16.44,,28.44,57.19,21.35,,41.4,55.69,2.91,,,,,SE18A:25,,,,,10/10/2023,,,
BARC,MD,Crimson clover,,,18.9,,32.42,36.29,36.88,,61.39,29.73,8.89,,,,,SD5:26,,,,,10/8/2023,4/25/2024,,
BARC,MD,Cereal rye,,,18.98,,33.52,38.07,35.35,,59.78,33.15,7.08,,,,,SD5:27,,,,,10/8/2023,4/25/2024,,
BARC,MD,Crimson clover,,,19.11,,31.42,36.03,36.25,,61.58,29.88,8.54,,,,,SD5:27,,,,,10/8/2023,4/25/2024,,
BARC,MD,Cereal rye,,,13.78,,30.49,55.52,25.94,,43.15,53.37,3.48,,,,,SD5:28,,,,,10/8/2023,4/25/2024,,
BARC,MD,Crimson clover,,,16.86,,35.52,40.57,35.78,,57.34,33.79,8.87,,,,,SD5:28,,,,,10/8/2023,4/25/2024,,
BARC,MD,Cereal rye,,,16.27,,26.06,50.68,28.25,,48.12,49.5,2.38,,,,,SD5:29,,,,,10/8/2023,4/25/2024,,
BARC,MD,Crimson clover,,,17.15,,33.84,38.82,36.3,,58.82,32.3,8.89,,,,,SD5:29,,,,,10/8/2023,4/25/2024,,
BARC,MD,Cereal rye,,,17.03,,27.9,54.19,23.37,,44.1,53.4,2.5,,,,,SD5:30,,,,,10/8/2023,4/25/2024,,
BARC,MD,Crimson clover,,,17.12,,34.22,39.49,36.47,,58.45,32.73,8.82,,,,,SD5:30,,,,,10/8/2023,4/25/2024,,
BARC,MD,Cereal rye,,,12.01,,32.64,62.51,21.53,,36.45,60.68,2.87,,,,,SE14:31,,,,,10/6/2023,6/13/2024,,
BARC,MD,Hairy vetch,,,24.43,,38.45,44.88,19.59,,51,38.94,10.06,,,,,SE14:31,,,,,10/6/2023,6/13/2024,,
BARC,MD,Crimson clover,,,16.75,,42.35,46.29,26.39,,49.17,41.04,9.79,,,,,SE14:31,,,,,10/6/2023,6/13/2024,,
BARC,MD,Cereal rye,,,11.37,,33.4,64.21,21.27,,35.19,61.63,3.19,,,,,SE14:32,,,,,10/6/2023,6/13/2024,,
BARC,MD,Hairy vetch,,,23.55,,34.42,36.51,30.01,,60.51,30.56,8.93,,,,,SE14:32,,,,,10/6/2023,6/13/2024,,
BARC,MD,Crimson clover,,,17.04,,39.75,45.13,26.86,,50.35,40.18,9.47,,,,,SE14:32,,,,,10/6/2023,6/13/2024,,
BARC,MD,Cereal rye,,,12.13,,33.41,66.77,18.14,,32.74,64.33,2.92,,,,,SE14:33,,,,,10/6/2023,6/13/2024,,
BARC,MD,Hairy vetch,,,22.35,,36.94,40.62,26.82,,55.72,35.29,8.99,,,,,SE14:33,,,,,10/6/2023,6/13/2024,,
BARC,MD,Crimson clover,,,17.46,,36.56,40.48,33.53,,56.63,33.96,9.41,,,,,SE14:33,,,,,10/6/2023,6/13/2024,,
BARC,MD,Cereal rye,,,11.12,,35.26,66.59,18.52,,32.41,64.01,3.58,,,,,SE14:34,,,,,10/6/2023,6/13/2024,,
BARC,MD,Hairy vetch,,,21.41,,33.76,35.79,33.31,,61.58,29.39,9.03,,,,,SE14:34,,,,,10/6/2023,6/13/2024,,
BARC,MD,Crimson clover,,,15.12,,40.24,46.02,29.53,,50.22,39.99,9.79,,,,,SE14:34,,,,,10/6/2023,6/13/2024,,
BARC,MD,Cereal rye,,,10.89,,30.77,62.33,25.1,,38.08,59.35,2.57,,,,,SE14:35,,,,,10/6/2023,6/13/2024,,
BARC,MD,Hairy vetch,,,19.73,,37.19,41.24,31.23,,56.33,34.19,9.48,,,,,SE14:35,,,,,10/6/2023,6/13/2024,,
BARC,MD,Crimson clover,,,18.17,,33.28,37.14,37.26,,60.67,30.76,8.58,,,,,SE14:35,,,,,10/6/2023,6/13/2024,,
BARC,MD,Cereal rye,,,10.87,,36.1,68.93,17.8,,31.08,65.18,3.75,,,,,137:36:00,,,,,9/29/2023,4/30/2024,,
BARC,MD,Cereal rye,,,13.04,,37.32,69.26,15.7,,30.95,64.7,4.36,,,,,137:37:00,,,,,9/29/2023,4/30/2024,,
BARC,MD,Cereal rye,,,10.48,,38.26,71.65,16.18,,28.66,66.75,4.59,,,,,137:38:00,,,,,9/29/2023,4/30/2024,,
BARC,MD,Cereal rye,,,12.99,,34.45,66.22,19.01,,34.32,61.61,4.07,,,,,137:39:00,,,,,9/29/2023,4/30/2024,,
BARC,MD,Cereal rye,,,11.74,,35.58,69.17,15.72,,30.12,66.24,3.64,,,,,137:40:00,,,,,9/29/2023,4/30/2024,,
BARC,MD,Wheat,,,11.64,,27.13,53.48,35.2,,47.76,49.74,2.5,,,,,232A:46,,,,,10/13/2023,6/21/2024,,
BARC,MD,Wheat,,,12.21,,32.26,58.28,27.31,,41.71,54.67,3.62,,,,,232A:47,,,,,10/13/2023,6/21/2024,,
BARC,MD,Wheat,,,14.17,,28.54,52.09,30.79,,47.61,49.7,2.69,,,,,232A:48,,,,,10/13/2023,6/21/2024,,
BARC,MD,Wheat,,,12.3,,30.5,56.96,28.83,,43.25,53.76,2.99,,,,,232A:49,,,,,10/13/2023,6/21/2024,,
BARC,MD,Wheat,,,11.36,,29.92,56.88,30.41,,43.65,53.41,2.93,,,,,232A:50,,,,,10/13/2023,6/21/2024,,
BARC,MD,Cereal rye,,,11.79,,38.05,69.33,16.44,,30.62,64.72,4.66,,,,,137:J1,,,,,9/29/2023,4/30/2024,,
BARC,MD,Cereal rye,,,11.88,,38.58,69.54,16.45,,30.74,64.5,4.77,,,,,137:J2,,,,,9/29/2023,4/30/2024,,
BARC,MD,Cereal rye,,,9.58,,40.52,74.48,15.15,,26.38,68.52,5.1,,,,,137:J3,,,,,9/29/2023,4/30/2024,,
BARC,MD,Cereal rye,,,11.63,,38.59,70.68,15.09,,29.24,65.79,4.98,,,,,137:J4,,,,,9/29/2023,4/30/2024,,
BARC,MD,Cereal rye,,,11.57,,37.41,70.09,16.44,,30.28,65.13,4.6,,,,,137:J5,,,,,9/29/2023,4/30/2024,,
Eastern Shore,MD,Triticale,,,16.75,,20.37,37.63,36.84,,60.25,37.49,2.27,,,,,3737:B,,,,,10/12/2023,4/20/2024,,
Eastern Shore,MD,Triticale,,,18.78,,22.79,42.9,28.61,,54.1,43.58,2.32,,,,,3737:R,,,,,10/12/2023,4/20/2024,,
Eastern Shore,MD,Triticale,,,18.94,,25.32,45.68,25.48,,51.11,46.51,2.38,,,,,3737:W,,,,,10/12/2023,4/20/2024,,
Eastern Shore,MD,Cereal rye,,,10.71,,25.09,47.97,34.88,,50.72,47.09,2.19,,,,,4273:B,,,,,10/8/2023,4/20/2024,,
Eastern Shore,MD,Cereal rye,,,18.11,,24.02,46.26,25.71,,50.88,46.86,2.25,,,,,4273:R,,,,,10/8/2023,4/20/2024,,
Eastern Shore,MD,Cereal rye,,,11.97,,23.82,46.39,34.33,,51.99,45.85,2.16,,,,,4273:W,,,,,10/8/2023,4/20/2024,,
Eastern Shore,MD,Cereal rye,,,19.66,,20.79,39.42,32.28,,58.35,39.71,1.94,,,,,5710:B,,,,,9/21/2023,5/15/2024,,
Eastern Shore,MD,Cereal rye,,,17.13,,21.05,39.4,36.13,,58.86,39.21,1.94,,,,,5710:R,,,,,9/21/2023,5/15/2024,,
Eastern Shore,MD,Cereal rye,,,15.71,,24.09,43.56,34.44,,54.78,43.38,1.85,,,,,5710:W,,,,,9/21/2023,5/15/2024,,
Eastern Shore,MD,Cereal rye,,,22.69,,18.01,35.52,32.7,,62.18,35.2,2.62,,,,,7272:B,,,,,11/5/2023,4/26/2024,,
Eastern Shore,MD,Cereal rye,,,14.71,,29.1,42.04,30.73,,53.23,42.7,4.07,,,,,7272:R,,,,,11/5/2023,4/26/2024,,
Eastern Shore,MD,Cereal rye,,,18.54,,25.29,37.26,33.68,,59.65,35.02,5.33,,,,,7272:W,,,,,11/5/2023,4/26/2024,,
Eastern Shore,MD,Barley,,,18.56,,20.3,38.35,34.29,,59.28,38.5,2.22,,,,,7983:B,,,,,9/9/2023,5/18/2024,,
Eastern Shore,MD,Barley,,,18.74,,21.65,41.45,32.26,,56.4,41.56,2.04,,,,,7983:R,,,,,9/9/2023,5/18/2024,,
Eastern Shore,MD,Barley,,,18.89,,19.52,37.5,34.16,,60,37.8,2.2,,,,,7983:W,,,,,9/9/2023,5/18/2024,,
Eastern Shore,MD,Cereal rye,,,16.57,,20.34,37.62,38.26,,60.57,36.13,3.31,,,,,14040:B,,,,,9/4/2023,4/18/2024,,
Eastern Shore,MD,Crimson clover,,,19.52,,25.93,30.06,42.18,,68.18,24.9,6.91,,,,,14040:R,,,,,9/4/2023,4/18/2024,,
Eastern Shore,MD,Cereal rye,,,15.02,,20.93,38.52,39.98,,60.08,36.53,3.4,,,,,14040:R,,,,,9/4/2023,4/18/2024,,
Eastern Shore,MD,Hairy vetch,,,21.95,,24.44,25.15,45.06,,73.46,19.02,7.52,,,,,14040:R,,,,,9/4/2023,4/18/2024,,
Eastern Shore,MD,Cereal rye,,,17.56,,20.93,39.97,34.43,,57.86,39.42,2.73,,,,,14040:W,,,,,9/4/2023,4/18/2024,,
Eastern Shore,MD,Hairy vetch,,,23.05,,22.86,22.84,44.88,,75.55,17.61,6.84,,,,,14040:W,,,,,9/4/2023,4/18/2024,,
Eastern Shore,MD,Cereal rye,,,22.43,,28.45,50.73,8.9,,40.83,54.87,4.3,,,,,17091:B,,,,,10/30/2023,6/7/2024,,
Eastern Shore,MD,Cereal rye,,,17.02,,20.52,36.83,36.01,,60.59,36,3.41,,,,,17091:R,,,,,10/30/2023,6/7/2024,,
Eastern Shore,MD,Cereal rye,,,16.01,,19.31,33.25,41.87,,64.83,32.08,3.09,,,,,17091:W,,,,,10/30/2023,6/7/2024,,
Eastern Shore,MD,Wheat,,,17.63,,19.24,35.46,37.85,,62.42,34.4,3.18,,,,,17862:B,,,,,10/8/2023,3/27/2024,,
Eastern Shore,MD,Wheat,,,21.39,,17.79,36.76,31.42,,60.46,37.08,2.46,,,,,17862:R,,,,,10/8/2023,3/27/2024,,
Eastern Shore,MD,Wheat,,,16.13,,19.58,34.8,39.34,,62.89,34.58,2.53,,,,,17862:W,,,,,10/8/2023,3/27/2024,,
Eastern Shore,MD,Barley,,,20.68,,19.86,37.77,30.65,,59.16,38.37,2.46,,,,,21731:B,,,,,9/11/2023,4/18/2024,,
Eastern Shore,MD,Barley,,,16.53,,24.27,43.62,29.89,,53.29,43.98,2.73,,,,,21731:R,,,,,9/11/2023,4/18/2024,,
Eastern Shore,MD,Barley,,,18.42,,19.54,37.54,35.04,,60.18,37.75,2.07,,,,,21731:W,,,,,9/11/2023,4/18/2024,,
BARC,MD,Canola,,,14.13,,30.62,42.21,37.38,,55.94,38.13,5.93,,,,,SH89:18,,,,,10/10/2023,5/30/2024,,
BARC,MD,Crimson clover,,,19.89,,27.31,31.93,36.03,,64.75,26.79,8.46,,,,,SD5:29,,,,,10/10/2023,4/25/2024,,
BARC,MD,Cereal rye,,,24.85,,17.36,31.07,30.76,,75.54,20.52,3.94,,,,,ND_5:01,,,,,10/10/2022,8/11/2023,,
BARC,MD,Cereal rye,,,16.59,,15.3,26.93,44.97,,78.96,18.01,3.03,,,,,ND_5:01,,,,,10/10/2022,8/11/2023,,
BARC,MD,Cereal rye,,,10,,24.14,39.8,42.16,,,,3.12,,,,,ND_5:01,,,,,10/10/2022,8/11/2023,,
BARC,MD,Cereal rye,,,5.74,,39.99,66.72,24.93,,,,5.45,,,,,ND_5:01,,,,,10/10/2022,8/11/2023,,
BARC,MD,Crimson clover-Cereal rye,,,11.12,,31.45,42.59,27.16,,63.51,30.77,5.72,,,,,SD_5:01,,,,,9/20/2021,6/24/2022,,
BARC,MD,Crimson clover-Cereal rye,,,12.87,,35.43,49.17,32.97,,52.8,40.78,6.42,,,,,SD_5:01,,,,,9/20/2021,6/24/2022,,
BARC,MD,Barley,,,19.69,,20.87,36.12,30.33,,69.59,27.96,2.46,,,,,NC_2_B:10,,,,,10/9/2022,8/9/2023,,
BARC,MD,Barley,,,17.63,,24.19,43.41,30.17,,,,2.45,,,,,NC_2_B:10,,,,,10/9/2022,8/9/2023,,
BARC,MD,Barley,,,10.66,,31.3,54.65,30.41,,,,4.24,,,,,NC_2_B:10,,,,,10/9/2022,8/9/2023,,
BARC,MD,Barley,,,10.62,,31.8,45.64,20.54,,60.39,35.7,3.91,,,,,SE_14:10,,,,,10/2/2021,9/13/2022,,
BARC,MD,Barley,,,8.38,,32.61,58.73,31.16,,43.09,53.48,3.43,,,,,SE_14:10,,,,,10/2/2021,9/13/2022,,
BARC,MD,Cereal rye,,,8.13,,34.34,62.35,26.63,,39.32,56.82,3.86,,,,,2_32C:101,,,,,10/2/2021,7/1/2022,,
BARC,MD,Cereal rye,,,9.27,,32.57,59.88,28.59,,41.98,54.6,3.42,,,,,2_32C:102,,,,,10/2/2021,7/1/2022,,
BARC,MD,Cereal rye,,,8.77,,36.5,63.13,23.23,,38.09,57.31,4.61,,,,,2_32C:103,,,,,10/2/2021,7/1/2022,,
BARC,MD,Cereal rye,,,7.4,,41.08,67.96,19.69,,32.76,61.61,5.62,,,,,2_32C:104,,,,,10/2/2021,7/1/2022,,
BARC,MD,Cereal rye,,,6.74,,33.73,60.75,30.23,,41,55.21,3.79,,,,,2_32C:105,,,,,10/2/2021,7/1/2022,,
BARC,MD,Barley,,,7.58,,36.83,62.93,25.99,,38.47,57.01,4.51,,,,,2_36:106,,,,,10/2/2021,6/6/2022,,
BARC,MD,Barley,,,9.34,,36.98,64.87,22.56,,36.73,59.76,3.51,,,,,2_36:107,,,,,10/2/2021,6/6/2022,,
BARC,MD,Cereal rye,,,6.6,,33.05,59.54,30.72,,42.16,54.09,3.75,,,,,APU_1:108,,,,,10/2/2021,6/2/2022,,
BARC,MD,Cereal rye,,,12.01,,29.52,55.22,28.24,,46.47,50.56,2.97,,,,,APU_1:109,,,,,10/2/2021,6/2/2022,,
BARC,MD,Triticale,,,18.99,,18.99,38.99,32.98,,64.47,33.05,2.47,,,,,1_37:11,,,,,9/29/2021,4/20/2022,,
BARC,MD,Triticale,,,12.67,,20.81,34.47,40.86,,70.83,26.89,2.28,,,,,2_32C:11,,,,,9/21/2022,4/20/2023,,
BARC,MD,Triticale,,,6.77,,31.7,41.3,29.63,,67.1,28.83,4.06,,,,,2_32C:11,,,,,9/21/2022,4/20/2023,,
BARC,MD,Triticale,,,20.84,,20.46,37.23,34.34,,,,2.28,,,,,2_32C:11,,,,,9/21/2022,4/20/2023,,
BARC,MD,Cereal rye,,,9.53,,29.69,55.48,31.17,,46.25,50.73,3.01,,,,,APU_1:110,,,,,10/2/2021,6/2/2022,,
BARC,MD,Cereal rye,,,6.5,,34.1,61.24,30.59,,40.64,55.61,3.75,,,,,APU_1:111,,,,,10/2/2021,6/2/2022,,
BARC,MD,Cereal rye,,,6.8,,30.27,55.26,35.76,,46.56,49.85,3.59,,,,,APU_1:112,,,,,10/2/2021,6/2/2022,,
BARC,MD,Crimson clover-Cereal rye,,,10.29,,38.41,53.7,31.3,,48,44.56,7.45,,,,,SD_5:113,,,,,9/20/2021,6/24/2022,,
BARC,MD,Crimson clover-Cereal rye,,,14.07,,38.41,46.38,31.13,,56.16,34.1,9.74,,,,,SD_5:114,,,,,9/20/2021,6/24/2022,,
BARC,MD,Crimson clover-Cereal rye,,,10.54,,39.36,55.04,28.73,,46.52,45.45,8.03,,,,,SD_5:115,,,,,9/20/2021,6/24/2022,,
BARC,MD,Crimson clover-Cereal rye,,,10.51,,45,58.4,22.16,,42.32,46.96,10.72,,,,,SD_5:116,,,,,9/20/2021,6/24/2022,,
BARC,MD,Crimson clover-Cereal rye,,,10.11,,40.49,57.54,25.86,,43.71,47.66,8.63,,,,,SD_5:117,,,,,9/20/2021,6/24/2022,,
BARC,MD,Wheat,,,15.6,,25.56,48.45,30.56,,53.59,44.1,2.31,,,,,5_11_12:118,,,,,10/8/2021,6/29/2022,,
BARC,MD,Wheat,,,15.1,,24.79,47.78,32.13,,54.26,43.67,2.06,,,,,5_11_12:119,,,,,10/8/2021,6/29/2022,,
BARC,MD,Triticale,,,20.63,,18.46,37.84,31.56,,66.07,31.28,2.65,,,,,1_37:12,,,,,9/29/2021,4/20/2022,,
BARC,MD,Triticale,,,15.91,,19.03,34.28,38.56,,70.74,27.6,1.66,,,,,2_32C:12,,,,,9/21/2022,4/20/2023,,
BARC,MD,Triticale,,,11.01,,22.16,33.14,43.16,,72.88,24.89,2.23,,,,,2_32C:12,,,,,9/21/2022,4/20/2023,,
BARC,MD,Triticale,,,17.57,,23.11,41.52,34.58,,,,2.33,,,,,2_32C:12,,,,,9/21/2022,4/20/2023,,
BARC,MD,Wheat,,,14.02,,23.73,45.31,36.97,,56.7,40.94,2.35,,,,,5_11_12:120,,,,,10/8/2021,6/29/2022,,
BARC,MD,Wheat,,,13.26,,22.42,45.9,37.89,,56,41.42,2.57,,,,,5_11_12:121,,,,,10/8/2021,6/29/2022,,
BARC,MD,Wheat,,,13.64,,21.12,42.63,39.29,,59.58,37.61,2.81,,,,,5_11_12:122,,,,,10/8/2021,6/29/2022,,
BARC,MD,Wheat,,,10.43,,27.75,51.43,36.38,,50.38,46.96,2.66,,,,,5_9:123,,,,,10/7/2021,7/11/2022,,
BARC,MD,Wheat,,,11.28,,28.27,53.63,33.13,,48.18,49.13,2.7,,,,,5_9:124,,,,,10/7/2021,7/11/2022,,
BARC,MD,Wheat,,,10.35,,24.92,47.33,40.25,,54.49,42.82,2.68,,,,,5_9:125,,,,,10/7/2021,7/11/2022,,
BARC,MD,Wheat,,,9.82,,29.37,53.17,34.43,,48.62,47.86,3.52,,,,,5_9:126,,,,,10/7/2021,7/11/2022,,
BARC,MD,Wheat,,,6.61,,26.98,49.34,42.11,,52.48,45.19,2.32,,,,,5_9:127,,,,,10/7/2021,7/11/2022,,
BARC,MD,Barley,,,7.09,,33.04,58.62,32.77,,43.19,52.67,4.14,,,,,SE_14:128,,,,,10/2/2021,9/13/2022,,
BARC,MD,Barley,,,8.06,,35.22,57.92,29.79,,43.55,51.45,5,,,,,SE_14:129,,,,,10/2/2021,9/13/2022,,
BARC,MD,Triticale,,,18.95,,19.57,38.99,33.05,,64.44,32.91,2.65,,,,,1_37:13,,,,,9/29/2021,4/20/2022,,
BARC,MD,Triticale,,,13.64,,20.74,36.3,38.16,,68.68,28.94,2.38,,,,,2_32C:13,,,,,9/21/2022,4/20/2023,,
BARC,MD,Triticale,,,10.23,,21.59,32.4,45.74,,73.1,23.97,2.93,,,,,2_32C:13,,,,,9/21/2022,4/20/2023,,
BARC,MD,Triticale,,,19.29,,22.52,40.58,31.91,,,,2.29,,,,,2_32C:13,,,,,9/21/2022,4/20/2023,,
BARC,MD,Barley,,,8.01,,33.53,59.49,31.02,,42.31,53.2,4.49,,,,,SE_14:130,,,,,10/2/2021,9/13/2022,,
BARC,MD,Triticale,,,16.34,,25.54,46.83,28.62,,55.57,42,2.43,,,,,1_37:14,,,,,9/29/2021,4/20/2022,,
BARC,MD,Triticale,,,15.33,,22.13,38.92,33.64,,65.66,31.96,2.37,,,,,2_32C:14,,,,,9/21/2022,4/20/2023,,
BARC,MD,Triticale,,,12.45,,19.35,30.92,45.83,,74.31,23.05,2.64,,,,,2_32C:14,,,,,9/21/2022,4/20/2023,,
BARC,MD,Triticale,,,15.83,,24.34,43.01,34.17,,,,2.37,,,,,2_32C:14,,,,,9/21/2022,4/20/2023,,
BARC,MD,Triticale,,,20.33,,20.05,40.35,29.71,,63.13,34.06,2.81,,,,,1_37:15,,,,,9/29/2021,4/20/2022,,
BARC,MD,Triticale,,,17.47,,19.37,35.97,34.25,,69.21,28.65,2.14,,,,,2_32C:15,,,,,9/21/2022,4/20/2023,,
BARC,MD,Triticale,,,10.06,,26.47,36.28,39.1,,69.99,27.44,2.58,,,,,2_32C:15,,,,,9/21/2022,4/20/2023,,
BARC,MD,Triticale,,,16.37,,23.7,42.67,35.12,,,,2.17,,,,,2_32C:15,,,,,9/21/2022,4/20/2023,,
BARC,MD,Triticale,,,16.22,,22.19,39.6,32.43,,64.75,33.06,2.19,,,,,2_32A:16,,,,,9/20/2022,4/24/2023,,
BARC,MD,Triticale,,,10.41,,20.78,33.89,45.36,,70.82,27.01,2.17,,,,,2_32A:16,,,,,9/20/2022,4/24/2023,,
BARC,MD,Triticale,,,14.29,,18.27,34.54,43.05,,68.96,28.29,2.75,,,,,2_32A:16,,,,,9/29/2021,4/21/2022,,
BARC,MD,Triticale,,,19.5,,21.9,41.29,32.3,,,,1.92,,,,,2_32A:16,,,,,9/20/2022,4/24/2023,,
BARC,MD,Triticale,,,16.7,,17.89,32.44,39.67,,72.85,25.07,2.08,,,,,2_32A:17,,,,,9/20/2022,4/24/2023,,
BARC,MD,Triticale,,,11.78,,20.72,30.72,46.23,,74.94,22.83,2.23,,,,,2_32A:17,,,,,9/20/2022,4/24/2023,,
BARC,MD,Triticale,,,12.84,,20.33,37.46,41.03,,66.06,31.32,2.62,,,,,2_32A:17,,,,,9/29/2021,4/21/2022,,
BARC,MD,Triticale,,,17.35,,23.04,42.34,34.01,,,,2.24,,,,,2_32A:17,,,,,9/20/2022,4/24/2023,,
BARC,MD,Triticale,,,17.05,,18.06,33.31,37.64,,72.27,25.48,2.25,,,,,2_32A:18,,,,,9/20/2022,4/24/2023,,
BARC,MD,Triticale,,,13.19,,20.76,32.12,42.74,,73.65,24.44,1.91,,,,,2_32A:18,,,,,9/20/2022,4/24/2023,,
BARC,MD,Triticale,,,11.06,,22.55,39.61,39.4,,64.06,32.93,3.01,,,,,2_32A:18,,,,,9/29/2021,4/21/2022,,
BARC,MD,Triticale,,,17.2,,23.26,41.42,34.13,,,,2.02,,,,,2_32A:18,,,,,9/20/2022,4/24/2023,,
BARC,MD,Triticale,,,16.16,,19.57,34.85,37.08,,70.48,27.42,2.09,,,,,2_32A:19,,,,,9/20/2022,4/24/2023,,
BARC,MD,Triticale,,,11.01,,21.93,34.31,43.92,,70.58,27.02,2.4,,,,,2_32A:19,,,,,9/20/2022,4/24/2023,,
BARC,MD,Triticale,,,11.76,,22.58,39.53,37.85,,64.52,32.5,2.98,,,,,2_32A:19,,,,,9/29/2021,4/21/2022,,
BARC,MD,Triticale,,,17.91,,23.31,42.08,33.38,,,,2.09,,,,,2_32A:19,,,,,9/20/2022,4/24/2023,,
BARC,MD,Cereal rye,,,27.43,,13.67,26.99,31.92,,80.73,15.65,3.62,,,,,ND_5:02,,,,,10/10/2022,8/11/2023,,
BARC,MD,Cereal rye,,,21.68,,16.41,27.25,36.93,,80.52,16,3.48,,,,,ND_5:02,,,,,10/10/2022,8/11/2023,,
BARC,MD,Cereal rye,,,13.11,,21.58,36.26,43.06,,,,2.97,,,,,ND_5:02,,,,,10/10/2022,8/11/2023,,
BARC,MD,Cereal rye,,,4.66,,41.74,72.95,22.11,,,,5.18,,,,,ND_5:02,,,,,10/10/2022,8/11/2023,,
BARC,MD,Crimson clover-Cereal rye,,,13.6,,27.57,39.21,29.77,,67.55,26.51,5.94,,,,,SD_5:02,,,,,9/20/2021,6/24/2022,,
BARC,MD,Crimson clover-Cereal rye,,,10.59,,40.58,57.08,28.71,,44.55,48.07,7.38,,,,,SD_5:02,,,,,9/20/2021,6/24/2022,,
BARC,MD,Triticale,,,17.66,,19.39,34.61,35.13,,71.01,26.62,2.37,,,,,2_32A:20,,,,,9/20/2022,4/24/2023,,
BARC,MD,Triticale,,,10.78,,19.5,30.87,48.87,,73.69,24.15,2.15,,,,,2_32A:20,,,,,9/20/2022,4/24/2023,,
BARC,MD,Triticale,,,12.64,,19.21,34.43,44.96,,69.03,28.23,2.74,,,,,2_32A:20,,,,,9/29/2021,4/21/2022,,
BARC,MD,Triticale,,,18.48,,22.18,40.78,34.43,,,,2,,,,,2_32A:20,,,,,9/20/2022,4/24/2023,,
BARC,MD,Wheat,,,26.24,,15.14,27.26,35.01,,79.19,17.17,3.65,,,,,1_37:21,,,,,10/21/2022,7/5/2023,,
BARC,MD,Wheat,,,21.81,,12.55,24.33,43.23,,81.61,15.48,2.91,,,,,1_37:21,,,,,10/21/2022,7/5/2023,,
BARC,MD,Wheat,,,18.11,,19.84,35.69,38.8,,,,2.32,,,,,1_37:21,,,,,10/21/2022,7/5/2023,,
BARC,MD,Wheat,,,10.62,,36.52,64.07,23.36,,,,4.87,,,,,1_37:21,,,,,10/21/2022,7/5/2023,,
BARC,MD,Barley,,,18.76,,21.19,40.42,30.84,,63.1,33.38,3.52,,,,,2_36:21,,,,,10/2/2021,6/6/2022,,
BARC,MD,Barley,,,9.05,,33.85,61.52,28.27,,40.37,55.55,4.08,,,,,2_36:21,,,,,10/2/2021,6/6/2022,,
BARC,MD,Wheat,,,26,,13.99,26.42,35.22,,80.68,16.27,3.05,,,,,1_37:22,,,,,10/21/2022,7/5/2023,,
BARC,MD,Wheat,,,18.8,,13.44,23.56,47.8,,82.05,15.47,2.49,,,,,1_37:22,,,,,10/21/2022,7/5/2023,,
BARC,MD,Wheat,,,21.76,,19.75,37.94,31.21,,,,2.09,,,,,1_37:22,,,,,10/21/2022,7/5/2023,,
BARC,MD,Wheat,,,10.67,,34.36,62.06,26.56,,,,4.69,,,,,1_37:22,,,,,10/21/2022,7/5/2023,,
BARC,MD,Barley,,,20.32,,26.78,45.07,19.98,,58.72,36.45,4.83,,,,,2_36:22,,,,,10/2/2021,6/6/2022,,
BARC,MD,Barley,,,9.81,,36.05,65.92,22.18,,35.7,60.43,3.87,,,,,2_36:22,,,,,10/2/2021,6/6/2022,,
BARC,MD,Wheat,,,26.35,,13.94,27.01,34.53,,79.9,17.36,2.74,,,,,1_37:23,,,,,10/21/2022,7/5/2023,,
BARC,MD,Wheat,,,18.83,,13.44,22.86,50.08,,81.59,15.6,2.81,,,,,1_37:23,,,,,10/21/2022,7/5/2023,,
BARC,MD,Wheat,,,20.24,,20.15,37.2,33.85,,,,2.08,,,,,1_37:23,,,,,10/21/2022,7/5/2023,,
BARC,MD,Wheat,,,9.25,,34.68,61.3,28.51,,,,4.4,,,,,1_37:23,,,,,10/21/2022,7/5/2023,,
BARC,MD,Barley,,,19.23,,20.88,40.26,30.73,,63.21,33.51,3.28,,,,,2_36:23,,,,,10/2/2021,6/6/2022,,
BARC,MD,Barley,,,8.59,,38.06,65.59,24.37,,36.18,59.23,4.58,,,,,2_36:23,,,,,10/2/2021,6/6/2022,,
BARC,MD,Wheat,,,25.94,,15.12,31.13,31.43,,74.53,22.56,2.91,,,,,1_37:24,,,,,10/21/2022,7/5/2023,,
BARC,MD,Wheat,,,18.11,,15.1,25.5,46.67,,79.63,17.93,2.44,,,,,1_37:24,,,,,10/21/2022,7/5/2023,,
BARC,MD,Wheat,,,19.56,,19.73,37.55,35.47,,,,2.26,,,,,1_37:24,,,,,10/21/2022,7/5/2023,,
BARC,MD,Wheat,,,11.26,,34.64,62.65,24.83,,,,4.45,,,,,1_37:24,,,,,10/21/2022,7/5/2023,,
BARC,MD,Barley,,,22.09,,21.43,39.94,25.78,,64.42,31.44,4.14,,,,,2_36:24,,,,,10/2/2021,6/6/2022,,
BARC,MD,Barley,,,9.47,,35.1,61.74,26.69,,40.02,56.11,3.87,,,,,2_36:24,,,,,10/2/2021,6/6/2022,,
BARC,MD,Wheat,,,25.13,,13.1,26.16,36.92,,80.59,17.12,2.29,,,,,1_37:25,,,,,10/21/2022,7/5/2023,,
BARC,MD,Wheat,,,20.47,,14.68,26.05,42.4,,80.03,17.45,2.52,,,,,1_37:25,,,,,10/21/2022,7/5/2023,,
BARC,MD,Wheat,,,19.14,,22.59,39.38,33.19,,,,2.01,,,,,1_37:25,,,,,10/21/2022,7/5/2023,,
BARC,MD,Wheat,,,10.21,,34.54,62.46,26.53,,,,4.07,,,,,1_37:25,,,,,10/21/2022,7/5/2023,,
BARC,MD,Barley,,,24.88,,18.62,37.46,27.68,,66.37,29.82,3.8,,,,,2_36:25,,,,,10/2/2021,6/6/2022,,
BARC,MD,Barley,,,10.88,,35.11,59.09,26.19,,42.44,53.24,4.32,,,,,2_36:25,,,,,10/2/2021,6/6/2022,,
BARC,MD,Cereal rye,,,12.12,,18.24,34.57,42.97,,69.71,26.83,3.46,,,,,2_32C:26,,,,,10/2/2021,7/1/2022,,
BARC,MD,Cereal rye,,,7.55,,35.59,63.15,26.65,,38.54,57.35,4.11,,,,,2_32C:26,,,,,10/2/2021,7/1/2022,,
BARC,MD,Wheat,,,22.32,,17.67,34.08,34.75,,,,2.3,,,,,2_68B:26,,,,,10/22/2022,7/11/2023,,
BARC,MD,Wheat,,,10.68,,34.75,62.82,25.32,,,,4.26,,,,,2_68B:26,,,,,10/22/2022,7/11/2023,,
BARC,MD,Cereal rye,,,12.97,,16.49,30.66,46.68,,73.81,23.04,3.16,,,,,2_32C:27,,,,,10/2/2021,7/1/2022,,
BARC,MD,Cereal rye,,,8.02,,33.36,60.41,29.69,,41.42,54.9,3.67,,,,,2_32C:27,,,,,10/2/2021,7/1/2022,,
BARC,MD,Wheat,,,23.93,,14.33,26.53,37.53,,80.34,16.96,2.7,,,,,2_68B:27,,,,,10/22/2022,7/11/2023,,
BARC,MD,Wheat,,,20.21,,13.7,24.04,45.45,,81.67,15.41,2.91,,,,,2_68B:27,,,,,10/22/2022,7/11/2023,,
BARC,MD,Wheat,,,18.82,,19.95,35.4,37.5,,,,2.41,,,,,2_68B:27,,,,,10/22/2022,7/11/2023,,
BARC,MD,Wheat,,,8.69,,35.31,61.93,28.13,,,,4.24,,,,,2_68B:27,,,,,10/22/2022,7/11/2023,,
BARC,MD,Cereal rye,,,10.18,,20.12,37.27,43.26,,66.35,30.32,3.33,,,,,2_32C:28,,,,,10/2/2021,7/1/2022,,
BARC,MD,Cereal rye,,,7.06,,36.09,64.33,25.66,,37.16,58.24,4.6,,,,,2_32C:28,,,,,10/2/2021,7/1/2022,,
BARC,MD,Wheat,,,23.97,,14.32,26.8,38.66,,78.92,18.44,2.64,,,,,2_68B:28,,,,,10/22/2022,7/11/2023,,
BARC,MD,Wheat,,,18.43,,14.86,26.56,45.3,,78.53,18.54,2.94,,,,,2_68B:28,,,,,10/22/2022,7/11/2023,,
BARC,MD,Wheat,,,19.66,,19.48,36.97,35.06,,,,2.13,,,,,2_68B:28,,,,,10/22/2022,7/11/2023,,
BARC,MD,Wheat,,,9.96,,34.22,61.07,27.66,,,,4.31,,,,,2_68B:28,,,,,10/22/2022,7/11/2023,,
BARC,MD,Cereal rye,,,13.53,,15.92,31.58,46.31,,72.24,24.87,2.89,,,,,2_32C:29,,,,,10/2/2021,7/1/2022,,
BARC,MD,Cereal rye,,,6.77,,35.28,63.22,27.96,,38.57,57.29,4.14,,,,,2_32C:29,,,,,10/2/2021,7/1/2022,,
BARC,MD,Wheat,,,23.29,,14.07,27.22,37.96,,79.11,18.53,2.37,,,,,2_68B:29,,,,,10/22/2022,7/11/2023,,
BARC,MD,Wheat,,,19.12,,15.32,25.53,44.52,,80.37,16.59,3.04,,,,,2_68B:29,,,,,10/22/2022,7/11/2023,,
BARC,MD,Wheat,,,19.36,,20.02,37.2,35.67,,,,2.3,,,,,2_68B:29,,,,,10/22/2022,7/11/2023,,
BARC,MD,Wheat,,,7.15,,34.92,59.39,32.12,,,,4.2,,,,,2_68B:29,,,,,10/22/2022,7/11/2023,,
BARC,MD,Cereal rye,,,27.86,,15.19,28.08,30.44,,79.54,16.63,3.83,,,,,ND_5:03,,,,,10/10/2022,8/11/2023,,
BARC,MD,Cereal rye,,,16.36,,19.68,28.08,40.14,,80.58,16.12,3.29,,,,,ND_5:03,,,,,10/10/2022,8/11/2023,,
BARC,MD,Cereal rye,,,13.27,,21.74,37.54,41.8,,,,2.68,,,,,ND_5:03,,,,,10/10/2022,8/11/2023,,
BARC,MD,Cereal rye,,,4.71,,43.49,76.52,17.62,,,,5.14,,,,,ND_5:03,,,,,10/10/2022,8/11/2023,,
BARC,MD,Crimson clover-Cereal rye,,,16.88,,29.36,40.91,28.38,,63.84,29.53,6.63,,,,,SD_5:03,,,,,9/20/2021,6/24/2022,,
BARC,MD,Crimson clover-Cereal rye,,,13.12,,33.57,47.75,33.37,,54.39,39.42,6.19,,,,,SD_5:03,,,,,9/20/2021,6/24/2022,,
BARC,MD,Cereal rye,,,10.38,,22.61,39.2,39.09,,64.91,31.35,3.74,,,,,2_32C:30,,,,,10/2/2021,7/1/2022,,
BARC,MD,Cereal rye,,,7.22,,34.11,62.17,26.55,,39.16,56.95,3.89,,,,,2_32C:30,,,,,10/2/2021,7/1/2022,,
BARC,MD,Wheat,,,18.9,,14.08,24.05,47.29,,81.32,15.96,2.71,,,,,2_68B:30,,,,,10/22/2022,7/11/2023,,
BARC,MD,Wheat,,,20.19,,19.3,35,36.08,,,,2.26,,,,,2_68B:30,,,,,10/22/2022,7/11/2023,,
BARC,MD,Wheat,,,11.17,,33.18,59.9,27.73,,,,4.02,,,,,2_68B:30,,,,,10/22/2022,7/11/2023,,
BARC,MD,Wheat,,,16.44,,13.91,28.96,47.08,,74.55,22.71,2.73,,,,,5_9:31,,,,,10/7/2021,7/11/2022,,
BARC,MD,Wheat,,,6.24,,28.53,49.76,41.94,,52.06,45.02,2.92,,,,,5_9:31,,,,,10/7/2021,7/11/2022,,
BARC,MD,Brassica,,,21.42,,15.69,17.83,50.4,,89.76,4.44,5.79,,,,,SH_4_6:31,,,,,9/24/2022,8/16/2023,,
BARC,MD,Brassica,,,20.71,,15.65,18.73,48.98,,89.91,4.16,5.93,,,,,SH_4_6:31,,,,,9/24/2022,8/16/2023,,
BARC,MD,Brassica,,,14.14,,25.46,34.62,43.66,,,,4.93,,,,,SH_4_6:31,,,,,9/24/2022,8/16/2023,,
BARC,MD,Wheat,,,17.37,,13.12,28.74,45.72,,75.12,22.05,2.83,,,,,5_9:32,,,,,10/7/2021,7/11/2022,,
BARC,MD,Wheat,,,7.08,,25.11,47.13,44.48,,54.61,43.37,2.02,,,,,5_9:32,,,,,10/7/2021,7/11/2022,,
BARC,MD,Brassica,,,21.66,,15.64,17.95,49.93,,89.66,4.41,5.93,,,,,SH_4_6:32,,,,,9/24/2022,8/16/2023,,
BARC,MD,Brassica,,,20.95,,17.15,19.77,46.91,,89.33,4.37,6.3,,,,,SH_4_6:32,,,,,9/24/2022,8/16/2023,,
BARC,MD,Brassica,,,12.85,,25.55,33.68,44.13,,,,4.91,,,,,SH_4_6:32,,,,,9/24/2022,8/16/2023,,
BARC,MD,Wheat,,,16.27,,13.41,27.88,47.98,,75.81,21.06,3.12,,,,,5_9:33,,,,,10/7/2021,7/11/2022,,
BARC,MD,Wheat,,,7.44,,24.45,44.83,46.15,,56.9,40.53,2.57,,,,,5_9:33,,,,,10/7/2021,7/11/2022,,
BARC,MD,Brassica,,,17.77,,17.77,20.32,55.68,,83.69,10.73,5.58,,,,,SH_4_6:33,,,,,9/24/2022,8/16/2023,,
BARC,MD,Brassica,,,21.78,,17.45,19.28,50.07,,86.62,7.38,6,,,,,SH_4_6:33,,,,,9/24/2022,8/16/2023,,
BARC,MD,Brassica,,,14.12,,22.64,31.8,46.41,,,,4.73,,,,,SH_4_6:33,,,,,9/24/2022,8/16/2023,,
BARC,MD,Wheat,,,18.34,,14.02,30.87,42.5,,72.88,24.58,2.54,,,,,5_9:34,,,,,10/7/2021,7/11/2022,,
BARC,MD,Wheat,,,8.56,,25.36,48.38,42.23,,53.37,44.93,1.7,,,,,5_9:34,,,,,10/7/2021,7/11/2022,,
BARC,MD,Brassica,,,16.76,,16.83,20.09,55.36,,84.97,9.66,5.37,,,,,SH_4_6:34,,,,,9/24/2022,8/16/2023,,
BARC,MD,Brassica,,,18.14,,18.32,21.94,49.25,,85.32,8.13,6.55,,,,,SH_4_6:34,,,,,9/24/2022,8/16/2023,,
BARC,MD,Brassica,,,12.89,,24.52,33.22,45.56,,,,4.97,,,,,SH_4_6:34,,,,,9/24/2022,8/16/2023,,
BARC,MD,Wheat,,,15.3,,15.27,31.32,46.24,,71.87,24.76,3.37,,,,,5_9:35,,,,,10/7/2021,7/11/2022,,
BARC,MD,Wheat,,,6.84,,25.12,45.26,46.32,,56.49,41.02,2.49,,,,,5_9:35,,,,,10/7/2021,7/11/2022,,
BARC,MD,Brassica,,,19.77,,16.23,19.24,51.11,,87.62,6.82,5.57,,,,,SH_4_6:35,,,,,9/24/2022,8/16/2023,,
BARC,MD,Brassica,,,23.71,,16.42,18.06,47.07,,90.13,3.34,6.52,,,,,SH_4_6:35,,,,,9/24/2022,8/16/2023,,
BARC,MD,Brassica,,,15.26,,21.63,31.21,46.12,,,,4.54,,,,,SH_4_6:35,,,,,9/24/2022,8/16/2023,,
BARC,MD,Cereal rye,,,12.44,,19.57,33.95,43.39,,70.44,25.8,3.76,,,,,APU_1:36,,,,,10/2/2021,6/2/2022,,
BARC,MD,Cereal rye,,,7.72,,28.66,53.13,35.27,,48.65,48.09,3.26,,,,,APU_1:36,,,,,10/2/2021,6/2/2022,,
BARC,MD,Barley,,,22.95,,15.95,28.94,35.53,,77.61,20.53,1.86,,,,,SH_8&9:36,,,,,10/9/2022,8/16/2023,,
BARC,MD,Barley,,,18.05,,20.28,32.49,34.86,,74.38,23.25,2.37,,,,,SH_8&9:36,,,,,10/9/2022,8/16/2023,,
BARC,MD,Barley,,,12.1,,23.14,37.5,42.35,,,,2.5,,,,,SH_8&9:36,,,,,10/9/2022,8/16/2023,,
BARC,MD,Barley,,,6.32,,32.98,54.86,35.43,,,,4.5,,,,,SH_8&9:36,,,,,10/9/2022,8/16/2023,,
BARC,MD,Cereal rye,,,11.1,,18.32,32.39,47.57,,71.55,25.04,3.41,,,,,APU_1:37,,,,,10/2/2021,6/2/2022,,
BARC,MD,Cereal rye,,,8.38,,27.63,53,36.21,,48.81,48.06,3.13,,,,,APU_1:37,,,,,10/2/2021,6/2/2022,,
BARC,MD,Barley,,,21.28,,19.03,31.67,33.55,,74.92,23.04,2.03,,,,,SH_8&9:37,,,,,10/9/2022,8/16/2023,,
BARC,MD,Barley,,,18.7,,19.96,33.74,34.05,,72.24,25.26,2.5,,,,,SH_8&9:37,,,,,10/9/2022,8/16/2023,,
BARC,MD,Barley,,,12.24,,23.27,36.56,42.59,,,,2.88,,,,,SH_8&9:37,,,,,10/9/2022,8/16/2023,,
BARC,MD,Barley,,,5.72,,33.95,55.42,33.96,,,,4.61,,,,,SH_8&9:37,,,,,10/9/2022,8/16/2023,,
BARC,MD,Cereal rye,,,10.98,,19.22,33.55,45.97,,70.53,26.05,3.42,,,,,APU_1:38,,,,,10/2/2021,6/2/2022,,
BARC,MD,Cereal rye,,,7.03,,32.8,59.62,31.06,,42.13,54.03,3.83,,,,,APU_1:38,,,,,10/2/2021,6/2/2022,,
BARC,MD,Barley,,,22.83,,17.71,30.65,31.96,,76.89,20.93,2.18,,,,,SH_8&9:38,,,,,10/9/2022,8/16/2023,,
BARC,MD,Barley,,,18.7,,21.22,33.8,33.03,,72.63,24.78,2.59,,,,,SH_8&9:38,,,,,10/9/2022,8/16/2023,,
BARC,MD,Barley,,,12.56,,22.74,36.15,43.69,,,,3.09,,,,,SH_8&9:38,,,,,10/9/2022,8/16/2023,,
BARC,MD,Barley,,,5.98,,33.55,55.99,35.19,,,,4.32,,,,,SH_8&9:38,,,,,10/9/2022,8/16/2023,,
BARC,MD,Cereal rye,,,10.49,,22.7,37.18,43.04,,66.35,29.82,3.83,,,,,APU_1:39,,,,,10/2/2021,6/2/2022,,
BARC,MD,Cereal rye,,,8.37,,33.16,59.64,27.82,,41.9,54.72,3.38,,,,,APU_1:39,,,,,10/2/2021,6/2/2022,,
BARC,MD,Barley,,,24.44,,15.04,29,33.63,,77.93,20.12,1.95,,,,,SH_8&9:39,,,,,10/9/2022,8/16/2023,,
BARC,MD,Barley,,,20.84,,18.81,32.41,32.94,,74.01,23.39,2.6,,,,,SH_8&9:39,,,,,10/9/2022,8/16/2023,,
BARC,MD,Barley,,,11.21,,23.69,38.94,41.82,,,,2.51,,,,,SH_8&9:39,,,,,10/9/2022,8/16/2023,,
BARC,MD,Barley,,,5.89,,33.37,58.79,33.99,,,,4.46,,,,,SH_8&9:39,,,,,10/9/2022,8/16/2023,,
BARC,MD,Cereal rye,,,25.48,,17.98,27.81,31.68,,80.88,14.82,4.3,,,,,ND_5:04,,,,,10/10/2022,8/11/2023,,
BARC,MD,Cereal rye,,,21.46,,12.8,23.51,42.39,,83.91,13.16,2.94,,,,,ND_5:04,,,,,10/10/2022,8/11/2023,,
BARC,MD,Cereal rye,,,12.36,,25.17,39.59,38.96,,,,3.38,,,,,ND_5:04,,,,,10/10/2022,8/11/2023,,
BARC,MD,Cereal rye,,,4.45,,42.38,71.3,22.88,,,,5.13,,,,,ND_5:04,,,,,10/10/2022,8/11/2023,,
BARC,MD,Crimson clover-Cereal rye,,,15.42,,29.24,39.28,30.64,,66.36,27.15,6.49,,,,,SD_5:04,,,,,9/20/2021,6/24/2022,,
BARC,MD,Crimson clover-Cereal rye,,,11,,38.25,54.51,29.22,,47.1,46.06,6.83,,,,,SD_5:04,,,,,9/20/2021,6/24/2022,,
BARC,MD,Cereal rye,,,12.57,,17.03,30.69,49.52,,72.42,23.95,3.63,,,,,APU_1:40,,,,,10/2/2021,6/2/2022,,
BARC,MD,Cereal rye,,,7.06,,32.13,59.58,31.26,,42.21,54.25,3.54,,,,,APU_1:40,,,,,10/2/2021,6/2/2022,,
BARC,MD,Barley,,,24.8,,13.94,26.28,36.13,,81.11,17.15,1.74,,,,,SH_8&9:40,,,,,10/9/2022,8/16/2023,,
BARC,MD,Barley,,,20.05,,16.94,30.3,36.47,,76.2,21.73,2.07,,,,,SH_8&9:40,,,,,10/9/2022,8/16/2023,,
BARC,MD,Barley,,,11.22,,23.54,38.56,43.34,,,,2.53,,,,,SH_8&9:40,,,,,10/9/2022,8/16/2023,,
BARC,MD,Barley,,,6.35,,33.97,58.5,33.17,,,,4.56,,,,,SH_8&9:40,,,,,10/9/2022,8/16/2023,,
BARC,MD,Wheat,,,16.41,,15.95,31.59,44.06,,71.88,24.73,3.39,,,,,5_11_12:41,,,,,10/8/2021,6/29/2022,,
BARC,MD,Wheat,,,14.34,,25.22,49.41,32.33,,52.48,45.19,2.34,,,,,5_11_12:41,,,,,10/8/2021,6/29/2022,,
BARC,MD,Cereal rye,,,20.99,,14.28,26.03,38.7,,82.02,14.55,3.43,,,,,SE_1_8_A:41,,,,,10/10/2022,8/8/2023,,
BARC,MD,Wheat,,,16.1,,15.82,30.64,46.36,,72.3,24.36,3.34,,,,,5_11_12:42,,,,,10/8/2021,6/29/2022,,
BARC,MD,Wheat,,,13.2,,25.76,49.87,33.33,,51.98,45.41,2.61,,,,,5_11_12:42,,,,,10/8/2021,6/29/2022,,
BARC,MD,Cereal rye,,,20.09,,19.98,28.38,36.68,,79.82,15.34,4.84,,,,,SE_1_8_A:42,,,,,10/10/2022,8/8/2023,,
BARC,MD,Wheat,,,12.89,,17.38,32.89,48.26,,69.72,26.5,3.78,,,,,5_11_12:43,,,,,10/8/2021,6/29/2022,,
BARC,MD,Wheat,,,13.57,,23.96,49.47,35.65,,52.28,45.62,2.1,,,,,5_11_12:43,,,,,10/8/2021,6/29/2022,,
BARC,MD,Cereal rye,,,20.05,,15.23,28.07,38.34,,79.18,18.15,2.68,,,,,SE_1_8_A:43,,,,,10/10/2022,8/8/2023,,
BARC,MD,Wheat,,,15.17,,15.91,31.78,46.33,,71.18,25.38,3.43,,,,,5_11_12:44,,,,,10/8/2021,6/29/2022,,
BARC,MD,Wheat,,,14.4,,26.05,46.55,34.29,,55.47,41.35,3.19,,,,,5_11_12:44,,,,,10/8/2021,6/29/2022,,
BARC,MD,Cereal rye,,,23.69,,12.67,25.24,40.21,,80.5,17.13,2.38,,,,,SE_1_8_A:44,,,,,10/10/2022,8/8/2023,,
BARC,MD,Cereal rye,,,14.87,,19.13,30.02,42.64,,76.17,20.36,3.47,,,,,SE_1_8_A:44,,,,,10/10/2022,8/8/2023,,
BARC,MD,Wheat,,,13.44,,16.49,31.6,48.68,,71.14,25.11,3.76,,,,,5_11_12:45,,,,,10/8/2021,6/29/2022,,
BARC,MD,Cereal rye,,,25.14,,11.08,24.26,39.42,,82,15.65,2.35,,,,,SE_1_8_A:45,,,,,10/10/2022,8/8/2023,,
BARC,MD,Cereal rye,,,16.66,,16.69,27.9,43.54,,78.17,18.69,3.14,,,,,SE_1_8_A:45,,,,,10/10/2022,8/8/2023,,
BARC,MD,Crimson clover-Cereal rye,,,20.11,,14.66,24.06,45.37,,81.88,15.05,3.07,,,,,SE_14:46,,,,,9/28/2022,8/16/2023,,
BARC,MD,Crimson clover-Cereal rye,,,19.64,,19.81,25.78,39.71,,83.83,9.68,6.49,,,,,SE_14:46,,,,,9/28/2022,8/16/2023,,
BARC,MD,Crimson clover-Cereal rye,,,19.86,,22.58,29.33,41.36,,,,5.96,,,,,SE_14:46,,,,,9/28/2022,8/16/2023,,
BARC,MD,Crimson clover-Cereal rye,,,10.28,,42.32,54.07,32.57,,,,9.48,,,,,SE_14:46,,,,,9/28/2022,8/16/2023,,
BARC,MD,Crimson clover-Cereal rye,,,22.18,,14.32,22.57,42.35,,85.88,10.56,3.56,,,,,SE_14:47,,,,,9/28/2022,8/16/2023,,
BARC,MD,Crimson clover-Cereal rye,,,18.41,,15.2,25.06,45.69,,81.01,14.87,4.12,,,,,SE_14:47,,,,,9/28/2022,8/16/2023,,
BARC,MD,Crimson clover-Cereal rye,,,22.78,,22.53,27.61,39.36,,,,5.68,,,,,SE_14:47,,,,,9/28/2022,8/16/2023,,
BARC,MD,Crimson clover-Cereal rye,,,11.46,,44.02,58.64,25.39,,,,7.91,,,,,SE_14:47,,,,,9/28/2022,8/16/2023,,
BARC,MD,Crimson clover-Cereal rye,,,19.01,,19.19,27.34,37.72,,82.84,10.52,6.63,,,,,SE_14:48,,,,,9/28/2022,8/16/2023,,
BARC,MD,Crimson clover-Cereal rye,,,15.67,,26.5,34.31,38.06,,,,5.7,,,,,SE_14:48,,,,,9/28/2022,8/16/2023,,
BARC,MD,Crimson clover-Cereal rye,,,10.23,,42.58,59.55,25.81,,,,7.83,,,,,SE_14:48,,,,,9/28/2022,8/16/2023,,
BARC,MD,Crimson clover-Cereal rye,,,21.98,,12.68,20.78,47.5,,85,12.44,2.56,,,,,SE_14:49,,,,,9/28/2022,8/16/2023,,
BARC,MD,Crimson clover-Cereal rye,,,20.46,,13.66,22.37,46.78,,83.76,12.3,3.93,,,,,SE_14:49,,,,,9/28/2022,8/16/2023,,
BARC,MD,Crimson clover-Cereal rye,,,18.71,,25.87,32.06,38.79,,,,5.83,,,,,SE_14:49,,,,,9/28/2022,8/16/2023,,
BARC,MD,Crimson clover-Cereal rye,,,9.02,,45.78,68.52,19.17,,,,6.45,,,,,SE_14:49,,,,,9/28/2022,8/16/2023,,
BARC,MD,Cereal rye,,,28.15,,12.02,24.62,34.95,,82.54,14.12,3.34,,,,,ND_5:05,,,,,10/10/2022,8/11/2023,,
BARC,MD,Cereal rye,,,20.84,,14.42,26.11,38.97,,81.96,15.28,2.76,,,,,ND_5:05,,,,,10/10/2022,8/11/2023,,
BARC,MD,Cereal rye,,,15.29,,20.85,34.18,41.24,,,,2.72,,,,,ND_5:05,,,,,10/10/2022,8/11/2023,,
BARC,MD,Cereal rye,,,5.52,,43.02,73.75,19.07,,,,5.7,,,,,ND_5:05,,,,,10/10/2022,8/11/2023,,
BARC,MD,Crimson clover-Cereal rye,,,13.43,,30.47,39.6,30.95,,66.57,26.34,7.09,,,,,SD_5:05,,,,,9/20/2021,6/24/2022,,
BARC,MD,Crimson clover-Cereal rye,,,13.03,,34.75,50.44,30.23,,51.5,41.79,6.71,,,,,SD_5:05,,,,,9/20/2021,6/24/2022,,
BARC,MD,Crimson clover-Cereal rye,,,22.32,,13.42,21.17,47.06,,84.25,13.13,2.63,,,,,SE_14:50,,,,,9/28/2022,8/16/2023,,
BARC,MD,Crimson clover-Cereal rye,,,21.21,,13.72,21.35,47.95,,84.09,12.02,3.89,,,,,SE_14:50,,,,,9/28/2022,8/16/2023,,
BARC,MD,Crimson clover-Cereal rye,,,19.65,,23.79,29.95,41.25,,,,5.64,,,,,SE_14:50,,,,,9/28/2022,8/16/2023,,
BARC,MD,Crimson clover-Cereal rye,,,10.19,,42.12,62.65,23.76,,,,6.66,,,,,SE_14:50,,,,,9/28/2022,8/16/2023,,
BARC,MD,Crimson clover,,,22.11,,14.85,22.05,44.17,,85.49,9.68,4.83,,,,,SD_5:51,,,,,9/27/2022,8/16/2023,,
BARC,MD,Crimson clover,,,21.15,,15.99,22.63,44.2,,85.06,9.48,5.46,,,,,SD_5:51,,,,,9/27/2022,8/16/2023,,
BARC,MD,Crimson clover,,,20.79,,22.1,27.56,42.34,,,,6.67,,,,,SD_5:51,,,,,9/27/2022,8/16/2023,,
BARC,MD,Crimson clover,,,9.95,,44,71.34,15.4,,,,5.63,,,,,SD_5:51,,,,,9/27/2022,8/16/2023,,
BARC,MD,Crimson clover,,,22.17,,17.39,23.95,40.19,,85.19,8.81,6,,,,,SD_5:52,,,,,9/27/2022,8/16/2023,,
BARC,MD,Crimson clover,,,20.57,,13.49,22.41,45.43,,84.7,11.17,4.14,,,,,SD_5:52,,,,,9/27/2022,8/16/2023,,
BARC,MD,Crimson clover,,,21.35,,22.19,27.29,41.63,,,,6.93,,,,,SD_5:52,,,,,9/27/2022,8/16/2023,,
BARC,MD,Crimson clover,,,7.51,,46.73,76.26,15.12,,,,5.93,,,,,SD_5:52,,,,,9/27/2022,8/16/2023,,
BARC,MD,Crimson clover,,,19.83,,20.79,27.32,38.56,,81.69,10.86,7.45,,,,,SD_5:53,,,,,9/27/2022,8/16/2023,,
BARC,MD,Crimson clover,,,21.59,,23.17,27.82,40.32,,,,6.91,,,,,SD_5:53,,,,,9/27/2022,8/16/2023,,
BARC,MD,Crimson clover,,,13.1,,38.71,48.06,34.24,,,,9.71,,,,,SD_5:53,,,,,9/27/2022,8/16/2023,,
BARC,MD,Crimson clover,,,18.43,,15.99,24.77,45.48,,82.12,12.39,5.49,,,,,SD_5:54,,,,,9/27/2022,8/16/2023,,
BARC,MD,Crimson clover,,,19.15,,26.86,31.28,37.64,,,,7.51,,,,,SD_5:54,,,,,9/27/2022,8/16/2023,,
BARC,MD,Crimson clover,,,5.22,,46.69,73.26,21.72,,,,7,,,,,SD_5:54,,,,,9/27/2022,8/16/2023,,
BARC,MD,Crimson clover,,,24.87,,22.32,25.48,38.52,,,,6.97,,,,,SD_5:55,,,,,9/27/2022,8/16/2023,,
BARC,MD,Crimson clover,,,13.2,,42.23,50.05,30.77,,,,9.93,,,,,SD_5:55,,,,,9/27/2022,8/16/2023,,
BARC,MD,Barley,,,20.6,,18.29,32.48,35.21,,72.9,25.04,2.06,,,,,NC_2_B:06,,,,,10/9/2022,8/9/2023,,
BARC,MD,Barley,,,19.44,,18.15,36.46,33.38,,67.74,29.9,2.36,,,,,NC_2_B:06,,,,,10/9/2022,8/9/2023,,
BARC,MD,Barley,,,15.78,,22.78,43.62,32.82,,,,2.06,,,,,NC_2_B:06,,,,,10/9/2022,8/9/2023,,
BARC,MD,Barley,,,8.31,,34.21,62.14,27.2,,,,4.37,,,,,NC_2_B:06,,,,,10/9/2022,8/9/2023,,
BARC,MD,Barley,,,14.27,,32.15,48.83,17.71,,54.39,40.38,5.22,,,,,SE_14:06,,,,,10/2/2021,9/13/2022,,
BARC,MD,Barley,,,6.73,,35.19,59.31,30.07,,42.15,53.54,4.31,,,,,SE_14:06,,,,,10/2/2021,9/13/2022,,
BARC,MD,Barley,,,14.87,,19.1,31.66,43.29,,72.95,24.67,2.38,,,,,NC_2_B:07,,,,,10/9/2022,8/9/2023,,
BARC,MD,Barley,,,12.06,,24.38,42.39,38.94,,,,2.84,,,,,NC_2_B:07,,,,,10/9/2022,8/9/2023,,
BARC,MD,Barley,,,8.85,,30.43,53.01,35.97,,,,4.61,,,,,NC_2_B:07,,,,,10/9/2022,8/9/2023,,
BARC,MD,Barley,,,13.64,,28.07,42.72,26.83,,62.44,33.18,4.37,,,,,SE_14:07,,,,,10/2/2021,9/13/2022,,
BARC,MD,Barley,,,8.41,,29.88,55.87,34.4,,46,50.9,3.1,,,,,SE_14:07,,,,,10/2/2021,9/13/2022,,
BARC,MD,Barley,,,22.09,,13.03,25.54,40.93,,80.98,17.41,1.6,,,,,NC_2_B:08,,,,,10/9/2022,8/9/2023,,
BARC,MD,Barley,,,15.42,,19.13,32.85,41.16,,71.92,25.76,2.32,,,,,NC_2_B:08,,,,,10/9/2022,8/9/2023,,
BARC,MD,Barley,,,12.12,,24.27,43.18,38.37,,,,2.46,,,,,NC_2_B:08,,,,,10/9/2022,8/9/2023,,
BARC,MD,Barley,,,15.2,,26.28,40.87,27.71,,64.7,31.18,4.12,,,,,SE_14:08,,,,,10/2/2021,9/13/2022,,
BARC,MD,Barley,,,8.07,,31.57,60.93,29.62,,40.93,56.06,3.01,,,,,SE_14:08,,,,,10/2/2021,9/13/2022,,
BARC,MD,Barley,,,19.6,,17.1,29.48,39.84,,76.07,21.6,2.33,,,,,NC_2_B:09,,,,,10/9/2022,8/9/2023,,
BARC,MD,Barley,,,18.6,,16.48,31.04,39.95,,73.77,24.06,2.18,,,,,NC_2_B:09,,,,,10/9/2022,8/9/2023,,
BARC,MD,Barley,,,12.21,,26.56,48.05,32.1,,,,2.54,,,,,NC_2_B:09,,,,,10/9/2022,8/9/2023,,
BARC,MD,Barley,,,7.66,,32.96,60.09,31.37,,,,4.25,,,,,NC_2_B:09,,,,,10/9/2022,8/9/2023,,
BARC,MD,Barley,,,15.44,,24.94,41.55,28.96,,62.99,33.03,3.98,,,,,SE_14:09,,,,,10/2/2021,9/13/2022,,
BARC,MD,Barley,,,6.15,,34.31,59.94,31.22,,41.67,54.3,4.03,,,,,SE_14:09,,,,,10/2/2021,9/13/2022,,
ES,MD,Wheat,,,16.49,,23.41,39.14,36.37,,,,2.43,,,,,10103:Blue,,,,,10/14/2022,,,
ES,MD,Triticale,,,18.32,,26.67,52.15,23.24,,,,1.8,,,,,15549:Blue,,,,,10/29/2022,5/27/2023,,
ES,MD,Cereal rye,,,14.07,,22.4,39.47,39.75,,,,1.93,,,,,19998:Blue,,,,,10/31/2022,4/7/2023,,
ES,MD,Triticale,,,15.96,,28.44,53.61,24.72,,,,2,,,,,20140:Blue,,,,,10/18/2022,6/6/2023,,
ES,MD,Cereal rye,,,12.82,,28.9,54.65,28.7,,,,2.42,,,,,20525:Blue,,,,,9/15/2022,5/19/2023,,
ES,MD,Wheat,,,19.23,,25.05,42.44,29.2,,,,1.95,,,,,6730:Blue,,,,,10/14/2022,,,
ES,MD,Wheat,,,21.6,,22.54,41.73,28.31,,,,2.26,,,,,H4:Blue,,,,,11/3/2022,4/11/2023,,
ES,MD,Wheat,,,14.67,,23.38,40.07,38.09,,,,2.08,,,,,H9:Blue,,,,,11/4/2022,5/19/2023,,
ES,MD,Triticale,,,24.33,,15.54,30.23,30.86,,77.4,19.53,3.06,,,,,15549:Orange,,,,,10/29/2022,5/27/2023,,
ES,MD,Barley,,,15.94,,19.74,33.09,39.56,,72.27,25.32,2.41,,,,,17779:Orange,,,,,10/10/2022,5/13/2023,,
ES,MD,Wheat,,,23.72,,12.64,28.73,35.42,,77.46,19.12,3.43,,,,,17789:Orange,,,,,9/20/2022,3/20/2023,,
ES,MD,Triticale,,,21.35,,16,30.63,34.75,,76.19,21.13,2.68,,,,,20140:Orange,,,,,10/18/2022,6/6/2023,,
ES,MD,Cereal rye,,,19.15,,20.19,37.59,31.91,,66.86,30.71,2.43,,,,,20525:Orange,,,,,9/15/2022,5/19/2023,,
ES,MD,Cereal rye,,,22.18,,13.04,26.24,38.14,,80.98,15.98,3.04,,,,,26049:Orange,,,,,10/20/2022,4/19/2023,,
ES,MD,Legume/Cereal,,,18.52,,12.89,24.41,45.55,,82.18,15.54,2.29,,,,,7637:Orange,,,,,9/24/2022,5/4/2023,,
ES,MD,Legume/Cereal,,,19.62,,13.96,23.68,46.42,,82.26,14.63,3.1,,,,,9372:Orange,,,,,9/8/2022,3/28/2023,,
ES,MD,Wheat,,,20.07,,24.07,36.63,33.11,,,,3.46,,,,,10103:Red,,,,,10/14/2022,,,
ES,MD,Triticale,,,18.68,,16.81,30.12,39.13,,75.94,21.48,2.58,,,,,15549:Red,,,,,10/29/2022,5/27/2023,,
ES,MD,Triticale,,,18.56,,28.21,53.76,22.29,,,,1.76,,,,,15549:Red,,,,,10/29/2022,5/27/2023,,
ES,MD,Barley,,,20.23,,17.73,32.29,33.95,,74.26,23.3,2.44,,,,,17779:Red,,,,,10/10/2022,5/13/2023,,
ES,MD,Wheat,,,21.78,,13.05,27.1,38.96,,79.45,17.54,3.02,,,,,17789:Red,,,,,9/20/2022,3/20/2023,,
ES,MD,Cereal rye,,,16.35,,20.03,35.53,40.94,,,,1.58,,,,,19998:Red,,,,,10/31/2022,4/7/2023,,
ES,MD,Triticale,,,18.04,,18.67,31.82,36.38,,74.97,22.85,2.18,,,,,20140:Red,,,,,10/18/2022,6/6/2023,,
ES,MD,Triticale,,,17.68,,26.73,51.39,25.25,,,,1.9,,,,,20140:Red,,,,,10/18/2022,6/6/2023,,
ES,MD,Cereal rye,,,13.37,,20.6,37.8,38.81,,66.2,31.8,2,,,,,20525:Red,,,,,9/15/2022,5/19/2023,,
ES,MD,Cereal rye,,,13.42,,26.65,53.37,30.06,,,,2.17,,,,,20525:Red,,,,,9/15/2022,5/19/2023,,
ES,MD,Barley,,,18.27,,16.43,29.51,40.39,,76.55,20.96,2.49,,,,,2365:Red,,,,,10/10/2022,5/12/2023,,
ES,MD,Cereal rye,,,21.31,,14.86,28.46,36.99,,78.28,18.53,3.19,,,,,26049:Red,,,,,10/20/2022,4/19/2023,,
ES,MD,Wheat,,,20.11,,23.76,43.48,27.4,,,,1.65,,,,,6730:Red,,,,,10/14/2022,,,
ES,MD,Legume/Cereal,,,17.58,,15.81,26.81,42.44,,80.74,15.83,3.43,,,,,7637:Red,,,,,9/24/2022,5/4/2023,,
ES,MD,Legume/Cereal,,,20.57,,15.05,23.4,45.67,,82.69,13.81,3.5,,,,,9372:Red,,,,,9/8/2022,3/28/2023,,
ES,MD,Wheat,,,17.99,,20.17,36.57,36.91,,,,1.73,,,,,H4:Red,,,,,11/3/2022,4/11/2023,,
ES,MD,Wheat,,,19.33,,21.9,38.95,32.27,,,,1.58,,,,,H9:Red,,,,,11/4/2022,5/19/2023,,
ES,MD,Wheat,,,16.3,,22.24,40.8,35.37,,,,1.68,,,,,10103:Yellow,,,,,10/14/2022,,,
ES,MD,Triticale,,,22.21,,15.19,29.22,35.63,,77.47,19.89,2.64,,,,,15549:Yellow,,,,,10/29/2022,5/27/2023,,
ES,MD,Triticale,,,20.99,,25.03,49.54,22.31,,,,1.72,,,,,15549:Yellow,,,,,10/29/2022,5/27/2023,,
ES,MD,Cereal rye,,,11.03,,22.4,43.75,42.12,,,,1.55,,,,,16995:Yellow,,,,,10/20/2022,4/7/2023,,
ES,MD,Wheat,,,23.8,,12.54,27.92,36.31,,78.24,18.61,3.15,,,,,17789:Yellow,,,,,9/20/2022,3/20/2023,,
ES,MD,Cereal rye,,,14.36,,21.39,39.94,39.71,,,,1.55,,,,,19998:Yellow,,,,,10/31/2022,4/7/2023,,
ES,MD,Triticale,,,19.19,,16.88,29.73,38.45,,76.9,20.66,2.44,,,,,20140:Yellow,,,,,10/18/2022,6/6/2023,,
ES,MD,Triticale,,,16.97,,26.34,52.79,24.46,,,,1.82,,,,,20140:Yellow,,,,,10/18/2022,6/6/2023,,
ES,MD,Cereal rye,,,15.54,,20.69,37.85,34.89,,66.79,30.95,2.26,,,,,20525:Yellow,,,,,9/15/2022,5/19/2023,,
ES,MD,Cereal rye,,,13.4,,25.18,50.78,32.16,,,,1.72,,,,,20525:Yellow,,,,,9/15/2022,5/19/2023,,
ES,MD,Barley,,,21.53,,16.49,31.78,35.24,,73.55,23.79,2.65,,,,,2365:Yellow,,,,,10/10/2022,5/12/2023,,
ES,MD,Cereal rye,,,19.98,,15.44,30.02,36.46,,76.84,20.27,2.89,,,,,26049:Yellow,,,,,10/20/2022,4/19/2023,,
ES,MD,Wheat,,,22.65,,25.15,45.53,23.46,,,,1.26,,,,,6730:Yellow,,,,,10/14/2022,,,
ES,MD,Legume/Cereal,,,18.64,,15.71,26.33,38.66,,84.32,12.53,3.15,,,,,7637:Yellow,,,,,9/24/2022,5/4/2023,,
ES,MD,Legume/Cereal,,,20.09,,14.75,24.22,45.05,,81.95,14.75,3.3,,,,,9372:Yellow,,,,,9/8/2022,3/28/2023,,
ES,MD,Wheat,,,21.13,,21.12,36.16,32.63,,,,1.75,,,,,H4:Yellow,,,,,11/3/2022,4/11/2023,,
ES,MD,Wheat,,,12.72,,24.56,43.22,38.07,,,,1.64,,,,,H9:Yellow,,,,,11/4/2022,5/19/2023,,
